"Company","ATS","Title","Field","Team","Location","Region","Employment","PayMin","PayMax","PayInterval","Education","URL","DefenseRelevance","DefenseSignal"
"Amazon Web Services (AWS)","Amazon Jobs","Cleared Engineering Operations Technician, ADC InfraOps DCEO","team-us-security-clearance-jobs-primary","","Plain City, OH","US (CONUS)","Full-time","","","","","https://www.amazon.jobs/en/jobs/10511911/cleared-engineering-operations-technician-adc-infraops-dceo","cleared","ts/sci"
"Amazon Web Services (AWS)","Amazon Jobs","Engineering Operations Technician, ADC InfraOps DCEO","team-us-security-clearance-jobs-primary","","Aurora, CO","US (CONUS)","Full-time","","","","","https://www.amazon.jobs/en/jobs/10428309/engineering-operations-technician-adc-infraops-dceo","cleared","ts/sci"
"Amazon Web Services (AWS)","Amazon Jobs","Cleared Engineering Operations Technician, ADC InfraOps DCEO","team-us-security-clearance-jobs-primary","","Plain City, OH","US (CONUS)","Full-time","","","","","https://www.amazon.jobs/en/jobs/10412406/cleared-engineering-operations-technician-adc-infraops-dceo","cleared","top secret"
"Amazon Web Services (AWS)","Amazon Jobs","Engineering Operations Technician, ADC InfraOps DCEO","team-us-security-clearance-jobs-primary","","New Albany, OH","US (CONUS)","Full-time","","","","","https://www.amazon.jobs/en/jobs/10484808/engineering-operations-technician-adc-infraops-dceo","cleared","top secret"
"Amazon Web Services (AWS)","Amazon Jobs","Engineering Operations Technician, ADC InfraOps DCEO","team-us-security-clearance-jobs-primary","","Dublin, OH","US (CONUS)","Full-time","","","","","https://www.amazon.jobs/en/jobs/10511914/engineering-operations-technician-adc-infraops-dceo","cleared","top secret"
"Amazon Web Services (AWS)","Amazon Jobs","Engineering Operations Technician, ADC InfraOps DCEO","team-us-security-clearance-jobs-primary","","New Albany, OH","US (CONUS)","Full-time","","","","","https://www.amazon.jobs/en/jobs/10504000/engineering-operations-technician-adc-infraops-dceo","cleared","top secret"
"Amazon Web Services (AWS)","Amazon Jobs","Cleared Engineering Operations Technician, ADC InfraOps DCEO","team-us-security-clearance-jobs-primary","","Plain City, OH","US (CONUS)","Full-time","","","","","https://www.amazon.jobs/en/jobs/10410473/cleared-engineering-operations-technician-adc-infraops-dceo","cleared","top secret"
"Amazon Web Services (AWS)","Amazon Jobs","Engineering Operations Technician, ADC InfraOps DCEO","team-us-security-clearance-jobs-primary","","Dublin, OH","US (CONUS)","Full-time","","","","","https://www.amazon.jobs/en/jobs/10506764/engineering-operations-technician-adc-infraops-dceo","cleared","top secret"
"Amazon Web Services (AWS)","Amazon Jobs","Cleared Engineering Operations Technician, ADC InfraOps DCEO","team-us-security-clearance-jobs-primary","","Hilliard, OH","US (CONUS)","Full-time","","","","","https://www.amazon.jobs/en/jobs/10412460/cleared-engineering-operations-technician-adc-infraops-dceo","cleared","top secret"
"Amazon Web Services (AWS)","Amazon Jobs","Principal, Tech Delivery , Global Government Delivery Organization (GDDO)","team-us-security-clearance-jobs-primary","","Jessup, MD","US (CONUS)","Full-time","","","","","https://www.amazon.jobs/en/jobs/10425530/principal-tech-delivery-global-government-delivery-organization-gddo","cleared","ts/sci"
"Amazon Web Services (AWS)","Amazon Jobs","Cleared Engineering Operations Technician, ADC InfraOps DCEO","team-us-security-clearance-jobs-primary","","Hilliard, OH","US (CONUS)","Full-time","","","","","https://www.amazon.jobs/en/jobs/3169739/cleared-engineering-operations-technician-adc-infraops-dceo","cleared","top secret"
"Amazon Web Services (AWS)","Amazon Jobs","ADC Technical Customer Service Specialist , Amazon Dedicate Cloud (ADC) Customer Service","team-us-security-clearance-jobs-primary","","Herndon, VA","US (CONUS)","Full-time","","","","","https://www.amazon.jobs/en/jobs/10411859/adc-technical-customer-service-specialist-amazon-dedicate-cloud-adc-customer-service","cleared","ts/sci"
"Amazon Web Services (AWS)","Amazon Jobs","Infra Delivery Technician, ADC InfraOps Decom","team-us-security-clearance-jobs-primary","","Jessup, MD","US (CONUS)","Full-time","","","","","https://www.amazon.jobs/en/jobs/10398027/infra-delivery-technician-adc-infraops-decom","cleared","ts/sci"
"Amazon Web Services (AWS)","Amazon Jobs","Data Center Technician, ADC InfraOps DCO","team-us-security-clearance-jobs-primary","","Severn, MD","US (CONUS)","Full-time","","","","","https://www.amazon.jobs/en/jobs/10473209/data-center-technician-adc-infraops-dco","cleared","ts/sci"
"Amazon Web Services (AWS)","Amazon Jobs","Data Center Technician, ADC InfraOps DCO","team-us-security-clearance-jobs-primary","","San Antonio, TX","US (CONUS)","Full-time","","","","","https://www.amazon.jobs/en/jobs/10449030/data-center-technician-adc-infraops-dco","cleared","ts/sci"
"Amazon Web Services (AWS)","Amazon Jobs","Data Center Technician, ADC InfraOps DCO","team-us-security-clearance-jobs-primary","","San Antonio, TX","US (CONUS)","Full-time","","","","","https://www.amazon.jobs/en/jobs/10459011/data-center-technician-adc-infraops-dco","cleared","ts/sci"
"Amazon Web Services (AWS)","Amazon Jobs","Data Center Technician, ADC InfraOps DCO","team-us-security-clearance-jobs-primary","","Fairfax, VA","US (CONUS)","Full-time","","","","","https://www.amazon.jobs/en/jobs/10494839/data-center-technician-adc-infraops-dco","cleared","ts/sci"
"Amazon Web Services (AWS)","Amazon Jobs","Data Center Technician, ADC InfraOps DCO Tech","team-us-security-clearance-jobs-primary","","Plain City, OH","US (CONUS)","Full-time","","","","","https://www.amazon.jobs/en/jobs/10437606/data-center-technician-adc-infraops-dco-tech","cleared","top secret"
"Amazon Web Services (AWS)","Amazon Jobs","System Development Engineer, Platform Engineering & Emerging Technology - CloudTrail & Service Quotas","team-us-security-clearance-jobs-primary","","Arlington, VA","US (CONUS)","Full-time","","","","","https://www.amazon.jobs/en/jobs/10499153/system-development-engineer-platform-engineering-emerging-technology-cloudtrail-service-quotas","cleared","ts/sci"
"Amazon Web Services (AWS)","Amazon Jobs","Data Center Technician, ADC InfraOps DCO","team-us-security-clearance-jobs-primary","","San Antonio, TX","US (CONUS)","Full-time","","","","","https://www.amazon.jobs/en/jobs/10497100/data-center-technician-adc-infraops-dco","cleared","ts/sci"
"Amazon Web Services (AWS)","Amazon Jobs","Cleared Engineering Operations Technician, ADC InfraOps DCEO","team-us-security-clearance-jobs-primary","","Hilliard, OH","US (CONUS)","Full-time","","","","","https://www.amazon.jobs/en/jobs/3190480/cleared-engineering-operations-technician-adc-infraops-dceo","cleared","top secret"
"Amazon Web Services (AWS)","Amazon Jobs","Data Center Technician, ADC InfraOps DCO Tech","team-us-security-clearance-jobs-primary","","Plain City, OH","US (CONUS)","Full-time","","","","","https://www.amazon.jobs/en/jobs/10437604/data-center-technician-adc-infraops-dco-tech","cleared","top secret"
"Amazon Web Services (AWS)","Amazon Jobs","Data Center Technician, ADC InfraOps DCO Tech","team-us-security-clearance-jobs-primary","","Dublin, OH","US (CONUS)","Full-time","","","","","https://www.amazon.jobs/en/jobs/10523886/data-center-technician-adc-infraops-dco-tech","cleared","top secret"
"Amazon Web Services (AWS)","Amazon Jobs","Network Deployment Engineer I, Amazon Dedicated Cloud","team-us-security-clearance-jobs-primary","","Culpeper, VA","US (CONUS)","Full-time","","","","","https://www.amazon.jobs/en/jobs/10384325/network-deployment-engineer-i-amazon-dedicated-cloud","cleared","ts/sci"
"Amazon Web Services (AWS)","Amazon Jobs","Data Center Technician, ADC InfraOps DCO Tech","team-us-security-clearance-jobs-primary","","Plain City, OH","US (CONUS)","Full-time","","","","","https://www.amazon.jobs/en/jobs/10437605/data-center-technician-adc-infraops-dco-tech","cleared","top secret"
"Amazon Web Services (AWS)","Amazon Jobs","Data Center Technician, ADC InfraOps DCO Tech","team-us-security-clearance-jobs-primary","","Plain City, OH","US (CONUS)","Full-time","","","","","https://www.amazon.jobs/en/jobs/10437603/data-center-technician-adc-infraops-dco-tech","cleared","top secret"
"Amazon Web Services (AWS)","Amazon Jobs","Logistics Specialist, LCK Logistics","team-us-security-clearance-jobs-primary","","Hilliard, OH","US (CONUS)","Full-time","","","","","https://www.amazon.jobs/en/jobs/10399617/logistics-specialist-lck-logistics","cleared","top secret"
"Amazon Web Services (AWS)","Amazon Jobs","Night Shift, Engineering Operations Tech, AWS Cleared Jobs","team-us-security-clearance-jobs-primary","","Fredericksburg, VA","US (CONUS)","Full-time","","","","","https://www.amazon.jobs/en/jobs/10409006/night-shift-engineering-operations-tech-aws-cleared-jobs","cleared","ts/sci"
"Amazon Web Services (AWS)","Amazon Jobs","System Development Engineer, Platform Engineering and Emerging Technologies","team-us-security-clearance-jobs-primary","","Seattle, WA","US (CONUS)","Full-time","","","","","https://www.amazon.jobs/en/jobs/10503928/system-development-engineer-platform-engineering-and-emerging-technologies","cleared","ts/sci"
"Amazon Web Services (AWS)","Amazon Jobs","Principal Solutions Architect, National Security Solutions Architecture Team","team-us-security-clearance-jobs-primary","","Jessup, MD","US (CONUS)","Full-time","","","","","https://www.amazon.jobs/en/jobs/3169165/principal-solutions-architect-national-security-solutions-architecture-team","cleared","ts/sci"
"Amazon Web Services (AWS)","Amazon Jobs","Principal Sales, DoW , Dept of War Sales Team","team-public-sector","","Arlington, VA","US (CONUS)","Full-time","","","","","https://www.amazon.jobs/en/jobs/10412368/principal-sales-dow-dept-of-war-sales-team","cleared","top secret"
"Amazon Web Services (AWS)","Amazon Jobs","Decom Tech, Data Center Operations","team-us-security-clearance-jobs-primary","","Aurora, CO","US (CONUS)","Full-time","","","","","https://www.amazon.jobs/en/jobs/10412430/decom-tech-data-center-operations","cleared","ts/sci"
"Amazon Web Services (AWS)","Amazon Jobs","Data Center Technician, ADC InfraOps DCO Tech","team-us-security-clearance-jobs-primary","","Hilliard, OH","US (CONUS)","Full-time","","","","","https://www.amazon.jobs/en/jobs/10511974/data-center-technician-adc-infraops-dco-tech","cleared","top secret"
"Amazon Web Services (AWS)","Amazon Jobs","InfraDelivery Technician","team-us-security-clearance-jobs-primary","","Fredericksburg, VA","US (CONUS)","Full-time","","","","","https://www.amazon.jobs/en/jobs/3202327/infradelivery-technician","cleared","ts/sci"
"Amazon Web Services (AWS)","Amazon Jobs","Facility Manager, DCEO Engr","team-us-security-clearance-jobs-primary","","Culpeper, VA","US (CONUS)","Full-time","","","","","https://www.amazon.jobs/en/jobs/10385543/facility-manager-dceo-engr","cleared","ts/sci"
"Amazon Web Services (AWS)","Amazon Jobs","Systems Development Engineer II, AWS Cross Domain Services (CDS) ","team-us-security-clearance-jobs-primary","","Seattle, WA","US (CONUS)","Full-time","","","","","https://www.amazon.jobs/en/jobs/10493180/systems-development-engineer-ii-aws-cross-domain-services-cds","cleared","ts/sci"
"Amazon Web Services (AWS)","Amazon Jobs","Technical Account Manager, National Security - ES US-ADC","team-us-security-clearance-jobs-primary","","Jessup, MD","US (CONUS)","Full-time","","","","","https://www.amazon.jobs/en/jobs/10398801/technical-account-manager-national-security-es-us-adc","cleared","ts/sci"
"Amazon Web Services (AWS)","Amazon Jobs","Systems Development Engineer II, AWS Edge Connectivity Services","team-us-security-clearance-jobs-primary","","Arlington, VA","US (CONUS)","Full-time","","","","","https://www.amazon.jobs/en/jobs/10519884/systems-development-engineer-ii-aws-edge-connectivity-services","cleared","ts/sci"
"Amazon Web Services (AWS)","Amazon Jobs","Secure Facility Operations Manager (SFOM), Cornerstone - Design, Build, & Operations (DBO) Team","team-us-security-clearance-jobs-primary","","Herndon, VA","US (CONUS)","Full-time","","","","","https://www.amazon.jobs/en/jobs/10512095/secure-facility-operations-manager-sfom-cornerstone-design-build-operations-dbo-team","cleared","ts/sci"
"Amazon Web Services (AWS)","Amazon Jobs","Network Development Engineer, ADC Networking Scaling and Deployment","team-us-security-clearance-jobs-primary","","Seattle, WA","US (CONUS)","Full-time","","","","","https://www.amazon.jobs/en/jobs/10499154/network-development-engineer-adc-networking-scaling-and-deployment","cleared","ts/sci"
"Amazon Web Services (AWS)","Amazon Jobs","Data Center Technician, ADC InfraOps DCO Tech","team-us-security-clearance-jobs-primary","","Plain City, OH","US (CONUS)","Full-time","","","","","https://www.amazon.jobs/en/jobs/10431616/data-center-technician-adc-infraops-dco-tech","cleared","top secret"
"Amazon Web Services (AWS)","Amazon Jobs","Software Development Engineer II, Secure Connection Services (SCS)","team-us-security-clearance-jobs-primary","","Herndon, VA","US (CONUS)","Full-time","","","","","https://www.amazon.jobs/en/jobs/10490663/software-development-engineer-ii-secure-connection-services-scs","cleared","ts/sci"
"Amazon Web Services (AWS)","Amazon Jobs","Engagement Manager, WWPS ProServe DoD Shared Delivery Team","team-pro-serv","","Arlington, VA","US (CONUS)","Full-time","","","","","https://www.amazon.jobs/en/jobs/10523000/engagement-manager-wwps-proserve-dod-shared-delivery-team","cleared","ts/sci"
"Amazon Web Services (AWS)","Amazon Jobs","Data Center Operations Site Manager, ADC InfraOps DCO, ADC InfraOps DCO","team-us-security-clearance-jobs-primary","","Aurora, CO","US (CONUS)","Full-time","","","","","https://www.amazon.jobs/en/jobs/10521916/data-center-operations-site-manager-adc-infraops-dco-adc-infraops-dco","cleared","ts/sci"
"Amazon Web Services (AWS)","Amazon Jobs","Data Center Facility Manager, ADC InfraOps AG","team-us-security-clearance-jobs-primary","","Warrenton, VA","US (CONUS)","Full-time","","","","","https://www.amazon.jobs/en/jobs/10487734/data-center-facility-manager-adc-infraops-ag","cleared","ts/sci"
"Amazon Web Services (AWS)","Amazon Jobs","Network Infrastructure Engineer I, Amazon Dedicated Cloud (NIDD)","team-us-security-clearance-jobs-primary","","Jessup, MD","US (CONUS)","Full-time","","","","","https://www.amazon.jobs/en/jobs/10502184/network-infrastructure-engineer-i-amazon-dedicated-cloud-nidd","cleared","ts/sci"
"Amazon Web Services (AWS)","Amazon Jobs","Technical Account Manager, National Security, National Security - ES US-ADC","team-solutions-architect-primary","","Herndon, VA","US (CONUS)","Full-time","","","","","https://www.amazon.jobs/en/jobs/10405913/technical-account-manager-national-security-national-security-es-us-adc","cleared","ts/sci"
"Amazon Web Services (AWS)","Amazon Jobs","Data Center Technician, Infraops AG","team-us-security-clearance-jobs-primary","","Aurora, CO","US (CONUS)","Full-time","","","","","https://www.amazon.jobs/en/jobs/10513645/data-center-technician-infraops-ag","cleared","ts/sci"
"Amazon Web Services (AWS)","Amazon Jobs","Network Development Eng II, ADC Networking","team-us-security-clearance-jobs-primary","","Denver, CO","US (CONUS)","Full-time","","","","","https://www.amazon.jobs/en/jobs/10416107/network-development-eng-ii-adc-networking","cleared","ts/sci"
"Amazon Web Services (AWS)","Amazon Jobs","Software Development Engineer II, Secure Connection Services (SCS)","team-us-security-clearance-jobs-primary","","Herndon, VA","US (CONUS)","Full-time","","","","","https://www.amazon.jobs/en/jobs/10490666/software-development-engineer-ii-secure-connection-services-scs","cleared","ts/sci"
"Amazon Web Services (AWS)","Amazon Jobs","Delivery Consultant, WWPS ProServe","team-pro-serv","","Jessup, MD","US (CONUS)","Full-time","","","","","https://www.amazon.jobs/en/jobs/10519687/delivery-consultant-wwps-proserve","cleared","ts/sci"
"Amazon Web Services (AWS)","Amazon Jobs","Systems Development Engineer, Platform Engineering and Emerging Technologies (PEET)","team-us-security-clearance-jobs-primary","","Seattle, WA","US (CONUS)","Full-time","","","","","https://www.amazon.jobs/en/jobs/10521817/systems-development-engineer-platform-engineering-and-emerging-technologies-peet","cleared","ts/sci"
"Amazon Web Services (AWS)","Amazon Jobs","Data Center Physical Security Manager, US ADC Data Center Security","team-us-security-clearance-jobs-primary","","Aurora, CO","US (CONUS)","Full-time","","","","","https://www.amazon.jobs/en/jobs/10521199/data-center-physical-security-manager-us-adc-data-center-security","cleared","ts/sci"
"Amazon Web Services (AWS)","Amazon Jobs","Principal Sales, DOW USAF Sales Team","team-public-sector","","Arlington, VA","US (CONUS)","Full-time","","","","","https://www.amazon.jobs/en/jobs/10469833/principal-sales-dow-usaf-sales-team","cleared","top secret"
"Amazon Web Services (AWS)","Amazon Jobs","Facility Operations Center Engineer, ADC InfraOps FOC","team-us-security-clearance-jobs-primary","","Arlington, VA","US (CONUS)","Full-time","","","","","https://www.amazon.jobs/en/jobs/10523919/facility-operations-center-engineer-adc-infraops-foc","cleared","ts/sci"
"Amazon Web Services (AWS)","Amazon Jobs","Facility Operations Center Engineer, ADC InfraOps FOC","team-us-security-clearance-jobs-primary","","Arlington, VA","US (CONUS)","Full-time","","","","","https://www.amazon.jobs/en/jobs/10523907/facility-operations-center-engineer-adc-infraops-foc","cleared","ts/sci"
"Amazon Web Services (AWS)","Amazon Jobs","Data Center Technician, Data Center Operations","team-us-security-clearance-jobs-primary","","Aurora, CO","US (CONUS)","Full-time","","","","","https://www.amazon.jobs/en/jobs/10521928/data-center-technician-data-center-operations","cleared","ts/sci"
"Amazon Web Services (AWS)","Amazon Jobs","Data Center Technician, Infraops AG","team-us-security-clearance-jobs-primary","","Aurora, CO","US (CONUS)","Full-time","","","","","https://www.amazon.jobs/en/jobs/10428276/data-center-technician-infraops-ag","cleared","ts/sci"
"Amazon Web Services (AWS)","Amazon Jobs","Data Center Technician, ADC InfraOps DCO Tech","team-us-security-clearance-jobs-primary","","Plain City, OH","US (CONUS)","Full-time","","","","","https://www.amazon.jobs/en/jobs/10431622/data-center-technician-adc-infraops-dco-tech","cleared","top secret"
"Amazon Web Services (AWS)","Amazon Jobs","Mgr., Security Assurance Solutions Architect, AWS Security Assurance Services","team-solutions-architect-primary","","Herndon, VA","US (CONUS)","Full-time","","","","","https://www.amazon.jobs/en/jobs/10506350/mgr-security-assurance-solutions-architect-aws-security-assurance-services","cleared","ts/sci"
"Amazon Web Services (AWS)","Amazon Jobs","Principal, Technical Business Developer, AWS Wickr | TEMEG","team-us-security-clearance-jobs-primary","","Herndon, VA","US (CONUS)","Full-time","","","","","https://www.amazon.jobs/en/jobs/10503555/principal-technical-business-developer-aws-wickr-temeg","cleared","ts/sci"
"Amazon Web Services (AWS)","Amazon Jobs","Sr. Account Executive, US FED NATSEC","team-us-security-clearance-jobs-primary","","Jessup, MD","US (CONUS)","Full-time","","","","","https://www.amazon.jobs/en/jobs/3187528/sr-account-executive-us-fed-natsec","cleared","ts/sci"
"Amazon Web Services (AWS)","Amazon Jobs","Delivery Consultant - SRC, WWPS Professional Services - GPS ","team-pro-serv","","Arlington, VA","US (CONUS)","Full-time","","","","","https://www.amazon.jobs/en/jobs/10485987/delivery-consultant-src-wwps-professional-services-gps","cleared","ts/sci"
"Amazon Web Services (AWS)","Amazon Jobs","Technical Account Manager, National Security, National Security - ES US-ADC","team-us-security-clearance-jobs-primary","","Herndon, VA","US (CONUS)","Full-time","","","","","https://www.amazon.jobs/en/jobs/10406765/technical-account-manager-national-security-national-security-es-us-adc","cleared","ts/sci"
"Amazon Web Services (AWS)","Amazon Jobs","Engineering Operations Technician","team-support-engineer-primary","","Fredericksburg, VA","US (CONUS)","Full-time","","","","","https://www.amazon.jobs/en/jobs/10390962/engineering-operations-technician","cleared","ts/sci"
"Amazon Web Services (AWS)","Amazon Jobs","Data Center Engineering Operations Technician ","team-us-security-clearance-jobs-primary","","Stafford, VA","US (CONUS)","Full-time","","","","","https://www.amazon.jobs/en/jobs/3205902/data-center-engineering-operations-technician","cleared","ts/sci"
"Amazon Web Services (AWS)","Amazon Jobs","Engineering Operations Technician","team-support-engineer-primary","","Stafford, VA","US (CONUS)","Full-time","","","","","https://www.amazon.jobs/en/jobs/10390936/engineering-operations-technician","cleared","ts/sci"
"Amazon Web Services (AWS)","Amazon Jobs","Engineering Operations Technician","team-support-engineer-primary","","Stafford, VA","US (CONUS)","Full-time","","","","","https://www.amazon.jobs/en/jobs/10390954/engineering-operations-technician","cleared","ts/sci"
"Amazon Web Services (AWS)","Amazon Jobs","Software Development Engineer, AWS Edge Connectivity Services","team-us-security-clearance-jobs-primary","","Arlington, VA","US (CONUS)","Full-time","","","","","https://www.amazon.jobs/en/jobs/10499171/software-development-engineer-aws-edge-connectivity-services","cleared","ts/sci"
"Amazon Web Services (AWS)","Amazon Jobs","Facility Operations Center Engineer, ADC InfraOps FOC","team-us-security-clearance-jobs-primary","","Denver, CO","US (CONUS)","Full-time","","","","","https://www.amazon.jobs/en/jobs/10391355/facility-operations-center-engineer-adc-infraops-foc","cleared","ts/sci"
"Amazon Web Services (AWS)","Amazon Jobs","Engineering Operations Technician","team-support-engineer-primary","","Stafford, VA","US (CONUS)","Full-time","","","","","https://www.amazon.jobs/en/jobs/10391196/engineering-operations-technician","cleared","ts/sci"
"Amazon Web Services (AWS)","Amazon Jobs","Engineering Operations Technician","team-support-engineer-primary","","Stafford, VA","US (CONUS)","Full-time","","","","","https://www.amazon.jobs/en/jobs/10390973/engineering-operations-technician","cleared","ts/sci"
"Amazon Web Services (AWS)","Amazon Jobs","InfraDelivery Technician","team-support-engineer-primary","","Stafford, VA","US (CONUS)","Full-time","","","","","https://www.amazon.jobs/en/jobs/10391187/infradelivery-technician","cleared","ts/sci"
"Amazon Web Services (AWS)","Amazon Jobs","InfraDelivery Technician","team-support-engineer-primary","","Fredericksburg, VA","US (CONUS)","Full-time","","","","","https://www.amazon.jobs/en/jobs/10391178/infradelivery-technician","cleared","ts/sci"
"Amazon Web Services (AWS)","Amazon Jobs","Delivery Consultant, National Security (NatSec) Professional Services (ProServe), WWPS ProServe","team-pro-serv","","Herndon, VA","US (CONUS)","Full-time","","","","","https://www.amazon.jobs/en/jobs/10479155/delivery-consultant-national-security-natsec-professional-services-proserve-wwps-proserve","cleared","ts/sci"
"Amazon Web Services (AWS)","Amazon Jobs","Strategic BD Account Manager, DoD 4th Estate Defense Agencies","team-us-security-clearance-jobs-primary","","Arlington, VA","US (CONUS)","Full-time","","","","","https://www.amazon.jobs/en/jobs/10412367/strategic-bd-account-manager-dod-4th-estate-defense-agencies","cleared","top secret"
"Amazon Web Services (AWS)","Amazon Jobs","Delivery Consultant, WWPS Professional Services","team-us-security-clearance-jobs-primary","","Herndon, VA","US (CONUS)","Full-time","","","","","https://www.amazon.jobs/en/jobs/3170802/delivery-consultant-wwps-professional-services","cleared","ts/sci"
"Amazon Web Services (AWS)","Amazon Jobs","Network Development Engineer, ADC Network Design, Engineering, and Solutions","team-us-security-clearance-jobs-primary","","Arlington, VA","US (CONUS)","Full-time","","","","","https://www.amazon.jobs/en/jobs/10467532/network-development-engineer-adc-network-design-engineering-and-solutions","cleared","ts/sci"
"Amazon Web Services (AWS)","Amazon Jobs","Senior Partner Account Manager, US NatSec and Defense (Cleared), WWPS Global GSI Partners","team-us-security-clearance-jobs-primary","","Arlington, VA","US (CONUS)","Full-time","","","","","https://www.amazon.jobs/en/jobs/10419268/senior-partner-account-manager-us-natsec-and-defense-cleared-wwps-global-gsi-partners","cleared","top secret"
"Amazon Web Services (AWS)","Amazon Jobs","ADC Engineer, Aurora Storage and Platform (RDS)","team-government-cloud","","Denver, CO","US (CONUS)","Full-time","","","","","https://www.amazon.jobs/en/jobs/10522630/adc-engineer-aurora-storage-and-platform-rds","cleared","ts/sci"
"Amazon Web Services (AWS)","Amazon Jobs","Cleared Engineering Operations Technician, ADC InfraOps DCEO","team-us-security-clearance-jobs-primary","","Hilliard, OH","US (CONUS)","Full-time","","","","","https://www.amazon.jobs/en/jobs/10522089/cleared-engineering-operations-technician-adc-infraops-dceo","cleared","ts/sci"
"Amazon Web Services (AWS)","Amazon Jobs","Delivery Consultant, WWPS ProServe US Federal Civilian - DOE","team-pro-serv","","San Francisco, CA","US (CONUS)","Full-time","","","","","https://www.amazon.jobs/en/jobs/10458888/delivery-consultant-wwps-proserve-us-federal-civilian-doe","cleared","ts/sci"
"Amazon Web Services (AWS)","Amazon Jobs","Delivery Consultant, WWPS ProServe","team-pro-serv","","Jessup, MD","US (CONUS)","Full-time","","","","","https://www.amazon.jobs/en/jobs/3173036/delivery-consultant-wwps-proserve","cleared","ts/sci"
"Amazon Web Services (AWS)","Amazon Jobs","Engineering Operations Technician","team-support-engineer-primary","","Fredericksburg, VA","US (CONUS)","Full-time","","","","","https://www.amazon.jobs/en/jobs/10390941/engineering-operations-technician","cleared","ts/sci"
"Amazon Web Services (AWS)","Amazon Jobs","Engineering Operations Technician","team-support-engineer-primary","","Fredericksburg, VA","US (CONUS)","Full-time","","","","","https://www.amazon.jobs/en/jobs/10390931/engineering-operations-technician","cleared","ts/sci"
"Amazon Web Services (AWS)","Amazon Jobs","Engineering Operations Technician","team-support-engineer-primary","","Stafford, VA","US (CONUS)","Full-time","","","","","https://www.amazon.jobs/en/jobs/10391206/engineering-operations-technician","cleared","ts/sci"
"Amazon Web Services (AWS)","Amazon Jobs","Engineering Operations Technician","team-support-engineer-primary","","Stafford, VA","US (CONUS)","Full-time","","","","","https://www.amazon.jobs/en/jobs/10390977/engineering-operations-technician","cleared","ts/sci"
"Amazon Web Services (AWS)","Amazon Jobs","Engineering Operations Technician","team-support-engineer-primary","","Stafford, VA","US (CONUS)","Full-time","","","","","https://www.amazon.jobs/en/jobs/10391197/engineering-operations-technician","cleared","ts/sci"
"Amazon Web Services (AWS)","Amazon Jobs","Engineering Operations Technician","team-support-engineer-primary","","Stafford, VA","US (CONUS)","Full-time","","","","","https://www.amazon.jobs/en/jobs/10390978/engineering-operations-technician","cleared","ts/sci"
"Amazon Web Services (AWS)","Amazon Jobs","Engineering Operations Technician","team-support-engineer-primary","","Stafford, VA","US (CONUS)","Full-time","","","","","https://www.amazon.jobs/en/jobs/10391204/engineering-operations-technician","cleared","ts/sci"
"Amazon Web Services (AWS)","Amazon Jobs","Cloud Systems Engineer I, ADC System Security Engineering","team-us-security-clearance-jobs-primary","","Herndon, VA","US (CONUS)","Full-time","","","","","https://www.amazon.jobs/en/jobs/10440067/cloud-systems-engineer-i-adc-system-security-engineering","cleared","ts/sci"
"Amazon Web Services (AWS)","Amazon Jobs","Sr. Account Executive, US FED NATSEC","team-us-security-clearance-jobs-primary","","Jessup, MD","US (CONUS)","Full-time","","","","","https://www.amazon.jobs/en/jobs/10506751/sr-account-executive-us-fed-natsec","cleared","ts/sci"
"Amazon Web Services (AWS)","Amazon Jobs","Delivery Consultant, WWPS ProServe US Federal Civilian","team-pro-serv","","Arlington, VA","US (CONUS)","Full-time","","","","","https://www.amazon.jobs/en/jobs/10493721/delivery-consultant-wwps-proserve-us-federal-civilian","cleared","security clearance"
"Amazon Web Services (AWS)","Amazon Jobs","Network Infrastructure Engineer I, Amazon Dedicated Cloud (NIDD)","team-us-security-clearance-jobs-primary","","Culpeper, VA","US (CONUS)","Full-time","","","","","https://www.amazon.jobs/en/jobs/10468799/network-infrastructure-engineer-i-amazon-dedicated-cloud-nidd","cleared","ts/sci"
"Amazon Web Services (AWS)","Amazon Jobs","Delivery Consultant, WWPS ProServe","team-pro-serv","","Jessup, MD","US (CONUS)","Full-time","","","","","https://www.amazon.jobs/en/jobs/3173034/delivery-consultant-wwps-proserve","cleared","ts/sci"
"Amazon Web Services (AWS)","Amazon Jobs","Delivery Consultant-DevOps, WWPS ProServe","team-pro-serv","","Jessup, MD","US (CONUS)","Full-time","","","","","https://www.amazon.jobs/en/jobs/3171968/delivery-consultant-devops-wwps-proserve","cleared","ts/sci"
"Amazon Web Services (AWS)","Amazon Jobs","Delivery Consultant, WWPS, National Security (NatSec) Professional Services (ProServe)","team-pro-serv","","Jessup, MD","US (CONUS)","Full-time","","","","","https://www.amazon.jobs/en/jobs/3170423/delivery-consultant-wwps-national-security-natsec-professional-services-proserve","cleared","ts/sci"
"Amazon Web Services (AWS)","Amazon Jobs","Technical Account Manager, National Security, National Security - ES US-ADC","team-us-security-clearance-jobs-primary","","Herndon, VA","US (CONUS)","Full-time","","","","","https://www.amazon.jobs/en/jobs/3168248/technical-account-manager-national-security-national-security-es-us-adc","cleared","ts/sci"
"Amazon Web Services (AWS)","Amazon Jobs","AWS Senior Sales Executive - 4th Estate, US DOW 4th Estate","team-us-security-clearance-jobs-primary","","Arlington, VA","US (CONUS)","Full-time","","","","","https://www.amazon.jobs/en/jobs/10516767/aws-senior-sales-executive-4th-estate-us-dow-4th-estate","cleared","top secret"
"Amazon Web Services (AWS)","Amazon Jobs","Account Executive – ARMY, US FED","team-us-security-clearance-jobs-primary","","Arlington, VA","US (CONUS)","Full-time","","","","","https://www.amazon.jobs/en/jobs/10516769/account-executive-army-us-fed","cleared","top secret"
"Amazon Web Services (AWS)","Amazon Jobs","Delivery Consultant, National Security (NatSec) WWPS Professional Services (ProServe)","team-pro-serv","","Jessup, MD","US (CONUS)","Full-time","","","","","https://www.amazon.jobs/en/jobs/10519711/delivery-consultant-national-security-natsec-wwps-professional-services-proserve","cleared","ts/sci"
"Amazon Web Services (AWS)","Amazon Jobs","Delivery Consultant - Security, Risk, and Compliance, WWPS Professional Services - GPS ","team-pro-serv","","Herndon, VA","US (CONUS)","Full-time","","","","","https://www.amazon.jobs/en/jobs/10503719/delivery-consultant-security-risk-and-compliance-wwps-professional-services-gps","cleared","ts/sci"
"Amazon Web Services (AWS)","Amazon Jobs","Network Infrastructure Engineer I, Amazon Dedicated Cloud (NIDD)","team-us-security-clearance-jobs-primary","","Culpeper, VA","US (CONUS)","Full-time","","","","","https://www.amazon.jobs/en/jobs/10467871/network-infrastructure-engineer-i-amazon-dedicated-cloud-nidd","cleared","ts/sci"
"Amazon Web Services (AWS)","Amazon Jobs","Electrical Hardware Development Engineer , Bespoke Solutions ","team-us-security-clearance-jobs-primary","","Arlington, VA","US (CONUS)","Full-time","","","","","https://www.amazon.jobs/en/jobs/10482735/electrical-hardware-development-engineer-bespoke-solutions","cleared","ts/sci"
"Amazon Web Services (AWS)","Amazon Jobs","Delivery Consultant, WWPS ProServe","team-pro-serv","","Herndon, VA","US (CONUS)","Full-time","","","","","https://www.amazon.jobs/en/jobs/10478073/delivery-consultant-wwps-proserve","cleared","ts/sci"
"Amazon Web Services (AWS)","Amazon Jobs","Data Center Technician, ADC InfraOps DCO","team-us-security-clearance-jobs-primary","","Aurora, CO","US (CONUS)","Full-time","","","","","https://www.amazon.jobs/en/jobs/10522832/data-center-technician-adc-infraops-dco","cleared","ts/sci"
"Amazon Web Services (AWS)","Amazon Jobs","Engineering Operations Technician","team-support-engineer-primary","","Fredericksburg, VA","US (CONUS)","Full-time","","","","","https://www.amazon.jobs/en/jobs/10390926/engineering-operations-technician","cleared","ts/sci"
"Amazon Web Services (AWS)","Amazon Jobs","Engineering Operations Technician","team-support-engineer-primary","","Fredericksburg, VA","US (CONUS)","Full-time","","","","","https://www.amazon.jobs/en/jobs/10390922/engineering-operations-technician","cleared","ts/sci"
"Amazon Web Services (AWS)","Amazon Jobs","Night Shift, Data Center Engineering Operations Technician ","team-us-security-clearance-jobs-primary","","Fredericksburg, VA","US (CONUS)","Full-time","","","","","https://www.amazon.jobs/en/jobs/10409001/night-shift-data-center-engineering-operations-technician","cleared","ts/sci"
"Amazon Web Services (AWS)","Amazon Jobs","Engineering Operations Technician","team-support-engineer-primary","","Fredericksburg, VA","US (CONUS)","Full-time","","","","","https://www.amazon.jobs/en/jobs/10390981/engineering-operations-technician","cleared","ts/sci"
"Amazon Web Services (AWS)","Amazon Jobs","Engineering Operations Technician","team-support-engineer-primary","","Stafford, VA","US (CONUS)","Full-time","","","","","https://www.amazon.jobs/en/jobs/10390937/engineering-operations-technician","cleared","ts/sci"
"Amazon Web Services (AWS)","Amazon Jobs","Engineering Operations Technician","team-support-engineer-primary","","Stafford, VA","US (CONUS)","Full-time","","","","","https://www.amazon.jobs/en/jobs/10391216/engineering-operations-technician","cleared","ts/sci"
"Amazon Web Services (AWS)","Amazon Jobs","Engineering Operations Technician","team-support-engineer-primary","","Stafford, VA","US (CONUS)","Full-time","","","","","https://www.amazon.jobs/en/jobs/10391191/engineering-operations-technician","cleared","ts/sci"
"Amazon Web Services (AWS)","Amazon Jobs","Cleared Engineering Operations Technician, ADC InfraOps DCEO, ADC InfraOps DCEO","team-us-security-clearance-jobs-primary","","Plain City, OH","US (CONUS)","Full-time","","","","","https://www.amazon.jobs/en/jobs/10411544/cleared-engineering-operations-technician-adc-infraops-dceo-adc-infraops-dceo","cleared","top secret"
"Amazon Web Services (AWS)","Amazon Jobs","Program Execution Manager, Global National Security Programs","team-us-security-clearance-jobs-primary","","Herndon, VA","US (CONUS)","Full-time","","","","","https://www.amazon.jobs/en/jobs/10502576/program-execution-manager-global-national-security-programs","cleared","ts/sci"
"Amazon Web Services (AWS)","Amazon Jobs","Logistics Specialist, Data Center Operations","team-us-security-clearance-jobs-primary","","Aurora, CO","US (CONUS)","Full-time","","","","","https://www.amazon.jobs/en/jobs/10513191/logistics-specialist-data-center-operations","cleared","ts/sci"
"Amazon Web Services (AWS)","Amazon Jobs","InfraDelivery Technician","team-support-engineer-primary","","Fredericksburg, VA","US (CONUS)","Full-time","","","","","https://www.amazon.jobs/en/jobs/10391175/infradelivery-technician","cleared","ts/sci"
"Amazon Web Services (AWS)","Amazon Jobs","Engineering Operations Technician","team-support-engineer-primary","","Stafford, VA","US (CONUS)","Full-time","","","","","https://www.amazon.jobs/en/jobs/10391192/engineering-operations-technician","cleared","ts/sci"
"Amazon Web Services (AWS)","Amazon Jobs","Engineering Operations Technician","team-support-engineer-primary","","Stafford, VA","US (CONUS)","Full-time","","","","","https://www.amazon.jobs/en/jobs/10390935/engineering-operations-technician","cleared","ts/sci"
"Amazon Web Services (AWS)","Amazon Jobs","Engineering Operations Technician","team-support-engineer-primary","","Stafford, VA","US (CONUS)","Full-time","","","","","https://www.amazon.jobs/en/jobs/10391193/engineering-operations-technician","cleared","ts/sci"
"Amazon Web Services (AWS)","Amazon Jobs","Engineering Operations Technician","team-support-engineer-primary","","Stafford, VA","US (CONUS)","Full-time","","","","","https://www.amazon.jobs/en/jobs/10390985/engineering-operations-technician","cleared","ts/sci"
"Amazon Web Services (AWS)","Amazon Jobs","Engineering Operations Technician","team-support-engineer-primary","","Stafford, VA","US (CONUS)","Full-time","","","","","https://www.amazon.jobs/en/jobs/10390979/engineering-operations-technician","cleared","ts/sci"
"Amazon Web Services (AWS)","Amazon Jobs","Data Center Technician","team-support-engineer-primary","","Fredericksburg, VA","US (CONUS)","Full-time","","","","","https://www.amazon.jobs/en/jobs/10391159/data-center-technician","cleared","ts/sci"
"Amazon Web Services (AWS)","Amazon Jobs","Engineering Operations Tech, AWS Cleared Jobs","team-us-security-clearance-jobs-primary","","Fredericksburg, VA","US (CONUS)","Full-time","","","","","https://www.amazon.jobs/en/jobs/10385555/engineering-operations-tech-aws-cleared-jobs","cleared","ts/sci"
"Amazon Web Services (AWS)","Amazon Jobs","Engineering Operations Technician","team-support-engineer-primary","","Fredericksburg, VA","US (CONUS)","Full-time","","","","","https://www.amazon.jobs/en/jobs/10391043/engineering-operations-technician","cleared","ts/sci"
"Amazon Web Services (AWS)","Amazon Jobs","Engineering Operations Technician","team-support-engineer-primary","","Fredericksburg, VA","US (CONUS)","Full-time","","","","","https://www.amazon.jobs/en/jobs/10390963/engineering-operations-technician","cleared","ts/sci"
"Amazon Web Services (AWS)","Amazon Jobs","Engineering Operations Technician","team-support-engineer-primary","","Fredericksburg, VA","US (CONUS)","Full-time","","","","","https://www.amazon.jobs/en/jobs/10390930/engineering-operations-technician","cleared","ts/sci"
"Amazon Web Services (AWS)","Amazon Jobs","Facility Operations Center Engineer, ADC InfraOps FOC","team-us-security-clearance-jobs-primary","","Arlington, VA","US (CONUS)","Full-time","","","","","https://www.amazon.jobs/en/jobs/10391315/facility-operations-center-engineer-adc-infraops-foc","cleared","ts/sci"
"Amazon Web Services (AWS)","Amazon Jobs","Engineering Operations Tech, Infraops AG","team-us-security-clearance-jobs-primary","","Fairfax, VA","US (CONUS)","Full-time","","","","","https://www.amazon.jobs/en/jobs/10470104/engineering-operations-tech-infraops-ag","cleared","ts/sci"
"Amazon Web Services (AWS)","Amazon Jobs","Engineering Operations Tech, AWS Cleared Jobs","team-us-security-clearance-jobs-primary","","Stafford, VA","US (CONUS)","Full-time","","","","","https://www.amazon.jobs/en/jobs/10393997/engineering-operations-tech-aws-cleared-jobs","cleared","ts/sci"
"Amazon Web Services (AWS)","Amazon Jobs","Engineering Operations Technician","team-support-engineer-primary","","Stafford, VA","US (CONUS)","Full-time","","","","","https://www.amazon.jobs/en/jobs/10390938/engineering-operations-technician","cleared","ts/sci"
"Amazon Web Services (AWS)","Amazon Jobs","Engineering Operations Technician","team-support-engineer-primary","","Stafford, VA","US (CONUS)","Full-time","","","","","https://www.amazon.jobs/en/jobs/10390934/engineering-operations-technician","cleared","ts/sci"
"Amazon Web Services (AWS)","Amazon Jobs","Technical Sales Rep, AWS NATSEC","team-us-security-clearance-jobs-primary","","Herndon, VA","US (CONUS)","Full-time","","","","","https://www.amazon.jobs/en/jobs/10469838/technical-sales-rep-aws-natsec","cleared","ts/sci"
"Amazon Web Services (AWS)","Amazon Jobs","Data Center Engineering Operations Technician ","team-us-security-clearance-jobs-primary","","Fredericksburg, VA","US (CONUS)","Full-time","","","","","https://www.amazon.jobs/en/jobs/3199957/data-center-engineering-operations-technician","cleared","ts/sci"
"Amazon Web Services (AWS)","Amazon Jobs","Engineering Operations Technician","team-support-engineer-primary","","Fredericksburg, VA","US (CONUS)","Full-time","","","","","https://www.amazon.jobs/en/jobs/10390923/engineering-operations-technician","cleared","ts/sci"
"Amazon Web Services (AWS)","Amazon Jobs","ADC Engineer, AWS DBS ADC Analytics","team-government-cloud","","Denver, CO","US (CONUS)","Full-time","","","","","https://www.amazon.jobs/en/jobs/10446557/adc-engineer-aws-dbs-adc-analytics","cleared","ts/sci"
"Amazon Web Services (AWS)","Amazon Jobs","Principal Sales, Mission Programs, Dept of War Sales Team","team-public-sector","","Arlington, VA","US (CONUS)","Full-time","","","","","https://www.amazon.jobs/en/jobs/10459790/principal-sales-mission-programs-dept-of-war-sales-team","cleared","top secret"
"Amazon Web Services (AWS)","Amazon Jobs","Principal ProServe Account Executive, AWS WWPS Professional Services","team-us-security-clearance-jobs-primary","","Herndon, VA","US (CONUS)","Full-time","","","","","https://www.amazon.jobs/en/jobs/10478639/principal-proserve-account-executive-aws-wwps-professional-services","cleared","ts/sci"
"Amazon Web Services (AWS)","Amazon Jobs","Network Development Eng II, ADC Networking","team-us-security-clearance-jobs-primary","","Bellevue, WA","US (CONUS)","Full-time","","","","","https://www.amazon.jobs/en/jobs/10445016/network-development-eng-ii-adc-networking","cleared","ts/sci"
"Amazon Web Services (AWS)","Amazon Jobs","Network Development Eng II, ADC Networking","team-us-security-clearance-jobs-primary","","Arlington, VA","US (CONUS)","Full-time","","","","","https://www.amazon.jobs/en/jobs/10416104/network-development-eng-ii-adc-networking","cleared","ts/sci"
"Amazon Web Services (AWS)","Amazon Jobs","Delivery Consultant, WWPS ProServe","team-pro-serv","","Arlington, VA","US (CONUS)","Full-time","","","","","https://www.amazon.jobs/en/jobs/10437271/delivery-consultant-wwps-proserve","cleared","ts/sci"
"Amazon Web Services (AWS)","Amazon Jobs","Data Center Technician","team-support-engineer-primary","","Stafford, VA","US (CONUS)","Full-time","","","","","https://www.amazon.jobs/en/jobs/10390917/data-center-technician","cleared","ts/sci"
"Amazon Web Services (AWS)","Amazon Jobs","Invoice Compliance Analyst, Amazon Dedicated Cloud Invoicing Team","team-public-sector","","Arlington, VA","US (CONUS)","Full-time","","","","","https://www.amazon.jobs/en/jobs/10466353/invoice-compliance-analyst-amazon-dedicated-cloud-invoicing-team","cleared","ts/sci"
"Amazon Web Services (AWS)","Amazon Jobs","Technical Account Manager, US Federal, Enterprise Support","team-us-security-clearance-jobs-primary","","Denver, CO","US (CONUS)","Full-time","","","","","https://www.amazon.jobs/en/jobs/10516422/technical-account-manager-us-federal-enterprise-support","cleared","ts/sci"
"Amazon Web Services (AWS)","Amazon Jobs","Program Execution Manager, Global National Security Programs","team-us-security-clearance-jobs-primary","","Herndon, VA","US (CONUS)","Full-time","","","","","https://www.amazon.jobs/en/jobs/10502578/program-execution-manager-global-national-security-programs","cleared","ts/sci"
"Amazon Web Services (AWS)","Amazon Jobs","Data Center Technician, Infraops AG","team-us-security-clearance-jobs-primary","","Aurora, CO","US (CONUS)","Full-time","","","","","https://www.amazon.jobs/en/jobs/10419806/data-center-technician-infraops-ag","cleared","ts/sci"
"Amazon Web Services (AWS)","Amazon Jobs","Sr. Advanced Compute Specialist SA - National Security, National Security Specialists Solutions Architecture Team","team-us-security-clearance-jobs-primary","","Arlington, VA","US (CONUS)","Full-time","","","","","https://www.amazon.jobs/en/jobs/10401277/sr-advanced-compute-specialist-sa-national-security-national-security-specialists-solutions-architecture-team","cleared","ts/sci"
"Amazon Web Services (AWS)","Amazon Jobs","Strategic BD Account Manager, DOW USAF Sales Team","team-public-sector","","Arlington, VA","US (CONUS)","Full-time","","","","","https://www.amazon.jobs/en/jobs/10454363/strategic-bd-account-manager-dow-usaf-sales-team","cleared","ts/sci"
"Amazon Web Services (AWS)","Amazon Jobs","Delivery Consultant, WWPS ProServe","team-pro-serv","","Arlington, VA","US (CONUS)","Full-time","","","","","https://www.amazon.jobs/en/jobs/3180970/delivery-consultant-wwps-proserve","cleared","top secret"
"Amazon Web Services (AWS)","Amazon Jobs","Senior Software Development Engineer - AWS, Amazon Dedicated Cloud (ADC) Networking","team-us-security-clearance-jobs-primary","","Herndon, VA","US (CONUS)","Full-time","","","","","https://www.amazon.jobs/en/jobs/10466704/senior-software-development-engineer-aws-amazon-dedicated-cloud-adc-networking","cleared","ts/sci"
"Amazon Web Services (AWS)","Amazon Jobs","Sr. Security Program Manager, U.S. Amazon Dedicated Cloud ","team-no-matching-primary-label-listed","","Culpeper, VA","US (CONUS)","Full-time","","","","","https://www.amazon.jobs/en/jobs/10468009/sr-security-program-manager-u-s-amazon-dedicated-cloud","cleared","ts/sci"
"Amazon Web Services (AWS)","Amazon Jobs","Task Order Manager, National Security Programs","team-us-security-clearance-jobs-primary","","Herndon, VA","US (CONUS)","Full-time","","","","","https://www.amazon.jobs/en/jobs/10502575/task-order-manager-national-security-programs","cleared","ts/sci"
"Amazon Web Services (AWS)","Amazon Jobs","Senior Engagement Manager, WWPS ProServe DoD Shared Delivery Team","team-pro-serv","","Arlington, VA","US (CONUS)","Full-time","","","","","https://www.amazon.jobs/en/jobs/10525051/senior-engagement-manager-wwps-proserve-dod-shared-delivery-team","cleared","ts/sci"
"Amazon Web Services (AWS)","Amazon Jobs","Sr Partner Account Executive - Aerospace and Defense Partners, Global Defense Partners","team-us-security-clearance-jobs-primary","","Arlington, VA","US (CONUS)","Full-time","","","","","https://www.amazon.jobs/en/jobs/10512677/sr-partner-account-executive-aerospace-and-defense-partners-global-defense-partners","cleared","top secret"
"Amazon Web Services (AWS)","Amazon Jobs","Partner Account Manager, WWPS Global GSIs","team-us-security-clearance-jobs-primary","","Arlington, VA","US (CONUS)","Full-time","","","","","https://www.amazon.jobs/en/jobs/10443816/partner-account-manager-wwps-global-gsis","cleared","ts/sci"
"Amazon Web Services (AWS)","Amazon Jobs","AI & Emerging Tech Specialist, Emerging Technology","team-us-security-clearance-jobs-primary","","Herndon, VA","US (CONUS)","Full-time","","","","","https://www.amazon.jobs/en/jobs/10475078/ai-emerging-tech-specialist-emerging-technology","cleared","ts/sci"
"Amazon Web Services (AWS)","Amazon Jobs","Data Center Technician, Data Center Operations","team-us-security-clearance-jobs-primary","","Aurora, CO","US (CONUS)","Full-time","","","","","https://www.amazon.jobs/en/jobs/10522842/data-center-technician-data-center-operations","cleared","ts/sci"
"Amazon Web Services (AWS)","Amazon Jobs","Principal Delivery Consultant, WWPS Professional Services","team-pro-serv","","Herndon, VA","US (CONUS)","Full-time","","","","","https://www.amazon.jobs/en/jobs/10509110/principal-delivery-consultant-wwps-professional-services","cleared","ts/sci"
"Amazon Web Services (AWS)","Amazon Jobs","Delivery Consultant - Modernization, WWPS ProServe","team-pro-serv","","Denver, CO","US (CONUS)","Full-time","","","","","https://www.amazon.jobs/en/jobs/10525055/delivery-consultant-modernization-wwps-proserve","cleared","ts/sci"
"Amazon Web Services (AWS)","Amazon Jobs","Engagement Manager, WWPS ProServe DOW","team-pro-serv","","Arlington, VA","US (CONUS)","Full-time","","","","","https://www.amazon.jobs/en/jobs/10488723/engagement-manager-wwps-proserve-dow","cleared","ts/sci"
"Amazon Web Services (AWS)","Amazon Jobs","ADC Engineer, AWS DBS ADC Analytics","team-government-cloud","","Denver, CO","US (CONUS)","Full-time","","","","","https://www.amazon.jobs/en/jobs/10452952/adc-engineer-aws-dbs-adc-analytics","cleared","ts/sci"
"Amazon Web Services (AWS)","Amazon Jobs","Field Sales Operations Analyst, WWPS Partners & WW A&S Operations ","team-us-security-clearance-jobs-primary","","Arlington, VA","US (CONUS)","Full-time","","","","","https://www.amazon.jobs/en/jobs/10398784/field-sales-operations-analyst-wwps-partners-ww-a-s-operations","cleared","ts/sci"
"Amazon Web Services (AWS)","Amazon Jobs","Principal AI & Emerging Tech Specialist , Emerging Technology","team-us-security-clearance-jobs-primary","","Arlington, VA","US (CONUS)","Full-time","","","","","https://www.amazon.jobs/en/jobs/10482721/principal-ai-emerging-tech-specialist-emerging-technology","cleared","ts/sci"
"Amazon Web Services (AWS)","Amazon Jobs","Sr. Delivery Consultant, WWPS ProServe","team-pro-serv","","Arlington, VA","US (CONUS)","Full-time","","","","","https://www.amazon.jobs/en/jobs/10478067/sr-delivery-consultant-wwps-proserve","cleared","ts/sci"
"Amazon Web Services (AWS)","Amazon Jobs","Senior Technical Program Manager, AWS Ground Station, Aerospace Solutions (AES)","team-us-security-clearance-jobs-primary","","Denver, CO","US (CONUS)","Full-time","","","","","https://www.amazon.jobs/en/jobs/10503557/senior-technical-program-manager-aws-ground-station-aerospace-solutions-aes","cleared","ts/sci"
"Amazon Web Services (AWS)","Amazon Jobs","ProServe Account Executive, Partners/FedCiv ProServe","team-us-security-clearance-jobs-primary","","Arlington, VA","US (CONUS)","Full-time","","","","","https://www.amazon.jobs/en/jobs/10503743/proserve-account-executive-partners-fedciv-proserve","cleared","ts/sci"
"Amazon Web Services (AWS)","Amazon Jobs","Systems Development Engineer, Astra ADC","team-government-cloud","","Arlington, VA","US (CONUS)","Full-time","","","","","https://www.amazon.jobs/en/jobs/10481524/systems-development-engineer-astra-adc","cleared","ts/sci"
"Amazon Web Services (AWS)","Amazon Jobs","ADC Engineer I, Amazon Dedicated Cloud Relational Engineering","team-us-security-clearance-jobs-primary","","Seattle, WA","US (CONUS)","Full-time","","","","","https://www.amazon.jobs/en/jobs/10481510/adc-engineer-i-amazon-dedicated-cloud-relational-engineering","cleared","ts/sci"
"Amazon Web Services (AWS)","Amazon Jobs","Senior Delivery Consultant – Emerging Tech, WWPS ProServe","team-pro-serv","","Herndon, VA","US (CONUS)","Full-time","","","","","https://www.amazon.jobs/en/jobs/10525052/senior-delivery-consultant-emerging-tech-wwps-proserve","cleared","ts/sci"
"Amazon Web Services (AWS)","Amazon Jobs","Senior Account Manager, Department of War - Air Force","team-us-security-clearance-jobs-primary","","St Louis, MI","US (CONUS)","Full-time","","","","","https://www.amazon.jobs/en/jobs/10479988/senior-account-manager-department-of-war-air-force","cleared","top secret"
"Amazon Web Services (AWS)","Amazon Jobs","ADC Engineer, Cryptography and Identity Management","team-government-cloud","","Seattle, WA","US (CONUS)","Full-time","","","","","https://www.amazon.jobs/en/jobs/10499137/adc-engineer-cryptography-and-identity-management","cleared","ts/sci"
"Amazon Web Services (AWS)","Amazon Jobs","Software Development Engineer II, Analytics ADC","team-us-security-clearance-jobs-primary","","Arlington, VA","US (CONUS)","Full-time","","","","","https://www.amazon.jobs/en/jobs/10493531/software-development-engineer-ii-analytics-adc","cleared","ts/sci"
"Amazon Web Services (AWS)","Amazon Jobs","Sr. AI & Emerging Tech Specialist , Emerging Technology","team-us-security-clearance-jobs-primary","","Arlington, VA","US (CONUS)","Full-time","","","","","https://www.amazon.jobs/en/jobs/10475085/sr-ai-emerging-tech-specialist-emerging-technology","cleared","ts/sci"
"Amazon Web Services (AWS)","Amazon Jobs","Data Center Technician, Data Center Operations","team-us-security-clearance-jobs-primary","","Aurora, CO","US (CONUS)","Full-time","","","","","https://www.amazon.jobs/en/jobs/10522818/data-center-technician-data-center-operations","cleared","ts/sci"
"Amazon Web Services (AWS)","Amazon Jobs","Senior Delivery Consultant, WWPS ProServe","team-pro-serv","","Herndon, VA","US (CONUS)","Full-time","","","","","https://www.amazon.jobs/en/jobs/10519679/senior-delivery-consultant-wwps-proserve","cleared","ts/sci"
"Amazon Web Services (AWS)","Amazon Jobs","Systems Development Engineer, Astra ADC","team-government-cloud","","Arlington, VA","US (CONUS)","Full-time","","","","","https://www.amazon.jobs/en/jobs/10467528/systems-development-engineer-astra-adc","cleared","ts/sci"
"Amazon Web Services (AWS)","Amazon Jobs","Systems Development Engineer, Astra ADC","team-government-cloud","","Arlington, VA","US (CONUS)","Full-time","","","","","https://www.amazon.jobs/en/jobs/10467529/systems-development-engineer-astra-adc","cleared","ts/sci"
"Amazon Web Services (AWS)","Amazon Jobs","ADC Engineer I, AWS ADC Storage Services","team-government-cloud","","Herndon, VA","US (CONUS)","Full-time","","","","","https://www.amazon.jobs/en/jobs/10413705/adc-engineer-i-aws-adc-storage-services","cleared","ts/sci"
"Amazon Web Services (AWS)","Amazon Jobs","DCEO Chief Engineer, ADC InfraOps DCEO","team-us-security-clearance-jobs-primary","","Plain City, OH","US (CONUS)","Full-time","","","","","https://www.amazon.jobs/en/jobs/10511915/dceo-chief-engineer-adc-infraops-dceo","cleared","ts/sci"
"Amazon Web Services (AWS)","Amazon Jobs","Software Development Engineer II (UM), Bespoke Solutions","team-us-security-clearance-jobs-primary","","Arlington, VA","US (CONUS)","Full-time","","","","","https://www.amazon.jobs/en/jobs/10479371/software-development-engineer-ii-um-bespoke-solutions","cleared","ts/sci"
"Amazon Web Services (AWS)","Amazon Jobs","Sr. Delivery Consultant, National Security (NatSec) Professional Services (ProServe), WWPS ProServe","team-pro-serv","","Herndon, VA","US (CONUS)","Full-time","","","","","https://www.amazon.jobs/en/jobs/10471798/sr-delivery-consultant-national-security-natsec-professional-services-proserve-wwps-proserve","cleared","ts/sci"
"Amazon Web Services (AWS)","Amazon Jobs","System Development Manager, ADC Monitoring & Observability","team-us-security-clearance-jobs-primary","","Bellevue, WA","US (CONUS)","Full-time","","","","","https://www.amazon.jobs/en/jobs/10517950/system-development-manager-adc-monitoring-observability","cleared","ts/sci"
"Amazon Web Services (AWS)","Amazon Jobs","ADC Engineer I, Amazon Dedicated Cloud Relational Engineering","team-us-security-clearance-jobs-primary","","Seattle, WA","US (CONUS)","Full-time","","","","","https://www.amazon.jobs/en/jobs/10474554/adc-engineer-i-amazon-dedicated-cloud-relational-engineering","cleared","ts/sci"
"Amazon Web Services (AWS)","Amazon Jobs","ADC Engineer, Cryptography / Identity","team-government-cloud","","Bellevue, WA","US (CONUS)","Full-time","","","","","https://www.amazon.jobs/en/jobs/10499149/adc-engineer-cryptography-identity","cleared","ts/sci"
"Amazon Web Services (AWS)","Amazon Jobs","Security Engineer II, US Amazon Dedicated Cloud Security","team-us-security-clearance-jobs-primary","","Jessup, MD","US (CONUS)","Full-time","","","","","https://www.amazon.jobs/en/jobs/10498424/security-engineer-ii-us-amazon-dedicated-cloud-security","cleared","ts/sci"
"Amazon Web Services (AWS)","Amazon Jobs","Delivery Practice Manager, WWPS ProServe Aerospace and Satellite (A&S)","team-pro-serv","","Arlington, VA","US (CONUS)","Full-time","","","","","https://www.amazon.jobs/en/jobs/10443003/delivery-practice-manager-wwps-proserve-aerospace-and-satellite-a-s","cleared","top secret"
"Amazon Web Services (AWS)","Amazon Jobs","DCEO Chief Engineer, ADC InfraOps DCEO","team-us-security-clearance-jobs-primary","","Plain City, OH","US (CONUS)","Full-time","","","","","https://www.amazon.jobs/en/jobs/10412405/dceo-chief-engineer-adc-infraops-dceo","cleared","top secret"
"Amazon Web Services (AWS)","Amazon Jobs","Risk Manager, Global Government Delivery Organization (GDDO)","team-us-security-clearance-jobs-primary","","Herndon, VA","US (CONUS)","Full-time","","","","","https://www.amazon.jobs/en/jobs/10502572/risk-manager-global-government-delivery-organization-gddo","cleared","ts/sci"
"Amazon Web Services (AWS)","Amazon Jobs","Data Center Technician, Data Center Operations","team-us-security-clearance-jobs-primary","","Aurora, CO","US (CONUS)","Full-time","","","","","https://www.amazon.jobs/en/jobs/10510161/data-center-technician-data-center-operations","cleared","ts/sci"
"Amazon Web Services (AWS)","Amazon Jobs","Senior Solutions Architect, WWPS Global Defense Partners","team-public-sector","","Virtual Location - Missouri, MO","US (CONUS)","Full-time","","","","","https://www.amazon.jobs/en/jobs/10455179/senior-solutions-architect-wwps-global-defense-partners","cleared","top secret"
"Amazon Web Services (AWS)","Amazon Jobs","Delivery Consultant, WWPS ProServe","team-pro-serv","","Herndon, VA","US (CONUS)","Full-time","","","","","https://www.amazon.jobs/en/jobs/10525057/delivery-consultant-wwps-proserve","cleared","ts/sci"
"Amazon Web Services (AWS)","Amazon Jobs","Data Center Technician, Data Center Operations","team-us-security-clearance-jobs-primary","","Aurora, CO","US (CONUS)","Full-time","","","","","https://www.amazon.jobs/en/jobs/10522851/data-center-technician-data-center-operations","cleared","ts/sci"
"Amazon Web Services (AWS)","Amazon Jobs","Delivery Consultant, WWPS ProServe","team-pro-serv","","Herndon, VA","US (CONUS)","Full-time","","","","","https://www.amazon.jobs/en/jobs/10487681/delivery-consultant-wwps-proserve","cleared","ts/sci"
"Amazon Web Services (AWS)","Amazon Jobs","Sr. Electrical Hardware Development Engineer, Bespoke Solutions","team-us-security-clearance-jobs-primary","","Arlington, VA","US (CONUS)","Full-time","","","","","https://www.amazon.jobs/en/jobs/10482736/sr-electrical-hardware-development-engineer-bespoke-solutions","cleared","ts/sci"
"Amazon Web Services (AWS)","Amazon Jobs","Software Development Engineer, ADC2S","team-us-security-clearance-jobs-primary","","Seattle, WA","US (CONUS)","Full-time","","","","","https://www.amazon.jobs/en/jobs/10466683/software-development-engineer-adc2s","cleared","ts/sci"
"Amazon Web Services (AWS)","Amazon Jobs","Data Center Technician, Data Center Operations","team-us-security-clearance-jobs-primary","","Aurora, CO","US (CONUS)","Full-time","","","","","https://www.amazon.jobs/en/jobs/10522829/data-center-technician-data-center-operations","cleared","ts/sci"
"Amazon Web Services (AWS)","Amazon Jobs","System Development Engineer, Platform Engineering & Emerging Technology - AWS CloudTrail & Service Quotas","team-us-security-clearance-jobs-primary","","Arlington, VA","US (CONUS)","Full-time","","","","","https://www.amazon.jobs/en/jobs/10499163/system-development-engineer-platform-engineering-emerging-technology-aws-cloudtrail-service-quotas","cleared","ts/sci"
"Amazon Web Services (AWS)","Amazon Jobs","Delivery Consultant, National Security (NatSec) Professional Services (ProServe)","team-pro-serv","","Jessup, MD","US (CONUS)","Full-time","","","","","https://www.amazon.jobs/en/jobs/3179016/delivery-consultant-national-security-natsec-professional-services-proserve","cleared","ts/sci"
"Amazon Web Services (AWS)","Amazon Jobs","Software Development Engineer, US Amazon Dedicated Cloud Security","team-us-security-clearance-jobs-primary","","Herndon, VA","US (CONUS)","Full-time","","","","","https://www.amazon.jobs/en/jobs/10452688/software-development-engineer-us-amazon-dedicated-cloud-security","cleared","ts/sci"
"Amazon Web Services (AWS)","Amazon Jobs","Chief Engineer, Data Center Engg Ops","team-us-security-clearance-jobs-primary","","Mineral, VA","US (CONUS)","Full-time","","","","","https://www.amazon.jobs/en/jobs/10394091/chief-engineer-data-center-engg-ops","cleared","ts/sci"
"Amazon Web Services (AWS)","Amazon Jobs","Data Center Technician, Data Center Operations","team-us-security-clearance-jobs-primary","","Aurora, CO","US (CONUS)","Full-time","","","","","https://www.amazon.jobs/en/jobs/10522824/data-center-technician-data-center-operations","cleared","ts/sci"
"Amazon Web Services (AWS)","Amazon Jobs","Sr. Delivery Consultant - Application Modernization, WWPS ProServe","team-pro-serv","","Herndon, VA","US (CONUS)","Full-time","","","","","https://www.amazon.jobs/en/jobs/10478070/sr-delivery-consultant-application-modernization-wwps-proserve","cleared","ts/sci"
"Amazon Web Services (AWS)","Amazon Jobs","FPGA Verification Engineer, Bespoke Solutions","team-us-security-clearance-jobs-primary","","Arlington, VA","US (CONUS)","Full-time","","","","","https://www.amazon.jobs/en/jobs/10482749/fpga-verification-engineer-bespoke-solutions","cleared","ts/sci"
"Amazon Web Services (AWS)","Amazon Jobs","AI & Emerging Tech Specialist , Emerging Technology ","team-us-security-clearance-jobs-primary","","Herndon, VA","US (CONUS)","Full-time","","","","","https://www.amazon.jobs/en/jobs/10468193/ai-emerging-tech-specialist-emerging-technology","cleared","ts/sci"
"Amazon Web Services (AWS)","Amazon Jobs","Data Center Technician, Data Center Operations","team-us-security-clearance-jobs-primary","","Aurora, CO","US (CONUS)","Full-time","","","","","https://www.amazon.jobs/en/jobs/10522843/data-center-technician-data-center-operations","cleared","ts/sci"
"Amazon Web Services (AWS)","Amazon Jobs","Systems Development Engineer, ADC2S","team-us-security-clearance-jobs-primary","","Herndon, VA","US (CONUS)","Full-time","","","","","https://www.amazon.jobs/en/jobs/10499155/systems-development-engineer-adc2s","cleared","ts/sci"
"Amazon Web Services (AWS)","Amazon Jobs","Manager, Electrical & Cloud Hardware Development, AWS Bespoke Solutions, Hardware & FPGA Engineering","team-us-security-clearance-jobs-primary","","Arlington, VA","US (CONUS)","Full-time","","","","","https://www.amazon.jobs/en/jobs/10504075/manager-electrical-cloud-hardware-development-aws-bespoke-solutions-hardware-fpga-engineering","cleared","ts/sci"
"Amazon Web Services (AWS)","Amazon Jobs","Delivery Consultant, WWPS ProServe","team-pro-serv","","Arlington, VA","US (CONUS)","Full-time","","","","","https://www.amazon.jobs/en/jobs/10459794/delivery-consultant-wwps-proserve","cleared","top secret"
"Amazon Web Services (AWS)","Amazon Jobs","Data Center Technician, Data Center Operations","team-us-security-clearance-jobs-primary","","Aurora, CO","US (CONUS)","Full-time","","","","","https://www.amazon.jobs/en/jobs/10522831/data-center-technician-data-center-operations","cleared","ts/sci"
"Amazon Web Services (AWS)","Amazon Jobs","Network Infrastructure Engineer I, Amazon Dedicated Cloud (NIDD)","team-us-security-clearance-jobs-primary","","Broomfield, CO","US (CONUS)","Full-time","","","","","https://www.amazon.jobs/en/jobs/10507888/network-infrastructure-engineer-i-amazon-dedicated-cloud-nidd","cleared","ts/sci"
"Amazon Web Services (AWS)","Amazon Jobs","Network Infrastructure Engineer I, Amazon Dedicated Cloud (NIDD)","team-us-security-clearance-jobs-primary","","Broomfield, CO","US (CONUS)","Full-time","","","","","https://www.amazon.jobs/en/jobs/10467209/network-infrastructure-engineer-i-amazon-dedicated-cloud-nidd","cleared","ts/sci"
"Amazon Web Services (AWS)","Amazon Jobs","Network Infrastructure Engineer I, Amazon Dedicated Cloud (NIDD)","team-us-security-clearance-jobs-primary","","Broomfield, CO","US (CONUS)","Full-time","","","","","https://www.amazon.jobs/en/jobs/10507887/network-infrastructure-engineer-i-amazon-dedicated-cloud-nidd","cleared","ts/sci"
"Amazon Web Services (AWS)","Amazon Jobs","Sr. Delivery Consultant, National Security (NatSec) Professional Services (ProServe)","team-pro-serv","","Jessup, MD","US (CONUS)","Full-time","","","","","https://www.amazon.jobs/en/jobs/10471799/sr-delivery-consultant-national-security-natsec-professional-services-proserve","cleared","ts/sci"
"Amazon Web Services (AWS)","Amazon Jobs","Decom Tech, ADC InfraOps Decom","team-us-security-clearance-jobs-primary","","Alexandria, VA","US (CONUS)","Full-time","","","","","https://www.amazon.jobs/en/jobs/10471854/decom-tech-adc-infraops-decom","cleared","ts/sci"
"Amazon Web Services (AWS)","Amazon Jobs","ADC Engineer, Cryptography / Identity","team-government-cloud","","Bellevue, WA","US (CONUS)","Full-time","","","","","https://www.amazon.jobs/en/jobs/10466694/adc-engineer-cryptography-identity","cleared","ts/sci"
"Amazon Web Services (AWS)","Amazon Jobs","Property Manager, Global National Security Programs","team-us-security-clearance-jobs-primary","","Denver, CO","US (CONUS)","Full-time","","","","","https://www.amazon.jobs/en/jobs/10502581/property-manager-global-national-security-programs","cleared","ts/sci"
"Amazon Web Services (AWS)","Amazon Jobs","Network Infrastructure Engineer I, Amazon Dedicated Cloud (NIDD)","team-us-security-clearance-jobs-primary","","Broomfield, CO","US (CONUS)","Full-time","","","","","https://www.amazon.jobs/en/jobs/10507889/network-infrastructure-engineer-i-amazon-dedicated-cloud-nidd","cleared","ts/sci"
"Amazon Web Services (AWS)","Amazon Jobs","Network Infrastructure Engineer I, Amazon Dedicated Cloud (NIDD)","team-us-security-clearance-jobs-primary","","Broomfield, CO","US (CONUS)","Full-time","","","","","https://www.amazon.jobs/en/jobs/10467210/network-infrastructure-engineer-i-amazon-dedicated-cloud-nidd","cleared","ts/sci"
"Amazon Web Services (AWS)","Amazon Jobs","Systems Development Engineer - Identity, Identity ","team-us-security-clearance-jobs-primary","","Bellevue, WA","US (CONUS)","Full-time","","","","","https://www.amazon.jobs/en/jobs/10499143/systems-development-engineer-identity-identity","cleared","ts/sci"
"Amazon Web Services (AWS)","Amazon Jobs","Delivery Consultant, WWPS ProServe","team-pro-serv","","Arlington, VA","US (CONUS)","Full-time","","","","","https://www.amazon.jobs/en/jobs/10516772/delivery-consultant-wwps-proserve","cleared","ts/sci"
"Amazon Web Services (AWS)","Amazon Jobs","Solutions Architect, WWPS Global Defense Partners","team-public-sector","","Virtual Location - Connecticut, CT","US (CONUS)","Full-time","","","","","https://www.amazon.jobs/en/jobs/10452684/solutions-architect-wwps-global-defense-partners","cleared","top secret"
"Amazon Web Services (AWS)","Amazon Jobs","Sr. Technical Business Development Specialist HPC, US Federal & Public Sector, WWSO HPC Team","team-business-development-primary","","Arlington, VA","US (CONUS)","Full-time","","","","","https://www.amazon.jobs/en/jobs/10515900/sr-technical-business-development-specialist-hpc-us-federal-public-sector-wwso-hpc-team","cleared","top secret"
"Amazon Web Services (AWS)","Amazon Jobs","Data Center Technician, Data Center Operations","team-us-security-clearance-jobs-primary","","Aurora, CO","US (CONUS)","Full-time","","","","","https://www.amazon.jobs/en/jobs/10510191/data-center-technician-data-center-operations","cleared","ts/sci"
"Amazon Web Services (AWS)","Amazon Jobs","Network Infrastructure Engineer I, Amazon Dedicated Cloud (NIDD)","team-us-security-clearance-jobs-primary","","Broomfield, CO","US (CONUS)","Full-time","","","","","https://www.amazon.jobs/en/jobs/10507886/network-infrastructure-engineer-i-amazon-dedicated-cloud-nidd","cleared","ts/sci"
"Amazon Web Services (AWS)","Amazon Jobs","Solutions Architect - AWS WWPS DoW, US Navy Solutions Architecture","team-us-security-clearance-jobs-primary","","Arlington, VA","US (CONUS)","Full-time","","","","","https://www.amazon.jobs/en/jobs/10512094/solutions-architect-aws-wwps-dow-us-navy-solutions-architecture","cleared","top secret"
"Amazon Web Services (AWS)","Amazon Jobs","ADC Engineer, Identity","team-government-cloud","","Bellevue, WA","US (CONUS)","Full-time","","","","","https://www.amazon.jobs/en/jobs/10440079/adc-engineer-identity","cleared","ts/sci"
"Amazon Web Services (AWS)","Amazon Jobs","Delivery Consultant - DevOps, WWPS ProServe","team-pro-serv","","Herndon, VA","US (CONUS)","Full-time","","","","","https://www.amazon.jobs/en/jobs/10487134/delivery-consultant-devops-wwps-proserve","cleared","ts/sci"
"Amazon Web Services (AWS)","Amazon Jobs","Senior Engagement Manager, WWPS ProServe","team-pro-serv","","Herndon, VA","US (CONUS)","Full-time","","","","","https://www.amazon.jobs/en/jobs/10487661/senior-engagement-manager-wwps-proserve","cleared","ts/sci"
"Amazon Web Services (AWS)","Amazon Jobs","Delivery Consultant - DevOps, WWPS ProServe","team-pro-serv","","Denver, CO","US (CONUS)","Full-time","","","","","https://www.amazon.jobs/en/jobs/10514307/delivery-consultant-devops-wwps-proserve","cleared","ts/sci"
"Amazon Web Services (AWS)","Amazon Jobs","Senior Delivery Consultant – DevOps, WWPS ProServe","team-pro-serv","","Herndon, VA","US (CONUS)","Full-time","","","","","https://www.amazon.jobs/en/jobs/10509113/senior-delivery-consultant-devops-wwps-proserve","cleared","ts/sci"
"Amazon Web Services (AWS)","Amazon Jobs","Senior Technical Program Manager, Region Services","team-us-security-clearance-jobs-primary","","Arlington, VA","US (CONUS)","Full-time","","","","","https://www.amazon.jobs/en/jobs/10467996/senior-technical-program-manager-region-services","cleared","ts/sci"
"Amazon Web Services (AWS)","Amazon Jobs","Sr. ProServe Cloud Architect, NatSec ProServe","team-us-security-clearance-jobs-primary","","Arlington, VA","US (CONUS)","Full-time","","","","","https://www.amazon.jobs/en/jobs/10478642/sr-proserve-cloud-architect-natsec-proserve","cleared","ts/sci"
"Amazon Web Services (AWS)","Amazon Jobs","Engagement Manager, WWPS U.S. Federal ProServe","team-pro-serv","","Herndon, VA","US (CONUS)","Full-time","","","","","https://www.amazon.jobs/en/jobs/10476401/engagement-manager-wwps-u-s-federal-proserve","cleared","ts/sci"
"Amazon Web Services (AWS)","Amazon Jobs","Systems Development Engineer - Identity, Identity ","team-us-security-clearance-jobs-primary","","Bellevue, WA","US (CONUS)","Full-time","","","","","https://www.amazon.jobs/en/jobs/10470079/systems-development-engineer-identity-identity","cleared","ts/sci"
"Amazon Web Services (AWS)","Amazon Jobs","Software Engineer II, Analytics Amazon Dedicated Cloud (ADC)","team-government-cloud","","Denver, CO","US (CONUS)","Full-time","","","","","https://www.amazon.jobs/en/jobs/10415316/software-engineer-ii-analytics-amazon-dedicated-cloud-adc","cleared","ts/sci"
"Amazon Web Services (AWS)","Amazon Jobs","Systems Development Engineer, Platform Engineering & Emerging Technology","team-us-security-clearance-jobs-primary","","Seattle, WA","US (CONUS)","Full-time","","","","","https://www.amazon.jobs/en/jobs/10519866/systems-development-engineer-platform-engineering-emerging-technology","cleared","ts/sci"
"Amazon Web Services (AWS)","Amazon Jobs","Senior Delivery Consultant – DevOps, WWPS ProServe","team-pro-serv","","Herndon, VA","US (CONUS)","Full-time","","","","","https://www.amazon.jobs/en/jobs/10487672/senior-delivery-consultant-devops-wwps-proserve","cleared","ts/sci"
"Amazon Web Services (AWS)","Amazon Jobs","Network Infrastructure Engineer I, Amazon Dedicated Cloud (NIDD)","team-us-security-clearance-jobs-primary","","Broomfield, CO","US (CONUS)","Full-time","","","","","https://www.amazon.jobs/en/jobs/10467212/network-infrastructure-engineer-i-amazon-dedicated-cloud-nidd","cleared","ts/sci"
"Amazon Web Services (AWS)","Amazon Jobs","System Development Engineer II, Analytics Amazon Dedicated Cloud (ADC)","team-us-security-clearance-jobs-primary","","Denver, CO","US (CONUS)","Full-time","","","","","https://www.amazon.jobs/en/jobs/10413719/system-development-engineer-ii-analytics-amazon-dedicated-cloud-adc","cleared","ts/sci"
"Amazon Web Services (AWS)","Amazon Jobs","Engineering Operations Tech, Infraops AG","team-us-security-clearance-jobs-primary","","Alexandria, VA","US (CONUS)","Full-time","","","","","https://www.amazon.jobs/en/jobs/10474704/engineering-operations-tech-infraops-ag","cleared","ts/sci"
"Amazon Web Services (AWS)","Amazon Jobs","Senior Delivery Consultant - DevOps, WWPS ProServe","team-us-security-clearance-jobs-primary","","Arlington, VA","US (CONUS)","Full-time","","","","","https://www.amazon.jobs/en/jobs/10525050/senior-delivery-consultant-devops-wwps-proserve","cleared","ts/sci"
"Amazon Web Services (AWS)","Amazon Jobs","Systems Development Engineer, Platform Engineering & Emerging Technology","team-us-security-clearance-jobs-primary","","Seattle, WA","US (CONUS)","Full-time","","","","","https://www.amazon.jobs/en/jobs/10519867/systems-development-engineer-platform-engineering-emerging-technology","cleared","ts/sci"
"Amazon Web Services (AWS)","Amazon Jobs","Global DefenseTechs, Sr. AE, Worldwide Public Sector ISVs","team-public-sector","","Arlington, VA","US (CONUS)","Full-time","","","","","https://www.amazon.jobs/en/jobs/10457225/global-defensetechs-sr-ae-worldwide-public-sector-isvs","cleared","ts/sci"
"Amazon Web Services (AWS)","Amazon Jobs","Business Contracts Manager, WWPS, US Federal Contracts","team-us-security-clearance-jobs-primary","","Arlington, VA","US (CONUS)","Full-time","","","","","https://www.amazon.jobs/en/jobs/10483855/business-contracts-manager-wwps-us-federal-contracts","cleared","security clearance"
"Amazon Web Services (AWS)","Amazon Jobs","Sr. Delivery Consultant, WWPS ProServe","team-pro-serv","","Jessup, MD","US (CONUS)","Full-time","","","","","https://www.amazon.jobs/en/jobs/10471796/sr-delivery-consultant-wwps-proserve","cleared","ts/sci"
"Amazon Web Services (AWS)","Amazon Jobs","Software Development Engineer, AWS Database Services","team-us-security-clearance-jobs-primary","","Herndon, VA","US (CONUS)","Full-time","","","","","https://www.amazon.jobs/en/jobs/10481518/software-development-engineer-aws-database-services","cleared","ts/sci"
"Amazon Web Services (AWS)","Amazon Jobs","Delivery Consultant - DevOps, WWPS ProServe","team-pro-serv","","Herndon, VA","US (CONUS)","Full-time","","","","","https://www.amazon.jobs/en/jobs/10525054/delivery-consultant-devops-wwps-proserve","cleared","ts/sci"
"Amazon Web Services (AWS)","Amazon Jobs","Cleared Engineering Operations Technician, ADC InfraOps DCEO","team-us-security-clearance-jobs-primary","","Hilliard, OH","US (CONUS)","Full-time","","","","","https://www.amazon.jobs/en/jobs/10437599/cleared-engineering-operations-technician-adc-infraops-dceo","cleared","top secret"
"Amazon Web Services (AWS)","Amazon Jobs","Systems Development Engineer II, US Amazon Dedicated Cloud Security Engineering","team-us-security-clearance-jobs-primary","","Herndon, VA","US (CONUS)","Full-time","","","","","https://www.amazon.jobs/en/jobs/10463107/systems-development-engineer-ii-us-amazon-dedicated-cloud-security-engineering","cleared","ts/sci"
"Amazon Web Services (AWS)","Amazon Jobs","Sr. Cloud Solutions Consultant, WWPS Professional Services","team-pro-serv","","Arlington, VA","US (CONUS)","Full-time","","","","","https://www.amazon.jobs/en/jobs/10419207/sr-cloud-solutions-consultant-wwps-professional-services","cleared","top secret"
"Amazon Web Services (AWS)","Amazon Jobs","Senior Delivery Consultant – Emerging Tech, WWPS ProServe","team-us-security-clearance-jobs-primary","","Arlington, VA","US (CONUS)","Full-time","","","","","https://www.amazon.jobs/en/jobs/10525059/senior-delivery-consultant-emerging-tech-wwps-proserve","cleared","ts/sci"
"Amazon Web Services (AWS)","Amazon Jobs","Senior Engagement Manager, WWPS ProServe","team-pro-serv","","Herndon, VA","US (CONUS)","Full-time","","","","","https://www.amazon.jobs/en/jobs/10487660/senior-engagement-manager-wwps-proserve","cleared","ts/sci"
"Amazon Web Services (AWS)","Amazon Jobs","Data Center Technician, Infraops AG","team-us-security-clearance-jobs-primary","","Aurora, CO","US (CONUS)","Full-time","","","","","https://www.amazon.jobs/en/jobs/10503583/data-center-technician-infraops-ag","cleared","ts/sci"
"Amazon Web Services (AWS)","Amazon Jobs","Delivery Consultant - DevOps, WWPS ProServe","team-pro-serv","","Herndon, VA","US (CONUS)","Full-time","","","","","https://www.amazon.jobs/en/jobs/10509115/delivery-consultant-devops-wwps-proserve","cleared","ts/sci"
"Amazon Web Services (AWS)","Amazon Jobs","System Development Engineer II, NW ADC Software Operations - NASO","team-us-security-clearance-jobs-primary","","Seattle, WA","US (CONUS)","Full-time","","","","","https://www.amazon.jobs/en/jobs/10481533/system-development-engineer-ii-nw-adc-software-operations-naso","cleared","ts/sci"
"Amazon Web Services (AWS)","Amazon Jobs","Systems Development Engineer II, Bespoke Solutions","team-us-security-clearance-jobs-primary","","Herndon, VA","US (CONUS)","Full-time","","","","","https://www.amazon.jobs/en/jobs/10482739/systems-development-engineer-ii-bespoke-solutions","cleared","ts/sci"
"Amazon Web Services (AWS)","Amazon Jobs","Senior Software Dev Engineer (UM), Bespoke Solutions ","team-us-security-clearance-jobs-primary","","Herndon, VA","US (CONUS)","Full-time","","","","","https://www.amazon.jobs/en/jobs/10482747/senior-software-dev-engineer-um-bespoke-solutions","cleared","ts/sci"
"Amazon Web Services (AWS)","Amazon Jobs","Engineering Operations Tech, DCEO Engr","team-us-security-clearance-jobs-primary","","Manassas, VA","US (CONUS)","Full-time","","","","","https://www.amazon.jobs/en/jobs/10521829/engineering-operations-tech-dceo-engr","cleared","ts/sci"
"Amazon Web Services (AWS)","Amazon Jobs","Senior Delivery Consultant – DevOps, WWPS ProServe","team-pro-serv","","Herndon, VA","US (CONUS)","Full-time","","","","","https://www.amazon.jobs/en/jobs/10487677/senior-delivery-consultant-devops-wwps-proserve","cleared","ts/sci"
"Amazon Web Services (AWS)","Amazon Jobs","Systems Development Engineer, Files, Edge, and Data Streams (FEDS)","team-us-security-clearance-jobs-primary","","Denver, CO","US (CONUS)","Full-time","","","","","https://www.amazon.jobs/en/jobs/10455536/systems-development-engineer-files-edge-and-data-streams-feds","cleared","ts/sci"
"Amazon Web Services (AWS)","Amazon Jobs","Senior Delivery Consultant – Emerging Tech, WWPS ProServe","team-pro-serv","","Denver, CO","US (CONUS)","Full-time","","","","","https://www.amazon.jobs/en/jobs/10509114/senior-delivery-consultant-emerging-tech-wwps-proserve","cleared","ts/sci"
"Amazon Web Services (AWS)","Amazon Jobs","Windows Systems Engineer, RSCI Collaborative Services","team-us-security-clearance-jobs-primary","","Herndon, VA","US (CONUS)","Full-time","","","","","https://www.amazon.jobs/en/jobs/10452970/windows-systems-engineer-rsci-collaborative-services","cleared","ts/sci"
"Amazon Web Services (AWS)","Amazon Jobs","Systems Development Engineer II, US Amazon Dedicated Cloud Security Engineering","team-us-security-clearance-jobs-primary","","Herndon, VA","US (CONUS)","Full-time","","","","","https://www.amazon.jobs/en/jobs/10463105/systems-development-engineer-ii-us-amazon-dedicated-cloud-security-engineering","cleared","ts/sci"
"Amazon Web Services (AWS)","Amazon Jobs","ADC Engineer I, Non-Relational Database Services, DBS Non Relational","team-us-security-clearance-jobs-primary","","Denver, CO","US (CONUS)","Full-time","","","","","https://www.amazon.jobs/en/jobs/10466702/adc-engineer-i-non-relational-database-services-dbs-non-relational","cleared","ts/sci"
"Amazon Web Services (AWS)","Amazon Jobs","Data Center Technician, Infraops AG","team-us-security-clearance-jobs-primary","","Aurora, CO","US (CONUS)","Full-time","","","","","https://www.amazon.jobs/en/jobs/10503566/data-center-technician-infraops-ag","cleared","ts/sci"
"Amazon Web Services (AWS)","Amazon Jobs","Chief Engineer, Data Center Engg Ops","team-us-security-clearance-jobs-primary","","Stafford, VA","US (CONUS)","Full-time","","","","","https://www.amazon.jobs/en/jobs/10394092/chief-engineer-data-center-engg-ops","cleared","ts/sci"
"Amazon Web Services (AWS)","Amazon Jobs","Engagement Manager, WWPS U.S. Federal ProServe","team-pro-serv","","Herndon, VA","US (CONUS)","Full-time","","","","","https://www.amazon.jobs/en/jobs/10484912/engagement-manager-wwps-u-s-federal-proserve","cleared","ts/sci"
"Amazon Web Services (AWS)","Amazon Jobs","Senior Engagement Manager, WWPS ProServe","team-pro-serv","","Herndon, VA","US (CONUS)","Full-time","","","","","https://www.amazon.jobs/en/jobs/10487663/senior-engagement-manager-wwps-proserve","cleared","ts/sci"
"Amazon Web Services (AWS)","Amazon Jobs","Senior Delivery Consultant – Security, WWPS ProServe","team-pro-serv","","Herndon, VA","US (CONUS)","Full-time","","","","","https://www.amazon.jobs/en/jobs/10487675/senior-delivery-consultant-security-wwps-proserve","cleared","ts/sci"
"Amazon Web Services (AWS)","Amazon Jobs","Sr. Engagement Manager, WWPS ProServe","team-pro-serv","","Arlington, VA","US (CONUS)","Full-time","","","","","https://www.amazon.jobs/en/jobs/10493719/sr-engagement-manager-wwps-proserve","cleared","ts/sci"
"Amazon Web Services (AWS)","Amazon Jobs","Delivery Consultant, WWPS ProServe","team-pro-serv","","Arlington, VA","US (CONUS)","Full-time","","","","","https://www.amazon.jobs/en/jobs/10459796/delivery-consultant-wwps-proserve","cleared","top secret"
"Amazon Web Services (AWS)","Amazon Jobs","Senior Technical Program Manager, Region Services","team-us-security-clearance-jobs-primary","","Arlington, VA","US (CONUS)","Full-time","","","","","https://www.amazon.jobs/en/jobs/10467999/senior-technical-program-manager-region-services","cleared","ts/sci"
"Amazon Web Services (AWS)","Amazon Jobs","Systems Development Engineer - Identity, Cryptography and Identity Management","team-us-security-clearance-jobs-primary","","Seattle, WA","US (CONUS)","Full-time","","","","","https://www.amazon.jobs/en/jobs/10440082/systems-development-engineer-identity-cryptography-and-identity-management","cleared","ts/sci"
"Amazon Web Services (AWS)","Amazon Jobs","InfraDelivery Technician","team-us-security-clearance-jobs-primary","","Fredericksburg, VA","US (CONUS)","Full-time","","","","","https://www.amazon.jobs/en/jobs/10488331/infradelivery-technician","cleared","ts/sci"
"Amazon Web Services (AWS)","Amazon Jobs","Engineering Operations Tech, DCEO Engr","team-us-security-clearance-jobs-primary","","Fairfax, VA","US (CONUS)","Full-time","","","","","https://www.amazon.jobs/en/jobs/10466942/engineering-operations-tech-dceo-engr","cleared","ts/sci"
"Amazon Web Services (AWS)","Amazon Jobs","Systems Development Engineer I","team-us-security-clearance-jobs-primary","","Arlington, VA","US (CONUS)","Full-time","","","","","https://www.amazon.jobs/en/jobs/10499141/systems-development-engineer-i","cleared","ts/sci"
"Amazon Web Services (AWS)","Amazon Jobs","Senior Delivery Consultant – DevOps, WWPS ProServe","team-pro-serv","","Herndon, VA","US (CONUS)","Full-time","","","","","https://www.amazon.jobs/en/jobs/10509112/senior-delivery-consultant-devops-wwps-proserve","cleared","ts/sci"
"Amazon Web Services (AWS)","Amazon Jobs","Sr. Delivery Consultant, WWPS ProServe","team-pro-serv","","Jessup, MD","US (CONUS)","Full-time","","","","","https://www.amazon.jobs/en/jobs/10503730/sr-delivery-consultant-wwps-proserve","cleared","ts/sci"
"Amazon Web Services (AWS)","Amazon Jobs","Network Deployment Engineer, Amazon Dedicated Cloud (NIDD)","team-us-security-clearance-jobs-primary","","Culpeper, VA","US (CONUS)","Full-time","","","","","https://www.amazon.jobs/en/jobs/10490620/network-deployment-engineer-amazon-dedicated-cloud-nidd","cleared","ts/sci"
"Amazon Web Services (AWS)","Amazon Jobs","Sr. Delivery Consultant, WWPS ProServe US Federal Civilian - DOE","team-pro-serv","","San Francisco, CA","US (CONUS)","Full-time","","","","","https://www.amazon.jobs/en/jobs/10442960/sr-delivery-consultant-wwps-proserve-us-federal-civilian-doe","cleared","ts/sci"
"Amazon Web Services (AWS)","Amazon Jobs","Sr. Delivery Consultant, WWPS ProServe US Federal Civilian - DOE","team-pro-serv","","San Francisco, CA","US (CONUS)","Full-time","","","","","https://www.amazon.jobs/en/jobs/10425184/sr-delivery-consultant-wwps-proserve-us-federal-civilian-doe","cleared","ts/sci"
"Amazon Web Services (AWS)","Amazon Jobs","Software Development Engineer, Bespoke Solutions; ADC Hardware & Software Team","team-us-security-clearance-jobs-primary","","Denver, CO","US (CONUS)","Full-time","","","","","https://www.amazon.jobs/en/jobs/10440059/software-development-engineer-bespoke-solutions-adc-hardware-software-team","cleared","ts/sci"
"Amazon Web Services (AWS)","Amazon Jobs","Chief Engineer, Data Center Eng Ops","team-us-security-clearance-jobs-primary","","Plain City, OH","US (CONUS)","Full-time","","","","","https://www.amazon.jobs/en/jobs/10511921/chief-engineer-data-center-eng-ops","cleared","top secret"
"Amazon Web Services (AWS)","Amazon Jobs","Network Deployment Engineer, Amazon Dedicated Cloud (NIDD)","team-us-security-clearance-jobs-primary","","Culpeper, VA","US (CONUS)","Full-time","","","","","https://www.amazon.jobs/en/jobs/10490600/network-deployment-engineer-amazon-dedicated-cloud-nidd","cleared","ts/sci"
"Amazon Web Services (AWS)","Amazon Jobs","Cleared Engineering Operations Technician, Data Center Engineering Operations","team-us-security-clearance-jobs-primary","","New Albany, OH","US (CONUS)","Full-time","","","","","https://www.amazon.jobs/en/jobs/10524353/cleared-engineering-operations-technician-data-center-engineering-operations","cleared","top secret"
"Amazon Web Services (AWS)","Amazon Jobs","Systems Development Engineer, AI/ML Amazon Dedicated Cloud","team-government-cloud","","Jessup, MD","US (CONUS)","Full-time","","","","","https://www.amazon.jobs/en/jobs/10452965/systems-development-engineer-ai-ml-amazon-dedicated-cloud","cleared","ts/sci"
"Amazon Web Services (AWS)","Amazon Jobs","Logistics Cluster Manager, ADC InfraOps Logistics","team-us-security-clearance-jobs-primary","","Culpeper, VA","US (CONUS)","Full-time","","","","","https://www.amazon.jobs/en/jobs/10510030/logistics-cluster-manager-adc-infraops-logistics","cleared","ts/sci"
"Amazon Web Services (AWS)","Amazon Jobs","Delivery Consultant- AI/ML, Data & Machine Learning (DML)","team-pro-serv","","Arlington, VA","US (CONUS)","Full-time","","","","","https://www.amazon.jobs/en/jobs/10471793/delivery-consultant-ai-ml-data-machine-learning-dml","cleared","ts/sci"
"Amazon Web Services (AWS)","Amazon Jobs","Sr. Delivery Consultant - Application Modernization, WWPS ProServe","team-pro-serv","","Herndon, VA","US (CONUS)","Full-time","","","","","https://www.amazon.jobs/en/jobs/10478071/sr-delivery-consultant-application-modernization-wwps-proserve","cleared","ts/sci"
"Amazon Web Services (AWS)","Amazon Jobs","Senior Delivery Consultant, WWPS ProServe","team-pro-serv","","Herndon, VA","US (CONUS)","Full-time","","","","","https://www.amazon.jobs/en/jobs/10478074/senior-delivery-consultant-wwps-proserve","cleared","ts/sci"
"Amazon Web Services (AWS)","Amazon Jobs","Software Engineer II, Analytics Amazon Dedicated Cloud (ADC)","team-government-cloud","","Denver, CO","US (CONUS)","Full-time","","","","","https://www.amazon.jobs/en/jobs/10399725/software-engineer-ii-analytics-amazon-dedicated-cloud-adc","cleared","ts/sci"
"Amazon Web Services (AWS)","Amazon Jobs","Director, Amazon Dedicated Cloud Data Center Operations","team-aws-cloud-management","","Washington Dc, DC","US (CONUS)","Full-time","","","","","https://www.amazon.jobs/en/jobs/10493725/director-amazon-dedicated-cloud-data-center-operations","cleared","ts/sci"
"Amazon Web Services (AWS)","Amazon Jobs","Software Development Engineer, AWS Database Services","team-us-security-clearance-jobs-primary","","Herndon, VA","US (CONUS)","Full-time","","","","","https://www.amazon.jobs/en/jobs/10465174/software-development-engineer-aws-database-services","cleared","ts/sci"
"Amazon Web Services (AWS)","Amazon Jobs","InfraDelivery Technician","team-support-engineer-primary","","Stafford, VA","US (CONUS)","Full-time","","","","","https://www.amazon.jobs/en/jobs/10390914/infradelivery-technician","cleared","ts/sci"
"Amazon Web Services (AWS)","Amazon Jobs","System Development Engineer, NW ADC Software Operations - NASO","team-us-security-clearance-jobs-primary","","Seattle, WA","US (CONUS)","Full-time","","","","","https://www.amazon.jobs/en/jobs/10466275/system-development-engineer-nw-adc-software-operations-naso","cleared","ts/sci"
"Amazon Web Services (AWS)","Amazon Jobs","Program Integration Manager, Global National Security Programs","team-us-security-clearance-jobs-primary","","Herndon, VA","US (CONUS)","Full-time","","","","","https://www.amazon.jobs/en/jobs/10502580/program-integration-manager-global-national-security-programs","cleared","ts/sci"
"Amazon Web Services (AWS)","Amazon Jobs","Property Manager, Global National Security Programs","team-us-security-clearance-jobs-primary","","Denver, CO","US (CONUS)","Full-time","","","","","https://www.amazon.jobs/en/jobs/10502583/property-manager-global-national-security-programs","cleared","ts/sci"
"Amazon Web Services (AWS)","Amazon Jobs","Delivery Consultant - Application Architecture, WWPS ProServe","team-pro-serv","","Herndon, VA","US (CONUS)","Full-time","","","","","https://www.amazon.jobs/en/jobs/10478069/delivery-consultant-application-architecture-wwps-proserve","cleared","ts/sci"
"Amazon Web Services (AWS)","Amazon Jobs","Sr. Software Development Engineer, US Amazon Dedicated Cloud Security","team-us-security-clearance-jobs-primary","","Herndon, VA","US (CONUS)","Full-time","","","","","https://www.amazon.jobs/en/jobs/10510026/sr-software-development-engineer-us-amazon-dedicated-cloud-security","cleared","ts/sci"
"Amazon Web Services (AWS)","Amazon Jobs","ADC Engineer, Aurora Storage and Platform (RDS)","team-government-cloud","","Denver, CO","US (CONUS)","Full-time","","","","","https://www.amazon.jobs/en/jobs/10526559/adc-engineer-aurora-storage-and-platform-rds","cleared","ts/sci"
"Amazon Web Services (AWS)","Amazon Jobs","Software Development Engineer II, Platform Engineering and Emerging Technologies","team-us-security-clearance-jobs-primary","","Seattle, WA","US (CONUS)","Full-time","","","","","https://www.amazon.jobs/en/jobs/10526459/software-development-engineer-ii-platform-engineering-and-emerging-technologies","cleared","ts/sci"
"Amazon Web Services (AWS)","Amazon Jobs","Systems Development Engineer, EC2","team-us-security-clearance-jobs-primary","","Herndon, VA","US (CONUS)","Full-time","","","","","https://www.amazon.jobs/en/jobs/10519869/systems-development-engineer-ec2","cleared","ts/sci"
"Amazon Web Services (AWS)","Amazon Jobs","Software Development Engineer II, Platform Engineering and Emerging Technologies","team-us-security-clearance-jobs-primary","","Seattle, WA","US (CONUS)","Full-time","","","","","https://www.amazon.jobs/en/jobs/10499144/software-development-engineer-ii-platform-engineering-and-emerging-technologies","cleared","ts/sci"
"Amazon Web Services (AWS)","Amazon Jobs","Sr. Delivery Consultant, WWPS Professional Services","team-pro-serv","","Arlington, VA","US (CONUS)","Full-time","","","","","https://www.amazon.jobs/en/jobs/3179976/sr-delivery-consultant-wwps-professional-services","cleared","top secret"
"Amazon Web Services (AWS)","Amazon Jobs","Senior Delivery Consultant, WWPS ProServe","team-pro-serv","","Herndon, VA","US (CONUS)","Full-time","","","","","https://www.amazon.jobs/en/jobs/10478075/senior-delivery-consultant-wwps-proserve","cleared","ts/sci"
"Amazon Web Services (AWS)","Amazon Jobs","Delivery Consultant- Data, WWPS ProServe Data and Machine Learning","team-pro-serv","","Arlington, VA","US (CONUS)","Full-time","","","","","https://www.amazon.jobs/en/jobs/10461958/delivery-consultant-data-wwps-proserve-data-and-machine-learning","cleared","top secret"
"Amazon Web Services (AWS)","Amazon Jobs","Delivery Consultant- Data, WWPS ProServe Data and Machine Learning","team-pro-serv","","Arlington, VA","US (CONUS)","Full-time","","","","","https://www.amazon.jobs/en/jobs/10460359/delivery-consultant-data-wwps-proserve-data-and-machine-learning","cleared","top secret"
"Amazon Web Services (AWS)","Amazon Jobs","Strategic Pursuits Task Order Bid Manager - AWS US Department of War Markets, US Strategic Pursuit Team","team-us-security-clearance-jobs-primary","","Arlington, VA","US (CONUS)","Full-time","","","","","https://www.amazon.jobs/en/jobs/10443339/strategic-pursuits-task-order-bid-manager-aws-us-department-of-war-markets-us-strategic-pursuit-team","cleared","top secret"
"Amazon Web Services (AWS)","Amazon Jobs","Delivery Consultant - Application Architecture, WWPS ProServe","team-pro-serv","","Herndon, VA","US (CONUS)","Full-time","","","","","https://www.amazon.jobs/en/jobs/10478068/delivery-consultant-application-architecture-wwps-proserve","cleared","ts/sci"
"Amazon Web Services (AWS)","Amazon Jobs","Systems Development Manager, ADC Non-Relational and Emerging Database Services","team-us-security-clearance-jobs-primary","","Jessup, MD","US (CONUS)","Full-time","","","","","https://www.amazon.jobs/en/jobs/3111337/systems-development-manager-adc-non-relational-and-emerging-database-services","cleared","ts/sci"
"Amazon Web Services (AWS)","Amazon Jobs","System Development Engineer, ADC - RAPP (Route 53 and Perimeter Protection)","team-us-security-clearance-jobs-primary","","Denver, CO","US (CONUS)","Full-time","","","","","https://www.amazon.jobs/en/jobs/10428255/system-development-engineer-adc-rapp-route-53-and-perimeter-protection","cleared","ts/sci"
"Amazon Web Services (AWS)","Amazon Jobs","System Development Engineer II, Platform Engineering and Emerging Technologies","team-us-security-clearance-jobs-primary","","Herndon, VA","US (CONUS)","Full-time","","","","","https://www.amazon.jobs/en/jobs/10413721/system-development-engineer-ii-platform-engineering-and-emerging-technologies","cleared","ts/sci"
"Amazon Web Services (AWS)","Amazon Jobs","Network Infrastructure Engineer  I , Amazon Dedicated Cloud (NIDD)","team-us-security-clearance-jobs-primary","","Jessup, MD","US (CONUS)","Full-time","","","","","https://www.amazon.jobs/en/jobs/3082086/network-infrastructure-engineer-i-amazon-dedicated-cloud-nidd","cleared","ts/sci"
"Amazon Web Services (AWS)","Amazon Jobs","Infra Delivery Install Technician","team-us-security-clearance-jobs-primary","","Stafford, VA","US (CONUS)","Full-time","","","","","https://www.amazon.jobs/en/jobs/10385588/infra-delivery-install-technician","cleared","ts/sci"
"Amazon Web Services (AWS)","Amazon Jobs","Senior Solutions Architect, National Security Solutions Architecture Team","team-us-security-clearance-jobs-primary","","Jessup, MD","US (CONUS)","Full-time","","","","","https://www.amazon.jobs/en/jobs/10516762/senior-solutions-architect-national-security-solutions-architecture-team","cleared","ts/sci"
"Amazon Web Services (AWS)","Amazon Jobs","Personnel Security Specialist, US Amazon Dedicated Cloud Security","team-us-security-clearance-jobs-primary","","Jessup, MD","US (CONUS)","Full-time","","","","","https://www.amazon.jobs/en/jobs/10498427/personnel-security-specialist-us-amazon-dedicated-cloud-security","cleared","ts/sci"
"Amazon Web Services (AWS)","Amazon Jobs","Engineering Operations Tech, Infraops AG","team-us-security-clearance-jobs-primary","","Alexandria, VA","US (CONUS)","Full-time","","","","","https://www.amazon.jobs/en/jobs/10471099/engineering-operations-tech-infraops-ag","cleared","ts/sci"
"Amazon Web Services (AWS)","Amazon Jobs","InfraDelivery Technician","team-support-engineer-primary","","Fredericksburg, VA","US (CONUS)","Full-time","","","","","https://www.amazon.jobs/en/jobs/10390920/infradelivery-technician","cleared","ts/sci"
"Amazon Web Services (AWS)","Amazon Jobs","Decom Manager, Data Center Operations","team-us-security-clearance-jobs-primary","","Aurora, CO","US (CONUS)","Full-time","","","","","https://www.amazon.jobs/en/jobs/10508163/decom-manager-data-center-operations","cleared","ts/sci"
"Amazon Web Services (AWS)","Amazon Jobs","Amazon Dedicated Cloud Engineer, Region Reliability Engineering","team-us-security-clearance-jobs-primary","","Denver, CO","US (CONUS)","Full-time","","","","","https://www.amazon.jobs/en/jobs/10481512/amazon-dedicated-cloud-engineer-region-reliability-engineering","cleared","ts/sci"
"Amazon Web Services (AWS)","Amazon Jobs","Delivery Consultant- AI/ML, Data & Machine Learning (DML)","team-pro-serv","","Arlington, VA","US (CONUS)","Full-time","","","","","https://www.amazon.jobs/en/jobs/10471792/delivery-consultant-ai-ml-data-machine-learning-dml","cleared","ts/sci"
"Amazon Web Services (AWS)","Amazon Jobs","InfraDelivery Technician","team-support-engineer-primary","","Fredericksburg, VA","US (CONUS)","Full-time","","","","","https://www.amazon.jobs/en/jobs/10392728/infradelivery-technician","cleared","ts/sci"
"Amazon Web Services (AWS)","Amazon Jobs","Sr. Proposal Writer, Technical, US Strategic Pursuits","team-us-security-clearance-jobs-primary","","Arlington, VA","US (CONUS)","Full-time","","","","","https://www.amazon.jobs/en/jobs/10464582/sr-proposal-writer-technical-us-strategic-pursuits","cleared","ts/sci"
"Amazon Web Services (AWS)","Amazon Jobs","Solutions Architect, National Security Solutions Architecture Team","team-us-security-clearance-jobs-primary","","Herndon, VA","US (CONUS)","Full-time","","","","","https://www.amazon.jobs/en/jobs/10416006/solutions-architect-national-security-solutions-architecture-team","cleared","top secret"
"Amazon Web Services (AWS)","Amazon Jobs","Sr. Systems Development Engineer , US Amazon Dedicated Cloud Security","team-us-security-clearance-jobs-primary","","Herndon, VA","US (CONUS)","Full-time","","","","","https://www.amazon.jobs/en/jobs/10452843/sr-systems-development-engineer-us-amazon-dedicated-cloud-security","cleared","ts/sci"
"Amazon Web Services (AWS)","Amazon Jobs","Data Center Technician, ADC InfraOps DCO","team-us-security-clearance-jobs-primary","","Aurora, CO","US (CONUS)","Full-time","","","","","https://www.amazon.jobs/en/jobs/10503565/data-center-technician-adc-infraops-dco","cleared","ts/sci"
"Amazon Web Services (AWS)","Amazon Jobs","Systems Development Engineer, US ADC DBS Non Relational","team-us-security-clearance-jobs-primary","","Jessup, MD","US (CONUS)","Full-time","","","","","https://www.amazon.jobs/en/jobs/10457750/systems-development-engineer-us-adc-dbs-non-relational","cleared","ts/sci"
"Amazon Web Services (AWS)","Amazon Jobs","Delivery Consultant- AI/ML, WWPS ProServe Delivery Team","team-pro-serv","","Arlington, VA","US (CONUS)","Full-time","","","","","https://www.amazon.jobs/en/jobs/10495923/delivery-consultant-ai-ml-wwps-proserve-delivery-team","cleared","ts/sci"
"Amazon Web Services (AWS)","Amazon Jobs","Senior Engagement Manager, Worldwide Public Sector Professional Services, FedCiv","team-pro-serv","","San Francisco, CA","US (CONUS)","Full-time","","","","","https://www.amazon.jobs/en/jobs/10481624/senior-engagement-manager-worldwide-public-sector-professional-services-fedciv","cleared","ts/sci"
"Amazon Web Services (AWS)","Amazon Jobs","Sr. Delivery Consultant, WWPS ProServe","team-pro-serv","","Jessup, MD","US (CONUS)","Full-time","","","","","https://www.amazon.jobs/en/jobs/3180973/sr-delivery-consultant-wwps-proserve","cleared","ts/sci"
"Amazon Web Services (AWS)","Amazon Jobs","Delivery Consultant - DevOps, WWPS ProServe","team-pro-serv","","Herndon, VA","US (CONUS)","Full-time","","","","","https://www.amazon.jobs/en/jobs/10525042/delivery-consultant-devops-wwps-proserve","cleared","ts/sci"
"Amazon Web Services (AWS)","Amazon Jobs","Program Execution Manager, Global National Security Programs","team-us-security-clearance-jobs-primary","","Herndon, VA","US (CONUS)","Full-time","","","","","https://www.amazon.jobs/en/jobs/10502579/program-execution-manager-global-national-security-programs","cleared","ts/sci"
"Amazon Web Services (AWS)","Amazon Jobs","AI Technical Sales - Account Manager, DoW","team-us-security-clearance-jobs-primary","","Arlington, VA","US (CONUS)","Full-time","","","","","https://www.amazon.jobs/en/jobs/10503527/ai-technical-sales-account-manager-dow","cleared","ts/sci"
"Amazon Web Services (AWS)","Amazon Jobs","Senior Solutions Architect - AWS WWPS DOD - Air Force, WWPS SOLUTIONS ARCHITECTS","team-us-security-clearance-jobs-primary","","Arlington, VA","US (CONUS)","Full-time","","","","","https://www.amazon.jobs/en/jobs/10410324/senior-solutions-architect-aws-wwps-dod-air-force-wwps-solutions-architects","cleared","top secret"
"Amazon Web Services (AWS)","Amazon Jobs","Systems Development Engineer I, AWS Commerce Platform-ADC","team-us-security-clearance-jobs-primary","","Denver, CO","US (CONUS)","Full-time","","","","","https://www.amazon.jobs/en/jobs/10499165/systems-development-engineer-i-aws-commerce-platform-adc","cleared","ts/sci"
"Amazon Web Services (AWS)","Amazon Jobs","Engagement Manager, WWPS ProServe DoD Delivery Team","team-pro-serv","","Jessup, MD","US (CONUS)","Full-time","","","","","https://www.amazon.jobs/en/jobs/10522133/engagement-manager-wwps-proserve-dod-delivery-team","cleared","ts/sci"
"Amazon Web Services (AWS)","Amazon Jobs","Senior Manager, Enterprise Support, Department of Defense","team-solutions-architect-primary","","Arlington, VA","US (CONUS)","Full-time","","","","","https://www.amazon.jobs/en/jobs/10519666/senior-manager-enterprise-support-department-of-defense","cleared","top secret"
"Amazon Web Services (AWS)","Amazon Jobs","Delivery Consultant, WWPS ProServe","team-us-security-clearance-jobs-primary","","Denver, CO","US (CONUS)","Full-time","","","","","https://www.amazon.jobs/en/jobs/10525060/delivery-consultant-wwps-proserve","cleared","ts/sci"
"Amazon Web Services (AWS)","Amazon Jobs","Senior Solutions Architect, AWS Aerospace & Satellite","team-us-security-clearance-jobs-primary","","Arlington, VA","US (CONUS)","Full-time","","","","","https://www.amazon.jobs/en/jobs/10482799/senior-solutions-architect-aws-aerospace-satellite","cleared","ts/sci"
"Amazon Web Services (AWS)","Amazon Jobs","Software Development Engineer, US Amazon Dedicated Cloud Security","team-us-security-clearance-jobs-primary","","Herndon, VA","US (CONUS)","Full-time","","","","","https://www.amazon.jobs/en/jobs/10511478/software-development-engineer-us-amazon-dedicated-cloud-security","cleared","top secret"
"Amazon Web Services (AWS)","Amazon Jobs","Windows Client Engineer, Region Services Corporate Infrastructure (RSCI) - VECTOR Team","team-us-security-clearance-jobs-primary","","Herndon, VA","US (CONUS)","Full-time","","","","","https://www.amazon.jobs/en/jobs/10499151/windows-client-engineer-region-services-corporate-infrastructure-rsci-vector-team","cleared","ts/sci"
"Amazon Web Services (AWS)","Amazon Jobs","Systems Development Engineer, Cryptography and Identity Management","team-us-security-clearance-jobs-primary","","Seattle, WA","US (CONUS)","Full-time","","","","","https://www.amazon.jobs/en/jobs/10517949/systems-development-engineer-cryptography-and-identity-management","cleared","ts/sci"
"Amazon Web Services (AWS)","Amazon Jobs","Delivery Consultant- AI/ML, WWPS ProServe Delivery Team","team-pro-serv","","Arlington, VA","US (CONUS)","Full-time","","","","","https://www.amazon.jobs/en/jobs/10495920/delivery-consultant-ai-ml-wwps-proserve-delivery-team","cleared","ts/sci"
"Amazon Web Services (AWS)","Amazon Jobs","Sr. Delivery Consultant, National Security (NatSec) Professional Services (ProServe)","team-pro-serv","","Jessup, MD","US (CONUS)","Full-time","","","","","https://www.amazon.jobs/en/jobs/10437275/sr-delivery-consultant-national-security-natsec-professional-services-proserve","cleared","ts/sci"
"Amazon Web Services (AWS)","Amazon Jobs","Systems Development Engineer, AI/ML Amazon Dedicated Cloud","team-government-cloud","","Herndon, VA","US (CONUS)","Full-time","","","","","https://www.amazon.jobs/en/jobs/10466682/systems-development-engineer-ai-ml-amazon-dedicated-cloud","cleared","ts/sci"
"Amazon Web Services (AWS)","Amazon Jobs","Delivery Practice Manager, WWPS ProServe","team-pro-serv","","Jessup, MD","US (CONUS)","Full-time","","","","","https://www.amazon.jobs/en/jobs/10503729/delivery-practice-manager-wwps-proserve","cleared","ts/sci"
"Amazon Web Services (AWS)","Amazon Jobs","Delivery Consultant- AI/ML, WWPS ProServe Delivery Team","team-pro-serv","","Arlington, VA","US (CONUS)","Full-time","","","","","https://www.amazon.jobs/en/jobs/10461870/delivery-consultant-ai-ml-wwps-proserve-delivery-team","cleared","ts/sci"
"Amazon Web Services (AWS)","Amazon Jobs","Sr. Delivery Consultant- Data, WWPS ProServe Data and Machine Learning","team-pro-serv","","Herndon, VA","US (CONUS)","Full-time","","","","","https://www.amazon.jobs/en/jobs/10414814/sr-delivery-consultant-data-wwps-proserve-data-and-machine-learning","cleared","top secret"
"Amazon Web Services (AWS)","Amazon Jobs","Program Security Officer, US Amazon Dedicated Cloud Security","team-us-security-clearance-jobs-primary","","Herndon, VA","US (CONUS)","Full-time","","","","","https://www.amazon.jobs/en/jobs/10445146/program-security-officer-us-amazon-dedicated-cloud-security","cleared","ts/sci"
"Amazon Web Services (AWS)","Amazon Jobs","Program Execution Manager, Subcontracts, Global National Security Programs","team-us-security-clearance-jobs-primary","","Herndon, VA","US (CONUS)","Full-time","","","","","https://www.amazon.jobs/en/jobs/10502577/program-execution-manager-subcontracts-global-national-security-programs","cleared","ts/sci"
"Amazon Web Services (AWS)","Amazon Jobs","Senior Solutions Architect, National Security Solutions Architecture Team","team-us-security-clearance-jobs-primary","","Jessup, MD","US (CONUS)","Full-time","","","","","https://www.amazon.jobs/en/jobs/10516764/senior-solutions-architect-national-security-solutions-architecture-team","cleared","ts/sci"
"Amazon Web Services (AWS)","Amazon Jobs","Senior Solutions Architect, National Security Solutions Architecture Team","team-us-security-clearance-jobs-primary","","Jessup, MD","US (CONUS)","Full-time","","","","","https://www.amazon.jobs/en/jobs/10516763/senior-solutions-architect-national-security-solutions-architecture-team","cleared","ts/sci"
"Amazon Web Services (AWS)","Amazon Jobs","Systems Development Engineer , Cryptography and Identity Management","team-us-security-clearance-jobs-primary","","Seattle, WA","US (CONUS)","Full-time","","","","","https://www.amazon.jobs/en/jobs/10466700/systems-development-engineer-cryptography-and-identity-management","cleared","ts/sci"
"Amazon Web Services (AWS)","Amazon Jobs","Delivery Consultant, WWPS ProServe","team-us-security-clearance-jobs-primary","","Herndon, VA","US (CONUS)","Full-time","","","","","https://www.amazon.jobs/en/jobs/10519675/delivery-consultant-wwps-proserve","cleared","ts/sci"
"Amazon Web Services (AWS)","Amazon Jobs","Principal Tech Business Development, AWS National Security (NatSec)","team-us-security-clearance-jobs-primary","","Herndon, VA","US (CONUS)","Full-time","","","","","https://www.amazon.jobs/en/jobs/10512096/principal-tech-business-development-aws-national-security-natsec","cleared","ts/sci"
"Amazon Web Services (AWS)","Amazon Jobs","Program Security Officer, US Amazon Dedicated Cloud Security","team-us-security-clearance-jobs-primary","","Bellevue, WA","US (CONUS)","Full-time","","","","","https://www.amazon.jobs/en/jobs/10396411/program-security-officer-us-amazon-dedicated-cloud-security","cleared","ts/sci"
"Amazon Web Services (AWS)","Amazon Jobs","Delivery Consultant - Security, WWPS Professional Services - GPS ","team-pro-serv","","Jessup, MD","US (CONUS)","Full-time","","","","","https://www.amazon.jobs/en/jobs/10508045/delivery-consultant-security-wwps-professional-services-gps","cleared","top secret"
"Amazon Web Services (AWS)","Amazon Jobs","Delivery Consultant - Security","team-pro-serv","","Jessup, MD","US (CONUS)","Full-time","","","","","https://www.amazon.jobs/en/jobs/10478762/delivery-consultant-security","cleared","top secret"
"Amazon Web Services (AWS)","Amazon Jobs","Senior Solutions Architect, AWS WWPS Partners SA","team-us-security-clearance-jobs-primary","","Arlington, VA","US (CONUS)","Full-time","","","","","https://www.amazon.jobs/en/jobs/10438571/senior-solutions-architect-aws-wwps-partners-sa","cleared","top secret"
"Amazon Web Services (AWS)","Amazon Jobs","Sr Account Executive, USAF","team-us-security-clearance-jobs-primary","","Arlington, VA","US (CONUS)","Full-time","","","","","https://www.amazon.jobs/en/jobs/10442032/sr-account-executive-usaf","cleared","top secret"
"Amazon Web Services (AWS)","Amazon Jobs","Solutions Architect II, AWS National Security Solutions Architecture Team","team-us-security-clearance-jobs-primary","","Denver, CO","US (CONUS)","Full-time","","","","","https://www.amazon.jobs/en/jobs/10408960/solutions-architect-ii-aws-national-security-solutions-architecture-team","cleared","ts/sci"
"Amazon Web Services (AWS)","Amazon Jobs","Principal Account Executive, WWPS, National Security","team-us-security-clearance-jobs-primary","","Herndon, VA","US (CONUS)","Full-time","","","","","https://www.amazon.jobs/en/jobs/10434345/principal-account-executive-wwps-national-security","cleared","ts/sci"
"Amazon Web Services (AWS)","Amazon Jobs","Property Manager, Global National Security Programs","team-us-security-clearance-jobs-primary","","Denver, CO","US (CONUS)","Full-time","","","","","https://www.amazon.jobs/en/jobs/10502585/property-manager-global-national-security-programs","cleared","ts/sci"
"Amazon Web Services (AWS)","Amazon Jobs","Senior Manager, Forward Deployed Engineering, AWS Forward Deployed Engineering, US Government","team-aws-sdm","","Denver, CO","US (CONUS)","Full-time","","","","","https://www.amazon.jobs/en/jobs/10517054/senior-manager-forward-deployed-engineering-aws-forward-deployed-engineering-us-government","cleared","ts/sci"
"Amazon Web Services (AWS)","Amazon Jobs","Senior Solutions Architect, AWS Aerospace & Satellite","team-public-sector","","Austin, TX","US (CONUS)","Full-time","","","","","https://www.amazon.jobs/en/jobs/10473806/senior-solutions-architect-aws-aerospace-satellite","cleared","ts/sci"
"Amazon Web Services (AWS)","Amazon Jobs","Windows Client Engineer, Region Services Corporate Infrastructure (RSCI) - VECTOR Team","team-us-security-clearance-jobs-primary","","Herndon, VA","US (CONUS)","Full-time","","","","","https://www.amazon.jobs/en/jobs/10469509/windows-client-engineer-region-services-corporate-infrastructure-rsci-vector-team","cleared","ts/sci"
"Amazon Web Services (AWS)","Amazon Jobs","Sec & Compliance Eng Mgr, AWS Security Assurance Services, LLC","team-solutions-architect-primary","","Austin, TX","US (CONUS)","Full-time","","","","","https://www.amazon.jobs/en/jobs/10443642/sec-compliance-eng-mgr-aws-security-assurance-services-llc","cleared","top secret"
"Amazon Web Services (AWS)","Amazon Jobs","Amazon Dedicated Cloud Engineer III, US ADC Compute Operations","team-us-security-clearance-jobs-primary","","Jessup, MD","US (CONUS)","Full-time","","","","","https://www.amazon.jobs/en/jobs/10440058/amazon-dedicated-cloud-engineer-iii-us-adc-compute-operations","cleared","ts/sci"
"Amazon Web Services (AWS)","Amazon Jobs","Senior Secure Facility Operations Manager (SFOM), Cornerstone - Design, Build, & Operations (DBO) Team","team-us-security-clearance-jobs-primary","","Herndon, VA","US (CONUS)","Full-time","","","","","https://www.amazon.jobs/en/jobs/10440078/senior-secure-facility-operations-manager-sfom-cornerstone-design-build-operations-dbo-team","cleared","ts/sci"
"Amazon Web Services (AWS)","Amazon Jobs","System Development Engineer II, Platform Engineering & Emerging Technology","team-us-security-clearance-jobs-primary","","Arlington, VA","US (CONUS)","Full-time","","","","","https://www.amazon.jobs/en/jobs/10466699/system-development-engineer-ii-platform-engineering-emerging-technology","cleared","ts/sci"
"Amazon Web Services (AWS)","Amazon Jobs","Sr. Delivery Consultant, WWPS ProServe","team-pro-serv","","Virtual Location - Georgia, GA","US (CONUS)","Full-time","","","","","https://www.amazon.jobs/en/jobs/10386545/sr-delivery-consultant-wwps-proserve","cleared","ts/sci"
"Amazon Web Services (AWS)","Amazon Jobs","Operations Analyst, RI Operations","team-us-security-clearance-jobs-primary","","Arlington, VA","US (CONUS)","Full-time","","","","","https://www.amazon.jobs/en/jobs/10379716/operations-analyst-ri-operations","cleared","ts/sci"
"Amazon Web Services (AWS)","Amazon Jobs","DCEO EOT, ADC InfraOps DCEO","team-us-security-clearance-jobs-primary","","Hilliard, OH","US (CONUS)","Full-time","","","","","https://www.amazon.jobs/en/jobs/10471584/dceo-eot-adc-infraops-dceo","cleared","top secret"
"Amazon Web Services (AWS)","Amazon Jobs","Delivery Consultant- Data, WWPS ProServe Data and Machine Learning","team-pro-serv","","Herndon, VA","US (CONUS)","Full-time","","","","","https://www.amazon.jobs/en/jobs/10399985/delivery-consultant-data-wwps-proserve-data-and-machine-learning","cleared","top secret"
"Amazon Web Services (AWS)","Amazon Jobs","Engineering Operations Technician, ADC InfraOps DCEO","team-us-security-clearance-jobs-primary","","Aurora, CO","US (CONUS)","Full-time","","","","","https://www.amazon.jobs/en/jobs/10521915/engineering-operations-technician-adc-infraops-dceo","cleared","ts/sci"
"Amazon Web Services (AWS)","Amazon Jobs","Engineering Operations Technician, ADC InfraOps DCEO","team-us-security-clearance-jobs-primary","","Aurora, CO","US (CONUS)","Full-time","","","","","https://www.amazon.jobs/en/jobs/10512011/engineering-operations-technician-adc-infraops-dceo","cleared","ts/sci"
"Amazon Web Services (AWS)","Amazon Jobs","System Development Engineer, AWS ADC Relational","team-us-security-clearance-jobs-primary","","Seattle, WA","US (CONUS)","Full-time","","","","","https://www.amazon.jobs/en/jobs/10519870/system-development-engineer-aws-adc-relational","cleared","ts/sci"
"Amazon Web Services (AWS)","Amazon Jobs","Sr PAM Global Defense Partners, WWPS , Mission Programs Team ","team-us-security-clearance-jobs-primary","","Herndon, VA","US (CONUS)","Full-time","","","","","https://www.amazon.jobs/en/jobs/10507107/sr-pam-global-defense-partners-wwps-mission-programs-team","cleared","ts/sci"
"Amazon Web Services (AWS)","Amazon Jobs","Sr. Security Program Manager, U.S. Amazon Dedicated Cloud Security Program Manager","team-us-security-clearance-jobs-primary","","Culpeper, VA","US (CONUS)","Full-time","","","","","https://www.amazon.jobs/en/jobs/10508286/sr-security-program-manager-u-s-amazon-dedicated-cloud-security-program-manager","cleared","ts/sci"
"Amazon Web Services (AWS)","Amazon Jobs","Network Development Engineer, AWS ADC Networking","team-us-security-clearance-jobs-primary","","Seattle, WA","US (CONUS)","Full-time","","","","","https://www.amazon.jobs/en/jobs/10499159/network-development-engineer-aws-adc-networking","cleared","ts/sci"
"Amazon Web Services (AWS)","Amazon Jobs","Logistics Specialist, ADC InfraOps Logistics","team-us-security-clearance-jobs-primary","","Manassas, VA","US (CONUS)","Full-time","","","","","https://www.amazon.jobs/en/jobs/10498518/logistics-specialist-adc-infraops-logistics","cleared","ts/sci"
"Amazon Web Services (AWS)","Amazon Jobs","Manager, Enterprise Support, Department of Defense","team-us-security-clearance-jobs-primary","","Arlington, VA","US (CONUS)","Full-time","","","","","https://www.amazon.jobs/en/jobs/10472523/manager-enterprise-support-department-of-defense","cleared","top secret"
"Amazon Web Services (AWS)","Amazon Jobs","Systems Development Engineer, S3","team-us-security-clearance-jobs-primary","","Seattle, WA","US (CONUS)","Full-time","","","","","https://www.amazon.jobs/en/jobs/10420253/systems-development-engineer-s3","cleared","ts/sci"
"Amazon Web Services (AWS)","Amazon Jobs","Windows Systems Engineer, Region Services Corporate Infrastructure (Vector) Team","team-us-security-clearance-jobs-primary","","Bellevue, WA","US (CONUS)","Full-time","","","","","https://www.amazon.jobs/en/jobs/10452961/windows-systems-engineer-region-services-corporate-infrastructure-vector-team","cleared","ts/sci"
"Amazon Web Services (AWS)","Amazon Jobs","Sr. Technical Account Manager, National Security - ES US-ADC","team-us-security-clearance-jobs-primary","","Herndon, VA","US (CONUS)","Full-time","","","","","https://www.amazon.jobs/en/jobs/10426855/sr-technical-account-manager-national-security-es-us-adc","cleared","ts/sci"
"Amazon Web Services (AWS)","Amazon Jobs","Windows Systems Engineer, Region Services Corporate Infrastructure (Vector) Team","team-us-security-clearance-jobs-primary","","Seattle, WA","US (CONUS)","Full-time","","","","","https://www.amazon.jobs/en/jobs/10524097/windows-systems-engineer-region-services-corporate-infrastructure-vector-team","cleared","ts/sci"
"Amazon Web Services (AWS)","Amazon Jobs","System Development Engineer II, Serverless","team-government-cloud","","Denver, CO","US (CONUS)","Full-time","","","","","https://www.amazon.jobs/en/jobs/10499145/system-development-engineer-ii-serverless","cleared","ts/sci"
"Amazon Web Services (AWS)","Amazon Jobs","System Development Engineer II, Platform Engineering and Emerging Technologies","team-us-security-clearance-jobs-primary","","Herndon, VA","US (CONUS)","Full-time","","","","","https://www.amazon.jobs/en/jobs/10413720/system-development-engineer-ii-platform-engineering-and-emerging-technologies","cleared","ts/sci"
"Amazon Web Services (AWS)","Amazon Jobs","Principal Solutions Architect, Global Defense Partners","team-public-sector","","Irvine, CA","US (CONUS)","Full-time","","","","","https://www.amazon.jobs/en/jobs/10449775/principal-solutions-architect-global-defense-partners","cleared","top secret"
"Amazon Web Services (AWS)","Amazon Jobs","Systems Development Engineer, ADC - RAPP (Route 53 and Perimeter Protection)","team-us-security-clearance-jobs-primary","","Denver, CO","US (CONUS)","Full-time","","","","","https://www.amazon.jobs/en/jobs/10466685/systems-development-engineer-adc-rapp-route-53-and-perimeter-protection","cleared","ts/sci"
"Amazon Web Services (AWS)","Amazon Jobs","Systems Development Engineer II, AWS Cross Domain Services (CDS)","team-us-security-clearance-jobs-primary","","Seattle, WA","US (CONUS)","Full-time","","","","","https://www.amazon.jobs/en/jobs/10493298/systems-development-engineer-ii-aws-cross-domain-services-cds","cleared","ts/sci"
"Amazon Web Services (AWS)","Amazon Jobs","System Development Engineer II, Lambda/Serverless","team-government-cloud","","Seattle, WA","US (CONUS)","Full-time","","","","","https://www.amazon.jobs/en/jobs/10499136/system-development-engineer-ii-lambda-serverless","cleared","ts/sci"
"Amazon Web Services (AWS)","Amazon Jobs","Senior Solutions Architect, AWS National Security Solutions Architecture Team","team-public-sector","","Herndon, VA","US (CONUS)","Full-time","","","","","https://www.amazon.jobs/en/jobs/10513303/senior-solutions-architect-aws-national-security-solutions-architecture-team","cleared","ts/sci"
"Amazon Web Services (AWS)","Amazon Jobs","Windows Systems Engineer, Region Services Corporate Infrastructure (Vector) Team","team-us-security-clearance-jobs-primary","","Herndon, VA","US (CONUS)","Full-time","","","","","https://www.amazon.jobs/en/jobs/10524260/windows-systems-engineer-region-services-corporate-infrastructure-vector-team","cleared","ts/sci"
"Amazon Web Services (AWS)","Amazon Jobs","Principal Forward Deployed Engineer, Forward Deployed Engineering","team-sde-primary","","Arlington, VA","US (CONUS)","Full-time","","","","","https://www.amazon.jobs/en/jobs/10521876/principal-forward-deployed-engineer-forward-deployed-engineering","cleared","ts/sci"
"Amazon Web Services (AWS)","Amazon Jobs","Sr. Delivery Consultant, WWPS Professional Services","team-us-security-clearance-jobs-primary","","Arlington, VA","US (CONUS)","Full-time","","","","","https://www.amazon.jobs/en/jobs/3171906/sr-delivery-consultant-wwps-professional-services","cleared","ts/sci"
"Amazon Web Services (AWS)","Amazon Jobs","WWPS Principal PAM, Aerospace and Defense Partners","team-us-security-clearance-jobs-primary","","Arlington, VA","US (CONUS)","Full-time","","","","","https://www.amazon.jobs/en/jobs/10472853/wwps-principal-pam-aerospace-and-defense-partners","cleared","ts/sci"
"Amazon Web Services (AWS)","Amazon Jobs","Systems Development Engineer, S3","team-us-security-clearance-jobs-primary","","Herndon, VA","US (CONUS)","Full-time","","","","","https://www.amazon.jobs/en/jobs/10420262/systems-development-engineer-s3","cleared","ts/sci"
"Amazon Web Services (AWS)","Amazon Jobs","Engineering Operations Technician, ADC InfraOps DCEO","team-us-security-clearance-jobs-primary","","Aurora, CO","US (CONUS)","Full-time","","","","","https://www.amazon.jobs/en/jobs/10512013/engineering-operations-technician-adc-infraops-dceo","cleared","ts/sci"
"Amazon Web Services (AWS)","Amazon Jobs","Sr Account Mgr, USAF ","team-us-security-clearance-jobs-primary","","Arlington, VA","US (CONUS)","Full-time","","","","","https://www.amazon.jobs/en/jobs/10503529/sr-account-mgr-usaf","cleared","ts/sci"
"Amazon Web Services (AWS)","Amazon Jobs","Engineering Operations Technician, ADC InfraOps DCEO","team-us-security-clearance-jobs-primary","","Aurora, CO","US (CONUS)","Full-time","","","","","https://www.amazon.jobs/en/jobs/10522109/engineering-operations-technician-adc-infraops-dceo","cleared","ts/sci"
"Amazon Web Services (AWS)","Amazon Jobs","Engineering Operations Tech, Infraops AG","team-us-security-clearance-jobs-primary","","Aurora, CO","US (CONUS)","Full-time","","","","","https://www.amazon.jobs/en/jobs/10522102/engineering-operations-tech-infraops-ag","cleared","ts/sci"
"Amazon Web Services (AWS)","Amazon Jobs","Engineering Operations Tech, Infraops AG","team-us-security-clearance-jobs-primary","","Aurora, CO","US (CONUS)","Full-time","","","","","https://www.amazon.jobs/en/jobs/10522108/engineering-operations-tech-infraops-ag","cleared","ts/sci"
"Amazon Web Services (AWS)","Amazon Jobs","Cleared Engineering Operations Technician, ADC InfraOps DCEO","team-us-security-clearance-jobs-primary","","Plain City, OH","US (CONUS)","Full-time","","","","","https://www.amazon.jobs/en/jobs/10522074/cleared-engineering-operations-technician-adc-infraops-dceo","cleared","top secret"
"Amazon Web Services (AWS)","Amazon Jobs","Sr Account Executive, USAF","team-us-security-clearance-jobs-primary","","Arlington, VA","US (CONUS)","Full-time","","","","","https://www.amazon.jobs/en/jobs/10456679/sr-account-executive-usaf","cleared","top secret"
"Amazon Web Services (AWS)","Amazon Jobs","Systems Development Engineer II, ADC Security Services (A2SE)","team-us-security-clearance-jobs-primary","","Denver, CO","US (CONUS)","Full-time","","","","","https://www.amazon.jobs/en/jobs/10488679/systems-development-engineer-ii-adc-security-services-a2se","cleared","ts/sci"
"Amazon Web Services (AWS)","Amazon Jobs","Clearable Engineering Operations Tech, AWS Cleared Jobs","team-us-security-clearance-jobs-primary","","Fredericksburg, VA","US (CONUS)","Full-time","","","","","https://www.amazon.jobs/en/jobs/10484163/clearable-engineering-operations-tech-aws-cleared-jobs","cleared","ts/sci"
"Amazon Web Services (AWS)","Amazon Jobs","System Development Engineer, Astra ADC","team-us-security-clearance-jobs-primary","","Arlington, VA","US (CONUS)","Full-time","","","","","https://www.amazon.jobs/en/jobs/10481534/system-development-engineer-astra-adc","cleared","ts/sci"
"Amazon Web Services (AWS)","Amazon Jobs","System Dev Engineer I, Analytics ADC","team-us-security-clearance-jobs-primary","","Denver, CO","US (CONUS)","Full-time","","","","","https://www.amazon.jobs/en/jobs/10445548/system-dev-engineer-i-analytics-adc","cleared","ts/sci"
"Amazon Web Services (AWS)","Amazon Jobs","Sr. Solutions Architect WWPS,  AWS WWPS Civilian SA - VAR","team-us-security-clearance-jobs-primary","","Arlington, VA","US (CONUS)","Full-time","","","","","https://www.amazon.jobs/en/jobs/10476307/sr-solutions-architect-wwps-aws-wwps-civilian-sa-var","cleared","ts/sci"
"Amazon Web Services (AWS)","Amazon Jobs","Solutions Architect - AWS WWPS DOD - Air Force, WWPS SOLUTIONS ARCHITECTS","team-us-security-clearance-jobs-primary","","Herndon, VA","US (CONUS)","Full-time","","","","","https://www.amazon.jobs/en/jobs/10482720/solutions-architect-aws-wwps-dod-air-force-wwps-solutions-architects","cleared","top secret"
"Amazon Web Services (AWS)","Amazon Jobs","Systems Development Engineer II, AWS Commerce Platform-ADC","team-us-security-clearance-jobs-primary","","Herndon, VA","US (CONUS)","Full-time","","","","","https://www.amazon.jobs/en/jobs/10421404/systems-development-engineer-ii-aws-commerce-platform-adc","cleared","ts/sci"
"Amazon Web Services (AWS)","Amazon Jobs","Senior Solutions Architect, National Security Solutions Architecture Team","team-us-security-clearance-jobs-primary","","Jessup, MD","US (CONUS)","Full-time","","","","","https://www.amazon.jobs/en/jobs/10401276/senior-solutions-architect-national-security-solutions-architecture-team","cleared","ts/sci"
"Amazon Web Services (AWS)","Amazon Jobs","Windows Systems Engineer, Region Services Corporate Infrastructure (Vector) Team","team-support-engineer-primary","","Herndon, VA","US (CONUS)","Full-time","","","","","https://www.amazon.jobs/en/jobs/10524536/windows-systems-engineer-region-services-corporate-infrastructure-vector-team","cleared","ts/sci"
"Amazon Web Services (AWS)","Amazon Jobs","Systems Development Engineer, ADC2S - USACO","team-us-security-clearance-jobs-primary","","Seattle, WA","US (CONUS)","Full-time","","","","","https://www.amazon.jobs/en/jobs/10481527/systems-development-engineer-adc2s-usaco","cleared","ts/sci"
"Amazon Web Services (AWS)","Amazon Jobs","System Development Engineer II, Serverless","team-government-cloud","","Denver, CO","US (CONUS)","Full-time","","","","","https://www.amazon.jobs/en/jobs/10499146/system-development-engineer-ii-serverless","cleared","ts/sci"
"Amazon Web Services (AWS)","Amazon Jobs","System Development Engineer II, Lambda/Serverless","team-government-cloud","","Seattle, WA","US (CONUS)","Full-time","","","","","https://www.amazon.jobs/en/jobs/10481528/system-development-engineer-ii-lambda-serverless","cleared","ts/sci"
"Amazon Web Services (AWS)","Amazon Jobs","Systems Development Engineer, Platform Engineering and Emerging Technologies (PEET)","team-us-security-clearance-jobs-primary","","Seattle, WA","US (CONUS)","Full-time","","","","","https://www.amazon.jobs/en/jobs/10413722/systems-development-engineer-platform-engineering-and-emerging-technologies-peet","cleared","ts/sci"
"Amazon Web Services (AWS)","Amazon Jobs","Customer Solutions Manager, USAF","team-us-security-clearance-jobs-primary","","Austin, TX","US (CONUS)","Full-time","","","","","https://www.amazon.jobs/en/jobs/10513201/customer-solutions-manager-usaf","cleared","top secret"
"Amazon Web Services (AWS)","Amazon Jobs","Engineering Operations Technician, ADC InfraOps DCEO","team-us-security-clearance-jobs-primary","","Aurora, CO","US (CONUS)","Full-time","","","","","https://www.amazon.jobs/en/jobs/10512018/engineering-operations-technician-adc-infraops-dceo","cleared","ts/sci"
"Amazon Web Services (AWS)","Amazon Jobs","Engineering Operations Technician, ADC InfraOps DCEO","team-us-security-clearance-jobs-primary","","Aurora, CO","US (CONUS)","Full-time","","","","","https://www.amazon.jobs/en/jobs/10522113/engineering-operations-technician-adc-infraops-dceo","cleared","ts/sci"
"Amazon Web Services (AWS)","Amazon Jobs","Cleared Engineering Operations Technician, ADC InfraOps DCEO","team-us-security-clearance-jobs-primary","","Plain City, OH","US (CONUS)","Full-time","","","","","https://www.amazon.jobs/en/jobs/10522070/cleared-engineering-operations-technician-adc-infraops-dceo","cleared","top secret"
"Amazon Web Services (AWS)","Amazon Jobs","Engineering Operations Technician, ADC InfraOps DCEO","team-us-security-clearance-jobs-primary","","Dublin, OH","US (CONUS)","Full-time","","","","","https://www.amazon.jobs/en/jobs/10521912/engineering-operations-technician-adc-infraops-dceo","cleared","top secret"
"Amazon Web Services (AWS)","Amazon Jobs","Sr. Software Development Engineer, PEET","team-us-security-clearance-jobs-primary","","Denver, CO","US (CONUS)","Full-time","","","","","https://www.amazon.jobs/en/jobs/10490922/sr-software-development-engineer-peet","cleared","ts/sci"
"Amazon Web Services (AWS)","Amazon Jobs","Logistics Specialist, ADC InfraOps Logistics","team-us-security-clearance-jobs-primary","","Manassas, VA","US (CONUS)","Full-time","","","","","https://www.amazon.jobs/en/jobs/10510055/logistics-specialist-adc-infraops-logistics","cleared","ts/sci"
"Amazon Web Services (AWS)","Amazon Jobs","Clearable Engineering Operations Technician , AWS Cleared Jobs","team-us-security-clearance-jobs-primary","","Stafford, VA","US (CONUS)","Full-time","","","","","https://www.amazon.jobs/en/jobs/10484164/clearable-engineering-operations-technician-aws-cleared-jobs","cleared","ts/sci"
"Amazon Web Services (AWS)","Amazon Jobs","Critical Infrastructure Mechanical Engineer, Field Engineering","team-us-security-clearance-jobs-primary","","San Antonio, TX","US (CONUS)","Full-time","","","","","https://www.amazon.jobs/en/jobs/10419159/critical-infrastructure-mechanical-engineer-field-engineering","cleared","ts/sci"
"Amazon Web Services (AWS)","Amazon Jobs","Windows Systems Engineer, Region Services Corporate Infrastructure (Vector) Team","team-us-security-clearance-jobs-primary","","Bellevue, WA","US (CONUS)","Full-time","","","","","https://www.amazon.jobs/en/jobs/10452958/windows-systems-engineer-region-services-corporate-infrastructure-vector-team","cleared","ts/sci"
"Amazon Web Services (AWS)","Amazon Jobs","Network Development Eng I, ADC Networking","team-us-security-clearance-jobs-primary","","Seattle, WA","US (CONUS)","Full-time","","","","","https://www.amazon.jobs/en/jobs/10437521/network-development-eng-i-adc-networking","cleared","ts/sci"
"Amazon Web Services (AWS)","Amazon Jobs","National Security Tech Business Development Manager, AWS Classified Regions GTM","team-us-security-clearance-jobs-primary","","Arlington, VA","US (CONUS)","Full-time","","","","","https://www.amazon.jobs/en/jobs/10474481/national-security-tech-business-development-manager-aws-classified-regions-gtm","cleared","top secret"
"Amazon Web Services (AWS)","Amazon Jobs","Engineering Operations Technician, ADC InfraOps DCEO","team-us-security-clearance-jobs-primary","","San Antonio, TX","US (CONUS)","Full-time","","","","","https://www.amazon.jobs/en/jobs/10470319/engineering-operations-technician-adc-infraops-dceo","cleared","ts/sci"
"Amazon Web Services (AWS)","Amazon Jobs","Technical Account Manager, National Security, National Security - ES US-ADC","team-us-security-clearance-jobs-primary","","Herndon, VA","US (CONUS)","Full-time","","","","","https://www.amazon.jobs/en/jobs/10450156/technical-account-manager-national-security-national-security-es-us-adc","cleared","ts/sci"
"Amazon Web Services (AWS)","Amazon Jobs","Controls Engineer","team-us-security-clearance-jobs-primary","","Hilliard, OH","US (CONUS)","Full-time","","","","","https://www.amazon.jobs/en/jobs/3146590/controls-engineer","cleared","ts/sci"
"Amazon Web Services (AWS)","Amazon Jobs","Sr. Network Development Engineer, ADC Network Design, Engineering, and Solutions","team-us-security-clearance-jobs-primary","","Herndon, VA","US (CONUS)","Full-time","","","","","https://www.amazon.jobs/en/jobs/10524255/sr-network-development-engineer-adc-network-design-engineering-and-solutions","cleared","ts/sci"
"Amazon Web Services (AWS)","Amazon Jobs","System Development Engineer II, DBS Relational ADC","team-us-security-clearance-jobs-primary","","Arlington, VA","US (CONUS)","Full-time","","","","","https://www.amazon.jobs/en/jobs/10469513/system-development-engineer-ii-dbs-relational-adc","cleared","ts/sci"
"Amazon Web Services (AWS)","Amazon Jobs","Account Executive – Navy & Marine Corps, US FED","team-us-security-clearance-jobs-primary","","Arlington, VA","US (CONUS)","Full-time","","","","","https://www.amazon.jobs/en/jobs/3173202/account-executive-navy-marine-corps-us-fed","cleared","security clearance"
"Amazon Web Services (AWS)","Amazon Jobs","Sr Account Executive, USAF","team-us-security-clearance-jobs-primary","","Arlington, VA","US (CONUS)","Full-time","","","","","https://www.amazon.jobs/en/jobs/3175823/sr-account-executive-usaf","cleared","top secret"
"Amazon Web Services (AWS)","Amazon Jobs","Amazon Dedicated Cloud - Region Manager, Infrastructure Strategy and Service Integration","team-us-security-clearance-jobs-primary","","Herndon, VA","US (CONUS)","Full-time","","","","","https://www.amazon.jobs/en/jobs/10502552/amazon-dedicated-cloud-region-manager-infrastructure-strategy-and-service-integration","cleared","ts/sci"
"Amazon Web Services (AWS)","Amazon Jobs","Software Development Engineer, Region Reliability","team-us-security-clearance-jobs-primary","","Denver, CO","US (CONUS)","Full-time","","","","","https://www.amazon.jobs/en/jobs/10519158/software-development-engineer-region-reliability","cleared","ts/sci"
"Amazon Web Services (AWS)","Amazon Jobs","Cleared Data Center Electrical Field Engineer, Field Engineering","team-us-security-clearance-jobs-primary","","Plain City, OH","US (CONUS)","Full-time","","","","","https://www.amazon.jobs/en/jobs/10518484/cleared-data-center-electrical-field-engineer-field-engineering","cleared","ts/sci"
"Amazon Web Services (AWS)","Amazon Jobs","Sr Account Executive, US Army","team-us-security-clearance-jobs-primary","","Arlington, VA","US (CONUS)","Full-time","","","","","https://www.amazon.jobs/en/jobs/10504859/sr-account-executive-us-army","cleared","security clearance"
"Amazon Web Services (AWS)","Amazon Jobs","Technical Infrastructure Program Manager, Dedicated Infrastructure Planning and Delivery (Government Regions)","team-us-security-clearance-jobs-primary","","Denver, CO","US (CONUS)","Full-time","","","","","https://www.amazon.jobs/en/jobs/10458783/technical-infrastructure-program-manager-dedicated-infrastructure-planning-and-delivery-government-regions","cleared","ts/sci"
"Amazon Web Services (AWS)","Amazon Jobs","Systems Development Engineer II, ADC Security Services (A2SE)","team-us-security-clearance-jobs-primary","","Arlington, VA","US (CONUS)","Full-time","","","","","https://www.amazon.jobs/en/jobs/10489636/systems-development-engineer-ii-adc-security-services-a2se","cleared","ts/sci"
"Amazon Web Services (AWS)","Amazon Jobs","Logistics Specialist, ADC InfraOps Logistics","team-us-security-clearance-jobs-primary","","Jessup, MD","US (CONUS)","Full-time","","","","","https://www.amazon.jobs/en/jobs/10507207/logistics-specialist-adc-infraops-logistics","cleared","ts/sci"
"Amazon Web Services (AWS)","Amazon Jobs","Engineering Operations Technician (Night Shift), DCEO Engr","team-us-security-clearance-jobs-primary","","Culpeper, VA","US (CONUS)","Full-time","","","","","https://www.amazon.jobs/en/jobs/10491668/engineering-operations-technician-night-shift-dceo-engr","cleared","ts/sci"
"Amazon Web Services (AWS)","Amazon Jobs","Amazon Dedicated Cloud Engineer, Kumo Enigma","team-us-security-clearance-jobs-primary","","Bellevue, WA","US (CONUS)","Full-time","","","","","https://www.amazon.jobs/en/jobs/10376571/amazon-dedicated-cloud-engineer-kumo-enigma","cleared","ts/sci"
"Amazon Web Services (AWS)","Amazon Jobs","Controls Engineer, ADC","team-us-security-clearance-jobs-primary","","Culpeper, VA","US (CONUS)","Full-time","","","","","https://www.amazon.jobs/en/jobs/3188412/controls-engineer-adc","cleared","ts/sci"
"Amazon Web Services (AWS)","Amazon Jobs","Clearable Engineering Operations Technician, AWS Cleared Jobs","team-us-security-clearance-jobs-primary","","Fredericksburg, VA","US (CONUS)","Full-time","","","","","https://www.amazon.jobs/en/jobs/10517291/clearable-engineering-operations-technician-aws-cleared-jobs","cleared","ts/sci"
"Amazon Web Services (AWS)","Amazon Jobs","System Development Engineer, DBS Relational ADC","team-us-security-clearance-jobs-primary","","Arlington, VA","US (CONUS)","Full-time","","","","","https://www.amazon.jobs/en/jobs/10523677/system-development-engineer-dbs-relational-adc","cleared","ts/sci"
"Amazon Web Services (AWS)","Amazon Jobs","Engineering Operations Technician, ADC InfraOps DCEO","team-us-security-clearance-jobs-primary","","Aurora, CO","US (CONUS)","Full-time","","","","","https://www.amazon.jobs/en/jobs/10522111/engineering-operations-technician-adc-infraops-dceo","cleared","ts/sci"
"Amazon Web Services (AWS)","Amazon Jobs","Engineering Operations Technician, ADC InfraOps DCEO","team-us-security-clearance-jobs-primary","","Aurora, CO","US (CONUS)","Full-time","","","","","https://www.amazon.jobs/en/jobs/10522106/engineering-operations-technician-adc-infraops-dceo","cleared","ts/sci"
"Amazon Web Services (AWS)","Amazon Jobs","DCEO Chief Engineer, ADC DCEO","team-us-security-clearance-jobs-primary","","Aurora, CO","US (CONUS)","Full-time","","","","","https://www.amazon.jobs/en/jobs/10521897/dceo-chief-engineer-adc-dceo","cleared","ts/sci"
"Amazon Web Services (AWS)","Amazon Jobs","SAP Solution Architect, WWPS Global ISV Partners","team-us-security-clearance-jobs-primary","","Herndon, VA","US (CONUS)","Full-time","","","","","https://www.amazon.jobs/en/jobs/10426692/sap-solution-architect-wwps-global-isv-partners","cleared","security clearance"
"Amazon Web Services (AWS)","Amazon Jobs","Contract Security Lead, US Amazon Dedicated Cloud","team-us-security-clearance-jobs-primary","","Denver, CO","US (CONUS)","Full-time","","","","","https://www.amazon.jobs/en/jobs/10502333/contract-security-lead-us-amazon-dedicated-cloud","cleared","ts/sci"
"Amazon Web Services (AWS)","Amazon Jobs","Network Development Engineer, ADC Networking","team-us-security-clearance-jobs-primary","","Arlington, VA","US (CONUS)","Full-time","","","","","https://www.amazon.jobs/en/jobs/10519834/network-development-engineer-adc-networking","cleared","ts/sci"
"Amazon Web Services (AWS)","Amazon Jobs","Sr Account Executive, US Army","team-us-security-clearance-jobs-primary","","Herndon, VA","US (CONUS)","Full-time","","","","","https://www.amazon.jobs/en/jobs/10518443/sr-account-executive-us-army","cleared","top secret"
"Amazon Web Services (AWS)","Amazon Jobs","Account Executive, U.S. Army, US Army Team","team-us-security-clearance-jobs-primary","","Arlington, VA","US (CONUS)","Full-time","","","","","https://www.amazon.jobs/en/jobs/10487108/account-executive-u-s-army-us-army-team","cleared","ts/sci"
"Amazon Web Services (AWS)","Amazon Jobs","Cluster Operations Leader, ADC Data Center Ops","team-us-security-clearance-jobs-primary","","Culpeper, VA","US (CONUS)","Full-time","","","","","https://www.amazon.jobs/en/jobs/10515905/cluster-operations-leader-adc-data-center-ops","cleared","ts/sci"
"Amazon Web Services (AWS)","Amazon Jobs","Solutions Architect - AWS WWPS DOD, Joint DoD SA","team-us-security-clearance-jobs-primary","","Arlington, VA","US (CONUS)","Full-time","","","","","https://www.amazon.jobs/en/jobs/10512814/solutions-architect-aws-wwps-dod-joint-dod-sa","cleared","ts/sci"
"Amazon Web Services (AWS)","Amazon Jobs","Clearable Engineering Operations Technician , AWS Cleared Jobs","team-us-security-clearance-jobs-primary","","Fredericksburg, VA","US (CONUS)","Full-time","","","","","https://www.amazon.jobs/en/jobs/10508512/clearable-engineering-operations-technician-aws-cleared-jobs","cleared","ts/sci"
"Amazon Web Services (AWS)","Amazon Jobs","Generative AI Solutions Architect, AWS Global Government Specialist SA","team-us-security-clearance-jobs-primary","","Arlington, VA","US (CONUS)","Full-time","","","","","https://www.amazon.jobs/en/jobs/10417320/generative-ai-solutions-architect-aws-global-government-specialist-sa","cleared","top secret"
"Amazon Web Services (AWS)","Amazon Jobs","Engineering Operations Technician, ADC InfraOps DCEO","team-us-security-clearance-jobs-primary","","Aurora, CO","US (CONUS)","Full-time","","","","","https://www.amazon.jobs/en/jobs/10512014/engineering-operations-technician-adc-infraops-dceo","cleared","ts/sci"
"Amazon Web Services (AWS)","Amazon Jobs","Clearable Engineering Operations Tech, AWS Cleared Jobs","team-us-security-clearance-jobs-primary","","Fredericksburg, VA","US (CONUS)","Full-time","","","","","https://www.amazon.jobs/en/jobs/10522468/clearable-engineering-operations-tech-aws-cleared-jobs","cleared","ts/sci"
"Amazon Web Services (AWS)","Amazon Jobs","Software Development Engineer , Cryptography and Identity Management","team-us-security-clearance-jobs-primary","","Seattle, WA","US (CONUS)","Full-time","","","","","https://www.amazon.jobs/en/jobs/10522049/software-development-engineer-cryptography-and-identity-management","cleared","ts/sci"
"Amazon Web Services (AWS)","Amazon Jobs","DCEO Chief Engineer, ADC DCEO","team-us-security-clearance-jobs-primary","","Aurora, CO","US (CONUS)","Full-time","","","","","https://www.amazon.jobs/en/jobs/10521896/dceo-chief-engineer-adc-dceo","cleared","ts/sci"
"Amazon Web Services (AWS)","Amazon Jobs","Clearable Engineering Operations Tech, AWS Cleared Jobs","team-us-security-clearance-jobs-primary","","Fredericksburg, VA","US (CONUS)","Full-time","","","","","https://www.amazon.jobs/en/jobs/10518967/clearable-engineering-operations-tech-aws-cleared-jobs","cleared","ts/sci"
"Amazon Web Services (AWS)","Amazon Jobs","Account Executive – Navy & Marine Corps, DoW, US FED","team-us-security-clearance-jobs-primary","","Arlington, VA","US (CONUS)","Full-time","","","","","https://www.amazon.jobs/en/jobs/10479211/account-executive-navy-marine-corps-dow-us-fed","cleared","security clearance"
"Amazon Web Services (AWS)","Amazon Jobs","Engineering Operations Technician, ADC InfraOps DCEO","team-us-security-clearance-jobs-primary","","Aurora, CO","US (CONUS)","Full-time","","","","","https://www.amazon.jobs/en/jobs/10504006/engineering-operations-technician-adc-infraops-dceo","cleared","ts/sci"
"Amazon Web Services (AWS)","Amazon Jobs","Low Voltage Cabling Design Engineer, Network Infrastructure Design & Deployment","team-us-security-clearance-jobs-primary","","San Antonio, TX","US (CONUS)","Full-time","","","","","https://www.amazon.jobs/en/jobs/10482727/low-voltage-cabling-design-engineer-network-infrastructure-design-deployment","cleared","ts/sci"
"Amazon Web Services (AWS)","Amazon Jobs","Tech Infra Program Manager I, Network Design and Deployment Team (NIDD)","team-us-security-clearance-jobs-primary","","Culpeper, VA","US (CONUS)","Full-time","","","","","https://www.amazon.jobs/en/jobs/10490693/tech-infra-program-manager-i-network-design-and-deployment-team-nidd","cleared","ts/sci"
"Amazon Web Services (AWS)","Amazon Jobs","Systems Development Engineer, RSCI Collaborative Services","team-us-security-clearance-jobs-primary","","Herndon, VA","US (CONUS)","Full-time","","","","","https://www.amazon.jobs/en/jobs/10452971/systems-development-engineer-rsci-collaborative-services","cleared","ts/sci"
"Amazon Web Services (AWS)","Amazon Jobs","Windows Systems Engineer, Region Services Corporate Infrastructure (Vector) Team","team-us-security-clearance-jobs-primary","","Seattle, WA","US (CONUS)","Full-time","","","","","https://www.amazon.jobs/en/jobs/10452963/windows-systems-engineer-region-services-corporate-infrastructure-vector-team","cleared","ts/sci"
"Amazon Web Services (AWS)","Amazon Jobs","Sr. Technical Program Manager, AWS Classified Regions GTM","team-us-security-clearance-jobs-primary","","Arlington, VA","US (CONUS)","Full-time","","","","","https://www.amazon.jobs/en/jobs/10474482/sr-technical-program-manager-aws-classified-regions-gtm","cleared","top secret"
"Amazon Web Services (AWS)","Amazon Jobs","Systems Development Engineer, ADC2S","team-government-cloud","","Herndon, VA","US (CONUS)","Full-time","","","","","https://www.amazon.jobs/en/jobs/10519871/systems-development-engineer-adc2s","cleared","ts/sci"
"Amazon Web Services (AWS)","Amazon Jobs","Engineering Operations Technician, ADC InfraOps DCEO","team-us-security-clearance-jobs-primary","","Aurora, CO","US (CONUS)","Full-time","","","","","https://www.amazon.jobs/en/jobs/10512016/engineering-operations-technician-adc-infraops-dceo","cleared","ts/sci"
"Amazon Web Services (AWS)","Amazon Jobs","Business Development - Capture Senior Executive, US NatSec Federal Strategic Pursuits","team-us-security-clearance-jobs-primary","","Herndon, VA","US (CONUS)","Full-time","","","","","https://www.amazon.jobs/en/jobs/10482392/business-development-capture-senior-executive-us-natsec-federal-strategic-pursuits","cleared","ts/sci"
"Amazon Web Services (AWS)","Amazon Jobs","Customer Solutions Manager - Department of War - 4th Estate, WWPS DoW CSM","team-us-security-clearance-jobs-primary","","Arlington, VA","US (CONUS)","Full-time","","","","","https://www.amazon.jobs/en/jobs/10474483/customer-solutions-manager-department-of-war-4th-estate-wwps-dow-csm","cleared","top secret"
"Amazon Web Services (AWS)","Amazon Jobs","Engineering Operations Technician, ADC InfraOps DCEO","team-us-security-clearance-jobs-primary","","Aurora, CO","US (CONUS)","Full-time","","","","","https://www.amazon.jobs/en/jobs/10504007/engineering-operations-technician-adc-infraops-dceo","cleared","ts/sci"
"Amazon Web Services (AWS)","Amazon Jobs","Sr. ProServe Cloud Architect, DoD ProServe","team-us-security-clearance-jobs-primary","","Herndon, VA","US (CONUS)","Full-time","","","","","https://www.amazon.jobs/en/jobs/10481205/sr-proserve-cloud-architect-dod-proserve","cleared","ts/sci"
"Amazon Web Services (AWS)","Amazon Jobs","Cleared Data Center Electrical Field Engineer, ADC Field Engineering","team-us-security-clearance-jobs-primary","","New Albany, OH","US (CONUS)","Full-time","","","","","https://www.amazon.jobs/en/jobs/10475931/cleared-data-center-electrical-field-engineer-adc-field-engineering","cleared","ts/sci"
"Amazon Web Services (AWS)","Amazon Jobs","Sr. Solutions Architect - AWS WWPS DOD, Joint DoD ","team-us-security-clearance-jobs-primary","","Virtual Location - Alabama, AL","US (CONUS)","Full-time","","","","","https://www.amazon.jobs/en/jobs/10512099/sr-solutions-architect-aws-wwps-dod-joint-dod","cleared","ts/sci"
"Amazon Web Services (AWS)","Amazon Jobs","Sr. Systems Development Engineer , Secure Connection Services (SCS), Tactical Edge Mission Engineering Group (TEMEG) ","team-us-security-clearance-jobs-primary","","Herndon, VA","US (CONUS)","Full-time","","","","","https://www.amazon.jobs/en/jobs/10399729/sr-systems-development-engineer-secure-connection-services-scs-tactical-edge-mission-engineering-group-temeg","cleared","ts/sci"
"Amazon Web Services (AWS)","Amazon Jobs","Solutions Architect - AWS WWPS DoW, US Navy Solutions Architecture","team-us-security-clearance-jobs-primary","","Arlington, VA","US (CONUS)","Full-time","","","","","https://www.amazon.jobs/en/jobs/10499898/solutions-architect-aws-wwps-dow-us-navy-solutions-architecture","cleared","security clearance"
"Amazon Web Services (AWS)","Amazon Jobs","Senior Windows Client Engineer, Region Services Corporate Infrastructure (RSCI) - VECTOR Team","team-us-security-clearance-jobs-primary","","Herndon, VA","US (CONUS)","Full-time","","","","","https://www.amazon.jobs/en/jobs/10469510/senior-windows-client-engineer-region-services-corporate-infrastructure-rsci-vector-team","cleared","ts/sci"
"Amazon Web Services (AWS)","Amazon Jobs","Data Center Project Manager, Critical Projects Implementation - Amazon Dedicated Cloud","team-us-security-clearance-jobs-primary","","Warrenton, VA","US (CONUS)","Full-time","","","","","https://www.amazon.jobs/en/jobs/10416341/data-center-project-manager-critical-projects-implementation-amazon-dedicated-cloud","cleared","ts/sci"
"Amazon Web Services (AWS)","Amazon Jobs","Sr. Technical Account Manager, National Security - ES US-ADC","team-us-security-clearance-jobs-primary","","Jessup, MD","US (CONUS)","Full-time","","","","","https://www.amazon.jobs/en/jobs/10430235/sr-technical-account-manager-national-security-es-us-adc","cleared","ts/sci"
"Amazon Web Services (AWS)","Amazon Jobs","ADC Engineer, S3 ADC , S3+Glacier Unique Regions","team-government-cloud","","Herndon, VA","US (CONUS)","Full-time","","","","","https://www.amazon.jobs/en/jobs/10440071/adc-engineer-s3-adc-s3-glacier-unique-regions","cleared","ts/sci"
"Amazon Web Services (AWS)","Amazon Jobs","Sr. Engagement Manager, U.S. Federal ProServe","team-pro-serv","","Herndon, VA","US (CONUS)","Full-time","","","","","https://www.amazon.jobs/en/jobs/10493718/sr-engagement-manager-u-s-federal-proserve","cleared","ts/sci"
"Amazon Web Services (AWS)","Amazon Jobs","ADC Engineer, S3 ADC , S3+Glacier Unique Regions","team-government-cloud","","Seattle, WA","US (CONUS)","Full-time","","","","","https://www.amazon.jobs/en/jobs/10420256/adc-engineer-s3-adc-s3-glacier-unique-regions","cleared","ts/sci"
"Amazon Web Services (AWS)","Amazon Jobs","Delivery Consultant- AI/ML, Data & Machine Learning (DML)","team-pro-serv","","Arlington, VA","US (CONUS)","Full-time","","","","","https://www.amazon.jobs/en/jobs/10503723/delivery-consultant-ai-ml-data-machine-learning-dml","cleared","ts/sci"
"Amazon Web Services (AWS)","Amazon Jobs","Sr. Engagement Manager, U.S. Federal ProServe","team-pro-serv","","Jessup, MD","US (CONUS)","Full-time","","","","","https://www.amazon.jobs/en/jobs/10521955/sr-engagement-manager-u-s-federal-proserve","cleared","ts/sci"
"Amazon Web Services (AWS)","Amazon Jobs","Solutions Architect - AWS WWPS DOD - Air Force, WWPS SOLUTIONS ARCHITECTS","team-us-security-clearance-jobs-primary","","Arlington, VA","US (CONUS)","Full-time","","","","","https://www.amazon.jobs/en/jobs/10482718/solutions-architect-aws-wwps-dod-air-force-wwps-solutions-architects","cleared","top secret"
"Amazon Web Services (AWS)","Amazon Jobs","Engineering Operations Technician, ADC InfraOps DCEO","team-us-security-clearance-jobs-primary","","Aurora, CO","US (CONUS)","Full-time","","","","","https://www.amazon.jobs/en/jobs/10512015/engineering-operations-technician-adc-infraops-dceo","cleared","ts/sci"
"Amazon Web Services (AWS)","Amazon Jobs","Cleared Engineering Operations Technician, ADC InfraOps DCEO","team-us-security-clearance-jobs-primary","","Hilliard, OH","US (CONUS)","Full-time","","","","","https://www.amazon.jobs/en/jobs/10522798/cleared-engineering-operations-technician-adc-infraops-dceo","cleared","top secret"
"Amazon Web Services (AWS)","Amazon Jobs","Engineering Operations Technician, ADC InfraOps DCEO","team-us-security-clearance-jobs-primary","","Aurora, CO","US (CONUS)","Full-time","","","","","https://www.amazon.jobs/en/jobs/10522110/engineering-operations-technician-adc-infraops-dceo","cleared","ts/sci"
"Amazon Web Services (AWS)","Amazon Jobs","Cleared Engineering Operations Technician, ADC InfraOps DCEO","team-us-security-clearance-jobs-primary","","Plain City, OH","US (CONUS)","Full-time","","","","","https://www.amazon.jobs/en/jobs/10522071/cleared-engineering-operations-technician-adc-infraops-dceo","cleared","top secret"
"Amazon Web Services (AWS)","Amazon Jobs","Engineering Operations Technician, ADC InfraOps DCEO","team-us-security-clearance-jobs-primary","","Hilliard, OH","US (CONUS)","Full-time","","","","","https://www.amazon.jobs/en/jobs/10521967/engineering-operations-technician-adc-infraops-dceo","cleared","ts/sci"
"Amazon Web Services (AWS)","Amazon Jobs","Supply Chain Risk Manager, AWS Public Sector Supply Chain","team-us-security-clearance-jobs-primary","","Arlington, VA","US (CONUS)","Full-time","","","","","https://www.amazon.jobs/en/jobs/10520528/supply-chain-risk-manager-aws-public-sector-supply-chain","cleared","ts/sci"
"Amazon Web Services (AWS)","Amazon Jobs","Logistics Specialist, ADC InfraOps Logistics","team-us-security-clearance-jobs-primary","","Jessup, MD","US (CONUS)","Full-time","","","","","https://www.amazon.jobs/en/jobs/10507205/logistics-specialist-adc-infraops-logistics","cleared","ts/sci"
"Amazon Web Services (AWS)","Amazon Jobs","System Development Engineer, Astra ADC","team-us-security-clearance-jobs-primary","","Arlington, VA","US (CONUS)","Full-time","","","","","https://www.amazon.jobs/en/jobs/10467530/system-development-engineer-astra-adc","cleared","ts/sci"
"Amazon Web Services (AWS)","Amazon Jobs","Logistics Specialist, ADC InfraOps Logistics","team-us-security-clearance-jobs-primary","","Jessup, MD","US (CONUS)","Full-time","","","","","https://www.amazon.jobs/en/jobs/10484169/logistics-specialist-adc-infraops-logistics","cleared","ts/sci"
"Amazon Web Services (AWS)","Amazon Jobs","Systems Development Engineer, ADC2S","team-government-cloud","","Herndon, VA","US (CONUS)","Full-time","","","","","https://www.amazon.jobs/en/jobs/10481532/systems-development-engineer-adc2s","cleared","ts/sci"
"Amazon Web Services (AWS)","Amazon Jobs","Sr Delivery Consultant - SRC, WWPS Professional Services - GPS ","team-pro-serv","","Arlington, VA","US (CONUS)","Full-time","","","","","https://www.amazon.jobs/en/jobs/10503721/sr-delivery-consultant-src-wwps-professional-services-gps","cleared","ts/sci"
"Amazon Web Services (AWS)","Amazon Jobs","Forward Deployed Engineer, FDE US Government","team-sde-primary","","Arlington, VA","US (CONUS)","Full-time","","","","","https://www.amazon.jobs/en/jobs/10517550/forward-deployed-engineer-fde-us-government","cleared","ts/sci"
"Amazon Web Services (AWS)","Amazon Jobs","Sr Delivery Consultant - SRC, WWPS Professional Services - GPS ","team-pro-serv","","Arlington, VA","US (CONUS)","Full-time","","","","","https://www.amazon.jobs/en/jobs/10462290/sr-delivery-consultant-src-wwps-professional-services-gps","cleared","ts/sci"
"Amazon Web Services (AWS)","Amazon Jobs","Systems Development Engineer, Aurora Storage : RDS","team-government-cloud","","Denver, CO","US (CONUS)","Full-time","","","","","https://www.amazon.jobs/en/jobs/10501417/systems-development-engineer-aurora-storage-rds","cleared","ts/sci"
"Amazon Web Services (AWS)","Amazon Jobs","System Development Engineer, AWS Database Services","team-system-development-engineer-primary","","Herndon, VA","US (CONUS)","Full-time","","","","","https://www.amazon.jobs/en/jobs/10499162/system-development-engineer-aws-database-services","cleared","ts/sci"
"Amazon Web Services (AWS)","Amazon Jobs","Systems Development Engineer, AI/ML Amazon Dedicated Cloud","team-government-cloud","","Herndon, VA","US (CONUS)","Full-time","","","","","https://www.amazon.jobs/en/jobs/10499158/systems-development-engineer-ai-ml-amazon-dedicated-cloud","cleared","ts/sci"
"Amazon Web Services (AWS)","Amazon Jobs","Director, Solutions Architecture – National Security, Worldwide Public Sector","team-solutions-architect-primary","","Arlington, VA","US (CONUS)","Full-time","","","","","https://www.amazon.jobs/en/jobs/10441138/director-solutions-architecture-national-security-worldwide-public-sector","cleared","ts/sci"
"Amazon Web Services (AWS)","Amazon Jobs","Sr. Technical Business Development Specialist HPC, US Federal & Public Sector, WWSO HPC Team","team-business-development-primary","","Arlington, VA","US (CONUS)","Full-time","","","","","https://www.amazon.jobs/en/jobs/10399717/sr-technical-business-development-specialist-hpc-us-federal-public-sector-wwso-hpc-team","cleared","ts/sci"
"Amazon Web Services (AWS)","Amazon Jobs","Security & Compliance Engineer II, AWS Security Assurance Services, LLC","team-system-development-engineer-primary","","Austin, TX","US (CONUS)","Full-time","","","","","https://www.amazon.jobs/en/jobs/10443647/security-compliance-engineer-ii-aws-security-assurance-services-llc","cleared","top secret"
"Amazon Web Services (AWS)","Amazon Jobs","Sr. Delivery Consultant - AI/ML, WWPS ProServe","team-pro-serv","","Arlington, VA","US (CONUS)","Full-time","","","","","https://www.amazon.jobs/en/jobs/10461955/sr-delivery-consultant-ai-ml-wwps-proserve","cleared","top secret"
"Amazon Web Services (AWS)","Amazon Jobs","Forward Deployed Engineering Manager, FDE US Government","team-aws-sdm","","Arlington, VA","US (CONUS)","Full-time","","","","","https://www.amazon.jobs/en/jobs/10517563/forward-deployed-engineering-manager-fde-us-government","cleared","ts/sci"
"Amazon Web Services (AWS)","Amazon Jobs","Forward Deployed Engineering Manager, FDE US Government","team-aws-sdm","","Arlington, VA","US (CONUS)","Full-time","","","","","https://www.amazon.jobs/en/jobs/10517564/forward-deployed-engineering-manager-fde-us-government","cleared","ts/sci"
"Amazon Web Services (AWS)","Amazon Jobs","Sr Forward Deployed Engineer, FDE US Government","team-sde-primary","","Arlington, VA","US (CONUS)","Full-time","","","","","https://www.amazon.jobs/en/jobs/10517566/sr-forward-deployed-engineer-fde-us-government","cleared","ts/sci"
"Amazon Web Services (AWS)","Amazon Jobs","Amazon Dedicated Cloud Engineer II, Region Reliability Engineering & Automation","team-government-cloud","","Jessup, MD","US (CONUS)","Full-time","","","","","https://www.amazon.jobs/en/jobs/10467028/amazon-dedicated-cloud-engineer-ii-region-reliability-engineering-automation","cleared","ts/sci"
"Amazon Web Services (AWS)","Amazon Jobs","Cleared Project Design Elec Engineer, ADC Fleet Remediation Engineering","team-support","","Herndon, VA","US (CONUS)","Full-time","","","","","https://www.amazon.jobs/en/jobs/10371377/cleared-project-design-elec-engineer-adc-fleet-remediation-engineering","cleared","ts/sci"
"Amazon Web Services (AWS)","Amazon Jobs","Senior Applied AI Solutions Architect, Federal Financial","team-public-sector","","Arlington, VA","US (CONUS)","Full-time","","","","","https://www.amazon.jobs/en/jobs/10401999/senior-applied-ai-solutions-architect-federal-financial","cleared","security clearance"
"Amazon Web Services (AWS)","Amazon Jobs","Sr. Delivery Consultant, WWPS ProServe US Federal Civilian","team-pro-serv","","Arlington, VA","US (CONUS)","Full-time","","","","","https://www.amazon.jobs/en/jobs/10449254/sr-delivery-consultant-wwps-proserve-us-federal-civilian","cleared","security clearance"
"Amazon Web Services (AWS)","Amazon Jobs","Sr. Controls Engineer","team-design-primary","","Herndon, VA","US (CONUS)","Full-time","","","","","https://www.amazon.jobs/en/jobs/10386833/sr-controls-engineer","cleared","ts/sci"
"Amazon Web Services (AWS)","Amazon Jobs","Senior Solutions Architect, Global Defense Partners","team-public-sector","","Arlington, VA","US (CONUS)","Full-time","","","","","https://www.amazon.jobs/en/jobs/10447844/senior-solutions-architect-global-defense-partners","cleared","ts/sci"
"Amazon Web Services (AWS)","Amazon Jobs","Sr. Delivery Consultant, WWPS ProServe","team-pro-serv","","Jessup, MD","US (CONUS)","Full-time","","","","","https://www.amazon.jobs/en/jobs/10378081/sr-delivery-consultant-wwps-proserve","cleared","ts/sci"
"Amazon Web Services (AWS)","Amazon Jobs","Cloud Solutions Consultant, National Security (NatSec) Professional Services (ProServe)","team-pro-serv","","Jessup, MD","US (CONUS)","Full-time","","","","","https://www.amazon.jobs/en/jobs/10418038/cloud-solutions-consultant-national-security-natsec-professional-services-proserve","cleared","ts/sci"
"Amazon Web Services (AWS)","Amazon Jobs","Sr Partner Development Mgr, Global ISV Partners","team-public-sector","","Arlington, VA","US (CONUS)","Full-time","","","","","https://www.amazon.jobs/en/jobs/10447779/sr-partner-development-mgr-global-isv-partners","cleared","ts/sci"
"Amazon Web Services (AWS)","Amazon Jobs","Principal Delivery Consultant - Security, WWPS ProServe Security ","team-pro-serv","","Herndon, VA","US (CONUS)","Full-time","","","","","https://www.amazon.jobs/en/jobs/10458740/principal-delivery-consultant-security-wwps-proserve-security","cleared","ts/sci"
"Amazon Web Services (AWS)","Amazon Jobs","Associate Delivery Consultant - AIML, Professional Services A2C Delivery","team-pro-serv","","Jessup, MD","US (CONUS)","Full-time","","","","","https://www.amazon.jobs/en/jobs/10471861/associate-delivery-consultant-aiml-professional-services-a2c-delivery","cleared","ts/sci"
"Amazon Web Services (AWS)","Amazon Jobs","Sr Delivery Consultant, WWPS ProServe Federal Civilian","team-pro-serv","","Herndon, VA","US (CONUS)","Full-time","","","","","https://www.amazon.jobs/en/jobs/10487113/sr-delivery-consultant-wwps-proserve-federal-civilian","cleared","security clearance"
"Amazon Web Services (AWS)","Amazon Jobs","Business Operations Analyst, WWPS Partners & WW A&S","team-public-sector","","Arlington, VA","US (CONUS)","Full-time","","","","","https://www.amazon.jobs/en/jobs/10514545/business-operations-analyst-wwps-partners-ww-a-s","cleared","ts/sci"
"Amazon Web Services (AWS)","Amazon Jobs","Associate Delivery Consultant - Security, ProServe A2C Delivery, A2C","team-pro-serv","","Arlington, VA","US (CONUS)","Full-time","","","","","https://www.amazon.jobs/en/jobs/10471862/associate-delivery-consultant-security-proserve-a2c-delivery-a2c","cleared","ts/sci"
"Amazon Web Services (AWS)","Amazon Jobs","Senior Security Solutions Architect  , AWS Global Government SA Specialists","team-public-sector","","Arlington, VA","US (CONUS)","Full-time","","","","","https://www.amazon.jobs/en/jobs/10454889/senior-security-solutions-architect-aws-global-government-sa-specialists","cleared","top secret"
"Amazon Web Services (AWS)","Amazon Jobs","Sr Technical Program Manager, AWS Supply Chain Enablement","team-program-management-primary","","Arlington, VA","US (CONUS)","Full-time","","","","","https://www.amazon.jobs/en/jobs/10415307/sr-technical-program-manager-aws-supply-chain-enablement","cleared","ts/sci"
"Amazon Web Services (AWS)","Amazon Jobs","Delivery Consultant- AI/ML, Data & Machine Learning (DML)","team-pro-serv","","Herndon, VA","US (CONUS)","Full-time","","","","","https://www.amazon.jobs/en/jobs/10471795/delivery-consultant-ai-ml-data-machine-learning-dml","cleared","ts/sci"
"Amazon Web Services (AWS)","Amazon Jobs","Delivery Consultant- AI/ML, Data & Machine Learning (DML)","team-pro-serv","","Arlington, VA","US (CONUS)","Full-time","","","","","https://www.amazon.jobs/en/jobs/10471794/delivery-consultant-ai-ml-data-machine-learning-dml","cleared","ts/sci"
"Amazon Web Services (AWS)","Amazon Jobs","Business Operations Manager, Enterprise Support Strategy & Operations (ESSO)","team-sales-primary","","Arlington, VA","US (CONUS)","Full-time","","","","","https://www.amazon.jobs/en/jobs/10504954/business-operations-manager-enterprise-support-strategy-operations-esso","cleared","top secret"
"Amazon Web Services (AWS)","Amazon Jobs","Sr. Specialist Solutions Architect for Data & AI, Global Government","team-public-sector","","Herndon, VA","US (CONUS)","Full-time","","","","","https://www.amazon.jobs/en/jobs/10471005/sr-specialist-solutions-architect-for-data-ai-global-government","cleared","top secret"
"Amazon Web Services (AWS)","Amazon Jobs","Sr. Solutions Architect, Storage, Global Government","team-public-sector","","Herndon, VA","US (CONUS)","Full-time","","","","","https://www.amazon.jobs/en/jobs/10491495/sr-solutions-architect-storage-global-government","cleared","top secret"
"Amazon Web Services (AWS)","Amazon Jobs","Generative AI Solutions Architect, AWS Global Government Specialist SA","team-public-sector","","Arlington, VA","US (CONUS)","Full-time","","","","","https://www.amazon.jobs/en/jobs/10502569/generative-ai-solutions-architect-aws-global-government-specialist-sa","cleared","top secret"
"Amazon Web Services (AWS)","Amazon Jobs","Solutions Architect, WWPS Fed-Civ","team-public-sector","","Arlington, VA","US (CONUS)","Full-time","","","","","https://www.amazon.jobs/en/jobs/10476303/solutions-architect-wwps-fed-civ","cleared","ts/sci"
"Amazon Web Services (AWS)","Amazon Jobs","Technical Infra Prog. Manager II, ADC Networking Scaling and Deployment","team-program-management-primary","","Arlington, VA","US (CONUS)","Full-time","","","","","https://www.amazon.jobs/en/jobs/10509488/technical-infra-prog-manager-ii-adc-networking-scaling-and-deployment","cleared","ts/sci"
"Amazon Web Services (AWS)","Amazon Jobs","Critical Infrastructure Electrical Engineer, Field Engineering","team-support-engineer-primary","","Culpeper, VA","US (CONUS)","Full-time","","","","","https://www.amazon.jobs/en/jobs/10419021/critical-infrastructure-electrical-engineer-field-engineering","cleared","top secret"
"Amazon Web Services (AWS)","Amazon Jobs","Manager, Security Engineering, AWS Security Incident Response","team-security-engineer-primary","","Seattle, WA","US (CONUS)","Full-time","","","","","https://www.amazon.jobs/en/jobs/10432387/manager-security-engineering-aws-security-incident-response","cleared","security clearance"
"Amazon Web Services (AWS)","Amazon Jobs","Senior Applied AI Solutions Architect, Federal Financial","team-public-sector","","Arlington, VA","US (CONUS)","Full-time","","","","","https://www.amazon.jobs/en/jobs/10469940/senior-applied-ai-solutions-architect-federal-financial","cleared","security clearance"
"Amazon Web Services (AWS)","Amazon Jobs","ADC Engineer I, S3+Glacier Unique Regions","team-government-cloud","","Seattle, WA","US (CONUS)","Full-time","","","","","https://www.amazon.jobs/en/jobs/10469206/adc-engineer-i-s3-glacier-unique-regions","cleared","ts/sci"
"Amazon Web Services (AWS)","Amazon Jobs","Customer Solutions Manager, Aerospace and Satellite","team-public-sector","","Denver, CO","US (CONUS)","Full-time","","","","","https://www.amazon.jobs/en/jobs/10451114/customer-solutions-manager-aerospace-and-satellite","cleared","ts/sci"
"Amazon Web Services (AWS)","Amazon Jobs","Prin. ProServe Account Executive, AWS WWPS Professional Services","team-pro-serv","","Herndon, VA","US (CONUS)","Full-time","","","","","https://www.amazon.jobs/en/jobs/10509305/prin-proserve-account-executive-aws-wwps-professional-services","cleared","top secret"
"Amazon Web Services (AWS)","Amazon Jobs","Solutions Architect - AWS WWPS DOD, Joint DoD SA","team-public-sector","","Arlington, VA","US (CONUS)","Full-time","","","","","https://www.amazon.jobs/en/jobs/10489793/solutions-architect-aws-wwps-dod-joint-dod-sa","gov_customer","department of defense"
"Amazon Web Services (AWS)","Amazon Jobs","Associate Delivery Consultant - Security, ProServe A2C Delivery, A2C","team-pro-serv","","Arlington, VA","US (CONUS)","Full-time","","","","","https://www.amazon.jobs/en/jobs/10469294/associate-delivery-consultant-security-proserve-a2c-delivery-a2c","gov_customer","dod"
"Amazon Web Services (AWS)","Amazon Jobs","Engineering Operations Technician (AWS GovCloud Region)","team-support-engineer-primary","","Boardman, OR","US (CONUS)","Full-time","","","","","https://www.amazon.jobs/en/jobs/10499285/engineering-operations-technician-aws-govcloud-region","gov_customer","govcloud"
"Amazon Web Services (AWS)","Amazon Jobs","Engineering Operations Technician (AWS GovCloud Region)","team-support-engineer-primary","","Boardman, OR","US (CONUS)","Full-time","","","","","https://www.amazon.jobs/en/jobs/10499288/engineering-operations-technician-aws-govcloud-region","gov_customer","govcloud"
"Amazon Web Services (AWS)","Amazon Jobs","Engineering Operations Technician (AWS GovCloud Region)","team-support-engineer-primary","","Boardman, OR","US (CONUS)","Full-time","","","","","https://www.amazon.jobs/en/jobs/10499287/engineering-operations-technician-aws-govcloud-region","gov_customer","govcloud"
"Amazon Web Services (AWS)","Amazon Jobs","Engineering Operations Technician (AWS GovCloud Region)","team-support-engineer-primary","","Boardman, OR","US (CONUS)","Full-time","","","","","https://www.amazon.jobs/en/jobs/10499289/engineering-operations-technician-aws-govcloud-region","gov_customer","govcloud"
"Amazon Web Services (AWS)","Amazon Jobs","Engineering Operations Technician (AWS GovCloud Region)","team-support-engineer-primary","","Boardman, OR","US (CONUS)","Full-time","","","","","https://www.amazon.jobs/en/jobs/10499283/engineering-operations-technician-aws-govcloud-region","gov_customer","govcloud"
"Amazon Web Services (AWS)","Amazon Jobs","DCEO Engr 3","team-support-engineer-primary","","Boardman, OR","US (CONUS)","Full-time","","","","","https://www.amazon.jobs/en/jobs/10494565/dceo-engr-3","gov_customer","govcloud"
"Amazon Web Services (AWS)","Amazon Jobs","DCEO Engr 3","team-support-engineer-primary","","Boardman, OR","US (CONUS)","Full-time","","","","","https://www.amazon.jobs/en/jobs/10497985/dceo-engr-3","gov_customer","govcloud"
"Amazon Web Services (AWS)","Amazon Jobs","Data Center Chief Engineer ","team-support","","Hermiston, OR","US (CONUS)","Full-time","","","","","https://www.amazon.jobs/en/jobs/10436038/data-center-chief-engineer","gov_customer","govcloud"
"Amazon Web Services (AWS)","Amazon Jobs","Data Center Technician, DCC Communities ","team-administrative-support-primary","","Boardman, OR","US (CONUS)","Full-time","","","","","https://www.amazon.jobs/en/jobs/10448901/data-center-technician-dcc-communities","gov_customer","govcloud"
"Amazon Web Services (AWS)","Amazon Jobs","Generator Service Technician, Generator Team","team-no-matching-primary-label-listed","","Boardman, OR","US (CONUS)","Full-time","","","","","https://www.amazon.jobs/en/jobs/10468316/generator-service-technician-generator-team","gov_customer","govcloud"
"Amazon Web Services (AWS)","Amazon Jobs","Commissioning Engineer, Amazon Commissioning","team-support-engineer-primary","","Herndon, VA","US (CONUS)","Full-time","","","","","https://www.amazon.jobs/en/jobs/10455140/commissioning-engineer-amazon-commissioning","gov_customer","govcloud"
"Amazon Web Services (AWS)","Amazon Jobs","Network Install Technician","team-support-engineer-primary","","Hermiston, OR","US (CONUS)","Full-time","","","","","https://www.amazon.jobs/en/jobs/10445823/network-install-technician","gov_customer","govcloud"
"Amazon Web Services (AWS)","Amazon Jobs","Network Install Technician","team-support-engineer-primary","","Hermiston, OR","US (CONUS)","Full-time","","","","","https://www.amazon.jobs/en/jobs/10445865/network-install-technician","gov_customer","govcloud"
"Amazon Web Services (AWS)","Amazon Jobs","Network Install Technician","team-support-engineer-primary","","Hermiston, OR","US (CONUS)","Full-time","","","","","https://www.amazon.jobs/en/jobs/10445867/network-install-technician","gov_customer","govcloud"
"Amazon Web Services (AWS)","Amazon Jobs","Network Install Technician","team-support-engineer-primary","","Hermiston, OR","US (CONUS)","Full-time","","","","","https://www.amazon.jobs/en/jobs/10445828/network-install-technician","gov_customer","govcloud"
"Amazon Web Services (AWS)","Amazon Jobs","Network Install Technician","team-support-engineer-primary","","Hermiston, OR","US (CONUS)","Full-time","","","","","https://www.amazon.jobs/en/jobs/10445845/network-install-technician","gov_customer","govcloud"
"Amazon Web Services (AWS)","Amazon Jobs","Network Install Technician","team-support-engineer-primary","","Hermiston, OR","US (CONUS)","Full-time","","","","","https://www.amazon.jobs/en/jobs/10445863/network-install-technician","gov_customer","govcloud"
"Amazon Web Services (AWS)","Amazon Jobs","Network Install Technician","team-support-engineer-primary","","Hermiston, OR","US (CONUS)","Full-time","","","","","https://www.amazon.jobs/en/jobs/10445870/network-install-technician","gov_customer","govcloud"
"Amazon Web Services (AWS)","Amazon Jobs","Program Manager AWS DC Ops, Program Manager DC Operations, ATL150","team-it-services","","Hampton, GA","US (CONUS)","Full-time","","","","","https://www.amazon.jobs/en/jobs/10510423/program-manager-aws-dc-ops-program-manager-dc-operations-atl150","gov_customer","govcloud"
"Amazon Web Services (AWS)","Amazon Jobs","Data Center Technician, DCC Communities","team-support-engineer-primary","","Wink, TX","US (CONUS)","Full-time","","","","","https://www.amazon.jobs/en/jobs/10444684/data-center-technician-dcc-communities","gov_customer","govcloud"
"Amazon Web Services (AWS)","Amazon Jobs","Data Center Technician, DCC Communities","team-support-engineer-primary","","Boardman, OR","US (CONUS)","Full-time","","","","","https://www.amazon.jobs/en/jobs/10444680/data-center-technician-dcc-communities","gov_customer","govcloud"
"Amazon Web Services (AWS)","Amazon Jobs","Data Center Technician, DCC Communities","team-support-engineer-primary","","Pdx170, OR","US (CONUS)","Full-time","","","","","https://www.amazon.jobs/en/jobs/10444683/data-center-technician-dcc-communities","gov_customer","govcloud"
"Amazon Web Services (AWS)","Amazon Jobs","Network Install Technician","team-administrative-support-primary","","Hermiston, OR","US (CONUS)","Full-time","","","","","https://www.amazon.jobs/en/jobs/10413007/network-install-technician","gov_customer","govcloud"
"Amazon Web Services (AWS)","Amazon Jobs","Data Center Operations Area Manager","team-support-engineer-primary","","Hermiston, OR","US (CONUS)","Full-time","","","","","https://www.amazon.jobs/en/jobs/10493487/data-center-operations-area-manager","gov_customer","govcloud"
"Amazon Web Services (AWS)","Amazon Jobs","Commissioning Engineer","team-support-engineer-primary","","Umatilla, OR","US (CONUS)","Full-time","","","","","https://www.amazon.jobs/en/jobs/10455139/commissioning-engineer","gov_customer","govcloud"
"Amazon Web Services (AWS)","Amazon Jobs","Data Center Technician, DCC Communities","team-support-engineer-primary","","Boardman, OR","US (CONUS)","Full-time","","","","","https://www.amazon.jobs/en/jobs/10444703/data-center-technician-dcc-communities","gov_customer","govcloud"
"Amazon Web Services (AWS)","Amazon Jobs","Data Center Technician, DCC Communities","team-support-engineer-primary","","Pdx170, OR","US (CONUS)","Full-time","","","","","https://www.amazon.jobs/en/jobs/10444672/data-center-technician-dcc-communities","gov_customer","govcloud"
"Amazon Web Services (AWS)","Amazon Jobs","Data Center Technician, DCC Communities","team-support-engineer-primary","","Pdx170, OR","US (CONUS)","Full-time","","","","","https://www.amazon.jobs/en/jobs/10444678/data-center-technician-dcc-communities","gov_customer","govcloud"
"Amazon Web Services (AWS)","Amazon Jobs","Data Center Technician, DCC Communities","team-support-engineer-primary","","Pdx170, OR","US (CONUS)","Full-time","","","","","https://www.amazon.jobs/en/jobs/10444691/data-center-technician-dcc-communities","gov_customer","govcloud"
"Amazon Web Services (AWS)","Amazon Jobs","Data Center Technician, DCC Communities","team-support-engineer-primary","","Pdx170, OR","US (CONUS)","Full-time","","","","","https://www.amazon.jobs/en/jobs/10444693/data-center-technician-dcc-communities","gov_customer","govcloud"
"Amazon Web Services (AWS)","Amazon Jobs","Network Install Technician","team-administrative-support-primary","","Hermiston, OR","US (CONUS)","Full-time","","","","","https://www.amazon.jobs/en/jobs/10412993/network-install-technician","gov_customer","govcloud"
"Amazon Web Services (AWS)","Amazon Jobs","Network Install Technician","team-support-engineer-primary","","Hermiston, OR","US (CONUS)","Full-time","","","","","https://www.amazon.jobs/en/jobs/10445822/network-install-technician","gov_customer","govcloud"
"Amazon Web Services (AWS)","Amazon Jobs","Network Install Technician","team-support-engineer-primary","","Hermiston, OR","US (CONUS)","Full-time","","","","","https://www.amazon.jobs/en/jobs/10445824/network-install-technician","gov_customer","govcloud"
"Amazon Web Services (AWS)","Amazon Jobs","Network Install Technician","team-support-engineer-primary","","Hermiston, OR","US (CONUS)","Full-time","","","","","https://www.amazon.jobs/en/jobs/10445848/network-install-technician","gov_customer","govcloud"
"Amazon Web Services (AWS)","Amazon Jobs","Network Install Technician","team-support-engineer-primary","","Hermiston, OR","US (CONUS)","Full-time","","","","","https://www.amazon.jobs/en/jobs/10445853/network-install-technician","gov_customer","govcloud"
"Amazon Web Services (AWS)","Amazon Jobs","Network Install Technician","team-support-engineer-primary","","Hermiston, OR","US (CONUS)","Full-time","","","","","https://www.amazon.jobs/en/jobs/10445864/network-install-technician","gov_customer","govcloud"
"Amazon Web Services (AWS)","Amazon Jobs","Network Install Technician","team-support-engineer-primary","","Hermiston, OR","US (CONUS)","Full-time","","","","","https://www.amazon.jobs/en/jobs/10445851/network-install-technician","gov_customer","govcloud"
"Amazon Web Services (AWS)","Amazon Jobs","Network Install Technician","team-support-engineer-primary","","Hermiston, OR","US (CONUS)","Full-time","","","","","https://www.amazon.jobs/en/jobs/10445826/network-install-technician","gov_customer","govcloud"
"Amazon Web Services (AWS)","Amazon Jobs","Network Install Technician","team-support-engineer-primary","","Hermiston, OR","US (CONUS)","Full-time","","","","","https://www.amazon.jobs/en/jobs/10445827/network-install-technician","gov_customer","govcloud"
"Amazon Web Services (AWS)","Amazon Jobs","Network Install Technician","team-support-engineer-primary","","Hermiston, OR","US (CONUS)","Full-time","","","","","https://www.amazon.jobs/en/jobs/10445871/network-install-technician","gov_customer","govcloud"
"Amazon Web Services (AWS)","Amazon Jobs","Network Install Technician","team-support-engineer-primary","","Hermiston, OR","US (CONUS)","Full-time","","","","","https://www.amazon.jobs/en/jobs/10445849/network-install-technician","gov_customer","govcloud"
"Amazon Web Services (AWS)","Amazon Jobs","Network Install Technician","team-support-engineer-primary","","Hermiston, OR","US (CONUS)","Full-time","","","","","https://www.amazon.jobs/en/jobs/10445872/network-install-technician","gov_customer","govcloud"
"Amazon Web Services (AWS)","Amazon Jobs","Data Center Technician, Data Center Operations","team-support-engineer-primary","","Plain City, OH","US (CONUS)","Full-time","","","","","https://www.amazon.jobs/en/jobs/10503203/data-center-technician-data-center-operations","gov_customer","govcloud"
"Amazon Web Services (AWS)","Amazon Jobs","Data Center Operations Manager  , ATL DCO","team-it-services","","Hampton, GA","US (CONUS)","Full-time","","","","","https://www.amazon.jobs/en/jobs/10491480/data-center-operations-manager-atl-dco","gov_customer","govcloud"
"Amazon Web Services (AWS)","Amazon Jobs","Data Center Technician","team-support","","Umatilla, OR","US (CONUS)","Full-time","","","","","https://www.amazon.jobs/en/jobs/10432990/data-center-technician","gov_customer","govcloud"
"Amazon Web Services (AWS)","Amazon Jobs","Network Install Technician","team-support-engineer-primary","","Hermiston, OR","US (CONUS)","Full-time","","","","","https://www.amazon.jobs/en/jobs/10445846/network-install-technician","gov_customer","govcloud"
"Amazon Web Services (AWS)","Amazon Jobs","Network Install Technician","team-support-engineer-primary","","Hermiston, OR","US (CONUS)","Full-time","","","","","https://www.amazon.jobs/en/jobs/10445844/network-install-technician","gov_customer","govcloud"
"Amazon Web Services (AWS)","Amazon Jobs","Network Install Technician","team-support-engineer-primary","","Hermiston, OR","US (CONUS)","Full-time","","","","","https://www.amazon.jobs/en/jobs/10445855/network-install-technician","gov_customer","govcloud"
"Amazon Web Services (AWS)","Amazon Jobs","Network Install Technician","team-support-engineer-primary","","Hermiston, OR","US (CONUS)","Full-time","","","","","https://www.amazon.jobs/en/jobs/10445821/network-install-technician","gov_customer","govcloud"
"Amazon Web Services (AWS)","Amazon Jobs","Data Center Manager","team-support-engineer-primary","","Boardman, OR","US (CONUS)","Full-time","","","","","https://www.amazon.jobs/en/jobs/10494767/data-center-manager","gov_customer","govcloud"
"Amazon Web Services (AWS)","Amazon Jobs","Network Install Technician","team-administrative-support-primary","","Boardman, OR","US (CONUS)","Full-time","","","","","https://www.amazon.jobs/en/jobs/10385400/network-install-technician","gov_customer","govcloud"
"Amazon Web Services (AWS)","Amazon Jobs","Network Install Technician","team-administrative-support-primary","","Hermiston, OR","US (CONUS)","Full-time","","","","","https://www.amazon.jobs/en/jobs/10436498/network-install-technician","gov_customer","govcloud"
"Amazon Web Services (AWS)","Amazon Jobs","Network Install Technician","team-administrative-support-primary","","Hermiston, OR","US (CONUS)","Full-time","","","","","https://www.amazon.jobs/en/jobs/10427500/network-install-technician","gov_customer","govcloud"
"Amazon Web Services (AWS)","Amazon Jobs","Data Center Facilities Manager","team-support-engineer-primary","","Jeffersonville, OH","US (CONUS)","Full-time","","","","","https://www.amazon.jobs/en/jobs/10473664/data-center-facilities-manager","gov_customer","govcloud"
"Amazon Web Services (AWS)","Amazon Jobs","Data Center Technician, DCC Communities","team-support-engineer-primary","","Pdx170, OR","US (CONUS)","Full-time","","","","","https://www.amazon.jobs/en/jobs/10444674/data-center-technician-dcc-communities","gov_customer","govcloud"
"Amazon Web Services (AWS)","Amazon Jobs","Data Center Technician, DCC Communities","team-support-engineer-primary","","Pdx170, OR","US (CONUS)","Full-time","","","","","https://www.amazon.jobs/en/jobs/10444692/data-center-technician-dcc-communities","gov_customer","govcloud"
"Amazon Web Services (AWS)","Amazon Jobs","Network Install Technician","team-administrative-support-primary","","Hermiston, OR","US (CONUS)","Full-time","","","","","https://www.amazon.jobs/en/jobs/10412963/network-install-technician","gov_customer","govcloud"
"Amazon Web Services (AWS)","Amazon Jobs","Network Install Technician","team-administrative-support-primary","","Hermiston, OR","US (CONUS)","Full-time","","","","","https://www.amazon.jobs/en/jobs/10412755/network-install-technician","gov_customer","govcloud"
"Amazon Web Services (AWS)","Amazon Jobs","Network Install Technician","team-administrative-support-primary","","Hermiston, OR","US (CONUS)","Full-time","","","","","https://www.amazon.jobs/en/jobs/10412979/network-install-technician","gov_customer","govcloud"
"Amazon Web Services (AWS)","Amazon Jobs","Data Center Technician, DCC Communities","team-support-engineer-primary","","Boardman, OR","US (CONUS)","Full-time","","","","","https://www.amazon.jobs/en/jobs/10444685/data-center-technician-dcc-communities","gov_customer","govcloud"
"Amazon Web Services (AWS)","Amazon Jobs","Data Center Technician, DCC Communities","team-support-engineer-primary","","Pdx170, OR","US (CONUS)","Full-time","","","","","https://www.amazon.jobs/en/jobs/10444675/data-center-technician-dcc-communities","gov_customer","govcloud"
"Amazon Web Services (AWS)","Amazon Jobs","Data Center Technician, DCC Communities","team-support-engineer-primary","","Pdx170, OR","US (CONUS)","Full-time","","","","","https://www.amazon.jobs/en/jobs/10444696/data-center-technician-dcc-communities","gov_customer","govcloud"
"Amazon Web Services (AWS)","Amazon Jobs","Data Center Technician, DCC Communities","team-support-engineer-primary","","Pdx170, OR","US (CONUS)","Full-time","","","","","https://www.amazon.jobs/en/jobs/10444688/data-center-technician-dcc-communities","gov_customer","govcloud"
"Amazon Web Services (AWS)","Amazon Jobs","Data Center Technician, DCC Communities","team-support-engineer-primary","","Pdx170, OR","US (CONUS)","Full-time","","","","","https://www.amazon.jobs/en/jobs/10444689/data-center-technician-dcc-communities","gov_customer","govcloud"
"Amazon Web Services (AWS)","Amazon Jobs","Network Install Technician","team-administrative-support-primary","","Hermiston, OR","US (CONUS)","Full-time","","","","","https://www.amazon.jobs/en/jobs/10412970/network-install-technician","gov_customer","govcloud"
"Amazon Web Services (AWS)","Amazon Jobs","Data Center Technician, DCC Communities","team-support-engineer-primary","","Pdx170, OR","US (CONUS)","Full-time","","","","","https://www.amazon.jobs/en/jobs/10444671/data-center-technician-dcc-communities","gov_customer","govcloud"
"Amazon Web Services (AWS)","Amazon Jobs","Data Center Technician, DCC Communities","team-support-engineer-primary","","Pdx170, OR","US (CONUS)","Full-time","","","","","https://www.amazon.jobs/en/jobs/10444695/data-center-technician-dcc-communities","gov_customer","govcloud"
"Amazon Web Services (AWS)","Amazon Jobs","Data Center Technician, DCC Communities","team-support-engineer-primary","","Pdx170, OR","US (CONUS)","Full-time","","","","","https://www.amazon.jobs/en/jobs/10444694/data-center-technician-dcc-communities","gov_customer","govcloud"
"Amazon Web Services (AWS)","Amazon Jobs","Data Center Technician, DCC Communities","team-support-engineer-primary","","Pdx170, OR","US (CONUS)","Full-time","","","","","https://www.amazon.jobs/en/jobs/10444687/data-center-technician-dcc-communities","gov_customer","govcloud"
"Amazon Web Services (AWS)","Amazon Jobs","Data Center Operations Tech IV","team-support-engineer-primary","","Canton, MS","US (CONUS)","Full-time","","","","","https://www.amazon.jobs/en/jobs/10423701/data-center-operations-tech-iv","gov_customer","govcloud"
"Amazon Web Services (AWS)","Amazon Jobs","Data Center Technician, DCC Communities","team-support-engineer-primary","","Pdx170, OR","US (CONUS)","Full-time","","","","","https://www.amazon.jobs/en/jobs/10444670/data-center-technician-dcc-communities","gov_customer","govcloud"
"Amazon Web Services (AWS)","Amazon Jobs","Data Center Technician, DCC Communities","team-support-engineer-primary","","Pdx170, OR","US (CONUS)","Full-time","","","","","https://www.amazon.jobs/en/jobs/10444702/data-center-technician-dcc-communities","gov_customer","govcloud"
"Amazon Web Services (AWS)","Amazon Jobs","Network Install Technician","team-administrative-support-primary","","Hermiston, OR","US (CONUS)","Full-time","","","","","https://www.amazon.jobs/en/jobs/10412989/network-install-technician","gov_customer","govcloud"
"Amazon Web Services (AWS)","Amazon Jobs","Network Install Technician","team-administrative-support-primary","","Hermiston, OR","US (CONUS)","Full-time","","","","","https://www.amazon.jobs/en/jobs/10412984/network-install-technician","gov_customer","govcloud"
"Amazon Web Services (AWS)","Amazon Jobs","Network Install Technician","team-administrative-support-primary","","Hermiston, OR","US (CONUS)","Full-time","","","","","https://www.amazon.jobs/en/jobs/10412973/network-install-technician","gov_customer","govcloud"
"Amazon Web Services (AWS)","Amazon Jobs","Network Install Technician","team-administrative-support-primary","","Hermiston, OR","US (CONUS)","Full-time","","","","","https://www.amazon.jobs/en/jobs/10371833/network-install-technician","gov_customer","govcloud"
"Amazon Web Services (AWS)","Amazon Jobs"," Network Install Technician","team-it-services","","Boardman, OR","US (CONUS)","Full-time","","","","","https://www.amazon.jobs/en/jobs/3197501/network-install-technician","gov_customer","govcloud"
"Amazon Web Services (AWS)","Amazon Jobs","Network Install Technician","team-administrative-support-primary","","Boardman, OR","US (CONUS)","Full-time","","","","","https://www.amazon.jobs/en/jobs/10381538/network-install-technician","gov_customer","govcloud"
"Amazon Web Services (AWS)","Amazon Jobs","Network Install Technician","team-administrative-support-primary","","Boardman, OR","US (CONUS)","Full-time","","","","","https://www.amazon.jobs/en/jobs/10392153/network-install-technician","gov_customer","govcloud"
"Amazon Web Services (AWS)","Amazon Jobs","Network Install Technician","team-administrative-support-primary","","Boardman, OR","US (CONUS)","Full-time","","","","","https://www.amazon.jobs/en/jobs/10392152/network-install-technician","gov_customer","govcloud"
"Amazon Web Services (AWS)","Amazon Jobs","Network Install Technician","team-administrative-support-primary","","Hermiston, OR","US (CONUS)","Full-time","","","","","https://www.amazon.jobs/en/jobs/10376609/network-install-technician","gov_customer","govcloud"
"Amazon Web Services (AWS)","Amazon Jobs","Data Center Engineering Operations Area Manager","team-support-engineer-primary","","Hermiston, OR","US (CONUS)","Full-time","","","","","https://www.amazon.jobs/en/jobs/10379678/data-center-engineering-operations-area-manager","gov_customer","govcloud"
"Amazon Web Services (AWS)","Amazon Jobs","Data Center Facilities Manager","team-support-engineer-primary","","Sparks, NV","US (CONUS)","Full-time","","","","","https://www.amazon.jobs/en/jobs/10474373/data-center-facilities-manager","gov_customer","govcloud"
"Amazon Web Services (AWS)","Amazon Jobs","Data Center Facilities Manager","team-support-engineer-primary","","Sparks, NV","US (CONUS)","Full-time","","","","","https://www.amazon.jobs/en/jobs/10474357/data-center-facilities-manager","gov_customer","govcloud"
"Amazon Web Services (AWS)","Amazon Jobs","Data Center Technician, DCC Communities","team-support-engineer-primary","","Pdx170, OR","US (CONUS)","Full-time","","","","","https://www.amazon.jobs/en/jobs/10444704/data-center-technician-dcc-communities","gov_customer","govcloud"
"Amazon Web Services (AWS)","Amazon Jobs","Data Center Network Deploy Technician, GND Deploy","team-support-engineer-primary","","Manassas, VA","US (CONUS)","Full-time","","","","","https://www.amazon.jobs/en/jobs/10504890/data-center-network-deploy-technician-gnd-deploy","gov_customer","govcloud"
"Amazon Web Services (AWS)","Amazon Jobs","Install Technician","team-administrative-support-primary","","Boardman, OR","US (CONUS)","Full-time","","","","","https://www.amazon.jobs/en/jobs/10519778/install-technician","gov_customer","govcloud"
"Amazon Web Services (AWS)","Amazon Jobs","Infra Delivery Install Technician","team-administrative-support-primary","","Hermiston, OR","US (CONUS)","Full-time","","","","","https://www.amazon.jobs/en/jobs/10425302/infra-delivery-install-technician","gov_customer","govcloud"
"Amazon Web Services (AWS)","Amazon Jobs","Network Install Technician","team-administrative-support-primary","","Boardman, OR","US (CONUS)","Full-time","","","","","https://www.amazon.jobs/en/jobs/10392155/network-install-technician","gov_customer","govcloud"
"Amazon Web Services (AWS)","Amazon Jobs","Network Install Technician","team-support-engineer-primary","","Hermiston, OR","US (CONUS)","Full-time","","","","","https://www.amazon.jobs/en/jobs/10387480/network-install-technician","gov_customer","govcloud"
"Amazon Web Services (AWS)","Amazon Jobs","Network Install Technician","team-support-engineer-primary","","Hermiston, OR","US (CONUS)","Full-time","","","","","https://www.amazon.jobs/en/jobs/10387258/network-install-technician","gov_customer","govcloud"
"Amazon Web Services (AWS)","Amazon Jobs","Network Install Technician","team-support-engineer-primary","","Hermiston, OR","US (CONUS)","Full-time","","","","","https://www.amazon.jobs/en/jobs/10387256/network-install-technician","gov_customer","govcloud"
"Amazon Web Services (AWS)","Amazon Jobs","Data Center Facilities Manager","team-support-engineer-primary","","Sparks, NV","US (CONUS)","Full-time","","","","","https://www.amazon.jobs/en/jobs/10465067/data-center-facilities-manager","gov_customer","govcloud"
"Amazon Web Services (AWS)","Amazon Jobs","Data Center Operations Manager","team-support-engineer-primary","","Wharton, TX","US (CONUS)","Full-time","","","","","https://www.amazon.jobs/en/jobs/10471312/data-center-operations-manager","gov_customer","govcloud"
"Amazon Web Services (AWS)","Amazon Jobs","Data Center Technician","team-support","","Boardman, OR","US (CONUS)","Full-time","","","","","https://www.amazon.jobs/en/jobs/10433275/data-center-technician","gov_customer","govcloud"
"Amazon Web Services (AWS)","Amazon Jobs","Network Install Technician","team-administrative-support-primary","","Hermiston, OR","US (CONUS)","Full-time","","","","","https://www.amazon.jobs/en/jobs/10436501/network-install-technician","gov_customer","govcloud"
"Amazon Web Services (AWS)","Amazon Jobs","Data Center Technician","team-support","","Boardman, OR","US (CONUS)","Full-time","","","","","https://www.amazon.jobs/en/jobs/10525098/data-center-technician","gov_customer","govcloud"
"Amazon Web Services (AWS)","Amazon Jobs","Network Install Technician","team-administrative-support-primary","","Hermiston, OR","US (CONUS)","Full-time","","","","","https://www.amazon.jobs/en/jobs/10436500/network-install-technician","gov_customer","govcloud"
"Amazon Web Services (AWS)","Amazon Jobs","Data Center Technician","team-support","","Boardman, OR","US (CONUS)","Full-time","","","","","https://www.amazon.jobs/en/jobs/10432959/data-center-technician","gov_customer","govcloud"
"Amazon Web Services (AWS)","Amazon Jobs","Data Center Manager (Night Shift)","team-administrative-support-primary","","Manassas, VA","US (CONUS)","Full-time","","","","","https://www.amazon.jobs/en/jobs/10495710/data-center-manager-night-shift","gov_customer","govcloud"
"Amazon Web Services (AWS)","Amazon Jobs","Data Center Manager","team-it-services","","Wink, TX","US (CONUS)","Full-time","","","","","https://www.amazon.jobs/en/jobs/10405020/data-center-manager","gov_customer","govcloud"
"Amazon Web Services (AWS)","Amazon Jobs","Data Center Manager","team-support-engineer-primary","","Berwick, PA","US (CONUS)","Full-time","","","","","https://www.amazon.jobs/en/jobs/10484148/data-center-manager","gov_customer","govcloud"
"Amazon Web Services (AWS)","Amazon Jobs","Data Center Engineering Operations Technician II, CMH58","team-support","","Hilliard, OH","US (CONUS)","Full-time","","","","","https://www.amazon.jobs/en/jobs/10422806/data-center-engineering-operations-technician-ii-cmh58","gov_customer","govcloud"
"Amazon Web Services (AWS)","Amazon Jobs","Data Center Facility Manager, Nights","team-support-engineer-primary","","Berwick, PA","US (CONUS)","Full-time","","","","","https://www.amazon.jobs/en/jobs/10482946/data-center-facility-manager-nights","gov_customer","govcloud"
"Amazon Web Services (AWS)","Amazon Jobs","Data Center Manager, DCO","team-support-engineer-primary","","Hamlet, NC","US (CONUS)","Full-time","","","","","https://www.amazon.jobs/en/jobs/10493367/data-center-manager-dco","gov_customer","govcloud"
"Amazon Web Services (AWS)","Amazon Jobs","Network Deploy Technician III, Global Network Delivery (GND)","team-it-services","","Umatilla, OR","US (CONUS)","Full-time","","","","","https://www.amazon.jobs/en/jobs/10507298/network-deploy-technician-iii-global-network-delivery-gnd","gov_customer","govcloud"
"Amazon Web Services (AWS)","Amazon Jobs","Engineering Operation Technician","team-support","","Boardman, OR","US (CONUS)","Full-time","","","","","https://www.amazon.jobs/en/jobs/10468806/engineering-operation-technician","gov_customer","govcloud"
"Amazon Web Services (AWS)","Amazon Jobs","Engineering Operation Technician","team-support","","Boardman, OR","US (CONUS)","Full-time","","","","","https://www.amazon.jobs/en/jobs/10464267/engineering-operation-technician","gov_customer","govcloud"
"Amazon Web Services (AWS)","Amazon Jobs"," Data Center Technician","team-administrative-support-primary","","Hermiston, OR","US (CONUS)","Full-time","","","","","https://www.amazon.jobs/en/jobs/10440157/data-center-technician","gov_customer","govcloud"
"Amazon Web Services (AWS)","Amazon Jobs","Data Center Technician, DCC Communities","team-support-engineer-primary","","Boardman, OR","US (CONUS)","Full-time","","","","","https://www.amazon.jobs/en/jobs/10387125/data-center-technician-dcc-communities","gov_customer","govcloud"
"Amazon Web Services (AWS)","Amazon Jobs","Data Center Operations Technician","team-administrative-support-primary","","Boardman, OR","US (CONUS)","Full-time","","","","","https://www.amazon.jobs/en/jobs/10410326/data-center-operations-technician","gov_customer","govcloud"
"Amazon Web Services (AWS)","Amazon Jobs","Data Center Operations Technician","team-administrative-support-primary","","Boardman, OR","US (CONUS)","Full-time","","","","","https://www.amazon.jobs/en/jobs/10378561/data-center-operations-technician","gov_customer","govcloud"
"Amazon Web Services (AWS)","Amazon Jobs","Data Center Technician","team-support","","Boardman, OR","US (CONUS)","Full-time","","","","","https://www.amazon.jobs/en/jobs/10433277/data-center-technician","gov_customer","govcloud"
"Amazon Web Services (AWS)","Amazon Jobs","Logistics Manager II, Data Center Materials, Logistics - Data Center Operations","team-support-engineer-primary","","Hampton, GA","US (CONUS)","Full-time","","","","","https://www.amazon.jobs/en/jobs/10490961/logistics-manager-ii-data-center-materials-logistics-data-center-operations","gov_customer","govcloud"
"Amazon Web Services (AWS)","Amazon Jobs","Data Center Technician","team-support","","Boardman, OR","US (CONUS)","Full-time","","","","","https://www.amazon.jobs/en/jobs/10433273/data-center-technician","gov_customer","govcloud"
"Amazon Web Services (AWS)","Amazon Jobs","Cable Installation Technician, Infra - GND, GND Cabling Team","team-support","","Berwick, PA","US (CONUS)","Full-time","","","","","https://www.amazon.jobs/en/jobs/3206622/cable-installation-technician-infra-gnd-gnd-cabling-team","gov_customer","govcloud"
"Amazon Web Services (AWS)","Amazon Jobs","Infra Delivery Install Technician","team-administrative-support-primary","","Hermiston, OR","US (CONUS)","Full-time","","","","","https://www.amazon.jobs/en/jobs/10425295/infra-delivery-install-technician","gov_customer","govcloud"
"Amazon Web Services (AWS)","Amazon Jobs","Network Install Technician","team-it-services","","Boardman, OR","US (CONUS)","Full-time","","","","","https://www.amazon.jobs/en/jobs/10371847/network-install-technician","gov_customer","govcloud"
"Amazon Web Services (AWS)","Amazon Jobs","Network Install Technician","team-administrative-support-primary","","Hermiston, OR","US (CONUS)","Full-time","","","","","https://www.amazon.jobs/en/jobs/10468432/network-install-technician","gov_customer","govcloud"
"Amazon Web Services (AWS)","Amazon Jobs","Network Install Technician","team-support-engineer-primary","","Hermiston, OR","US (CONUS)","Full-time","","","","","https://www.amazon.jobs/en/jobs/10387475/network-install-technician","gov_customer","govcloud"
"Amazon Web Services (AWS)","Amazon Jobs","Data Center Manager (Night Shift)","team-administrative-support-primary","","Umatilla, OR","US (CONUS)","Full-time","","","","","https://www.amazon.jobs/en/jobs/10467819/data-center-manager-night-shift","gov_customer","govcloud"
"Amazon Web Services (AWS)","Amazon Jobs","Network Install Technician","team-administrative-support-primary","","Hermiston, OR","US (CONUS)","Full-time","","","","","https://www.amazon.jobs/en/jobs/10468438/network-install-technician","gov_customer","govcloud"
"Amazon Web Services (AWS)","Amazon Jobs","Data Center Operations Manager (Night)","team-administrative-support-primary","","Boardman, OR","US (CONUS)","Full-time","","","","","https://www.amazon.jobs/en/jobs/3195767/data-center-operations-manager-night","gov_customer","govcloud"
"Amazon Web Services (AWS)","Amazon Jobs","Network Install Technician","team-support-engineer-primary","","Hermiston, OR","US (CONUS)","Full-time","","","","","https://www.amazon.jobs/en/jobs/10387469/network-install-technician","gov_customer","govcloud"
"Amazon Web Services (AWS)","Amazon Jobs","Network Install Technician","team-support-engineer-primary","","Hermiston, OR","US (CONUS)","Full-time","","","","","https://www.amazon.jobs/en/jobs/10387477/network-install-technician","gov_customer","govcloud"
"Amazon Web Services (AWS)","Amazon Jobs","Network Install Technician","team-support-engineer-primary","","Hermiston, OR","US (CONUS)","Full-time","","","","","https://www.amazon.jobs/en/jobs/10387259/network-install-technician","gov_customer","govcloud"
"Amazon Web Services (AWS)","Amazon Jobs","Data Center Infrastructure Delivery Manager  ","team-support-engineer-primary","","Hamlet, NC","US (CONUS)","Full-time","","","","","https://www.amazon.jobs/en/jobs/10483984/data-center-infrastructure-delivery-manager","gov_customer","govcloud"
"Amazon Web Services (AWS)","Amazon Jobs","Network Install Technician","team-support-engineer-primary","","Hermiston, OR","US (CONUS)","Full-time","","","","","https://www.amazon.jobs/en/jobs/10387276/network-install-technician","gov_customer","govcloud"
"Amazon Web Services (AWS)","Amazon Jobs","Network Install Technician","team-administrative-support-primary","","Hermiston, OR","US (CONUS)","Full-time","","","","","https://www.amazon.jobs/en/jobs/10468436/network-install-technician","gov_customer","govcloud"
"Amazon Web Services (AWS)","Amazon Jobs","Network Install Technician","team-administrative-support-primary","","Hermiston, OR","US (CONUS)","Full-time","","","","","https://www.amazon.jobs/en/jobs/10387473/network-install-technician","gov_customer","govcloud"
"Amazon Web Services (AWS)","Amazon Jobs","Network Install Technician","team-support-engineer-primary","","Hermiston, OR","US (CONUS)","Full-time","","","","","https://www.amazon.jobs/en/jobs/10387262/network-install-technician","gov_customer","govcloud"
"Amazon Web Services (AWS)","Amazon Jobs","CMMS Engineer","team-support","","New Carlisle, IN","US (CONUS)","Full-time","","","","","https://www.amazon.jobs/en/jobs/10502601/cmms-engineer","gov_customer","govcloud"
"Amazon Web Services (AWS)","Amazon Jobs","Data Center Facilities Manager","team-support-engineer-primary","","Wink, TX","US (CONUS)","Full-time","","","","","https://www.amazon.jobs/en/jobs/10496911/data-center-facilities-manager","gov_customer","govcloud"
"Amazon Web Services (AWS)","Amazon Jobs","Physical Security Program Manager , DC Security AMER C","team-program-management-primary","","Jeffersonville, OH","US (CONUS)","Full-time","","","","","https://www.amazon.jobs/en/jobs/3203638/physical-security-program-manager-dc-security-amer-c","gov_customer","govcloud"
"Amazon Web Services (AWS)","Amazon Jobs","Physical Security Program Manager, DC Security AMER C","team-program-management-primary","","New Carlisle, IN","US (CONUS)","Full-time","","","","","https://www.amazon.jobs/en/jobs/3161380/physical-security-program-manager-dc-security-amer-c","gov_customer","govcloud"
"Amazon Web Services (AWS)","Amazon Jobs","Network Install Technician","team-administrative-support-primary","","Hermiston, OR","US (CONUS)","Full-time","","","","","https://www.amazon.jobs/en/jobs/10468434/network-install-technician","gov_customer","govcloud"
"Amazon Web Services (AWS)","Amazon Jobs","Data Center Facility Manager","team-support","","Johnstown, OH","US (CONUS)","Full-time","","","","","https://www.amazon.jobs/en/jobs/10521947/data-center-facility-manager","gov_customer","govcloud"
"Amazon Web Services (AWS)","Amazon Jobs","Data Center Facilities Manager","team-support-engineer-primary","","Sparks, NV","US (CONUS)","Full-time","","","","","https://www.amazon.jobs/en/jobs/10474356/data-center-facilities-manager","gov_customer","govcloud"
"Amazon Web Services (AWS)","Amazon Jobs","CMMS Engineer","team-support","","Sparks, NV","US (CONUS)","Full-time","","","","","https://www.amazon.jobs/en/jobs/10464697/cmms-engineer","gov_customer","govcloud"
"Amazon Web Services (AWS)","Amazon Jobs","Data Center Operations Manager","team-support-engineer-primary","","Wharton, TX","US (CONUS)","Full-time","","","","","https://www.amazon.jobs/en/jobs/10471317/data-center-operations-manager","gov_customer","govcloud"
"Amazon Web Services (AWS)","Amazon Jobs","Data Center Nights Manager ","team-support-engineer-primary","","Sparks, NV","US (CONUS)","Full-time","","","","","https://www.amazon.jobs/en/jobs/10510214/data-center-nights-manager","gov_customer","govcloud"
"Amazon Web Services (AWS)","Amazon Jobs","Data Center Operations Manager, Data Center Ops (DCO)","team-it-services","","Canton, MS","US (CONUS)","Full-time","","","","","https://www.amazon.jobs/en/jobs/10486733/data-center-operations-manager-data-center-ops-dco","gov_customer","govcloud"
"Amazon Web Services (AWS)","Amazon Jobs","Data Center Facility Manager","team-support-engineer-primary","","Louisa, VA","US (CONUS)","Full-time","","","","","https://www.amazon.jobs/en/jobs/10523643/data-center-facility-manager","gov_customer","govcloud"
"Amazon Web Services (AWS)","Amazon Jobs","Data Center Infrastructure Delivery Manager, Infra Delivery Manager ","team-it-services","","Canton, MS","US (CONUS)","Full-time","","","","","https://www.amazon.jobs/en/jobs/10482893/data-center-infrastructure-delivery-manager-infra-delivery-manager","gov_customer","govcloud"
"Amazon Web Services (AWS)","Amazon Jobs","Engineering Operation Technician","team-administrative-support-primary","","San Francisco, CA","US (CONUS)","Full-time","","","","","https://www.amazon.jobs/en/jobs/10411716/engineering-operation-technician","gov_customer","govcloud"
"Amazon Web Services (AWS)","Amazon Jobs","Data Center Technician, DCC Communities","team-support-engineer-primary","","Boardman, OR","US (CONUS)","Full-time","","","","","https://www.amazon.jobs/en/jobs/10387123/data-center-technician-dcc-communities","gov_customer","govcloud"
"Amazon Web Services (AWS)","Amazon Jobs"," Data Center Technician","team-administrative-support-primary","","Hermiston, OR","US (CONUS)","Full-time","","","","","https://www.amazon.jobs/en/jobs/10378553/data-center-technician","gov_customer","govcloud"
"Amazon Web Services (AWS)","Amazon Jobs","Data Center Manager, DCO Manager","team-administrative-support-primary","","Boardman, OR","US (CONUS)","Full-time","","","","","https://www.amazon.jobs/en/jobs/10513119/data-center-manager-dco-manager","gov_customer","govcloud"
"Amazon Web Services (AWS)","Amazon Jobs","Network Install Technician","team-administrative-support-primary","","Hermiston, OR","US (CONUS)","Full-time","","","","","https://www.amazon.jobs/en/jobs/10468429/network-install-technician","gov_customer","govcloud"
"Amazon Web Services (AWS)","Amazon Jobs","Network Install Technician","team-support-engineer-primary","","Hermiston, OR","US (CONUS)","Full-time","","","","","https://www.amazon.jobs/en/jobs/10387265/network-install-technician","gov_customer","govcloud"
"Amazon Web Services (AWS)","Amazon Jobs","Network Install Technician","team-administrative-support-primary","","Hermiston, OR","US (CONUS)","Full-time","","","","","https://www.amazon.jobs/en/jobs/10385415/network-install-technician","gov_customer","govcloud"
"Amazon Web Services (AWS)","Amazon Jobs","Network Install Technician","team-administrative-support-primary","","Hermiston, OR","US (CONUS)","Full-time","","","","","https://www.amazon.jobs/en/jobs/10376605/network-install-technician","gov_customer","govcloud"
"Amazon Web Services (AWS)","Amazon Jobs","Data Center Facilities Manager ","team-support-engineer-primary","","Manassas, VA","US (CONUS)","Full-time","","","","","https://www.amazon.jobs/en/jobs/10525941/data-center-facilities-manager","gov_customer","govcloud"
"Amazon Web Services (AWS)","Amazon Jobs","Data Center Facilities Manager","team-support-engineer-primary","","Sparks, NV","US (CONUS)","Full-time","","","","","https://www.amazon.jobs/en/jobs/10474361/data-center-facilities-manager","gov_customer","govcloud"
"Amazon Web Services (AWS)","Amazon Jobs","Data Center Technician, Human Resources","team-it-services","","New Carlisle, IN","US (CONUS)","Full-time","","","","","https://www.amazon.jobs/en/jobs/10427682/data-center-technician-human-resources","gov_customer","govcloud"
"Amazon Web Services (AWS)","Amazon Jobs","Data Center Technician - Nights","team-it-services","","Boardman, OR","US (CONUS)","Full-time","","","","","https://www.amazon.jobs/en/jobs/3197419/data-center-technician-nights","gov_customer","govcloud"
"Amazon Web Services (AWS)","Amazon Jobs","Data Center Technician - Nights","team-it-services","","Boardman, OR","US (CONUS)","Full-time","","","","","https://www.amazon.jobs/en/jobs/3197335/data-center-technician-nights","gov_customer","govcloud"
"Amazon Web Services (AWS)","Amazon Jobs","Data Center Technician, Human Resources","team-it-services","","Boardman, OR","US (CONUS)","Full-time","","","","","https://www.amazon.jobs/en/jobs/10430644/data-center-technician-human-resources","gov_customer","govcloud"
"Amazon Web Services (AWS)","Amazon Jobs","Data Center Technician, Human Resources","team-it-services","","Boardman, OR","US (CONUS)","Full-time","","","","","https://www.amazon.jobs/en/jobs/10428121/data-center-technician-human-resources","gov_customer","govcloud"
"Amazon Web Services (AWS)","Amazon Jobs","Data Center Technician, DCC Communities","team-support-engineer-primary","","Boardman, OR","US (CONUS)","Full-time","","","","","https://www.amazon.jobs/en/jobs/10387107/data-center-technician-dcc-communities","gov_customer","govcloud"
"Amazon Web Services (AWS)","Amazon Jobs","Data Center Technician","team-it-services","","Boardman, OR","US (CONUS)","Full-time","","","","","https://www.amazon.jobs/en/jobs/10409292/data-center-technician","gov_customer","govcloud"
"Amazon Web Services (AWS)","Amazon Jobs","Data Center Chief Engineer ","team-support","","Boardman, OR","US (CONUS)","Full-time","","","","","https://www.amazon.jobs/en/jobs/10400061/data-center-chief-engineer","gov_customer","govcloud"
"Amazon Web Services (AWS)","Amazon Jobs","Data Center Technician","team-it-services","","Boardman, OR","US (CONUS)","Full-time","","","","","https://www.amazon.jobs/en/jobs/3201652/data-center-technician","gov_customer","govcloud"
"Amazon Web Services (AWS)","Amazon Jobs","Data Center Operations Manager (Nights), Data Center Operations","team-support","","Dublin, OH","US (CONUS)","Full-time","","","","","https://www.amazon.jobs/en/jobs/10480708/data-center-operations-manager-nights-data-center-operations","gov_customer","govcloud"
"Amazon Web Services (AWS)","Amazon Jobs","Data Center Facilities Manager (Night Shift)","team-support","","Manassas, VA","US (CONUS)","Full-time","","","","","https://www.amazon.jobs/en/jobs/10383939/data-center-facilities-manager-night-shift","gov_customer","govcloud"
"Amazon Web Services (AWS)","Amazon Jobs","Data Center Infrastructure Delivery Manager, Infrastructure Delivery","team-support-engineer-primary","","Herndon, VA","US (CONUS)","Full-time","","","","","https://www.amazon.jobs/en/jobs/10459747/data-center-infrastructure-delivery-manager-infrastructure-delivery","gov_customer","govcloud"
"Amazon Web Services (AWS)","Amazon Jobs","Data Center Facilities Manager , AWS Opportunity for Military Community","team-no-matching-primary-label-listed","","Jeffersonville, OH","US (CONUS)","Full-time","","","","","https://www.amazon.jobs/en/jobs/10378667/data-center-facilities-manager-aws-opportunity-for-military-community","gov_customer","govcloud"
"Amazon Web Services (AWS)","Amazon Jobs"," Data Center Technician","team-administrative-support-primary","","Hermiston, OR","US (CONUS)","Full-time","","","","","https://www.amazon.jobs/en/jobs/10440148/data-center-technician","gov_customer","govcloud"
"Amazon Web Services (AWS)","Amazon Jobs","Data Center Technician, DCC Communities","team-support-engineer-primary","","Boardman, OR","US (CONUS)","Full-time","","","","","https://www.amazon.jobs/en/jobs/10387127/data-center-technician-dcc-communities","gov_customer","govcloud"
"Amazon Web Services (AWS)","Amazon Jobs","Data Center Operations Technician","team-administrative-support-primary","","Boardman, OR","US (CONUS)","Full-time","","","","","https://www.amazon.jobs/en/jobs/10400102/data-center-operations-technician","gov_customer","govcloud"
"Amazon Web Services (AWS)","Amazon Jobs","Data Center Operations Technician","team-administrative-support-primary","","Boardman, OR","US (CONUS)","Full-time","","","","","https://www.amazon.jobs/en/jobs/10415298/data-center-operations-technician","gov_customer","govcloud"
"Amazon Web Services (AWS)","Amazon Jobs","Data Center Technician, DCC Communities","team-support-engineer-primary","","Boardman, OR","US (CONUS)","Full-time","","","","","https://www.amazon.jobs/en/jobs/10387124/data-center-technician-dcc-communities","gov_customer","govcloud"
"Amazon Web Services (AWS)","Amazon Jobs","Data Center Operations Technician","team-administrative-support-primary","","Boardman, OR","US (CONUS)","Full-time","","","","","https://www.amazon.jobs/en/jobs/10410435/data-center-operations-technician","gov_customer","govcloud"
"Amazon Web Services (AWS)","Amazon Jobs","Data Center Technician, DCC Communities","team-support-engineer-primary","","Boardman, OR","US (CONUS)","Full-time","","","","","https://www.amazon.jobs/en/jobs/10387137/data-center-technician-dcc-communities","gov_customer","govcloud"
"Amazon Web Services (AWS)","Amazon Jobs","Network Install Technician","team-administrative-support-primary","","Hermiston, OR","US (CONUS)","Full-time","","","","","https://www.amazon.jobs/en/jobs/10371826/network-install-technician","gov_customer","govcloud"
"Amazon Web Services (AWS)","Amazon Jobs","Network Install Technician","team-administrative-support-primary","","Hermiston, OR","US (CONUS)","Full-time","","","","","https://www.amazon.jobs/en/jobs/10378327/network-install-technician","gov_customer","govcloud"
"Amazon Web Services (AWS)","Amazon Jobs","Data Center Manager (Night), DCC Communities ","team-support","","Boardman, OR","US (CONUS)","Full-time","","","","","https://www.amazon.jobs/en/jobs/10426755/data-center-manager-night-dcc-communities","gov_customer","govcloud"
"Amazon Web Services (AWS)","Amazon Jobs","Network Install Technician","team-administrative-support-primary","","Hermiston, OR","US (CONUS)","Full-time","","","","","https://www.amazon.jobs/en/jobs/10392023/network-install-technician","gov_customer","govcloud"
"Amazon Web Services (AWS)","Amazon Jobs","Network Install Technician","team-administrative-support-primary","","Hermiston, OR","US (CONUS)","Full-time","","","","","https://www.amazon.jobs/en/jobs/10392022/network-install-technician","gov_customer","govcloud"
"Amazon Web Services (AWS)","Amazon Jobs","Network Install Technician","team-support-engineer-primary","","Hermiston, OR","US (CONUS)","Full-time","","","","","https://www.amazon.jobs/en/jobs/10387479/network-install-technician","gov_customer","govcloud"
"Amazon Web Services (AWS)","Amazon Jobs","Network Install Technician","team-support-engineer-primary","","Hermiston, OR","US (CONUS)","Full-time","","","","","https://www.amazon.jobs/en/jobs/10387470/network-install-technician","gov_customer","govcloud"
"Amazon Web Services (AWS)","Amazon Jobs","Network Install Technician","team-support-engineer-primary","","Hermiston, OR","US (CONUS)","Full-time","","","","","https://www.amazon.jobs/en/jobs/10387465/network-install-technician","gov_customer","govcloud"
"Amazon Web Services (AWS)","Amazon Jobs","Data Center Facility Operations Manager","team-support","","Hilliard, OH","US (CONUS)","Full-time","","","","","https://www.amazon.jobs/en/jobs/3197600/data-center-facility-operations-manager","gov_customer","govcloud"
"Amazon Web Services (AWS)","Amazon Jobs","Data Center Facility Manager II, Data Center Engineer Operations (DCEO)","team-support","","New Albany, OH","US (CONUS)","Full-time","","","","","https://www.amazon.jobs/en/jobs/10521946/data-center-facility-manager-ii-data-center-engineer-operations-dceo","gov_customer","govcloud"
"Amazon Web Services (AWS)","Amazon Jobs","Engineering  Maintenance Technician","team-support","","Hayward, CA","US (CONUS)","Full-time","","","","","https://www.amazon.jobs/en/jobs/3198416/engineering-maintenance-technician","gov_customer","govcloud"
"Amazon Web Services (AWS)","Amazon Jobs","Commissioning Engineer, Amazon Commissioning","team-support-engineer-primary","","Herndon, VA","US (CONUS)","Full-time","","","","","https://www.amazon.jobs/en/jobs/10470527/commissioning-engineer-amazon-commissioning","gov_customer","govcloud"
"Amazon Web Services (AWS)","Amazon Jobs","Commissioning Engineer, Amazon Commissioning","team-support-engineer-primary","","Herndon, VA","US (CONUS)","Full-time","","","","","https://www.amazon.jobs/en/jobs/10470525/commissioning-engineer-amazon-commissioning","gov_customer","govcloud"
"Amazon Web Services (AWS)","Amazon Jobs","Cable Installation Technician, Infra - GND, GND Cabling Team","team-support","","Berwick, PA","US (CONUS)","Full-time","","","","","https://www.amazon.jobs/en/jobs/3206631/cable-installation-technician-infra-gnd-gnd-cabling-team","gov_customer","govcloud"
"Amazon Web Services (AWS)","Amazon Jobs","Network Cable Installation Technician, Infra - GND","team-support","","Canton, MS","US (CONUS)","Full-time","","","","","https://www.amazon.jobs/en/jobs/10521895/network-cable-installation-technician-infra-gnd","gov_customer","govcloud"
"Amazon Web Services (AWS)","Amazon Jobs","Data Center Area Operations Manager","team-administrative-support-primary","","Boardman, OR","US (CONUS)","Full-time","","","","","https://www.amazon.jobs/en/jobs/10379675/data-center-area-operations-manager","gov_customer","govcloud"
"Amazon Web Services (AWS)","Amazon Jobs","Data Center Technician, DCC Communities ","team-support","","Umatilla, OR","US (CONUS)","Full-time","","","","","https://www.amazon.jobs/en/jobs/10520597/data-center-technician-dcc-communities","gov_customer","govcloud"
"Amazon Web Services (AWS)","Amazon Jobs","Data Center Technician, DCC Communities","team-support-engineer-primary","","Boardman, OR","US (CONUS)","Full-time","","","","","https://www.amazon.jobs/en/jobs/10387105/data-center-technician-dcc-communities","gov_customer","govcloud"
"Amazon Web Services (AWS)","Amazon Jobs","Data Center Technician","team-it-services","","Boardman, OR","US (CONUS)","Full-time","","","","","https://www.amazon.jobs/en/jobs/10415027/data-center-technician","gov_customer","govcloud"
"Amazon Web Services (AWS)","Amazon Jobs","Data Center Technician","team-support","","Boardman, OR","US (CONUS)","Full-time","","","","","https://www.amazon.jobs/en/jobs/3198466/data-center-technician","gov_customer","govcloud"
"Amazon Web Services (AWS)","Amazon Jobs","Data Center Manager","team-administrative-support-primary","","Umatilla, OR","US (CONUS)","Full-time","","","","","https://www.amazon.jobs/en/jobs/10485004/data-center-manager","gov_customer","govcloud"
"Amazon Web Services (AWS)","Amazon Jobs","Engineering Operations Technician, DCC Communities ","team-support","","San Francisco, CA","US (CONUS)","Full-time","","","","","https://www.amazon.jobs/en/jobs/10433505/engineering-operations-technician-dcc-communities","gov_customer","govcloud"
"Amazon Web Services (AWS)","Amazon Jobs","Data Center Network Deploy Technician, GND Deploy","team-support-engineer-primary","","Manassas, VA","US (CONUS)","Full-time","","","","","https://www.amazon.jobs/en/jobs/10494622/data-center-network-deploy-technician-gnd-deploy","gov_customer","govcloud"
"Amazon Web Services (AWS)","Amazon Jobs","Commissioning Engineer, Amazon Commissioning","team-support-engineer-primary","","Herndon, VA","US (CONUS)","Full-time","","","","","https://www.amazon.jobs/en/jobs/10470526/commissioning-engineer-amazon-commissioning","gov_customer","govcloud"
"Amazon Web Services (AWS)","Amazon Jobs","Data Center Facility Manager","team-support-engineer-primary","","Louisa, VA","US (CONUS)","Full-time","","","","","https://www.amazon.jobs/en/jobs/10523642/data-center-facility-manager","gov_customer","govcloud"
"Amazon Web Services (AWS)","Amazon Jobs","Data Center Infrastructure Delivery Manager","team-support-engineer-primary","","Sparks, NV","US (CONUS)","Full-time","","","","","https://www.amazon.jobs/en/jobs/10431239/data-center-infrastructure-delivery-manager","gov_customer","govcloud"
"Amazon Web Services (AWS)","Amazon Jobs"," Engineering Operation Technician","team-administrative-support-primary","","Boardman, OR","US (CONUS)","Full-time","","","","","https://www.amazon.jobs/en/jobs/10510721/engineering-operation-technician","gov_customer","govcloud"
"Amazon Web Services (AWS)","Amazon Jobs","DCEO Engr 4, PDX54 DCEO ","team-support-engineer-primary","","Umatilla, OR","US (CONUS)","Full-time","","","","","https://www.amazon.jobs/en/jobs/10493016/dceo-engr-4-pdx54-dceo","gov_customer","govcloud"
"Amazon Web Services (AWS)","Amazon Jobs","Data Center Technician","team-support-engineer-primary","","Manassas, VA","US (CONUS)","Full-time","","","","","https://www.amazon.jobs/en/jobs/10436513/data-center-technician","gov_customer","govcloud"
"Amazon Web Services (AWS)","Amazon Jobs","Engineering Operations Technician, PDX54","team-support-engineer-primary","","Boardman, OR","US (CONUS)","Full-time","","","","","https://www.amazon.jobs/en/jobs/10404079/engineering-operations-technician-pdx54","gov_customer","govcloud"
"Amazon Web Services (AWS)","Amazon Jobs","Engineering Operations Technician","team-support-engineer-primary","","Boardman, OR","US (CONUS)","Full-time","","","","","https://www.amazon.jobs/en/jobs/10397395/engineering-operations-technician","gov_customer","govcloud"
"Amazon Web Services (AWS)","Amazon Jobs","Engineering Operations Technician","team-support-engineer-primary","","Boardman, OR","US (CONUS)","Full-time","","","","","https://www.amazon.jobs/en/jobs/10397390/engineering-operations-technician","gov_customer","govcloud"
"Amazon Web Services (AWS)","Amazon Jobs","Engineering Operations Technician, DCC Communities ","team-support-engineer-primary","","Boardman, OR","US (CONUS)","Full-time","","","","","https://www.amazon.jobs/en/jobs/3150415/engineering-operations-technician-dcc-communities","gov_customer","govcloud"
"Amazon Web Services (AWS)","Amazon Jobs","Data Center Manager - Nights","team-it-services","","Wilmer, TX","US (CONUS)","Full-time","","","","","https://www.amazon.jobs/en/jobs/10507555/data-center-manager-nights","gov_customer","govcloud"
"Amazon Web Services (AWS)","Amazon Jobs","Data Center Technician, DCC Communities","team-support-engineer-primary","","Boardman, OR","US (CONUS)","Full-time","","","","","https://www.amazon.jobs/en/jobs/10387116/data-center-technician-dcc-communities","gov_customer","govcloud"
"Amazon Web Services (AWS)","Amazon Jobs","Data Center Technician","team-it-services","","Boardman, OR","US (CONUS)","Full-time","","","","","https://www.amazon.jobs/en/jobs/10415010/data-center-technician","gov_customer","govcloud"
"Amazon Web Services (AWS)","Amazon Jobs","Data Center Technician","team-it-services","","Boardman, OR","US (CONUS)","Full-time","","","","","https://www.amazon.jobs/en/jobs/10413873/data-center-technician","gov_customer","govcloud"
"Amazon Web Services (AWS)","Amazon Jobs","Data Center Technician","team-it-services","","Boardman, OR","US (CONUS)","Full-time","","","","","https://www.amazon.jobs/en/jobs/10410419/data-center-technician","gov_customer","govcloud"
"Amazon Web Services (AWS)","Amazon Jobs","Network Deploy Technician , Global Network Delivery","team-support","","Umatilla, OR","US (CONUS)","Full-time","","","","","https://www.amazon.jobs/en/jobs/10445294/network-deploy-technician-global-network-delivery","gov_customer","govcloud"
"Amazon Web Services (AWS)","Amazon Jobs","Data Center Operations Technician","team-administrative-support-primary","","Boardman, OR","US (CONUS)","Full-time","","","","","https://www.amazon.jobs/en/jobs/10459296/data-center-operations-technician","gov_customer","govcloud"
"Amazon Web Services (AWS)","Amazon Jobs"," Data Center Technician","team-administrative-support-primary","","Hermiston, OR","US (CONUS)","Full-time","","","","","https://www.amazon.jobs/en/jobs/10436508/data-center-technician","gov_customer","govcloud"
"Amazon Web Services (AWS)","Amazon Jobs","Data Center Technician, DCC Communities","team-support-engineer-primary","","Boardman, OR","US (CONUS)","Full-time","","","","","https://www.amazon.jobs/en/jobs/10387134/data-center-technician-dcc-communities","gov_customer","govcloud"
"Amazon Web Services (AWS)","Amazon Jobs","Data Center Operations Technician","team-administrative-support-primary","","Boardman, OR","US (CONUS)","Full-time","","","","","https://www.amazon.jobs/en/jobs/10413937/data-center-operations-technician","gov_customer","govcloud"
"Amazon Web Services (AWS)","Amazon Jobs","Data Center Operations Technician","team-administrative-support-primary","","Boardman, OR","US (CONUS)","Full-time","","","","","https://www.amazon.jobs/en/jobs/10413885/data-center-operations-technician","gov_customer","govcloud"
"Amazon Web Services (AWS)","Amazon Jobs","Work Based Learning Program Data Center Operations Technician","team-no-matching-primary-label-listed","","New Carlisle, IN","US (CONUS)","Full-time","","","","","https://www.amazon.jobs/en/jobs/10525799/work-based-learning-program-data-center-operations-technician","gov_customer","govcloud"
"Amazon Web Services (AWS)","Amazon Jobs","Data Center Technician, DCC Communities","team-support-engineer-primary","","Boardman, OR","US (CONUS)","Full-time","","","","","https://www.amazon.jobs/en/jobs/10387132/data-center-technician-dcc-communities","gov_customer","govcloud"
"Amazon Web Services (AWS)","Amazon Jobs","Engineering Operation Technician","team-support","","Boardman, OR","US (CONUS)","Full-time","","","","","https://www.amazon.jobs/en/jobs/10468220/engineering-operation-technician","gov_customer","govcloud"
"Amazon Web Services (AWS)","Amazon Jobs","Data Center Technician, DCC Communities","team-support-engineer-primary","","Boardman, OR","US (CONUS)","Full-time","","","","","https://www.amazon.jobs/en/jobs/10387136/data-center-technician-dcc-communities","gov_customer","govcloud"
"Amazon Web Services (AWS)","Amazon Jobs","Data Center Technician, DCC Communities","team-support-engineer-primary","","Boardman, OR","US (CONUS)","Full-time","","","","","https://www.amazon.jobs/en/jobs/10387122/data-center-technician-dcc-communities","gov_customer","govcloud"
"Amazon Web Services (AWS)","Amazon Jobs","Data Center Operations Technician","team-administrative-support-primary","","Boardman, OR","US (CONUS)","Full-time","","","","","https://www.amazon.jobs/en/jobs/10413907/data-center-operations-technician","gov_customer","govcloud"
"Amazon Web Services (AWS)","Amazon Jobs","Data Center Operations Technician","team-administrative-support-primary","","Boardman, OR","US (CONUS)","Full-time","","","","","https://www.amazon.jobs/en/jobs/10400135/data-center-operations-technician","gov_customer","govcloud"
"Amazon Web Services (AWS)","Amazon Jobs","Data Center Operations Technician, DCC Communities ","team-administrative-support-primary","","Umatilla, OR","US (CONUS)","Full-time","","","","","https://www.amazon.jobs/en/jobs/3197404/data-center-operations-technician-dcc-communities","gov_customer","govcloud"
"Amazon Web Services (AWS)","Amazon Jobs"," Data Center Technician","team-administrative-support-primary","","Hermiston, OR","US (CONUS)","Full-time","","","","","https://www.amazon.jobs/en/jobs/10440159/data-center-technician","gov_customer","govcloud"
"Amazon Web Services (AWS)","Amazon Jobs","Data Center Technician, DCC Communities","team-support-engineer-primary","","Boardman, OR","US (CONUS)","Full-time","","","","","https://www.amazon.jobs/en/jobs/10387135/data-center-technician-dcc-communities","gov_customer","govcloud"
"Amazon Web Services (AWS)","Amazon Jobs","Data Center Technician, DCC Communities","team-support-engineer-primary","","Boardman, OR","US (CONUS)","Full-time","","","","","https://www.amazon.jobs/en/jobs/10387120/data-center-technician-dcc-communities","gov_customer","govcloud"
"Amazon Web Services (AWS)","Amazon Jobs","Data Center Operations Technician","team-administrative-support-primary","","Boardman, OR","US (CONUS)","Full-time","","","","","https://www.amazon.jobs/en/jobs/10415040/data-center-operations-technician","gov_customer","govcloud"
"Amazon Web Services (AWS)","Amazon Jobs","Data Center Operations Technician","team-administrative-support-primary","","Boardman, OR","US (CONUS)","Full-time","","","","","https://www.amazon.jobs/en/jobs/10415018/data-center-operations-technician","gov_customer","govcloud"
"Amazon Web Services (AWS)","Amazon Jobs","Data Center Operations Technician","team-administrative-support-primary","","Boardman, OR","US (CONUS)","Full-time","","","","","https://www.amazon.jobs/en/jobs/10413897/data-center-operations-technician","gov_customer","govcloud"
"Amazon Web Services (AWS)","Amazon Jobs","Data Center Operations Technician","team-administrative-support-primary","","Boardman, OR","US (CONUS)","Full-time","","","","","https://www.amazon.jobs/en/jobs/10413861/data-center-operations-technician","gov_customer","govcloud"
"Amazon Web Services (AWS)","Amazon Jobs","Data Center Operations Technician","team-administrative-support-primary","","Boardman, OR","US (CONUS)","Full-time","","","","","https://www.amazon.jobs/en/jobs/10410275/data-center-operations-technician","gov_customer","govcloud"
"Amazon Web Services (AWS)","Amazon Jobs","Data Center Infrastructure Delivery Manager","team-support-engineer-primary","","Sparks, NV","US (CONUS)","Full-time","","","","","https://www.amazon.jobs/en/jobs/10519830/data-center-infrastructure-delivery-manager","gov_customer","govcloud"
"Amazon Web Services (AWS)","Amazon Jobs","Data Center Infrastructure Delivery Manager","team-support-engineer-primary","","Sparks, NV","US (CONUS)","Full-time","","","","","https://www.amazon.jobs/en/jobs/10519828/data-center-infrastructure-delivery-manager","gov_customer","govcloud"
"Amazon Web Services (AWS)","Amazon Jobs","Data Center Infrastructure Delivery Manager","team-support-engineer-primary","","Fredericksburg, VA","US (CONUS)","Full-time","","","","","https://www.amazon.jobs/en/jobs/10492901/data-center-infrastructure-delivery-manager","gov_customer","govcloud"
"Amazon Web Services (AWS)","Amazon Jobs","Data Center Engineering Operations Technician","team-support-engineer-primary","","Hermiston, OR","US (CONUS)","Full-time","","","","","https://www.amazon.jobs/en/jobs/10517277/data-center-engineering-operations-technician","gov_customer","govcloud"
"Amazon Web Services (AWS)","Amazon Jobs","Engineering Operations Technician","team-support-engineer-primary","","Hermiston, OR","US (CONUS)","Full-time","","","","","https://www.amazon.jobs/en/jobs/10399964/engineering-operations-technician","gov_customer","govcloud"
"Amazon Web Services (AWS)","Amazon Jobs","Engineering Operations Technician","team-support","","Boardman, OR","US (CONUS)","Full-time","","","","","https://www.amazon.jobs/en/jobs/10461965/engineering-operations-technician","gov_customer","govcloud"
"Amazon Web Services (AWS)","Amazon Jobs"," Engineering Operation Technician","team-administrative-support-primary","","Boardman, OR","US (CONUS)","Full-time","","","","","https://www.amazon.jobs/en/jobs/10468310/engineering-operation-technician","gov_customer","govcloud"
"Amazon Web Services (AWS)","Amazon Jobs","Data Center Technician","team-support-engineer-primary","","Manassas, VA","US (CONUS)","Full-time","","","","","https://www.amazon.jobs/en/jobs/10436510/data-center-technician","gov_customer","govcloud"
"Amazon Web Services (AWS)","Amazon Jobs","Engineering Operations Technician","team-support-engineer-primary","","Hermiston, OR","US (CONUS)","Full-time","","","","","https://www.amazon.jobs/en/jobs/10400014/engineering-operations-technician","gov_customer","govcloud"
"Amazon Web Services (AWS)","Amazon Jobs","Engineering Operations Technician","team-support-engineer-primary","","Hermiston, OR","US (CONUS)","Full-time","","","","","https://www.amazon.jobs/en/jobs/10399966/engineering-operations-technician","gov_customer","govcloud"
"Amazon Web Services (AWS)","Amazon Jobs","Engineering Operations Technician","team-support-engineer-primary","","Hermiston, OR","US (CONUS)","Full-time","","","","","https://www.amazon.jobs/en/jobs/10399965/engineering-operations-technician","gov_customer","govcloud"
"Amazon Web Services (AWS)","Amazon Jobs","Engineering Operations Technician","team-support-engineer-primary","","Hermiston, OR","US (CONUS)","Full-time","","","","","https://www.amazon.jobs/en/jobs/10399951/engineering-operations-technician","gov_customer","govcloud"
"Amazon Web Services (AWS)","Amazon Jobs","Engineering Operations Technician","team-support-engineer-primary","","Umatilla, OR","US (CONUS)","Full-time","","","","","https://www.amazon.jobs/en/jobs/10381807/engineering-operations-technician","gov_customer","govcloud"
"Amazon Web Services (AWS)","Amazon Jobs","Data Center Infrastructure Delivery Manager","team-support-engineer-primary","","Sparks, NV","US (CONUS)","Full-time","","","","","https://www.amazon.jobs/en/jobs/10519849/data-center-infrastructure-delivery-manager","gov_customer","govcloud"
"Amazon Web Services (AWS)","Amazon Jobs","Data Center Infrastructure Delivery Manager","team-support-engineer-primary","","Sparks, NV","US (CONUS)","Full-time","","","","","https://www.amazon.jobs/en/jobs/10519831/data-center-infrastructure-delivery-manager","gov_customer","govcloud"
"Amazon Web Services (AWS)","Amazon Jobs","Data Center Technician, DCC Communities","team-support-engineer-primary","","Boardman, OR","US (CONUS)","Full-time","","","","","https://www.amazon.jobs/en/jobs/10425846/data-center-technician-dcc-communities","gov_customer","govcloud"
"Amazon Web Services (AWS)","Amazon Jobs","Engineering Operation Technician","team-support","","Boardman, OR","US (CONUS)","Full-time","","","","","https://www.amazon.jobs/en/jobs/10468807/engineering-operation-technician","gov_customer","govcloud"
"Amazon Web Services (AWS)","Amazon Jobs"," Data Center Technician","team-administrative-support-primary","","Hermiston, OR","US (CONUS)","Full-time","","","","","https://www.amazon.jobs/en/jobs/10440152/data-center-technician","gov_customer","govcloud"
"Amazon Web Services (AWS)","Amazon Jobs"," Data Center Technician","team-administrative-support-primary","","Hermiston, OR","US (CONUS)","Full-time","","","","","https://www.amazon.jobs/en/jobs/10440143/data-center-technician","gov_customer","govcloud"
"Amazon Web Services (AWS)","Amazon Jobs","Engineering Operations Technician","team-administrative-support-primary","","Boardman, OR","US (CONUS)","Full-time","","","","","https://www.amazon.jobs/en/jobs/10507315/engineering-operations-technician","gov_customer","govcloud"
"Amazon Web Services (AWS)","Amazon Jobs","Engineering Operations Technician","team-administrative-support-primary","","Boardman, OR","US (CONUS)","Full-time","","","","","https://www.amazon.jobs/en/jobs/10499277/engineering-operations-technician","gov_customer","govcloud"
"Amazon Web Services (AWS)","Amazon Jobs","Engineering Operations Technician","team-administrative-support-primary","","Boardman, OR","US (CONUS)","Full-time","","","","","https://www.amazon.jobs/en/jobs/10499248/engineering-operations-technician","gov_customer","govcloud"
"Amazon Web Services (AWS)","Amazon Jobs","Engineering Operations Technician","team-support-engineer-primary","","Boardman, OR","US (CONUS)","Full-time","","","","","https://www.amazon.jobs/en/jobs/10493004/engineering-operations-technician","gov_customer","govcloud"
"Amazon Web Services (AWS)","Amazon Jobs","Engineering Operations Technician, PDX54","team-support-engineer-primary","","Boardman, OR","US (CONUS)","Full-time","","","","","https://www.amazon.jobs/en/jobs/10403295/engineering-operations-technician-pdx54","gov_customer","govcloud"
"Amazon Web Services (AWS)","Amazon Jobs","Engineering Operations Technician","team-support-engineer-primary","","Boardman, OR","US (CONUS)","Full-time","","","","","https://www.amazon.jobs/en/jobs/10405636/engineering-operations-technician","gov_customer","govcloud"
"Amazon Web Services (AWS)","Amazon Jobs","Engineering Operations Technician, PDX54","team-support-engineer-primary","","Boardman, OR","US (CONUS)","Full-time","","","","","https://www.amazon.jobs/en/jobs/10403324/engineering-operations-technician-pdx54","gov_customer","govcloud"
"Amazon Web Services (AWS)","Amazon Jobs","Engineering Operations Technician","team-support-engineer-primary","","Hermiston, OR","US (CONUS)","Full-time","","","","","https://www.amazon.jobs/en/jobs/10400046/engineering-operations-technician","gov_customer","govcloud"
"Amazon Web Services (AWS)","Amazon Jobs","Quality Engineer- Construction ","team-support","","Herndon, VA","US (CONUS)","Full-time","","","","","https://www.amazon.jobs/en/jobs/10429577/quality-engineer-construction","gov_customer","govcloud"
"Amazon Web Services (AWS)","Amazon Jobs","Data Center Technician, DCC Communities","team-support-engineer-primary","","Boardman, OR","US (CONUS)","Full-time","","","","","https://www.amazon.jobs/en/jobs/10387138/data-center-technician-dcc-communities","gov_customer","govcloud"
"Amazon Web Services (AWS)","Amazon Jobs","Data Center Technician, DCC Communities","team-support-engineer-primary","","Boardman, OR","US (CONUS)","Full-time","","","","","https://www.amazon.jobs/en/jobs/10387126/data-center-technician-dcc-communities","gov_customer","govcloud"
"Amazon Web Services (AWS)","Amazon Jobs","Data Center Operations Technician","team-administrative-support-primary","","Boardman, OR","US (CONUS)","Full-time","","","","","https://www.amazon.jobs/en/jobs/10415344/data-center-operations-technician","gov_customer","govcloud"
"Amazon Web Services (AWS)","Amazon Jobs","Data Center Operations Technician","team-administrative-support-primary","","Boardman, OR","US (CONUS)","Full-time","","","","","https://www.amazon.jobs/en/jobs/10414975/data-center-operations-technician","gov_customer","govcloud"
"Amazon Web Services (AWS)","Amazon Jobs","Data Center Technician ","team-support-engineer-primary","","Fredericksburg, VA","US (CONUS)","Full-time","","","","","https://www.amazon.jobs/en/jobs/10378506/data-center-technician","gov_customer","govcloud"
"Amazon Web Services (AWS)","Amazon Jobs","Data Center Operations Technician","team-administrative-support-primary","","Boardman, OR","US (CONUS)","Full-time","","","","","https://www.amazon.jobs/en/jobs/10400137/data-center-operations-technician","gov_customer","govcloud"
"Amazon Web Services (AWS)","Amazon Jobs","Data Center Operations Technician","team-administrative-support-primary","","Boardman, OR","US (CONUS)","Full-time","","","","","https://www.amazon.jobs/en/jobs/10400126/data-center-operations-technician","gov_customer","govcloud"
"Amazon Web Services (AWS)","Amazon Jobs"," Data Center Technician","team-administrative-support-primary","","Boardman, OR","US (CONUS)","Full-time","","","","","https://www.amazon.jobs/en/jobs/3201649/data-center-technician","gov_customer","govcloud"
"Amazon Web Services (AWS)","Amazon Jobs","Data Center Technician","team-support","","Boardman, OR","US (CONUS)","Full-time","","","","","https://www.amazon.jobs/en/jobs/3198441/data-center-technician","gov_customer","govcloud"
"Amazon Web Services (AWS)","Amazon Jobs","Data Center Technician, DCC Communities","team-support-engineer-primary","","Boardman, OR","US (CONUS)","Full-time","","","","","https://www.amazon.jobs/en/jobs/10387117/data-center-technician-dcc-communities","gov_customer","govcloud"
"Amazon Web Services (AWS)","Amazon Jobs","Data Center Technician","team-administrative-support-primary","","Boardman, OR","US (CONUS)","Full-time","","","","","https://www.amazon.jobs/en/jobs/3197437/data-center-technician","gov_customer","govcloud"
"Amazon Web Services (AWS)","Amazon Jobs","Data Center Technician, Human Resources","team-it-services","","Boardman, OR","US (CONUS)","Full-time","","","","","https://www.amazon.jobs/en/jobs/10428124/data-center-technician-human-resources","gov_customer","govcloud"
"Amazon Web Services (AWS)","Amazon Jobs","Data Center Technician, DCC Communities","team-support-engineer-primary","","Boardman, OR","US (CONUS)","Full-time","","","","","https://www.amazon.jobs/en/jobs/10387106/data-center-technician-dcc-communities","gov_customer","govcloud"
"Amazon Web Services (AWS)","Amazon Jobs","Data Center Technician, DCC Communities","team-support-engineer-primary","","Boardman, OR","US (CONUS)","Full-time","","","","","https://www.amazon.jobs/en/jobs/10387111/data-center-technician-dcc-communities","gov_customer","govcloud"
"Amazon Web Services (AWS)","Amazon Jobs","Data Center Technician","team-it-services","","Boardman, OR","US (CONUS)","Full-time","","","","","https://www.amazon.jobs/en/jobs/10415336/data-center-technician","gov_customer","govcloud"
"Amazon Web Services (AWS)","Amazon Jobs","Data Center Technician","team-it-services","","Boardman, OR","US (CONUS)","Full-time","","","","","https://www.amazon.jobs/en/jobs/10413967/data-center-technician","gov_customer","govcloud"
"Amazon Web Services (AWS)","Amazon Jobs","Data Center Technician","team-it-services","","Boardman, OR","US (CONUS)","Full-time","","","","","https://www.amazon.jobs/en/jobs/10413932/data-center-technician","gov_customer","govcloud"
"Amazon Web Services (AWS)","Amazon Jobs","Data Center Technician","team-administrative-support-primary","","Boardman, OR","US (CONUS)","Full-time","","","","","https://www.amazon.jobs/en/jobs/3197448/data-center-technician","gov_customer","govcloud"
"Amazon Web Services (AWS)","Amazon Jobs","Data Center Manager","team-support-engineer-primary","","Wink, TX","US (CONUS)","Full-time","","","","","https://www.amazon.jobs/en/jobs/10500425/data-center-manager","gov_customer","govcloud"
"Amazon Web Services (AWS)","Amazon Jobs","Data Center Technician","team-it-services","","Boardman, OR","US (CONUS)","Full-time","","","","","https://www.amazon.jobs/en/jobs/10415281/data-center-technician","gov_customer","govcloud"
"Amazon Web Services (AWS)","Amazon Jobs","Data Center Technician, DCC Communities","team-support-engineer-primary","","Boardman, OR","US (CONUS)","Full-time","","","","","https://www.amazon.jobs/en/jobs/10387108/data-center-technician-dcc-communities","gov_customer","govcloud"
"Amazon Web Services (AWS)","Amazon Jobs","Data Center Technician, DCC Communities","team-support-engineer-primary","","Boardman, OR","US (CONUS)","Full-time","","","","","https://www.amazon.jobs/en/jobs/10387110/data-center-technician-dcc-communities","gov_customer","govcloud"
"Amazon Web Services (AWS)","Amazon Jobs","Data Center Technician","team-it-services","","Boardman, OR","US (CONUS)","Full-time","","","","","https://www.amazon.jobs/en/jobs/10413903/data-center-technician","gov_customer","govcloud"
"Amazon Web Services (AWS)","Amazon Jobs","Data Center Technician, DCC Communities","team-support-engineer-primary","","Boardman, OR","US (CONUS)","Full-time","","","","","https://www.amazon.jobs/en/jobs/10387104/data-center-technician-dcc-communities","gov_customer","govcloud"
"Amazon Web Services (AWS)","Amazon Jobs","Data Center Infrastructure Delivery Manager, DCC Communities ","team-support","","Hamlet, NC","US (CONUS)","Full-time","","","","","https://www.amazon.jobs/en/jobs/10483972/data-center-infrastructure-delivery-manager-dcc-communities","gov_customer","govcloud"
"Amazon Web Services (AWS)","Amazon Jobs","Data Center Manager","team-support-engineer-primary","","Wink, TX","US (CONUS)","Full-time","","","","","https://www.amazon.jobs/en/jobs/10500426/data-center-manager","gov_customer","govcloud"
"Amazon Web Services (AWS)","Amazon Jobs","Data Center Operations Manager, Data Center Ops (DCO)","team-support-engineer-primary","","Canton, MS","US (CONUS)","Full-time","","","","","https://www.amazon.jobs/en/jobs/10497775/data-center-operations-manager-data-center-ops-dco","gov_customer","govcloud"
"Amazon Web Services (AWS)","Amazon Jobs","Data Center Infrastructure Delivery Manager, DCC Communities ","team-support","","Hamlet, NC","US (CONUS)","Full-time","","","","","https://www.amazon.jobs/en/jobs/10483973/data-center-infrastructure-delivery-manager-dcc-communities","gov_customer","govcloud"
"Amazon Web Services (AWS)","Amazon Jobs","Data Center Manager, DCO","team-support-engineer-primary","","Sterling, VA","US (CONUS)","Full-time","","","","","https://www.amazon.jobs/en/jobs/10401891/data-center-manager-dco","gov_customer","govcloud"
"Amazon Web Services (AWS)","Amazon Jobs","Data Center Technician, DCC Communities ","team-support-engineer-primary","","Manassas, VA","US (CONUS)","Full-time","","","","","https://www.amazon.jobs/en/jobs/10382363/data-center-technician-dcc-communities","gov_customer","govcloud"
"Amazon Web Services (AWS)","Amazon Jobs","Data Center Technician, DCC Communities ","team-support","","Umatilla, OR","US (CONUS)","Full-time","","","","","https://www.amazon.jobs/en/jobs/10510783/data-center-technician-dcc-communities","gov_customer","govcloud"
"Amazon Web Services (AWS)","Amazon Jobs","Data Center Technician, Human Resources","team-it-services","","Boardman, OR","US (CONUS)","Full-time","","","","","https://www.amazon.jobs/en/jobs/10429244/data-center-technician-human-resources","gov_customer","govcloud"
"Amazon Web Services (AWS)","Amazon Jobs","Data Center Technician, Human Resources","team-it-services","","Boardman, OR","US (CONUS)","Full-time","","","","","https://www.amazon.jobs/en/jobs/10428129/data-center-technician-human-resources","gov_customer","govcloud"
"Amazon Web Services (AWS)","Amazon Jobs","Data Center Technician, DCC Communities","team-support-engineer-primary","","Boardman, OR","US (CONUS)","Full-time","","","","","https://www.amazon.jobs/en/jobs/10387114/data-center-technician-dcc-communities","gov_customer","govcloud"
"Amazon Web Services (AWS)","Amazon Jobs","Data Center Technician, DCC Communities","team-support-engineer-primary","","Boardman, OR","US (CONUS)","Full-time","","","","","https://www.amazon.jobs/en/jobs/10387109/data-center-technician-dcc-communities","gov_customer","govcloud"
"Amazon Web Services (AWS)","Amazon Jobs","Data Center Operations Manager, Data Center Operations","team-support","","Hilliard, OH","US (CONUS)","Full-time","","","","","https://www.amazon.jobs/en/jobs/10504445/data-center-operations-manager-data-center-operations","gov_customer","govcloud"
"Amazon Web Services (AWS)","Amazon Jobs","Data Center Manager , DCO","team-it-services","","Hamlet, NC","US (CONUS)","Full-time","","","","","https://www.amazon.jobs/en/jobs/10476719/data-center-manager-dco","gov_customer","govcloud"
"Amazon Web Services (AWS)","Amazon Jobs","Data Center Technician","team-it-services","","Boardman, OR","US (CONUS)","Full-time","","","","","https://www.amazon.jobs/en/jobs/10436515/data-center-technician","gov_customer","govcloud"
"Amazon Web Services (AWS)","Amazon Jobs","Data Center Technician","team-it-services","","Boardman, OR","US (CONUS)","Full-time","","","","","https://www.amazon.jobs/en/jobs/10413892/data-center-technician","gov_customer","govcloud"
"Amazon Web Services (AWS)","Amazon Jobs","Data Center Technician","team-it-services","","Boardman, OR","US (CONUS)","Full-time","","","","","https://www.amazon.jobs/en/jobs/10413855/data-center-technician","gov_customer","govcloud"
"Amazon Web Services (AWS)","Amazon Jobs","Data Center Technician","team-it-services","","Boardman, OR","US (CONUS)","Full-time","","","","","https://www.amazon.jobs/en/jobs/10410287/data-center-technician","gov_customer","govcloud"
"Amazon Web Services (AWS)","Amazon Jobs","Data Center Infrastructure Delivery Manager, AWS DC Operations","team-no-matching-primary-label-listed","","Hamlet, NC","US (CONUS)","Full-time","","","","","https://www.amazon.jobs/en/jobs/10526636/data-center-infrastructure-delivery-manager-aws-dc-operations","gov_customer","govcloud"
"Amazon Web Services (AWS)","Amazon Jobs","Data Center Manager (Night Shift)","team-administrative-support-primary","","Haymarket, VA","US (CONUS)","Full-time","","","","","https://www.amazon.jobs/en/jobs/10520825/data-center-manager-night-shift","gov_customer","govcloud"
"Amazon Web Services (AWS)","Amazon Jobs"," Engineering Operation Technician","team-administrative-support-primary","","Boardman, OR","US (CONUS)","Full-time","","","","","https://www.amazon.jobs/en/jobs/10426778/engineering-operation-technician","gov_customer","govcloud"
"Amazon Web Services (AWS)","Amazon Jobs","Engineering Operations Technician","team-support-engineer-primary","","Boardman, OR","US (CONUS)","Full-time","","","","","https://www.amazon.jobs/en/jobs/10510716/engineering-operations-technician","gov_customer","govcloud"
"Amazon Web Services (AWS)","Amazon Jobs","Engineering Operations Technician","team-administrative-support-primary","","Boardman, OR","US (CONUS)","Full-time","","","","","https://www.amazon.jobs/en/jobs/10507314/engineering-operations-technician","gov_customer","govcloud"
"Amazon Web Services (AWS)","Amazon Jobs","Engineering Operations Technician","team-support-engineer-primary","","Boardman, OR","US (CONUS)","Full-time","","","","","https://www.amazon.jobs/en/jobs/10397403/engineering-operations-technician","gov_customer","govcloud"
"Amazon Web Services (AWS)","Amazon Jobs","Engineering Operations Technician","team-administrative-support-primary","","Boardman, OR","US (CONUS)","Full-time","","","","","https://www.amazon.jobs/en/jobs/10499246/engineering-operations-technician","gov_customer","govcloud"
"Amazon Web Services (AWS)","Amazon Jobs"," Engineering Operation Technician","team-administrative-support-primary","","Boardman, OR","US (CONUS)","Full-time","","","","","https://www.amazon.jobs/en/jobs/10468314/engineering-operation-technician","gov_customer","govcloud"
"Amazon Web Services (AWS)","Amazon Jobs","Data Center Technician, DCC Communities ","team-support","","Hilliard, OH","US (CONUS)","Full-time","","","","","https://www.amazon.jobs/en/jobs/10459201/data-center-technician-dcc-communities","gov_customer","govcloud"
"Amazon Web Services (AWS)","Amazon Jobs","Engineering Operations Technician","team-support-engineer-primary","","Boardman, OR","US (CONUS)","Full-time","","","","","https://www.amazon.jobs/en/jobs/3150404/engineering-operations-technician","gov_customer","govcloud"
"Amazon Web Services (AWS)","Amazon Jobs","Engineering Operations Technician","team-support-engineer-primary","","Boardman, OR","US (CONUS)","Full-time","","","","","https://www.amazon.jobs/en/jobs/3150406/engineering-operations-technician","gov_customer","govcloud"
"Amazon Web Services (AWS)","Amazon Jobs","Engineering Operations Technician, PDX54","team-support-engineer-primary","","Boardman, OR","US (CONUS)","Full-time","","","","","https://www.amazon.jobs/en/jobs/10403339/engineering-operations-technician-pdx54","gov_customer","govcloud"
"Amazon Web Services (AWS)","Amazon Jobs","Engineering Operations Technician, PDX54","team-support-engineer-primary","","Boardman, OR","US (CONUS)","Full-time","","","","","https://www.amazon.jobs/en/jobs/10403310/engineering-operations-technician-pdx54","gov_customer","govcloud"
"Amazon Web Services (AWS)","Amazon Jobs","Engineering Operations Technician","team-support-engineer-primary","","Hermiston, OR","US (CONUS)","Full-time","","","","","https://www.amazon.jobs/en/jobs/10399980/engineering-operations-technician","gov_customer","govcloud"
"Amazon Web Services (AWS)","Amazon Jobs","Engineering Operations Technician","team-support-engineer-primary","","Hermiston, OR","US (CONUS)","Full-time","","","","","https://www.amazon.jobs/en/jobs/10397418/engineering-operations-technician","gov_customer","govcloud"
"Amazon Web Services (AWS)","Amazon Jobs","Engineering Operations Technician","team-support-engineer-primary","","Boardman, OR","US (CONUS)","Full-time","","","","","https://www.amazon.jobs/en/jobs/10510717/engineering-operations-technician","gov_customer","govcloud"
"Amazon Web Services (AWS)","Amazon Jobs","Engineering Operations Technician","team-support-engineer-primary","","Boardman, OR","US (CONUS)","Full-time","","","","","https://www.amazon.jobs/en/jobs/10507539/engineering-operations-technician","gov_customer","govcloud"
"Amazon Web Services (AWS)","Amazon Jobs","Engineering Operations Technician","team-administrative-support-primary","","Boardman, OR","US (CONUS)","Full-time","","","","","https://www.amazon.jobs/en/jobs/10499253/engineering-operations-technician","gov_customer","govcloud"
"Amazon Web Services (AWS)","Amazon Jobs","Engineering Operations Technician","team-administrative-support-primary","","Boardman, OR","US (CONUS)","Full-time","","","","","https://www.amazon.jobs/en/jobs/10499243/engineering-operations-technician","gov_customer","govcloud"
"Amazon Web Services (AWS)","Amazon Jobs","Engineering Operation Technician","team-administrative-support-primary","","Umatilla, OR","US (CONUS)","Full-time","","","","","https://www.amazon.jobs/en/jobs/10485011/engineering-operation-technician","gov_customer","govcloud"
"Amazon Web Services (AWS)","Amazon Jobs","Engineering Operations Technician","team-support-engineer-primary","","Boardman, OR","US (CONUS)","Full-time","","","","","https://www.amazon.jobs/en/jobs/10482049/engineering-operations-technician","gov_customer","govcloud"
"Amazon Web Services (AWS)","Amazon Jobs","Engineering Operation Technician","team-support-engineer-primary","","Boardman, OR","US (CONUS)","Full-time","","","","","https://www.amazon.jobs/en/jobs/10482040/engineering-operation-technician","gov_customer","govcloud"
"Amazon Web Services (AWS)","Amazon Jobs","Engineering Operations Technician","team-support","","Boardman, OR","US (CONUS)","Full-time","","","","","https://www.amazon.jobs/en/jobs/10453869/engineering-operations-technician","gov_customer","govcloud"
"Amazon Web Services (AWS)","Amazon Jobs","Engineering Operations Technician","team-support-engineer-primary","","Hermiston, OR","US (CONUS)","Full-time","","","","","https://www.amazon.jobs/en/jobs/10427544/engineering-operations-technician","gov_customer","govcloud"
"Amazon Web Services (AWS)","Amazon Jobs","Data Center Technician","team-administrative-support-primary","","Boardman, OR","US (CONUS)","Full-time","","","","","https://www.amazon.jobs/en/jobs/10419216/data-center-technician","gov_customer","govcloud"
"Amazon Web Services (AWS)","Amazon Jobs","Work Based Learning Program Logistics Specialist- Night Shift ","team-no-matching-primary-label-listed","","New Albany, OH","US (CONUS)","Full-time","","","","","https://www.amazon.jobs/en/jobs/10521277/work-based-learning-program-logistics-specialist-night-shift","gov_customer","govcloud"
"Amazon Web Services (AWS)","Amazon Jobs"," Engineering Operation Technician","team-administrative-support-primary","","Boardman, OR","US (CONUS)","Full-time","","","","","https://www.amazon.jobs/en/jobs/10510719/engineering-operation-technician","gov_customer","govcloud"
"Amazon Web Services (AWS)","Amazon Jobs","Engineering Operations Technician","team-support-engineer-primary","","Boardman, OR","US (CONUS)","Full-time","","","","","https://www.amazon.jobs/en/jobs/10397424/engineering-operations-technician","gov_customer","govcloud"
"Amazon Web Services (AWS)","Amazon Jobs","DCEO Engr 4, PDX54 DCEO ","team-support-engineer-primary","","Umatilla, OR","US (CONUS)","Full-time","","","","","https://www.amazon.jobs/en/jobs/10495337/dceo-engr-4-pdx54-dceo","gov_customer","govcloud"
"Amazon Web Services (AWS)","Amazon Jobs","Engineering Operation Technician","team-administrative-support-primary","","Umatilla, OR","US (CONUS)","Full-time","","","","","https://www.amazon.jobs/en/jobs/10485009/engineering-operation-technician","gov_customer","govcloud"
"Amazon Web Services (AWS)","Amazon Jobs","DCEO Engr 3, PDX54 DCEO ","team-support-engineer-primary","","Umatilla, OR","US (CONUS)","Full-time","","","","","https://www.amazon.jobs/en/jobs/10493020/dceo-engr-3-pdx54-dceo","gov_customer","govcloud"
"Amazon Web Services (AWS)","Amazon Jobs","Data Center Night Manager","team-support","","Boardman, OR","US (CONUS)","Full-time","","","","","https://www.amazon.jobs/en/jobs/10411493/data-center-night-manager","gov_customer","govcloud"
"Amazon Web Services (AWS)","Amazon Jobs","Engineering Operations Technician","team-support-engineer-primary","","Hermiston, OR","US (CONUS)","Full-time","","","","","https://www.amazon.jobs/en/jobs/10400062/engineering-operations-technician","gov_customer","govcloud"
"Amazon Web Services (AWS)","Amazon Jobs","Engineering Operations Technician","team-support-engineer-primary","","Hermiston, OR","US (CONUS)","Full-time","","","","","https://www.amazon.jobs/en/jobs/10397419/engineering-operations-technician","gov_customer","govcloud"
"Amazon Web Services (AWS)","Amazon Jobs","Data Center Technician, DCC Communities ","team-support-engineer-primary","","Hamlet, NC","US (CONUS)","Full-time","","","","","https://www.amazon.jobs/en/jobs/10420158/data-center-technician-dcc-communities","gov_customer","govcloud"
"Amazon Web Services (AWS)","Amazon Jobs","Data Center Technician, DCC Communities ","team-support-engineer-primary","","Manassas, VA","US (CONUS)","Full-time","","","","","https://www.amazon.jobs/en/jobs/10438692/data-center-technician-dcc-communities","gov_customer","govcloud"
"Amazon Web Services (AWS)","Amazon Jobs","Data Center Technician, DCC Communities ","team-support-engineer-primary","","Manassas, VA","US (CONUS)","Full-time","","","","","https://www.amazon.jobs/en/jobs/10437185/data-center-technician-dcc-communities","gov_customer","govcloud"
"Amazon Web Services (AWS)","Amazon Jobs","Data Center Technician, DCC Communities ","team-support-engineer-primary","","Manassas, VA","US (CONUS)","Full-time","","","","","https://www.amazon.jobs/en/jobs/10436447/data-center-technician-dcc-communities","gov_customer","govcloud"
"Amazon Web Services (AWS)","Amazon Jobs","DCEO Cluster Manager","team-support-engineer-primary","","Fairless Hills, PA","US (CONUS)","Full-time","","","","","https://www.amazon.jobs/en/jobs/10485533/dceo-cluster-manager","gov_customer","govcloud"
"Amazon Web Services (AWS)","Amazon Jobs"," Engineering Operation Technician","team-administrative-support-primary","","Boardman, OR","US (CONUS)","Full-time","","","","","https://www.amazon.jobs/en/jobs/10510723/engineering-operation-technician","gov_customer","govcloud"
"Amazon Web Services (AWS)","Amazon Jobs","Engineering Operations Technician","team-administrative-support-primary","","Boardman, OR","US (CONUS)","Full-time","","","","","https://www.amazon.jobs/en/jobs/10499267/engineering-operations-technician","gov_customer","govcloud"
"Amazon Web Services (AWS)","Amazon Jobs","Engineering Operations Technician","team-administrative-support-primary","","Boardman, OR","US (CONUS)","Full-time","","","","","https://www.amazon.jobs/en/jobs/10499268/engineering-operations-technician","gov_customer","govcloud"
"Amazon Web Services (AWS)","Amazon Jobs","Engineering Operations Technician","team-administrative-support-primary","","Boardman, OR","US (CONUS)","Full-time","","","","","https://www.amazon.jobs/en/jobs/10499265/engineering-operations-technician","gov_customer","govcloud"
"Amazon Web Services (AWS)","Amazon Jobs","Engineering Operations Technician","team-administrative-support-primary","","Boardman, OR","US (CONUS)","Full-time","","","","","https://www.amazon.jobs/en/jobs/10499262/engineering-operations-technician","gov_customer","govcloud"
"Amazon Web Services (AWS)","Amazon Jobs","Engineering Operations Technician","team-administrative-support-primary","","Boardman, OR","US (CONUS)","Full-time","","","","","https://www.amazon.jobs/en/jobs/10499252/engineering-operations-technician","gov_customer","govcloud"
"Amazon Web Services (AWS)","Amazon Jobs","Engineering Operations Technician","team-support-engineer-primary","","Boardman, OR","US (CONUS)","Full-time","","","","","https://www.amazon.jobs/en/jobs/10482047/engineering-operations-technician","gov_customer","govcloud"
"Amazon Web Services (AWS)","Amazon Jobs","Engineering Operation Technician","team-support-engineer-primary","","Boardman, OR","US (CONUS)","Full-time","","","","","https://www.amazon.jobs/en/jobs/10482039/engineering-operation-technician","gov_customer","govcloud"
"Amazon Web Services (AWS)","Amazon Jobs"," Engineering Operation Technician","team-administrative-support-primary","","Boardman, OR","US (CONUS)","Full-time","","","","","https://www.amazon.jobs/en/jobs/10482001/engineering-operation-technician","gov_customer","govcloud"
"Amazon Web Services (AWS)","Amazon Jobs","Engineering Operations Technician, PDX54","team-support-engineer-primary","","Boardman, OR","US (CONUS)","Full-time","","","","","https://www.amazon.jobs/en/jobs/10403125/engineering-operations-technician-pdx54","gov_customer","govcloud"
"Amazon Web Services (AWS)","Amazon Jobs","Engineering Operations Technician","team-support-engineer-primary","","Hermiston, OR","US (CONUS)","Full-time","","","","","https://www.amazon.jobs/en/jobs/10400030/engineering-operations-technician","gov_customer","govcloud"
"Amazon Web Services (AWS)","Amazon Jobs","Engineering Operations Technician","team-support-engineer-primary","","Hermiston, OR","US (CONUS)","Full-time","","","","","https://www.amazon.jobs/en/jobs/10399972/engineering-operations-technician","gov_customer","govcloud"
"Amazon Web Services (AWS)","Amazon Jobs","Engineering Operations Technician","team-support-engineer-primary","","Hermiston, OR","US (CONUS)","Full-time","","","","","https://www.amazon.jobs/en/jobs/10397409/engineering-operations-technician","gov_customer","govcloud"
"Amazon Web Services (AWS)","Amazon Jobs","Engineering Operations Technician","team-support-engineer-primary","","Boardman, OR","US (CONUS)","Full-time","","","","","https://www.amazon.jobs/en/jobs/10397396/engineering-operations-technician","gov_customer","govcloud"
"Amazon Web Services (AWS)","Amazon Jobs","Data Center Technician, DCC Communities ","team-support-engineer-primary","","Manassas, VA","US (CONUS)","Full-time","","","","","https://www.amazon.jobs/en/jobs/10437994/data-center-technician-dcc-communities","gov_customer","govcloud"
"Amazon Web Services (AWS)","Amazon Jobs","Data Center Technician, DCC Communities ","team-support-engineer-primary","","Manassas, VA","US (CONUS)","Full-time","","","","","https://www.amazon.jobs/en/jobs/10436372/data-center-technician-dcc-communities","gov_customer","govcloud"
"Amazon Web Services (AWS)","Amazon Jobs","Data Center Technician, DCC Communities ","team-support-engineer-primary","","Manassas, VA","US (CONUS)","Full-time","","","","","https://www.amazon.jobs/en/jobs/10425926/data-center-technician-dcc-communities","gov_customer","govcloud"
"Amazon Web Services (AWS)","Amazon Jobs","DCEO Cluster Manager, AWS DC Operations Engineering (DCEO) - VAR (L6","team-support","","Hilliard, OH","US (CONUS)","Full-time","","","","","https://www.amazon.jobs/en/jobs/10507965/dceo-cluster-manager-aws-dc-operations-engineering-dceo-var-l6","gov_customer","govcloud"
"Amazon Web Services (AWS)","Amazon Jobs","Engineering Operations Technician","team-support-engineer-primary","","Boardman, OR","US (CONUS)","Full-time","","","","","https://www.amazon.jobs/en/jobs/10510718/engineering-operations-technician","gov_customer","govcloud"
"Amazon Web Services (AWS)","Amazon Jobs","Engineering Operations Technician","team-administrative-support-primary","","Boardman, OR","US (CONUS)","Full-time","","","","","https://www.amazon.jobs/en/jobs/10499275/engineering-operations-technician","gov_customer","govcloud"
"Amazon Web Services (AWS)","Amazon Jobs","Engineering Operations Technician","team-administrative-support-primary","","Boardman, OR","US (CONUS)","Full-time","","","","","https://www.amazon.jobs/en/jobs/10499272/engineering-operations-technician","gov_customer","govcloud"
"Amazon Web Services (AWS)","Amazon Jobs","Engineering Operations Technician","team-administrative-support-primary","","Boardman, OR","US (CONUS)","Full-time","","","","","https://www.amazon.jobs/en/jobs/10499266/engineering-operations-technician","gov_customer","govcloud"
"Amazon Web Services (AWS)","Amazon Jobs","Engineering Operations Technician","team-administrative-support-primary","","Boardman, OR","US (CONUS)","Full-time","","","","","https://www.amazon.jobs/en/jobs/10499264/engineering-operations-technician","gov_customer","govcloud"
"Amazon Web Services (AWS)","Amazon Jobs","Engineering Operations Technician","team-support-engineer-primary","","Boardman, OR","US (CONUS)","Full-time","","","","","https://www.amazon.jobs/en/jobs/10493006/engineering-operations-technician","gov_customer","govcloud"
"Amazon Web Services (AWS)","Amazon Jobs","Engineering Operations Technician","team-support-engineer-primary","","Boardman, OR","US (CONUS)","Full-time","","","","","https://www.amazon.jobs/en/jobs/10467032/engineering-operations-technician","gov_customer","govcloud"
"Amazon Web Services (AWS)","Amazon Jobs","Engineering Operations Technician","team-support-engineer-primary","","Hermiston, OR","US (CONUS)","Full-time","","","","","https://www.amazon.jobs/en/jobs/10400036/engineering-operations-technician","gov_customer","govcloud"
"Amazon Web Services (AWS)","Amazon Jobs","Engineering Operations Technician","team-support-engineer-primary","","Hermiston, OR","US (CONUS)","Full-time","","","","","https://www.amazon.jobs/en/jobs/10400018/engineering-operations-technician","gov_customer","govcloud"
"Amazon Web Services (AWS)","Amazon Jobs","Engineering Operations Technician, PDX54","team-support-engineer-primary","","Boardman, OR","US (CONUS)","Full-time","","","","","https://www.amazon.jobs/en/jobs/10403245/engineering-operations-technician-pdx54","gov_customer","govcloud"
"Amazon Web Services (AWS)","Amazon Jobs","Engineering Operations Technician","team-support-engineer-primary","","Hermiston, OR","US (CONUS)","Full-time","","","","","https://www.amazon.jobs/en/jobs/10400039/engineering-operations-technician","gov_customer","govcloud"
"Amazon Web Services (AWS)","Amazon Jobs","Engineering Operations Technician","team-support-engineer-primary","","Hermiston, OR","US (CONUS)","Full-time","","","","","https://www.amazon.jobs/en/jobs/10400007/engineering-operations-technician","gov_customer","govcloud"
"Amazon Web Services (AWS)","Amazon Jobs","Engineering Operations Technician","team-support-engineer-primary","","Boardman, OR","US (CONUS)","Full-time","","","","","https://www.amazon.jobs/en/jobs/10397392/engineering-operations-technician","gov_customer","govcloud"
"Amazon Web Services (AWS)","Amazon Jobs","Engineering Operations Technician","team-support-engineer-primary","","Hermiston, OR","US (CONUS)","Full-time","","","","","https://www.amazon.jobs/en/jobs/3150405/engineering-operations-technician","gov_customer","govcloud"
"Amazon Web Services (AWS)","Amazon Jobs","Engineering Operations Technician","team-support-engineer-primary","","Hermiston, OR","US (CONUS)","Full-time","","","","","https://www.amazon.jobs/en/jobs/3150395/engineering-operations-technician","gov_customer","govcloud"
"Amazon Web Services (AWS)","Amazon Jobs","Senior Manager, Software Dev, Amazon Software Builder Experience / Software Foundations & Management ","team-sde-primary","","Seattle, WA","US (CONUS)","Full-time","","","","","https://www.amazon.jobs/en/jobs/10488432/senior-manager-software-dev-amazon-software-builder-experience-software-foundations-management","gov_customer","govcloud"
"Amazon Web Services (AWS)","Amazon Jobs","Data Center Technician, DCC Communities ","team-support-engineer-primary","","Manassas, VA","US (CONUS)","Full-time","","","","","https://www.amazon.jobs/en/jobs/10440038/data-center-technician-dcc-communities","gov_customer","govcloud"
"Amazon Web Services (AWS)","Amazon Jobs","Data Center Facility Manager ","team-administrative-support-primary","","Boardman, OR","US (CONUS)","Full-time","","","","","https://www.amazon.jobs/en/jobs/10510724/data-center-facility-manager","gov_customer","govcloud"
"Amazon Web Services (AWS)","Amazon Jobs","Data Center Technician, DCC Communities ","team-support-engineer-primary","","Manassas, VA","US (CONUS)","Full-time","","","","","https://www.amazon.jobs/en/jobs/10440017/data-center-technician-dcc-communities","gov_customer","govcloud"
"Amazon Web Services (AWS)","Amazon Jobs","Data Center Technician, DCC Communities ","team-support-engineer-primary","","Manassas, VA","US (CONUS)","Full-time","","","","","https://www.amazon.jobs/en/jobs/10436388/data-center-technician-dcc-communities","gov_customer","govcloud"
"Amazon Web Services (AWS)","Amazon Jobs","Data Center Technician, DCC Communities ","team-support-engineer-primary","","Manassas, VA","US (CONUS)","Full-time","","","","","https://www.amazon.jobs/en/jobs/10436376/data-center-technician-dcc-communities","gov_customer","govcloud"
"Amazon Web Services (AWS)","Amazon Jobs","Data Center Technician","team-support-engineer-primary","","Frederick, MD","US (CONUS)","Full-time","","","","","https://www.amazon.jobs/en/jobs/10495022/data-center-technician","gov_customer","govcloud"
"Amazon Web Services (AWS)","Amazon Jobs","Data Center Technician, DCC Communities ","team-support-engineer-primary","","Manassas, VA","US (CONUS)","Full-time","","","","","https://www.amazon.jobs/en/jobs/10439983/data-center-technician-dcc-communities","gov_customer","govcloud"
"Amazon Web Services (AWS)","Amazon Jobs","Data Center Technician, DCC Communities ","team-support-engineer-primary","","Manassas, VA","US (CONUS)","Full-time","","","","","https://www.amazon.jobs/en/jobs/10435792/data-center-technician-dcc-communities","gov_customer","govcloud"
"Amazon Web Services (AWS)","Amazon Jobs","Data Center Manager, DCC Communities ","team-support-engineer-primary","","Aldie, VA","US (CONUS)","Full-time","","","","","https://www.amazon.jobs/en/jobs/10471485/data-center-manager-dcc-communities","gov_customer","govcloud"
"Amazon Web Services (AWS)","Amazon Jobs","Commissioning Program Coordinator, AMER-Central ACx","team-system-development-engineer-primary","","Columbus, OH","US (CONUS)","Full-time","","","","","https://www.amazon.jobs/en/jobs/10450520/commissioning-program-coordinator-amer-central-acx","gov_customer","govcloud"
"Amazon Web Services (AWS)","Amazon Jobs","Data Center Operations Manager (Nights), Data Center Operations","team-support","","Dublin, OH","US (CONUS)","Full-time","","","","","https://www.amazon.jobs/en/jobs/10480707/data-center-operations-manager-nights-data-center-operations","gov_customer","govcloud"
"Amazon Web Services (AWS)","Amazon Jobs","Data Center Chief Engineer ","team-support","","Boardman, OR","US (CONUS)","Full-time","","","","","https://www.amazon.jobs/en/jobs/10414031/data-center-chief-engineer","gov_customer","govcloud"
"Amazon Web Services (AWS)","Amazon Jobs","Data Center Chief Engineer , DCEO","team-support","","Hampton, GA","US (CONUS)","Full-time","","","","","https://www.amazon.jobs/en/jobs/10505573/data-center-chief-engineer-dceo","gov_customer","govcloud"
"Amazon Web Services (AWS)","Amazon Jobs","Data Center Manager (Night Shift)","team-support","","New Albany, OH","US (CONUS)","Full-time","","","","","https://www.amazon.jobs/en/jobs/3172823/data-center-manager-night-shift","gov_customer","govcloud"
"Amazon Web Services (AWS)","Amazon Jobs","Data Center Facility Manager, Data Center Community","team-support-engineer-primary","","New Carlisle, IN","US (CONUS)","Full-time","","","","","https://www.amazon.jobs/en/jobs/10495018/data-center-facility-manager-data-center-community","gov_customer","govcloud"
"Amazon Web Services (AWS)","Amazon Jobs","CMMS Engineer, InfraOps Availability","team-administrative-support-primary","","Lithia Springs, GA","US (CONUS)","Full-time","","","","","https://www.amazon.jobs/en/jobs/10463051/cmms-engineer-infraops-availability","gov_customer","govcloud"
"Amazon Web Services (AWS)","Amazon Jobs","Data Center Manager, DCO","team-support-engineer-primary","","Hamlet, NC","US (CONUS)","Full-time","","","","","https://www.amazon.jobs/en/jobs/10493368/data-center-manager-dco","gov_customer","govcloud"
"Amazon Web Services (AWS)","Amazon Jobs","Data Center Chief Engineer","team-support-engineer-primary","","Jeffersonville, OH","US (CONUS)","Full-time","","","","","https://www.amazon.jobs/en/jobs/10511539/data-center-chief-engineer","gov_customer","govcloud"
"Amazon Web Services (AWS)","Amazon Jobs","Data Center Facility Manager, Data Center Community","team-support-engineer-primary","","Hampton, GA","US (CONUS)","Full-time","","","","","https://www.amazon.jobs/en/jobs/10506720/data-center-facility-manager-data-center-community","gov_customer","govcloud"
"Amazon Web Services (AWS)","Amazon Jobs","Data Center Chief Engineer","team-support-engineer-primary","","Jeffersonville, OH","US (CONUS)","Full-time","","","","","https://www.amazon.jobs/en/jobs/10511540/data-center-chief-engineer","gov_customer","govcloud"
"Amazon Web Services (AWS)","Amazon Jobs"," Data Center Chief Engineer","team-support","","Jeffersonville, OH","US (CONUS)","Full-time","","","","","https://www.amazon.jobs/en/jobs/3202979/data-center-chief-engineer","gov_customer","govcloud"
"Amazon Web Services (AWS)","Amazon Jobs"," Data Center Chief Engineer","team-support-engineer-primary","","Berwick, PA","US (CONUS)","Full-time","","","","","https://www.amazon.jobs/en/jobs/10522158/data-center-chief-engineer","gov_customer","govcloud"
"Amazon Web Services (AWS)","Amazon Jobs","Software Development Engineer II, AWS Compute Optimizer","team-sde-primary","","Seattle, WA","US (CONUS)","Full-time","","","","","https://www.amazon.jobs/en/jobs/10519793/software-development-engineer-ii-aws-compute-optimizer","gov_customer","govcloud"
"Amazon Web Services (AWS)","Amazon Jobs","Logistics Manager","team-support-engineer-primary","","Fairless Hills, PA","US (CONUS)","Full-time","","","","","https://www.amazon.jobs/en/jobs/10501824/logistics-manager","gov_customer","govcloud"
"Amazon Web Services (AWS)","Amazon Jobs","Data Center Operations Manager","team-support-engineer-primary","","Gilroy, CA","US (CONUS)","Full-time","","","","","https://www.amazon.jobs/en/jobs/10499227/data-center-operations-manager","gov_customer","govcloud"
"Amazon Web Services (AWS)","Amazon Jobs","Data Center Manager, DCC Communities","team-support-engineer-primary","","Sterling, VA","US (CONUS)","Full-time","","","","","https://www.amazon.jobs/en/jobs/10464154/data-center-manager-dcc-communities","gov_customer","govcloud"
"Amazon Web Services (AWS)","Amazon Jobs","Logistics Manager","team-support-engineer-primary","","Fairless Hills, PA","US (CONUS)","Full-time","","","","","https://www.amazon.jobs/en/jobs/10501826/logistics-manager","gov_customer","govcloud"
"Amazon Web Services (AWS)","Amazon Jobs","Sr Partner Development Mgr, Global ISV Partners","team-public-sector","","Arlington, VA","US (CONUS)","Full-time","","","","","https://www.amazon.jobs/en/jobs/10502641/sr-partner-development-mgr-global-isv-partners","gov_customer","govcloud"
"Amazon Web Services (AWS)","Amazon Jobs","Sr Partner Development Mgr, Global ISV Partners","team-public-sector","","Arlington, VA","US (CONUS)","Full-time","","","","","https://www.amazon.jobs/en/jobs/10497733/sr-partner-development-mgr-global-isv-partners","gov_customer","govcloud"
"Amazon Web Services (AWS)","Amazon Jobs","Data Center Physical Security Specialist , DCC Communities ","team-support","","Hermiston, OR","US (CONUS)","Full-time","","","","","https://www.amazon.jobs/en/jobs/10464818/data-center-physical-security-specialist-dcc-communities","gov_customer","govcloud"
"Amazon Web Services (AWS)","Amazon Jobs","Data Center Security Specialist , DCC Communities ","team-support","","Hermiston, OR","US (CONUS)","Full-time","","","","","https://www.amazon.jobs/en/jobs/10472922/data-center-security-specialist-dcc-communities","gov_customer","govcloud"
"Amazon Web Services (AWS)","Amazon Jobs","Data Center Security Specialist , DCC Communities ","team-support","","Hermiston, OR","US (CONUS)","Full-time","","","","","https://www.amazon.jobs/en/jobs/10472919/data-center-security-specialist-dcc-communities","gov_customer","govcloud"
"Amazon Web Services (AWS)","Amazon Jobs","Account Based Marketing Manager, Defense, AWS Industry Marketing","team-marketing-primary","","Arlington, VA","US (CONUS)","Full-time","","","","","https://www.amazon.jobs/en/jobs/10435988/account-based-marketing-manager-defense-aws-industry-marketing","gov_customer","national security"
"Amazon Web Services (AWS)","Amazon Jobs","Sr. Delivery Consultant- Data & Analytics, WWPS, ProServe Non Profits Organization (NPO)","team-pro-serv","","Chicago, IL","US (CONUS)","Full-time","","","","","https://www.amazon.jobs/en/jobs/10437520/sr-delivery-consultant-data-analytics-wwps-proserve-non-profits-organization-npo","gov_customer","national security"
"Amazon Web Services (AWS)","Amazon Jobs","Senior Account Executive, Global DefenseTechs, Worldwide Public Sector ISVs, Global DefenseTech ISV Sales","team-public-sector","","Arlington, VA","US (CONUS)","Full-time","","","","","https://www.amazon.jobs/en/jobs/10457979/senior-account-executive-global-defensetechs-worldwide-public-sector-isvs-global-defensetech-isv-sales","gov_customer","national security"
"Amazon Web Services (AWS)","Amazon Jobs","Executive Assistant, Worldwide Public Sector, AWS Worldwide Public Sector","team-administrative-support-primary","","Arlington, VA","US (CONUS)","Full-time","","","","","https://www.amazon.jobs/en/jobs/10442501/executive-assistant-worldwide-public-sector-aws-worldwide-public-sector","gov_customer","public sector"
"Amazon Web Services (AWS)","Amazon Jobs","Public Sector Enablement Lead , WWPS Enablement","team-sales-primary","","Seattle, WA","US (CONUS)","Full-time","","","","","https://www.amazon.jobs/en/jobs/10468662/public-sector-enablement-lead-wwps-enablement","gov_customer","public sector"
"Amazon Web Services (AWS)","Amazon Jobs","Sr. SAP GTM and Sales Specialist, Public Sector North America, AWS for SAP Public Sector ","team-public-sector","","Arlington, VA","US (CONUS)","Full-time","","","","","https://www.amazon.jobs/en/jobs/10457226/sr-sap-gtm-and-sales-specialist-public-sector-north-america-aws-for-sap-public-sector","gov_customer","public sector"
"Amazon Web Services (AWS)","Amazon Jobs","Program Manager, Global ISV Team, Public Sector","team-public-sector","","Arlington, VA","US (CONUS)","Full-time","","","","","https://www.amazon.jobs/en/jobs/10497729/program-manager-global-isv-team-public-sector","gov_customer","public sector"
"Amazon Web Services (AWS)","Amazon Jobs","Account Executive, Worldwide Public Sector Healthcare & Life Sciences ","team-public-sector","","Arlington, VA","US (CONUS)","Full-time","","","","","https://www.amazon.jobs/en/jobs/10503570/account-executive-worldwide-public-sector-healthcare-life-sciences","gov_customer","public sector"
"Amazon Web Services (AWS)","Amazon Jobs","Technical Account Manager (TAM), WWPS Partners Public Sector (GDMC)","team-solutions-architect-primary","","Seattle, WA","US (CONUS)","Full-time","","","","","https://www.amazon.jobs/en/jobs/10516419/technical-account-manager-tam-wwps-partners-public-sector-gdmc","gov_customer","public sector"
"Amazon Web Services (AWS)","Amazon Jobs","SCE Deal Lead, Strategic Customer Engagements Public Sector","team-business-development-primary","","Seattle, WA","US (CONUS)","Full-time","","","","","https://www.amazon.jobs/en/jobs/10443853/sce-deal-lead-strategic-customer-engagements-public-sector","gov_customer","public sector"
"Amazon Web Services (AWS)","Amazon Jobs","Technical Program Manager, WWPS Engineering, Worldwide Public Sector Engineering","team-public-sector","","Arlington, VA","US (CONUS)","Full-time","","","","","https://www.amazon.jobs/en/jobs/10421245/technical-program-manager-wwps-engineering-worldwide-public-sector-engineering","gov_customer","public sector"
"Amazon Web Services (AWS)","Amazon Jobs","Partner Development Manager, Healthcare Industry Solutions, Worldwide Public Sector Partners","team-public-sector","","Arlington, VA","US (CONUS)","Full-time","","","","","https://www.amazon.jobs/en/jobs/10472700/partner-development-manager-healthcare-industry-solutions-worldwide-public-sector-partners","gov_customer","public sector"
"Amazon Web Services (AWS)","Amazon Jobs","WWPS Account Executive - Nonprofit, Worldwide Public Sector Greenfield Sales, Nonprofit","team-public-sector","","Arlington, VA","US (CONUS)","Full-time","","","","","https://www.amazon.jobs/en/jobs/10493469/wwps-account-executive-nonprofit-worldwide-public-sector-greenfield-sales-nonprofit","gov_customer","public sector"
"Amazon Web Services (AWS)","Amazon Jobs","Partner Development Manager, Agentic AI, Worldwide Public Sector Partners","team-public-sector","","Arlington, VA","US (CONUS)","Full-time","","","","","https://www.amazon.jobs/en/jobs/10469942/partner-development-manager-agentic-ai-worldwide-public-sector-partners","gov_customer","public sector"
"Amazon Web Services (AWS)","Amazon Jobs","Senior Delivery Consultant- DevOps, Worldwide Public Sector Professional Services, FedFin","team-pro-serv","","Herndon, VA","US (CONUS)","Full-time","","","","","https://www.amazon.jobs/en/jobs/10514571/senior-delivery-consultant-devops-worldwide-public-sector-professional-services-fedfin","cleared","public trust clearance"
"Amazon Web Services (AWS)","Amazon Jobs","Technical Account Manager (TAM), WWPS Partners Public Sector (GDMC)","team-solutions-architect-primary","","Arlington, VA","US (CONUS)","Full-time","","","","","https://www.amazon.jobs/en/jobs/10516418/technical-account-manager-tam-wwps-partners-public-sector-gdmc","gov_customer","public sector"
"Amazon Web Services (AWS)","Amazon Jobs","WWPS Greenfield Account Executive, Worldwide Public Sector Greenfield Sales","team-public-sector","","Austin, TX","US (CONUS)","Full-time","","","","","https://www.amazon.jobs/en/jobs/10449720/wwps-greenfield-account-executive-worldwide-public-sector-greenfield-sales","gov_customer","public sector"
"Amazon Web Services (AWS)","Amazon Jobs","WWPS Greenfield Account Executive, Worldwide Public Sector Greenfield Sales","team-public-sector","","Arlington, VA","US (CONUS)","Full-time","","","","","https://www.amazon.jobs/en/jobs/10391241/wwps-greenfield-account-executive-worldwide-public-sector-greenfield-sales","gov_customer","public sector"
"Amazon Web Services (AWS)","Amazon Jobs","Senior Technical Program Manager, AWS Worldwide Public Sector Engineering (WWPSE)","team-public-sector","","Arlington, VA","US (CONUS)","Full-time","","","","","https://www.amazon.jobs/en/jobs/10493124/senior-technical-program-manager-aws-worldwide-public-sector-engineering-wwpse","gov_customer","public sector"
"Amazon Web Services (AWS)","Amazon Jobs","Account Executive - Public Sector, Enterprise - New York, Amazon Web Services","team-public-sector","","New York, NY","US (CONUS)","Full-time","","","","","https://www.amazon.jobs/en/jobs/10475077/account-executive-public-sector-enterprise-new-york-amazon-web-services","gov_customer","public sector"
"Amazon Web Services (AWS)","Amazon Jobs","Sr. Technical Account Manager (TAM), WWPS Partners Public Sector (GDMC)","team-solutions-architect-primary","","Arlington, VA","US (CONUS)","Full-time","","","","","https://www.amazon.jobs/en/jobs/10516420/sr-technical-account-manager-tam-wwps-partners-public-sector-gdmc","gov_customer","public sector"
"Amazon Web Services (AWS)","Amazon Jobs","Account Executive - Public Sector, Enterprise - New York, Amazon Web Services","team-public-sector","","Virtual Location - New York, NY","US (CONUS)","Full-time","","","","","https://www.amazon.jobs/en/jobs/10481667/account-executive-public-sector-enterprise-new-york-amazon-web-services","gov_customer","public sector"
"Amazon Web Services (AWS)","Amazon Jobs","Partner Account Manager, Global Systems Integrator Sales, WWPS GSI Public Sector Team","team-public-sector","","Arlington, VA","US (CONUS)","Full-time","","","","","https://www.amazon.jobs/en/jobs/10487136/partner-account-manager-global-systems-integrator-sales-wwps-gsi-public-sector-team","gov_customer","public sector"
"Amazon Web Services (AWS)","Amazon Jobs","Senior Engagement Manager, Worldwide Public Sector Professional Services, Healthcare Life Sciences (HCLS)","team-pro-serv","","Arlington, VA","US (CONUS)","Full-time","","","","","https://www.amazon.jobs/en/jobs/10514600/senior-engagement-manager-worldwide-public-sector-professional-services-healthcare-life-sciences-hcls","gov_customer","public sector"
"Amazon Web Services (AWS)","Amazon Jobs","Pr. Delivery Consultant-Migrations, Worldwide Public Sector Professional Services, Health Care Life Sciences","team-pro-serv","","Arlington, VA","US (CONUS)","Full-time","","","","","https://www.amazon.jobs/en/jobs/10510683/pr-delivery-consultant-migrations-worldwide-public-sector-professional-services-health-care-life-sciences","gov_customer","public sector"
"Amazon Web Services (AWS)","Amazon Jobs","Senior Engagement Manager, Worldwide Public Sector Professional Services, Healthcare Life Sciences (HCLS)","team-pro-serv","","Arlington, VA","US (CONUS)","Full-time","","","","","https://www.amazon.jobs/en/jobs/10469284/senior-engagement-manager-worldwide-public-sector-professional-services-healthcare-life-sciences-hcls","gov_customer","public sector"
"Amazon Web Services (AWS)","Amazon Jobs","Senior Engagement Manager, Worldwide Public Sector Professional Services, State and Local Government & Education","team-pro-serv","","Dallas, TX","US (CONUS)","Full-time","","","","","https://www.amazon.jobs/en/jobs/10521957/senior-engagement-manager-worldwide-public-sector-professional-services-state-and-local-government-education","gov_customer","public sector"
"Amazon Web Services (AWS)","Amazon Jobs","WWPS Greenfield Account Executive, SLG/EDU, Worldwide Public Sector Greenfield Sales, SLG/EDU","team-public-sector","","Arlington, VA","US (CONUS)","Full-time","","","","","https://www.amazon.jobs/en/jobs/10411085/wwps-greenfield-account-executive-slg-edu-worldwide-public-sector-greenfield-sales-slg-edu","gov_customer","public sector"
"Amazon Web Services (AWS)","Amazon Jobs","WWPS Greenfield Account Executive, SLG/EDU, Worldwide Public Sector Greenfield Sales, SLG/EDU","team-public-sector","","Arlington, VA","US (CONUS)","Full-time","","","","","https://www.amazon.jobs/en/jobs/10475091/wwps-greenfield-account-executive-slg-edu-worldwide-public-sector-greenfield-sales-slg-edu","gov_customer","public sector"
"Amazon Web Services (AWS)","Amazon Jobs","Field Sales Operations Analyst, Worldwide Public Sector, WWPS EDU/SLG/xTech Operations","team-public-sector","","Arlington, VA","US (CONUS)","Full-time","","","","","https://www.amazon.jobs/en/jobs/10526580/field-sales-operations-analyst-worldwide-public-sector-wwps-edu-slg-xtech-operations","gov_customer","public sector"
"Amazon Web Services (AWS)","Amazon Jobs","Engagement Manager, Worldwide Public Sector Professional Services, State and Local Government & Education","team-pro-serv","","Herndon, VA","US (CONUS)","Full-time","","","","","https://www.amazon.jobs/en/jobs/10509108/engagement-manager-worldwide-public-sector-professional-services-state-and-local-government-education","gov_customer","public sector"
"Amazon Web Services (AWS)","Amazon Jobs","Senior Business Development Program Manager, ISV Go-to-Market, WW Public Sector Partner Core","team-business-development-primary","","Seattle, WA","US (CONUS)","Full-time","","","","","https://www.amazon.jobs/en/jobs/10506799/senior-business-development-program-manager-isv-go-to-market-ww-public-sector-partner-core","gov_customer","public sector"
"Amazon Web Services (AWS)","Amazon Jobs","WWPS Greenfield Account Executive, SLG/EDU, Worldwide Public Sector Greenfield Sales, SLG/EDU","team-public-sector","","Arlington, VA","US (CONUS)","Full-time","","","","","https://www.amazon.jobs/en/jobs/10507365/wwps-greenfield-account-executive-slg-edu-worldwide-public-sector-greenfield-sales-slg-edu","gov_customer","public sector"
"Amazon Web Services (AWS)","Amazon Jobs","AWS Principal Account Manager, State & Local Government , Commonwealth of Massachusetts - New England State and Local Government","team-public-sector","","Boston, MA","US (CONUS)","Full-time","","","","","https://www.amazon.jobs/en/jobs/10484752/aws-principal-account-manager-state-local-government-commonwealth-of-massachusetts-new-england-state-and-local-government","gov_customer","public sector"
"Amazon Web Services (AWS)","Amazon Jobs","AWS Principal Account Manager, State & Local Government , Southwest SLG","team-public-sector","","Santa Monica, CA","US (CONUS)","Full-time","","","","","https://www.amazon.jobs/en/jobs/10425571/aws-principal-account-manager-state-local-government-southwest-slg","gov_customer","public sector"
"Amazon Web Services (AWS)","Amazon Jobs","Senior Solutions Architect, GovTech ISVs","team-public-sector","","Austin, TX","US (CONUS)","Full-time","","","","","https://www.amazon.jobs/en/jobs/10419700/senior-solutions-architect-govtech-isvs","gov_customer","public sector"
"Amazon Web Services (AWS)","Amazon Jobs","WWPS Senior Business Manager, WWPS Global GSI Partners","team-public-sector","","Arlington, VA","US (CONUS)","Full-time","","","","","https://www.amazon.jobs/en/jobs/10514192/wwps-senior-business-manager-wwps-global-gsi-partners","gov_customer","public sector"
"Amazon Web Services (AWS)","Amazon Jobs","Migration & Modernization Tech BDM – US Federal, WWPS Migrations","team-public-sector","","Arlington, VA","US (CONUS)","Full-time","","","","","https://www.amazon.jobs/en/jobs/10452632/migration-modernization-tech-bdm-us-federal-wwps-migrations","gov_customer","public sector"
"Amazon Web Services (AWS)","Amazon Jobs","Customer Solutions Manager, AWS Global Nonprofit Business","team-public-sector","","Arlington, VA","US (CONUS)","Full-time","","","","","https://www.amazon.jobs/en/jobs/10503704/customer-solutions-manager-aws-global-nonprofit-business","gov_customer","public sector"
"Amazon Web Services (AWS)","Amazon Jobs","Principal Customer Solutions Manager, Healthcare & Life Sciences","team-public-sector","","Herndon, VA","US (CONUS)","Full-time","","","","","https://www.amazon.jobs/en/jobs/10438883/principal-customer-solutions-manager-healthcare-life-sciences","gov_customer","public sector"
"Amazon Web Services (AWS)","Amazon Jobs","Sr. AI Sales Specialist, AWS Global Nonprofit Business ","team-public-sector","","Arlington, VA","US (CONUS)","Full-time","","","","","https://www.amazon.jobs/en/jobs/10527961/sr-ai-sales-specialist-aws-global-nonprofit-business","gov_customer","public sector"
"Amazon Web Services (AWS)","Amazon Jobs","Solutions Architect II, State and Local Government, WWPS SLG/EDU","team-public-sector","","Tampa, FL","US (CONUS)","Full-time","","","","","https://www.amazon.jobs/en/jobs/10525906/solutions-architect-ii-state-and-local-government-wwps-slg-edu","gov_customer","public sector"
"Amazon Web Services (AWS)","Amazon Jobs","Senior Solutions Architect, WWPS Migrations & Modernization","team-public-sector","","Austin, TX","US (CONUS)","Full-time","","","","","https://www.amazon.jobs/en/jobs/10483485/senior-solutions-architect-wwps-migrations-modernization","gov_customer","public sector"
"Amazon Web Services (AWS)","Amazon Jobs"," Sr. Account Manager - DHS, Federal Civilian Team","team-public-sector","","Arlington, VA","US (CONUS)","Full-time","","","","","https://www.amazon.jobs/en/jobs/10469903/sr-account-manager-dhs-federal-civilian-team","gov_customer","public sector"
"Amazon Web Services (AWS)","Amazon Jobs","Solutions Architect II, Amazon Web Services, Education - Mid-Atlantic","team-public-sector","","Arlington, VA","US (CONUS)","Full-time","","","","","https://www.amazon.jobs/en/jobs/10471494/solutions-architect-ii-amazon-web-services-education-mid-atlantic","gov_customer","public sector"
"Amazon Web Services (AWS)","Amazon Jobs","Senior Solutions Architect, Great Lakes State & Local Government","team-public-sector","","Virtual Location - Indiana, IN","US (CONUS)","Full-time","","","","","https://www.amazon.jobs/en/jobs/10516127/senior-solutions-architect-great-lakes-state-local-government","gov_customer","public sector"
"Amazon Web Services (AWS)","Amazon Jobs","WWPS Senior Business Manager, WWPS Global GSI Partners","team-public-sector","","Arlington, VA","US (CONUS)","Full-time","","","","","https://www.amazon.jobs/en/jobs/10495075/wwps-senior-business-manager-wwps-global-gsi-partners","gov_customer","public sector"
"Amazon Web Services (AWS)","Amazon Jobs","Sr Solutions Architect, Amazon Web Services, AWS Federal Financials","team-public-sector","","Arlington, VA","US (CONUS)","Full-time","","","","","https://www.amazon.jobs/en/jobs/10479214/sr-solutions-architect-amazon-web-services-aws-federal-financials","gov_customer","public sector"
"Amazon Web Services (AWS)","Amazon Jobs","Solutions Architect, Amazon Web Services, Federal Financial","team-public-sector","","Arlington, VA","US (CONUS)","Full-time","","","","","https://www.amazon.jobs/en/jobs/10470260/solutions-architect-amazon-web-services-federal-financial","gov_customer","public sector"
"Amazon Web Services (AWS)","Amazon Jobs","Sales - State of Iowa, Midwest SLG","team-public-sector","","Virtual Location - Iowa, IA","US (CONUS)","Full-time","","","","","https://www.amazon.jobs/en/jobs/10481520/sales-state-of-iowa-midwest-slg","gov_customer","public sector"
"Amazon Web Services (AWS)","Amazon Jobs","Account Executive - City of Seattle, State of Montana, Enterprise State & Local Government Sales, West SLG, Sr Sales Manager, Pacific NW SLG & EDU","team-public-sector","","Seattle, WA","US (CONUS)","Full-time","","","","","https://www.amazon.jobs/en/jobs/10447910/account-executive-city-of-seattle-state-of-montana-enterprise-state-local-government-sales-west-slg-sr-sales-manager-pacific-nw-slg-edu","gov_customer","public sector"
"Amazon Web Services (AWS)","Amazon Jobs","Solutions Architect, GovTech MidMarket Solution Architecture","team-public-sector","","Arlington, VA","US (CONUS)","Full-time","","","","","https://www.amazon.jobs/en/jobs/10525942/solutions-architect-govtech-midmarket-solution-architecture","gov_customer","public sector"
"Amazon Web Services (AWS)","Amazon Jobs","Sr. Account Executive, State of California","team-public-sector","","Sacramento, CA","US (CONUS)","Full-time","","","","","https://www.amazon.jobs/en/jobs/10472891/sr-account-executive-state-of-california","gov_customer","public sector"
"Amazon Web Services (AWS)","Amazon Jobs","Principal Account Executive, Federal Financials","team-public-sector","","Arlington, VA","US (CONUS)","Full-time","","","","","https://www.amazon.jobs/en/jobs/10472534/principal-account-executive-federal-financials","gov_customer","public sector"
"Amazon Web Services (AWS)","Amazon Jobs","GovTech Enterprise Account Manager, US Enterprise GovTech ","team-public-sector","","Arlington, VA","US (CONUS)","Full-time","","","","","https://www.amazon.jobs/en/jobs/10449712/govtech-enterprise-account-manager-us-enterprise-govtech","gov_customer","public sector"
"Amazon Web Services (AWS)","Amazon Jobs","Solutions Architect, Amazon Web Services, Federal Financial","team-public-sector","","Arlington, VA","US (CONUS)","Full-time","","","","","https://www.amazon.jobs/en/jobs/10434865/solutions-architect-amazon-web-services-federal-financial","gov_customer","public sector"
"Amazon Web Services (AWS)","Amazon Jobs","Senior Solutions Architect, GovTech ISVs","team-public-sector","","Austin, TX","US (CONUS)","Full-time","","","","","https://www.amazon.jobs/en/jobs/10419146/senior-solutions-architect-govtech-isvs","gov_customer","public sector"
"Amazon Web Services (AWS)","Amazon Jobs","Solutions Architect (SLG), State and Local Government - Southeast Region","team-public-sector","","Virtual Location - Florida, FL","US (CONUS)","Full-time","","","","","https://www.amazon.jobs/en/jobs/10423580/solutions-architect-slg-state-and-local-government-southeast-region","gov_customer","public sector"
"Amazon Web Services (AWS)","Amazon Jobs","Sales Strategy & Execution Lead, WWPS Shared Services Org","team-public-sector","","Arlington, VA","US (CONUS)","Full-time","","","","","https://www.amazon.jobs/en/jobs/10483838/sales-strategy-execution-lead-wwps-shared-services-org","gov_customer","public sector"
"Amazon Web Services (AWS)","Amazon Jobs","Senior Solutions Architect, GovTech ISVs","team-public-sector","","Austin, TX","US (CONUS)","Full-time","","","","","https://www.amazon.jobs/en/jobs/10419699/senior-solutions-architect-govtech-isvs","gov_customer","public sector"
"Amazon Web Services (AWS)","Amazon Jobs","Sr. Manager, WWPS GSI Partners, WWPS Global GSIs","team-public-sector","","Arlington, VA","US (CONUS)","Full-time","","","","","https://www.amazon.jobs/en/jobs/10472937/sr-manager-wwps-gsi-partners-wwps-global-gsis","gov_customer","public sector"
"Amazon Web Services (AWS)","Amazon Jobs","Business Development Lead, Education GTM, AWS Global Education, WWPS","team-public-sector","","Arlington, VA","US (CONUS)","Full-time","","","","","https://www.amazon.jobs/en/jobs/10472897/business-development-lead-education-gtm-aws-global-education-wwps","gov_customer","public sector"
"Amazon Web Services (AWS)","Amazon Jobs","Solutions Architect, EdTech, WWPS","team-public-sector","","Austin, TX","US (CONUS)","Full-time","","","","","https://www.amazon.jobs/en/jobs/10484749/solutions-architect-edtech-wwps","gov_customer","public sector"
"Amazon Web Services (AWS)","Amazon Jobs","Business Development Manager, Finance, Administration, Tax & Revenue, SLG Verticals, WWPS SLG/EDU Verticals & Strategic Engagement ","team-public-sector","","Arlington, VA","US (CONUS)","Full-time","","","","","https://www.amazon.jobs/en/jobs/10481519/business-development-manager-finance-administration-tax-revenue-slg-verticals-wwps-slg-edu-verticals-strategic-engagement","gov_customer","public sector"
"Amazon Web Services (AWS)","Amazon Jobs","Head of Marketing, State & Local Gov & Global Education, AWS Industry Marketing","team-public-sector","","Arlington, VA","US (CONUS)","Full-time","","","","","https://www.amazon.jobs/en/jobs/10440100/head-of-marketing-state-local-gov-global-education-aws-industry-marketing","gov_customer","public sector"
"Amazon Web Services (AWS)","Amazon Jobs","Senior Solutions Architect, WWPS, State and Local Government & Higher Education","team-public-sector","","New York, NY","US (CONUS)","Full-time","","","","","https://www.amazon.jobs/en/jobs/10521830/senior-solutions-architect-wwps-state-and-local-government-higher-education","gov_customer","public sector"
"Amazon Web Services (AWS)","Amazon Jobs","Solutions Architect, Amazon Web Services","team-public-sector","","Virtual Location - Nebraska, NE","US (CONUS)","Full-time","","","","","https://www.amazon.jobs/en/jobs/10419145/solutions-architect-amazon-web-services","gov_customer","public sector"
"Amazon Web Services (AWS)","Amazon Jobs","Customer Solutions Manager, EDU & SLG Western Region - CSM","team-public-sector","","Virtual Location - Iowa, IA","US (CONUS)","Full-time","","","","","https://www.amazon.jobs/en/jobs/10455495/customer-solutions-manager-edu-slg-western-region-csm","gov_customer","public sector"
"Amazon Web Services (AWS)","Amazon Jobs","Senior Solutions Architect, California, State and Local Government","team-public-sector","","Santa Monica, CA","US (CONUS)","Full-time","","","","","https://www.amazon.jobs/en/jobs/10507571/senior-solutions-architect-california-state-and-local-government","gov_customer","public sector"
"Amazon Web Services (AWS)","Amazon Jobs","Senior Account Manager, Central TX Local Gov't, Texas HED & Local Government","team-public-sector","","Austin, TX","US (CONUS)","Full-time","","","","","https://www.amazon.jobs/en/jobs/10484747/senior-account-manager-central-tx-local-gov-t-texas-hed-local-government","gov_customer","public sector"
"Amazon Web Services (AWS)","Amazon Jobs","Account Executive - State of Illinois / University of Illinois, Enterprise State & Local Government Sales, West HED / SLG","team-public-sector","","Chicago, IL","US (CONUS)","Full-time","","","","","https://www.amazon.jobs/en/jobs/10447912/account-executive-state-of-illinois-university-of-illinois-enterprise-state-local-government-sales-west-hed-slg","gov_customer","public sector"
"Amazon Web Services (AWS)","Amazon Jobs","Solutions Architect, WWPS, State and Local Government & Higher Education","team-public-sector","","New York, NY","US (CONUS)","Full-time","","","","","https://www.amazon.jobs/en/jobs/10505559/solutions-architect-wwps-state-and-local-government-higher-education","gov_customer","public sector"
"Amazon Web Services (AWS)","Amazon Jobs","Sr. Solutions Architect (SLG), State and Local Government - Southeast Region","team-public-sector","","Nashville, TN","US (CONUS)","Full-time","","","","","https://www.amazon.jobs/en/jobs/10419942/sr-solutions-architect-slg-state-and-local-government-southeast-region","gov_customer","public sector"
"Amazon Web Services (AWS)","Amazon Jobs","Solutions Architect, Amazon Web Services, AWS WWPS Education, State and Local Government","team-public-sector","","Tempe, AZ","US (CONUS)","Full-time","","","","","https://www.amazon.jobs/en/jobs/10497209/solutions-architect-amazon-web-services-aws-wwps-education-state-and-local-government","gov_customer","public sector"
"Amazon Web Services (AWS)","Amazon Jobs","Solutions Architect - NPO, Membership Account Team","team-public-sector","","Arlington, VA","US (CONUS)","Full-time","","","","","https://www.amazon.jobs/en/jobs/10444663/solutions-architect-npo-membership-account-team","gov_customer","public sector"
"Amazon Web Services (AWS)","Amazon Jobs","AWS Account Manager, Higher Education, CA Higher Education","team-public-sector","","Irvine, CA","US (CONUS)","Full-time","","","","","https://www.amazon.jobs/en/jobs/10447911/aws-account-manager-higher-education-ca-higher-education","gov_customer","public sector"
"Amazon Web Services (AWS)","Amazon Jobs","Senior Solutions Architect, Federal Civilian","team-public-sector","","Arlington, VA","US (CONUS)","Full-time","","","","","https://www.amazon.jobs/en/jobs/10479920/senior-solutions-architect-federal-civilian","gov_customer","civilian agencies"
"Amazon Web Services (AWS)","Amazon Jobs","Senior Business Development Manager, EdTech/GovTech Product Acceleration","team-public-sector","","Arlington, VA","US (CONUS)","Full-time","","","","","https://www.amazon.jobs/en/jobs/10445216/senior-business-development-manager-edtech-govtech-product-acceleration","gov_customer","public sector"
"Amazon Web Services (AWS)","Amazon Jobs","Senior Solutions Architect, WWPS Migrations & Modernization","team-public-sector","","Arlington, VA","US (CONUS)","Full-time","","","","","https://www.amazon.jobs/en/jobs/10515436/senior-solutions-architect-wwps-migrations-modernization","gov_customer","public sector"
"Amazon Web Services (AWS)","Amazon Jobs","Migration & Modernization Tech BDM – US SLG/EDU, WWPS Migrations","team-public-sector","","Austin, TX","US (CONUS)","Full-time","","","","","https://www.amazon.jobs/en/jobs/10487133/migration-modernization-tech-bdm-us-slg-edu-wwps-migrations","gov_customer","public sector"
"Amazon Web Services (AWS)","Amazon Jobs","Senior Solutions Architect, WWPS ISV","team-public-sector","","Arlington, VA","US (CONUS)","Full-time","","","","","https://www.amazon.jobs/en/jobs/10499993/senior-solutions-architect-wwps-isv","gov_customer","public sector"
"Amazon Web Services (AWS)","Amazon Jobs","Sr. Solutions Architect, WWPS SA -  NPO Research","team-public-sector","","San Diego, CA","US (CONUS)","Full-time","","","","","https://www.amazon.jobs/en/jobs/10401286/sr-solutions-architect-wwps-sa-npo-research","gov_customer","public sector"
"Amazon Web Services (AWS)","Amazon Jobs","Solutions Architect (SLG/EDU), State and Local Government, Higher Education - Great Lakes","team-public-sector","","Columbus, OH","US (CONUS)","Full-time","","","","","https://www.amazon.jobs/en/jobs/10471495/solutions-architect-slg-edu-state-and-local-government-higher-education-great-lakes","gov_customer","public sector"
"Amazon Web Services (AWS)","Amazon Jobs","Strategic Pursuits Manager – US State & Local Government & Higher Education Sales, SLG EDU Strategic Pursuits","team-public-sector","","Boston, MA","US (CONUS)","Full-time","","","","","https://www.amazon.jobs/en/jobs/10479987/strategic-pursuits-manager-us-state-local-government-higher-education-sales-slg-edu-strategic-pursuits","gov_customer","public sector"
"Amazon Web Services (AWS)","Amazon Jobs","Account Executive - State of Mississippi, Enterprise State & Local Government Sales - Southeast","team-public-sector","","Virtual Location - Mississippi, MS","US (CONUS)","Full-time","","","","","https://www.amazon.jobs/en/jobs/10487725/account-executive-state-of-mississippi-enterprise-state-local-government-sales-southeast","gov_customer","public sector"
"Amazon Web Services (AWS)","Amazon Jobs","Business Development Manager, Higher Education Vertical Team","team-public-sector","","Boston, MA","US (CONUS)","Full-time","","","","","https://www.amazon.jobs/en/jobs/10484751/business-development-manager-higher-education-vertical-team","gov_customer","public sector"
"Amazon Web Services (AWS)","Amazon Jobs","Sales Strategy & Execution - Tech Analyst, WWPS Shared Services Org","team-public-sector","","Arlington, VA","US (CONUS)","Full-time","","","","","https://www.amazon.jobs/en/jobs/10483835/sales-strategy-execution-tech-analyst-wwps-shared-services-org","gov_customer","public sector"
"Amazon Web Services (AWS)","Amazon Jobs","Customer Solutions Manager, EDU & SLG Western Region - CSM","team-public-sector","","Sacramento, CA","US (CONUS)","Full-time","","","","","https://www.amazon.jobs/en/jobs/10464999/customer-solutions-manager-edu-slg-western-region-csm","gov_customer","public sector"
"Amazon Web Services (AWS)","Amazon Jobs","Senior Solutions Architect, California Higher Education","team-public-sector","","Santa Monica, CA","US (CONUS)","Full-time","","","","","https://www.amazon.jobs/en/jobs/10485980/senior-solutions-architect-california-higher-education","gov_customer","public sector"
"Amazon Web Services (AWS)","Amazon Jobs","Executive Education Program Advisor, WWPS SLG/EDU Verticals & Strategic Engagement ","team-public-sector","","Arlington, VA","US (CONUS)","Full-time","","","","","https://www.amazon.jobs/en/jobs/10470180/executive-education-program-advisor-wwps-slg-edu-verticals-strategic-engagement","gov_customer","public sector"
"Amazon Web Services (AWS)","Amazon Jobs","Senior Customer Solutions Manager, US FED FINANCIALS","team-public-sector","","Arlington, VA","US (CONUS)","Full-time","","","","","https://www.amazon.jobs/en/jobs/10521836/senior-customer-solutions-manager-us-fed-financials","gov_customer","federal government"
"Amazon Web Services (AWS)","Amazon Jobs","Senior Solutions Architect, Defense Tech ISV Partners","team-public-sector","","Arlington, VA","US (CONUS)","Full-time","","","","","https://www.amazon.jobs/en/jobs/10428895/senior-solutions-architect-defense-tech-isv-partners","gov_customer","defense sector"
"Amazon Web Services (AWS)","Amazon Jobs","Solutions Architect, Higher Education ; Houston","team-public-sector","","Houston, TX","US (CONUS)","Full-time","","","","","https://www.amazon.jobs/en/jobs/10487748/solutions-architect-higher-education-houston","gov_customer","public sector"
"Amazon Web Services (AWS)","Amazon Jobs","Solutions Architect, Higher Education","team-public-sector","","Dallas, TX","US (CONUS)","Full-time","","","","","https://www.amazon.jobs/en/jobs/10499975/solutions-architect-higher-education","gov_customer","public sector"
"Amazon Web Services (AWS)","Amazon Jobs","Sr. Solutions Architect, EdTech, WWPS EdTech","team-public-sector","","Austin, TX","US (CONUS)","Full-time","","","","","https://www.amazon.jobs/en/jobs/10419935/sr-solutions-architect-edtech-wwps-edtech","gov_customer","public sector"
"Amazon Web Services (AWS)","Amazon Jobs","Senior Solutions Architect , Nonprofit Financial Institutions and Credit Unions","team-public-sector","","Arlington, VA","US (CONUS)","Full-time","","","","","https://www.amazon.jobs/en/jobs/10512100/senior-solutions-architect-nonprofit-financial-institutions-and-credit-unions","gov_customer","public sector"
"Amazon Web Services (AWS)","Amazon Jobs","AWS Account Executive - State of Indiana, SLG/EDU","team-public-sector","","Virtual Location - Indiana, IN","US (CONUS)","Full-time","","","","","https://www.amazon.jobs/en/jobs/10485988/aws-account-executive-state-of-indiana-slg-edu","gov_customer","public sector"
"Amazon Web Services (AWS)","Amazon Jobs","Sr. Solutions Architect, HCLS AI/ML and Data Strategy Specialists, Global Healthcare","team-public-sector","","Boston, MA","US (CONUS)","Full-time","","","","","https://www.amazon.jobs/en/jobs/10485034/sr-solutions-architect-hcls-ai-ml-and-data-strategy-specialists-global-healthcare","gov_customer","public sector"
"Amazon Web Services (AWS)","Amazon Jobs","Manager, Solution Architecture, AWS Federal Financials","team-public-sector","","Arlington, VA","US (CONUS)","Full-time","","","","","https://www.amazon.jobs/en/jobs/10468088/manager-solution-architecture-aws-federal-financials","gov_customer","public sector"
"Amazon Web Services (AWS)","Amazon Jobs","Solutions Architect, Federal Civilian","team-public-sector","","Arlington, VA","US (CONUS)","Full-time","","","","","https://www.amazon.jobs/en/jobs/10419759/solutions-architect-federal-civilian","gov_customer","civilian agency"
"Amazon Web Services (AWS)","Amazon Jobs","Senior Portfolio Growth Manager, Consulting Ecosystem Partnerships , AWS Worldwide Startups","team-sales-primary","","San Francisco, CA","US (CONUS)","Full-time","","","","","https://www.amazon.jobs/en/jobs/10509306/senior-portfolio-growth-manager-consulting-ecosystem-partnerships-aws-worldwide-startups","gov_customer","public sector"
"Amazon Web Services (AWS)","Amazon Jobs","Sr. Partner Marketing Manager, Industry Partner Marketing, AWS Industry Partner Marketing","team-marketing-primary","","Seattle, WA","US (CONUS)","Full-time","","","","","https://www.amazon.jobs/en/jobs/10467224/sr-partner-marketing-manager-industry-partner-marketing-aws-industry-partner-marketing","gov_customer","public sector"
"Amazon Web Services (AWS)","Amazon Jobs","Sr. PMM-T, State & Local and Global Education, AWS Industry Marketing","team-marketing-primary","","Seattle, WA","US (CONUS)","Full-time","","","","","https://www.amazon.jobs/en/jobs/10525065/sr-pmm-t-state-local-and-global-education-aws-industry-marketing","gov_customer","federal government"
"Amazon Web Services (AWS)","Amazon Jobs","Database Specialist Solutions Architect, SLG/EDU Specialist SA","team-solutions-architect-primary","","Arlington, VA","US (CONUS)","Full-time","","","","","https://www.amazon.jobs/en/jobs/10469077/database-specialist-solutions-architect-slg-edu-specialist-sa","gov_customer","public sector"
"Amazon Web Services (AWS)","Amazon Jobs","SCE – Deal Lead, Startups ","team-sales-primary","","New York, NY","US (CONUS)","Full-time","","","","","https://www.amazon.jobs/en/jobs/10500048/sce-deal-lead-startups","gov_customer","public sector"
"Amazon Web Services (AWS)","Amazon Jobs","SCE – Deal Lead, AMER","team-sales-primary","","Arlington, VA","US (CONUS)","Full-time","","","","","https://www.amazon.jobs/en/jobs/10483176/sce-deal-lead-amer","gov_customer","public sector"
"Amazon Web Services (AWS)","Amazon Jobs","Business Operations Analyst, AWS WWPS","team-sales-primary","","Arlington, VA","US (CONUS)","Full-time","","","","","https://www.amazon.jobs/en/jobs/10491401/business-operations-analyst-aws-wwps","gov_customer","public sector"
"Amazon Web Services (AWS)","Amazon Jobs","SCE – Deal Lead, AMER","team-sales-primary","","Arlington, VA","US (CONUS)","Full-time","","","","","https://www.amazon.jobs/en/jobs/10483191/sce-deal-lead-amer","gov_customer","public sector"
"Amazon Web Services (AWS)","Amazon Jobs","Strategic Customer Engagements, Deal Team - Specialized","team-sales-primary","","Seattle, WA","US (CONUS)","Full-time","","","","","https://www.amazon.jobs/en/jobs/10500046/strategic-customer-engagements-deal-team-specialized","gov_customer","public sector"
"Amazon Web Services (AWS)","Amazon Jobs","Strategic Customer Engagements, Deal Team - Specialized","team-sales-primary","","Seattle, WA","US (CONUS)","Full-time","","","","","https://www.amazon.jobs/en/jobs/10441394/strategic-customer-engagements-deal-team-specialized","gov_customer","public sector"
"Amazon Web Services (AWS)","Amazon Jobs","WWPS Business Narrative Lead, AWS WWPS SSBO Business Operations","team-sales-primary","","Arlington, VA","US (CONUS)","Full-time","","","","","https://www.amazon.jobs/en/jobs/10457922/wwps-business-narrative-lead-aws-wwps-ssbo-business-operations","gov_customer","public sector"
"Amazon Web Services (AWS)","Amazon Jobs","Tech Operations Lead- AWS Global Sales, Global Tech Ops and Strategy","team-sales-primary","","Seattle, WA","US (CONUS)","Full-time","","","","","https://www.amazon.jobs/en/jobs/10479598/tech-operations-lead-aws-global-sales-global-tech-ops-and-strategy","gov_customer","public sector"
"Amazon Web Services (AWS)","Amazon Jobs","Data Engineer, Marketplace","team-data-science-primary","","Austin, TX","US (CONUS)","Full-time","","","","","https://www.amazon.jobs/en/jobs/10496061/data-engineer-marketplace","gov_customer","public sector"
"Amazon Web Services (AWS)","Amazon Jobs","Solutions Architect, WWPS EdTech","team-solutions-architect-primary","","Austin, TX","US (CONUS)","Full-time","","","","","https://www.amazon.jobs/en/jobs/10503585/solutions-architect-wwps-edtech","gov_customer","public sector"
"Amazon Web Services (AWS)","Amazon Jobs","Strategic Customer Engagements - AMER, GDSP","team-business-development-primary","","Seattle, WA","US (CONUS)","Full-time","","","","","https://www.amazon.jobs/en/jobs/10510182/strategic-customer-engagements-amer-gdsp","gov_customer","public sector"
"Amazon Web Services (AWS)","Amazon Jobs","Senior Technical Program Manager, AWS SMGS Ops, DP&I - D&A - Revenue","team-sales-primary","","Dallas, TX","US (CONUS)","Full-time","","","","","https://www.amazon.jobs/en/jobs/10492842/senior-technical-program-manager-aws-smgs-ops-dp-i-d-a-revenue","gov_customer","public sector"
"Amazon Web Services (AWS)","Amazon Jobs","Sr. GenAI Specialist Solutions Architect, SLG/EDU Specialist SA","team-solutions-architect-primary","","Dallas, TX","US (CONUS)","Full-time","","","","","https://www.amazon.jobs/en/jobs/10518997/sr-genai-specialist-solutions-architect-slg-edu-specialist-sa","gov_customer","public sector"
"Amazon Web Services (AWS)","Amazon Jobs","Senior Program Manager, AWS re/Start, Skilling & Social Impact (SSI)","team-sales-primary","","Seattle, WA","US (CONUS)","Full-time","","","","","https://www.amazon.jobs/en/jobs/10505136/senior-program-manager-aws-re-start-skilling-social-impact-ssi","gov_customer","public sector"
"Amazon Web Services (AWS)","Amazon Jobs","Strategic Customer Engagements, Deal Lead, GDSP","team-sales-primary","","Charlotte, NC","US (CONUS)","Full-time","","","","","https://www.amazon.jobs/en/jobs/10508193/strategic-customer-engagements-deal-lead-gdsp","gov_customer","public sector"
"Amazon Web Services (AWS)","Amazon Jobs","Field Sales Operations Lead, US Specialist Org, NAMER Field Operations, NAMER Sales Operations","team-sales-primary","","San Francisco, CA","US (CONUS)","Full-time","","","","","https://www.amazon.jobs/en/jobs/10374287/field-sales-operations-lead-us-specialist-org-namer-field-operations-namer-sales-operations","gov_customer","public sector"
"Amazon Web Services (AWS)","Amazon Jobs","Field Sales Operations Lead, US Specialist Org, NAMER Specialist Operations","team-sales-primary","","New York, NY","US (CONUS)","Full-time","","","","","https://www.amazon.jobs/en/jobs/10513071/field-sales-operations-lead-us-specialist-org-namer-specialist-operations","gov_customer","public sector"
"Amazon Web Services (AWS)","Amazon Jobs","Senior Field Sales & Business Operations Lead, US Specialist Org​ , NAMER Specialist Operations","team-sales-primary","","Mountain View, CA","US (CONUS)","Full-time","","","","","https://www.amazon.jobs/en/jobs/10473899/senior-field-sales-business-operations-lead-us-specialist-org-namer-specialist-operations","gov_customer","public sector"
"Amazon Web Services (AWS)","Amazon Jobs","Sales Operations Lead, NAMER ISV Sales, NAMER Strategy and Operations Team","team-sales-primary","","New York, NY","US (CONUS)","Full-time","","","","","https://www.amazon.jobs/en/jobs/10441719/sales-operations-lead-namer-isv-sales-namer-strategy-and-operations-team","gov_customer","public sector"
"Amazon Web Services (AWS)","Amazon Jobs","Product Operations Analyst, World Wide Revenue Operations","team-sales-primary","","Arlington, VA","US (CONUS)","Full-time","","","","","https://www.amazon.jobs/en/jobs/10477414/product-operations-analyst-world-wide-revenue-operations","gov_customer","public sector"
"Amazon Web Services (AWS)","Amazon Jobs","Product Operations Analyst, AWS Business Product Operations","team-sales-primary","","Seattle, WA","US (CONUS)","Full-time","","","","","https://www.amazon.jobs/en/jobs/10507960/product-operations-analyst-aws-business-product-operations","gov_customer","public sector"
"Amazon Web Services (AWS)","Amazon Jobs","Operations Analyst, RI Operations","team-sales-primary","","Seattle, WA","US (CONUS)","Full-time","","","","","https://www.amazon.jobs/en/jobs/10522793/operations-analyst-ri-operations","gov_customer","public sector"
"Amazon Web Services (AWS)","Amazon Jobs","Product Operations Analyst, World Wide Revenue Operations","team-sales-primary","","Arlington, VA","US (CONUS)","Full-time","","","","","https://www.amazon.jobs/en/jobs/10479985/product-operations-analyst-world-wide-revenue-operations","gov_customer","public sector"
"Amazon Web Services (AWS)","Amazon Jobs","Executive Assistant, IDEAS, SMGS Ops","team-administrative-support-primary","","Seattle, WA","US (CONUS)","Full-time","","","","","https://www.amazon.jobs/en/jobs/10523932/executive-assistant-ideas-smgs-ops","gov_customer","public sector"
"Amazon Web Services (AWS)","Amazon Jobs","GenAI Experiences Demo Architect , AWS Professional Services","team-pro-serv","","Arlington, VA","US (CONUS)","Full-time","","","","","https://www.amazon.jobs/en/jobs/10500344/genai-experiences-demo-architect-aws-professional-services","gov_customer","public sector"
"Amazon Web Services (AWS)","Amazon Jobs","Senior Sales Leader, US Retail CPG Enterprise Greenfield","team-sales-primary","","Dallas, TX","US (CONUS)","Full-time","","","","","https://www.amazon.jobs/en/jobs/10507178/senior-sales-leader-us-retail-cpg-enterprise-greenfield","gov_customer","public sector"
"Amazon Web Services (AWS)","Amazon Jobs","Director Sales, HCLS, Global HCLS","team-sales-primary","","Seattle, WA","US (CONUS)","Full-time","","","","","https://www.amazon.jobs/en/jobs/10485825/director-sales-hcls-global-hcls","gov_customer","public sector"
"Amazon Web Services (AWS)","Amazon Jobs","Technical Account Manager, Enterprise Support","team-solutions-architect-primary","","Dallas, TX","US (CONUS)","Full-time","","","","","https://www.amazon.jobs/en/jobs/10504455/technical-account-manager-enterprise-support","gov_customer","public sector"
"Amazon Web Services (AWS)","Amazon Jobs"," Contract Specialist","team-no-matching-primary-label-listed","","Seattle, WA","US (CONUS)","Full-time","","","","","https://www.amazon.jobs/en/jobs/10495333/contract-specialist","gov_customer","public sector"
"Amazon Web Services (AWS)","Amazon Jobs","Principal Security Specialist Sales Operations Lead, NAMER Strategy and Operations","team-sales-primary","","Seattle, WA","US (CONUS)","Full-time","","","","","https://www.amazon.jobs/en/jobs/10524075/principal-security-specialist-sales-operations-lead-namer-strategy-and-operations","gov_customer","public sector"
"Amazon Web Services (AWS)","Amazon Jobs","SDE II, AWS Field Experience ","team-sales-primary","","Seattle, WA","US (CONUS)","Full-time","","","","","https://www.amazon.jobs/en/jobs/10503183/sde-ii-aws-field-experience","gov_customer","public sector"
"Amazon Web Services (AWS)","Amazon Jobs","Senior Software Development Engineer, Salesforce Success Central","team-sales-primary","","Seattle, WA","US (CONUS)","Full-time","","","","","https://www.amazon.jobs/en/jobs/10507435/senior-software-development-engineer-salesforce-success-central","gov_customer","public sector"
"Amazon Web Services (AWS)","Amazon Jobs"," Contract Specialist","team-no-matching-primary-label-listed","","Seattle, WA","US (CONUS)","Full-time","","","","","https://www.amazon.jobs/en/jobs/10485211/contract-specialist","gov_customer","public sector"
"Amazon Web Services (AWS)","Amazon Jobs","Software Development Engineer , IDEAS - Atlas ","team-sde-primary","","Dallas, TX","US (CONUS)","Full-time","","","","","https://www.amazon.jobs/en/jobs/10473343/software-development-engineer-ideas-atlas","gov_customer","public sector"
"Amazon Web Services (AWS)","Amazon Jobs","Account Manager, Aerospace and Satellite","team-sales-primary","","Seattle, WA","US (CONUS)","Full-time","","","","","https://www.amazon.jobs/en/jobs/10510372/account-manager-aerospace-and-satellite","gov_customer","public sector"
"Amazon Web Services (AWS)","Amazon Jobs","Senior Solutions Architect, Strategic Accounts, Strategic Accounts ","team-solutions-architect-primary","","Mountain View, CA","US (CONUS)","Full-time","","","","","https://www.amazon.jobs/en/jobs/10509545/senior-solutions-architect-strategic-accounts-strategic-accounts","gov_customer","public sector"
"Amazon Web Services (AWS)","Amazon Jobs","Partner Sales Enablement Lead, WWFE Field Excellence","team-sales-primary","","Seattle, WA","US (CONUS)","Full-time","","","","","https://www.amazon.jobs/en/jobs/10523556/partner-sales-enablement-lead-wwfe-field-excellence","gov_customer","public sector"
"Amazon Web Services (AWS)","Amazon Jobs","Sr. Enterprise Account Manager, Greenfield, Auto-MFG","team-sales-primary","","New York, NY","US (CONUS)","Full-time","","","","","https://www.amazon.jobs/en/jobs/3175980/sr-enterprise-account-manager-greenfield-auto-mfg","gov_customer","public sector"
"Amazon Web Services (AWS)","Amazon Jobs","Sr. Solutions Architect, HCLS AI/ML and Data Strategy Specialists, Global Healthcare","team-solutions-architect-primary","","Minneapolis, MN","US (CONUS)","Full-time","","","","","https://www.amazon.jobs/en/jobs/10443463/sr-solutions-architect-hcls-ai-ml-and-data-strategy-specialists-global-healthcare","gov_customer","public sector"
"Amazon Web Services (AWS)","Amazon Jobs","Startups AI Operations Lead","team-sales-primary","","Seattle, WA","US (CONUS)","Full-time","","","","","https://www.amazon.jobs/en/jobs/10498097/startups-ai-operations-lead","gov_customer","public sector"
"Amazon Web Services (AWS)","Amazon Jobs","Security Engineer, WWPS Solutions Architecture","team-security-engineer-primary","","Herndon, VA","US (CONUS)","Full-time","","","","","https://www.amazon.jobs/en/jobs/10463862/security-engineer-wwps-solutions-architecture","gov_customer","public sector"
"Amazon Web Services (AWS)","Amazon Jobs","Manager, Solutions Architecture, US FSI Banking","team-solutions-architect-primary","","New York, NY","US (CONUS)","Full-time","","","","","https://www.amazon.jobs/en/jobs/10511492/manager-solutions-architecture-us-fsi-banking","gov_customer","public sector"
"Amazon Web Services (AWS)","Amazon Jobs","Solutions Architect II, HCLS AI/ML and Data Strategy Specialists, , Global Healthcare","team-solutions-architect-primary","","Charlotte, NC","US (CONUS)","Full-time","","","","","https://www.amazon.jobs/en/jobs/10412854/solutions-architect-ii-hcls-ai-ml-and-data-strategy-specialists-global-healthcare","gov_customer","public sector"
"Amazon Web Services (AWS)","Amazon Jobs","Sales Compensation Analyst, SMGS Ops, Global Sales Compensation","team-no-matching-primary-label-listed","","Seattle, WA","US (CONUS)","Full-time","","","","","https://www.amazon.jobs/en/jobs/10401355/sales-compensation-analyst-smgs-ops-global-sales-compensation","gov_customer","public sector"
"Amazon Web Services (AWS)","Amazon Jobs","Software Development Engineer, IDEAS","team-no-matching-primary-label-listed","","Seattle, WA","US (CONUS)","Full-time","","","","","https://www.amazon.jobs/en/jobs/10473342/software-development-engineer-ideas","gov_customer","public sector"
"Amazon Web Services (AWS)","Amazon Jobs","Principal TPM, AWS Plus","team-program-management-primary","","Seattle, WA","US (CONUS)","Full-time","","","","","https://www.amazon.jobs/en/jobs/10474617/principal-tpm-aws-plus","gov_customer","public sector"
"Amazon Web Services (AWS)","Amazon Jobs","WW Senior Business Developer, MSP Program","team-business-development-primary","","Austin, TX","US (CONUS)","Full-time","","","","","https://www.amazon.jobs/en/jobs/10436469/ww-senior-business-developer-msp-program","gov_customer","public sector"
"Amazon Web Services (AWS)","Amazon Jobs","Sr Product Manager - Tech, ASP Strategy & Ops","team-sales-primary","","Seattle, WA","US (CONUS)","Full-time","","","","","https://www.amazon.jobs/en/jobs/10489820/sr-product-manager-tech-asp-strategy-ops","gov_customer","public sector"
"Amazon Web Services (AWS)","Amazon Jobs","Manager, Customer Solutions , AWSI","team-solutions-architect-primary","","Seattle, WA","US (CONUS)","Full-time","","","","","https://www.amazon.jobs/en/jobs/10476807/manager-customer-solutions-awsi","gov_customer","public sector"
"Amazon Web Services (AWS)","Amazon Jobs","Senior Product Manager - Technical, AFX","team-sales-primary","","Seattle, WA","US (CONUS)","Full-time","","","","","https://www.amazon.jobs/en/jobs/10456595/senior-product-manager-technical-afx","gov_customer","public sector"
"Amazon Web Services (AWS)","Amazon Jobs","Salesforce Developer II, AWS, AWS AFX Planning Tools","team-system-development-engineer-primary","","Dallas, TX","US (CONUS)","Full-time","","","","","https://www.amazon.jobs/en/jobs/10524373/salesforce-developer-ii-aws-aws-afx-planning-tools","gov_customer","public sector"
"Amazon Web Services (AWS)","Amazon Jobs","Principal Specialist, GenAI","team-business-development-primary","","East Palo Alto, CA","US (CONUS)","Full-time","","","","","https://www.amazon.jobs/en/jobs/10514537/principal-specialist-genai","gov_customer","public sector"
"Amazon Web Services (AWS)","Amazon Jobs","Senior Customer Solutions Manager , Strategic Accounts","team-solutions-architect-primary","","San Francisco, CA","US (CONUS)","Full-time","","","","","https://www.amazon.jobs/en/jobs/10415406/senior-customer-solutions-manager-strategic-accounts","gov_customer","public sector"
"Amazon Web Services (AWS)","Amazon Jobs","Design Technologist, AWS Marketing CX","team-marketing-primary","","Chicago, IL","US (CONUS)","Full-time","","","","","https://www.amazon.jobs/en/jobs/10386673/design-technologist-aws-marketing-cx","gov_customer","public sector"
"Amazon Web Services (AWS)","Amazon Jobs","Sr SDE - AFX, AFX","team-sales-primary","","Dallas, TX","US (CONUS)","Full-time","","","","","https://www.amazon.jobs/en/jobs/10491960/sr-sde-afx-afx","gov_customer","public sector"
"Amazon Web Services (AWS)","Amazon Jobs","Senior Networking Specialist Solutions Architect, AWS Industries Customer Acceleration Team","team-solutions-architect-primary","","Dallas, TX","US (CONUS)","Full-time","","","","","https://www.amazon.jobs/en/jobs/10430127/senior-networking-specialist-solutions-architect-aws-industries-customer-acceleration-team","gov_customer","public sector"
"Amazon Web Services (AWS)","Amazon Jobs","Sr. GenAI & ML Specialist Solutions Architect, ASPI Auto & Manufacturing","team-solutions-architect-primary","","Detroit, MI","US (CONUS)","Full-time","","","","","https://www.amazon.jobs/en/jobs/10525935/sr-genai-ml-specialist-solutions-architect-aspi-auto-manufacturing","gov_customer","public sector"
"Amazon Web Services (AWS)","Amazon Jobs","Business Intelligence Engineer, WWPS Reporting and Analytics Center of Excellence (RACE)","team-sales-primary","","Arlington, VA","US (CONUS)","Full-time","","","","","https://www.amazon.jobs/en/jobs/10507963/business-intelligence-engineer-wwps-reporting-and-analytics-center-of-excellence-race","gov_customer","public sector"
"Amazon Web Services (AWS)","Amazon Jobs","Principal WW Business Development Manager, Funding Programs, Partner Migration Programs","team-business-development-primary","","Seattle, WA","US (CONUS)","Full-time","","","","","https://www.amazon.jobs/en/jobs/10487565/principal-ww-business-development-manager-funding-programs-partner-migration-programs","gov_customer","public sector"
"Amazon Web Services (AWS)","Amazon Jobs","Startups GTM Operations Lead","team-sales-primary","","San Francisco, CA","US (CONUS)","Full-time","","","","","https://www.amazon.jobs/en/jobs/10507966/startups-gtm-operations-lead","gov_customer","public sector"
"Amazon Web Services (AWS)","Amazon Jobs","Principal Security Solutions Architect , AWS Financial Services","team-solutions-architect-primary","","New York, NY","US (CONUS)","Full-time","","","","","https://www.amazon.jobs/en/jobs/3147324/principal-security-solutions-architect-aws-financial-services","gov_customer","public sector"
"Amazon Web Services (AWS)","Amazon Jobs","Process & Systems Lead, WWPS Central Sales Planning","team-sales-primary","","New York, NY","US (CONUS)","Full-time","","","","","https://www.amazon.jobs/en/jobs/10482425/process-systems-lead-wwps-central-sales-planning","gov_customer","public sector"
"Amazon Web Services (AWS)","Amazon Jobs","Sales Operations Analyst II, AWSI Business Operations:  FaaST","team-sales-primary","","New York, NY","US (CONUS)","Full-time","","","","","https://www.amazon.jobs/en/jobs/10525803/sales-operations-analyst-ii-awsi-business-operations-faast","gov_customer","public sector"
"Amazon Web Services (AWS)","Amazon Jobs","Sr. Front End Engineer, AWS Marketplace","team-sde-primary","","New York, NY","US (CONUS)","Full-time","","","","","https://www.amazon.jobs/en/jobs/10467478/sr-front-end-engineer-aws-marketplace","gov_customer","public sector"
"Amazon Web Services (AWS)","Amazon Jobs","SDE II, AWS Field Experience ","team-sales-primary","","Seattle, WA","US (CONUS)","Full-time","","","","","https://www.amazon.jobs/en/jobs/10503184/sde-ii-aws-field-experience","gov_customer","public sector"
"Amazon Web Services (AWS)","Amazon Jobs","Senior Solutions Architect, Strategic Accounts, Strategic Accounts ","team-solutions-architect-primary","","East Palo Alto, CA","US (CONUS)","Full-time","","","","","https://www.amazon.jobs/en/jobs/10493043/senior-solutions-architect-strategic-accounts-strategic-accounts","gov_customer","public sector"
"Amazon Web Services (AWS)","Amazon Jobs","Senior Customer Solutions Manager , Strategic Accounts","team-solutions-architect-primary","","San Francisco, CA","US (CONUS)","Full-time","","","","","https://www.amazon.jobs/en/jobs/10373889/senior-customer-solutions-manager-strategic-accounts","gov_customer","public sector"
"Amazon Web Services (AWS)","Amazon Jobs","Sales Operations Lead, Cloud Sales Center","team-sales-primary","","Arlington, VA","US (CONUS)","Full-time","","","","","https://www.amazon.jobs/en/jobs/10418661/sales-operations-lead-cloud-sales-center","gov_customer","public sector"
"Amazon Web Services (AWS)","Amazon Jobs","Sr. Hardware Development Engineer, Hardware Engineering Services","team-hardware-development-primary","","Seattle, WA","US (CONUS)","Full-time","","","","","https://www.amazon.jobs/en/jobs/10514866/sr-hardware-development-engineer-hardware-engineering-services","gov_customer","public sector"
"Amazon Web Services (AWS)","Amazon Jobs","Sr BIE, ASP Business Intelligence","team-sales-primary","","Austin, TX","US (CONUS)","Full-time","","","","","https://www.amazon.jobs/en/jobs/10509647/sr-bie-asp-business-intelligence","gov_customer","public sector"
"Amazon Web Services (AWS)","Amazon Jobs","Sr. Elasticache Specialist Solutions Architect, Data & AI","team-solutions-architect-primary","","Arlington, VA","US (CONUS)","Full-time","","","","","https://www.amazon.jobs/en/jobs/10421450/sr-elasticache-specialist-solutions-architect-data-ai","gov_customer","public sector"
"Amazon Web Services (AWS)","Amazon Jobs","AWS Sr. Sales Leader, FSI, Payments","team-sales-primary","","New York, NY","US (CONUS)","Full-time","","","","","https://www.amazon.jobs/en/jobs/10483700/aws-sr-sales-leader-fsi-payments","gov_customer","public sector"
"Amazon Web Services (AWS)","Amazon Jobs","Business Intelligence Engineer, AWS Field Exp - BPO","team-no-matching-primary-label-listed","","Dallas, TX","US (CONUS)","Full-time","","","","","https://www.amazon.jobs/en/jobs/10522289/business-intelligence-engineer-aws-field-exp-bpo","gov_customer","public sector"
"Amazon Web Services (AWS)","Amazon Jobs","Sr. Business Operations Manager, Enterprise Support Strategy & Operations (ESSO)","team-sales-primary","","Arlington, VA","US (CONUS)","Full-time","","","","","https://www.amazon.jobs/en/jobs/10490940/sr-business-operations-manager-enterprise-support-strategy-operations-esso","gov_customer","public sector"
"Amazon Web Services (AWS)","Amazon Jobs","Specialist Strategy & Sales Operations Lead, Specialist Strategy & Sales Operations","team-no-matching-primary-label-listed","","Seattle, WA","US (CONUS)","Full-time","","","","","https://www.amazon.jobs/en/jobs/10520803/specialist-strategy-sales-operations-lead-specialist-strategy-sales-operations","gov_customer","public sector"
"Amazon Web Services (AWS)","Amazon Jobs","Startups GTM Ops Lead","team-sales-primary","","San Francisco, CA","US (CONUS)","Full-time","","","","","https://www.amazon.jobs/en/jobs/10507964/startups-gtm-ops-lead","gov_customer","public sector"
"Amazon Web Services (AWS)","Amazon Jobs","Startups Business Operations Sr. Analyst ","team-sales-primary","","San Francisco, CA","US (CONUS)","Full-time","","","","","https://www.amazon.jobs/en/jobs/10492836/startups-business-operations-sr-analyst","gov_customer","public sector"
"Amazon Web Services (AWS)","Amazon Jobs","AWS Sr. Sales Leader, FSI","team-sales-primary","","New York, NY","US (CONUS)","Full-time","","","","","https://www.amazon.jobs/en/jobs/10490727/aws-sr-sales-leader-fsi","gov_customer","public sector"
"Amazon Web Services (AWS)","Amazon Jobs","Senior Account Manager, CPG","team-sales-primary","","Chicago, IL","US (CONUS)","Full-time","","","","","https://www.amazon.jobs/en/jobs/10428308/senior-account-manager-cpg","gov_customer","public sector"
"Amazon Web Services (AWS)","Amazon Jobs","Worldwide Specialist Solutions Architect - GenAI, Data & AI GTM ","team-solutions-architect-primary","","Austin, TX","US (CONUS)","Full-time","","","","","https://www.amazon.jobs/en/jobs/10512074/worldwide-specialist-solutions-architect-genai-data-ai-gtm","gov_customer","public sector"
"Amazon Web Services (AWS)","Amazon Jobs","Principal Enterprise Account Executive, US FSI Payments ","team-sales-primary","","Dallas, TX","US (CONUS)","Full-time","","","","","https://www.amazon.jobs/en/jobs/10416317/principal-enterprise-account-executive-us-fsi-payments","gov_customer","public sector"
"Amazon Web Services (AWS)","Amazon Jobs","Content Developer, AWS Sales Planning and Compensation","team-sales-primary","","Seattle, WA","US (CONUS)","Full-time","","","","","https://www.amazon.jobs/en/jobs/10398783/content-developer-aws-sales-planning-and-compensation","gov_customer","public sector"
"Amazon Web Services (AWS)","Amazon Jobs","Sr. Worldwide GTM Specialist, Agentic AI Modernization, Data and AI GTM","team-business-development-primary","","New York, NY","US (CONUS)","Full-time","","","","","https://www.amazon.jobs/en/jobs/10447722/sr-worldwide-gtm-specialist-agentic-ai-modernization-data-and-ai-gtm","gov_customer","public sector"
"Amazon Web Services (AWS)","Amazon Jobs","Strategy & Sales Operations Lead, Specialist Core Services (SAT)","team-no-matching-primary-label-listed","","Seattle, WA","US (CONUS)","Full-time","","","","","https://www.amazon.jobs/en/jobs/10502761/strategy-sales-operations-lead-specialist-core-services-sat","gov_customer","public sector"
"Amazon Web Services (AWS)","Amazon Jobs","Sr. Business Operations Manager, Enterprise Support Strategy & Operations (ESSO)","team-sales-primary","","Arlington, VA","US (CONUS)","Full-time","","","","","https://www.amazon.jobs/en/jobs/10500110/sr-business-operations-manager-enterprise-support-strategy-operations-esso","gov_customer","public sector"
"Amazon Web Services (AWS)","Amazon Jobs","WW Sr. BD, MSP Program, Worldwide Managed Services Provider Program","team-business-development-primary","","Seattle, WA","US (CONUS)","Full-time","","","","","https://www.amazon.jobs/en/jobs/10492486/ww-sr-bd-msp-program-worldwide-managed-services-provider-program","gov_customer","public sector"
"Amazon Web Services (AWS)","Amazon Jobs","UAT Automation Analyst, Amazon Web Services","team-sales-primary","","Arlington, VA","US (CONUS)","Full-time","","","","","https://www.amazon.jobs/en/jobs/10510534/uat-automation-analyst-amazon-web-services","gov_customer","public sector"
"Amazon Web Services (AWS)","Amazon Jobs","Sr. Product Manager - Tech, AWS SMGS Ops DP&I(DP&I)","team-sales-primary","","Arlington, VA","US (CONUS)","Full-time","","","","","https://www.amazon.jobs/en/jobs/10513000/sr-product-manager-tech-aws-smgs-ops-dp-i-dp-i","gov_customer","public sector"
"Amazon Web Services (AWS)","Amazon Jobs","AWS Industry Field Enablement Lead, WWFE - AWSI Enablement","team-sales-primary","","New York, NY","US (CONUS)","Full-time","","","","","https://www.amazon.jobs/en/jobs/10496768/aws-industry-field-enablement-lead-wwfe-awsi-enablement","gov_customer","public sector"
"Amazon Web Services (AWS)","Amazon Jobs","Sr. Worldwide GTM Specialist, Agentic AI - Kiro & Frontier Agents, Data & AI GTM ","team-business-development-primary","","Seattle, WA","US (CONUS)","Full-time","","","","","https://www.amazon.jobs/en/jobs/10482606/sr-worldwide-gtm-specialist-agentic-ai-kiro-frontier-agents-data-ai-gtm","gov_customer","public sector"
"Amazon Web Services (AWS)","Amazon Jobs","Software Development Engineer, AWS Marketplace","team-sde-primary","","Seattle, WA","US (CONUS)","Full-time","","","","","https://www.amazon.jobs/en/jobs/10392164/software-development-engineer-aws-marketplace","gov_customer","public sector"
"Amazon Web Services (AWS)","Amazon Jobs","Worldwide GTM Specialist - Physical AI, Worldwide GTM - Physical AI","team-business-development-primary","","San Francisco, CA","US (CONUS)","Full-time","","","","","https://www.amazon.jobs/en/jobs/10441671/worldwide-gtm-specialist-physical-ai-worldwide-gtm-physical-ai","gov_customer","public sector"
"Amazon Web Services (AWS)","Amazon Jobs","Worldwide Specialist Solutions Architect, Amazon Quick, Data & AI GTM ","team-solutions-architect-primary","","Seattle, WA","US (CONUS)","Full-time","","","","","https://www.amazon.jobs/en/jobs/10513689/worldwide-specialist-solutions-architect-amazon-quick-data-ai-gtm","gov_customer","public sector"
"Amazon Web Services (AWS)","Amazon Jobs","Sr. ABM Manager, Federal Civilian, AWS Industry Marketing","team-marketing-primary","","Arlington, VA","US (CONUS)","Full-time","","","","","https://www.amazon.jobs/en/jobs/3204263/sr-abm-manager-federal-civilian-aws-industry-marketing","gov_customer","federal government"
"Amazon Web Services (AWS)","Amazon Jobs","Senior Applied AI Partner Solutions Architect, AAIS Connect Decisions","team-solutions-architect-primary","","Seattle, WA","US (CONUS)","Full-time","","","","","https://www.amazon.jobs/en/jobs/10512154/senior-applied-ai-partner-solutions-architect-aais-connect-decisions","gov_customer","public sector"
"Amazon Web Services (AWS)","Amazon Jobs","Agentic WorkSpaces Sales Specialist, Applied AI Solutions","team-sales-primary","","Arlington, VA","US (CONUS)","Full-time","","","","","https://www.amazon.jobs/en/jobs/10437000/agentic-workspaces-sales-specialist-applied-ai-solutions","gov_customer","public sector"
"Amazon Web Services (AWS)","Amazon Jobs","Sr. Sales Operations Lead, ASP Sales Operations--Data & AI Pillar","team-sales-primary","","New York, NY","US (CONUS)","Full-time","","","","","https://www.amazon.jobs/en/jobs/10436192/sr-sales-operations-lead-asp-sales-operations-data-ai-pillar","gov_customer","public sector"
"Amazon Web Services (AWS)","Amazon Jobs","Global Account Manager, Healthcare and Life Sciences","team-sales-primary","","Jersey City, NJ","US (CONUS)","Full-time","","","","","https://www.amazon.jobs/en/jobs/10468071/global-account-manager-healthcare-and-life-sciences","gov_customer","public sector"
"Amazon Web Services (AWS)","Amazon Jobs","Senior Account Executive, Federal Financials, WWPS","team-sales-primary","","Arlington, VA","US (CONUS)","Full-time","","","","","https://www.amazon.jobs/en/jobs/10402805/senior-account-executive-federal-financials-wwps","gov_customer","public sector"
"Amazon Web Services (AWS)","Amazon Jobs","GTM Specialist, Agentic AI-Led Mainframe Transformation, AWS Transform, AWS WWSO ","team-business-development-primary","","New York, NY","US (CONUS)","Full-time","","","","","https://www.amazon.jobs/en/jobs/10457204/gtm-specialist-agentic-ai-led-mainframe-transformation-aws-transform-aws-wwso","gov_customer","public sector"
"Amazon Web Services (AWS)","Amazon Jobs","Sr. GraphDB Specialist Solutions Architect, Amazon Neptune","team-solutions-architect-primary","","New York, NY","US (CONUS)","Full-time","","","","","https://www.amazon.jobs/en/jobs/10431997/sr-graphdb-specialist-solutions-architect-amazon-neptune","gov_customer","public sector"
"Amazon Web Services (AWS)","Amazon Jobs","Senior Customer Solutions Manager , Strategic Accounts","team-solutions-architect-primary","","Seattle, WA","US (CONUS)","Full-time","","","","","https://www.amazon.jobs/en/jobs/10395114/senior-customer-solutions-manager-strategic-accounts","gov_customer","public sector"
"Amazon Web Services (AWS)","Amazon Jobs","Senior Business Operations Lead, ASP Partner Core","team-sales-primary","","Seattle, WA","US (CONUS)","Full-time","","","","","https://www.amazon.jobs/en/jobs/10483764/senior-business-operations-lead-asp-partner-core","gov_customer","public sector"
"Amazon Web Services (AWS)","Amazon Jobs","Senior Solutions Architect, EdTech, WWPS","team-solutions-architect-primary","","Boston, MA","US (CONUS)","Full-time","","","","","https://www.amazon.jobs/en/jobs/10476478/senior-solutions-architect-edtech-wwps","gov_customer","public sector"
"Amazon Web Services (AWS)","Amazon Jobs","Senior Worldwide Partner Specialist Solutions Architect, Applied AI Partner Solutions Architecture","team-solutions-architect-primary","","Seattle, WA","US (CONUS)","Full-time","","","","","https://www.amazon.jobs/en/jobs/10451625/senior-worldwide-partner-specialist-solutions-architect-applied-ai-partner-solutions-architecture","gov_customer","public sector"
"Amazon Web Services (AWS)","Amazon Jobs","Premium Support Business Development Manager, AWS Enterprise Support","team-business-development-primary","","New York, NY","US (CONUS)","Full-time","","","","","https://www.amazon.jobs/en/jobs/10506325/premium-support-business-development-manager-aws-enterprise-support","gov_customer","public sector"
"Amazon Web Services (AWS)","Amazon Jobs","Manager, Contract Operations, Business & Product Operations","team-sales-primary","","Seattle, WA","US (CONUS)","Full-time","","","","","https://www.amazon.jobs/en/jobs/10467879/manager-contract-operations-business-product-operations","gov_customer","public sector"
"Amazon Web Services (AWS)","Amazon Jobs","Process Engineer, Operational Excellence, Strategic Planning & Engagement","team-sales-primary","","Seattle, WA","US (CONUS)","Full-time","","","","","https://www.amazon.jobs/en/jobs/10482707/process-engineer-operational-excellence-strategic-planning-engagement","gov_customer","public sector"
"Amazon Web Services (AWS)","Amazon Jobs","Technical Enablement Lead, WWFE - Technical Enablement","team-sales-primary","","Seattle, WA","US (CONUS)","Full-time","","","","","https://www.amazon.jobs/en/jobs/10411021/technical-enablement-lead-wwfe-technical-enablement","gov_customer","public sector"
"Amazon Web Services (AWS)","Amazon Jobs","Software Development Engineer, AWS Partnerships","team-sde-primary","","Seattle, WA","US (CONUS)","Full-time","","","","","https://www.amazon.jobs/en/jobs/10466825/software-development-engineer-aws-partnerships","gov_customer","public sector"
"Amazon Web Services (AWS)","Amazon Jobs","Principal Worldwide Specialist Sales, Amazon Connect (CXE), AWS","team-sales-primary","","Seattle, WA","US (CONUS)","Full-time","","","","","https://www.amazon.jobs/en/jobs/10524447/principal-worldwide-specialist-sales-amazon-connect-cxe-aws","gov_customer","public sector"
"Amazon Web Services (AWS)","Amazon Jobs","Business Intelligence Engineer III, ASP Insights","team-sales-primary","","Seattle, WA","US (CONUS)","Full-time","","","","","https://www.amazon.jobs/en/jobs/10515637/business-intelligence-engineer-iii-asp-insights","gov_customer","public sector"
"Amazon Web Services (AWS)","Amazon Jobs","Business Intelligence Engineer III, ASP Insights","team-sales-primary","","Seattle, WA","US (CONUS)","Full-time","","","","","https://www.amazon.jobs/en/jobs/10515638/business-intelligence-engineer-iii-asp-insights","gov_customer","public sector"
"Amazon Web Services (AWS)","Amazon Jobs","Startups Field Sales Ops Lead, NAMER/LATAM","team-sales-primary","","Seattle, WA","US (CONUS)","Full-time","","","","","https://www.amazon.jobs/en/jobs/10410573/startups-field-sales-ops-lead-namer-latam","gov_customer","public sector"
"Amazon Web Services (AWS)","Amazon Jobs","AWS Industry Operating Model Leader, AWSI Strategy & Operations","team-support","","New York, NY","US (CONUS)","Full-time","","","","","https://www.amazon.jobs/en/jobs/10449345/aws-industry-operating-model-leader-awsi-strategy-operations","gov_customer","public sector"
"Amazon Web Services (AWS)","Amazon Jobs","Sr. Cloud Hardware Development Engineer, Mechanical/Thermal/Robotics, AWS Hardware Engineering ","team-hardware-development-primary","","Seattle, WA","US (CONUS)","Full-time","","","","","https://www.amazon.jobs/en/jobs/10451884/sr-cloud-hardware-development-engineer-mechanical-thermal-robotics-aws-hardware-engineering","gov_customer","public sector"
"Amazon Web Services (AWS)","Amazon Jobs","Senior Cloud Hardware Development Engineer, Thermal & Mechanical","team-hardware-development-primary","","Seattle, WA","US (CONUS)","Full-time","","","","","https://www.amazon.jobs/en/jobs/10417933/senior-cloud-hardware-development-engineer-thermal-mechanical","gov_customer","public sector"
"Amazon Web Services (AWS)","Amazon Jobs","Senior Business Development Manager, Business Development, AWS Enterprise Support","team-support","","Herndon, VA","US (CONUS)","Full-time","","","","","https://www.amazon.jobs/en/jobs/10512660/senior-business-development-manager-business-development-aws-enterprise-support","gov_customer","public sector"
"Amazon Web Services (AWS)","Amazon Jobs","Salesforce Security Engineer, Salesforce Success Central","team-sales-primary","","Seattle, WA","US (CONUS)","Full-time","","","","","https://www.amazon.jobs/en/jobs/10468178/salesforce-security-engineer-salesforce-success-central","gov_customer","public sector"
"Amazon Web Services (AWS)","Amazon Jobs","Sr. Customer Solutions Manager, Global Healthcare & Life Sciences Industries","team-solutions-architect-primary","","New York, NY","US (CONUS)","Full-time","","","","","https://www.amazon.jobs/en/jobs/10497848/sr-customer-solutions-manager-global-healthcare-life-sciences-industries","gov_customer","public sector"
"Amazon Web Services (AWS)","Amazon Jobs","Senior Business Development Manager, Business Development, AWS Enterprise Support","team-support","","Bellevue, WA","US (CONUS)","Full-time","","","","","https://www.amazon.jobs/en/jobs/10512661/senior-business-development-manager-business-development-aws-enterprise-support","gov_customer","public sector"
"Amazon Web Services (AWS)","Amazon Jobs","Cloud Hardware Development Engineer, Hardware Engineering Services, AWS Hardware Engineering ","team-hardware-development-primary","","Seattle, WA","US (CONUS)","Full-time","","","","","https://www.amazon.jobs/en/jobs/10445562/cloud-hardware-development-engineer-hardware-engineering-services-aws-hardware-engineering","gov_customer","public sector"
"Amazon Web Services (AWS)","Amazon Jobs","Sr. Planning Lead, ASP Planning & Business Operations, SMGS Ops - APO Business Operations","team-sales-primary","","Seattle, WA","US (CONUS)","Full-time","","","","","https://www.amazon.jobs/en/jobs/10482634/sr-planning-lead-asp-planning-business-operations-smgs-ops-apo-business-operations","gov_customer","public sector"
"Amazon Web Services (AWS)","Amazon Jobs","Trainer and Coach, WWFE Global Trainer Centre of Excellence","team-sales-primary","","New York, NY","US (CONUS)","Full-time","","","","","https://www.amazon.jobs/en/jobs/10386963/trainer-and-coach-wwfe-global-trainer-centre-of-excellence","gov_customer","public sector"
"Amazon Web Services (AWS)","Amazon Jobs","Senior Go-to-Market Lead, NAMER Go-to-Market ","team-business-development-primary","","Boston, MA","US (CONUS)","Full-time","","","","","https://www.amazon.jobs/en/jobs/10489297/senior-go-to-market-lead-namer-go-to-market","gov_customer","public sector"
"Amazon Web Services (AWS)","Amazon Jobs","Senior Go-to-Market Lead, NAMER Go-to-Market ","team-business-development-primary","","New York, NY","US (CONUS)","Full-time","","","","","https://www.amazon.jobs/en/jobs/10494655/senior-go-to-market-lead-namer-go-to-market","gov_customer","public sector"
"Amazon Web Services (AWS)","Amazon Jobs","Senior Go-to-Market Lead, NAMER Go-to-Market ","team-business-development-primary","","Arlington, VA","US (CONUS)","Full-time","","","","","https://www.amazon.jobs/en/jobs/10520217/senior-go-to-market-lead-namer-go-to-market","gov_customer","public sector"
"Amazon Web Services (AWS)","Amazon Jobs","Sr Sales Operations Lead, Security Specialists, NAMER Specialist Operations","team-sales-primary","","San Francisco, CA","US (CONUS)","Full-time","","","","","https://www.amazon.jobs/en/jobs/10513535/sr-sales-operations-lead-security-specialists-namer-specialist-operations","gov_customer","public sector"
"Amazon Web Services (AWS)","Amazon Jobs","Sr. Partner Sales and Development Ops Lead, ASPOps - AMER Partner Business Operations","team-sales-primary","","Mountain View, CA","US (CONUS)","Full-time","","","","","https://www.amazon.jobs/en/jobs/10515680/sr-partner-sales-and-development-ops-lead-aspops-amer-partner-business-operations","gov_customer","public sector"
