"Company","ATS","Title","Field","Team","Location","Region","Employment","PayMin","PayMax","PayInterval","Education","URL","DefenseRelevance","DefenseSignal"
"BAE Systems","BrassRing","Welder II ($29.80)","Manufacturing & Maintenance","","Anniston, AL","US (CONUS)","","","","","","https://sjobs.brassring.com/TGnewUI/Search/home/HomeWithPreLoad?PageType=JobDetails&partnerid=25771&siteid=5403&jobid=298990","prime",""
"BAE Systems","BrassRing","ACV Program Manager II","Project & Program Management","","York, PA","US (CONUS)","","","","","","https://sjobs.brassring.com/TGnewUI/Search/home/HomeWithPreLoad?PageType=JobDetails&partnerid=25771&siteid=5403&jobid=299749","prime",""
"BAE Systems","BrassRing","Engineer Principal - FPGA Design - $10K Sign On Bonus","Engineering & Technology","","Chantilly, VA","US (CONUS)","","","","","","https://sjobs.brassring.com/TGnewUI/Search/home/HomeWithPreLoad?PageType=JobDetails&partnerid=25771&siteid=5403&jobid=298874","prime",""
"BAE Systems","BrassRing","Engineer Principal – Systems","Engineering & Technology","","Broomfield, CO","US (CONUS)","","","","","","https://sjobs.brassring.com/TGnewUI/Search/home/HomeWithPreLoad?PageType=JobDetails&partnerid=25771&siteid=5403&jobid=298855","prime",""
"BAE Systems","BrassRing","Senior Facility Engineer","Engineering & Technology","","Maple Grove, MN","US (CONUS)","","","","","","https://sjobs.brassring.com/TGnewUI/Search/home/HomeWithPreLoad?PageType=JobDetails&partnerid=25771&siteid=5403&jobid=298559","prime",""
"BAE Systems","BrassRing","Electrical/Mechanical Technician (B1 Weekend)","Manufacturing & Maintenance","","Louisville, KY","US (CONUS)","","","","","","https://sjobs.brassring.com/TGnewUI/Search/home/HomeWithPreLoad?PageType=JobDetails&partnerid=25771&siteid=5403&jobid=299513","prime",""
"BAE Systems","BrassRing","CNC MILLING OPERATOR 3","Manufacturing & Maintenance","","Aiken, SC","US (CONUS)","","","","","","https://sjobs.brassring.com/TGnewUI/Search/home/HomeWithPreLoad?PageType=JobDetails&partnerid=25771&siteid=5403&jobid=299724","prime",""
"BAE Systems","BrassRing","Engineer II - Mission Operations Sustainment Systems Engineer-10k Sign-On Bonus","Engineering & Technology","","Broomfield, CO","US (CONUS)","","","","","","https://sjobs.brassring.com/TGnewUI/Search/home/HomeWithPreLoad?PageType=JobDetails&partnerid=25771&siteid=5403&jobid=298699","prime",""
"BAE Systems","BrassRing","Senior Principal II Engineer – FPGA Design - $20K Sign On Bonus","Engineering & Technology","","Chantilly, VA","US (CONUS)","","","","","","https://sjobs.brassring.com/TGnewUI/Search/home/HomeWithPreLoad?PageType=JobDetails&partnerid=25771&siteid=5403&jobid=298878","prime",""
"BAE Systems","BrassRing","Manufacturing Engineer","Engineering & Technology","","Anniston, AL","US (CONUS)","","","","","","https://sjobs.brassring.com/TGnewUI/Search/home/HomeWithPreLoad?PageType=JobDetails&partnerid=25771&siteid=5403&jobid=300011","prime",""
"BAE Systems","BrassRing","Program Manager III - Software Programs of Record (CONTINGENT)","Project & Program Management","","WP AFB, OH","US (CONUS)","","","","","","https://sjobs.brassring.com/TGnewUI/Search/home/HomeWithPreLoad?PageType=JobDetails&partnerid=25771&siteid=5403&jobid=299496","prime",""
"BAE Systems","BrassRing","Weld Production Supervisor - 2nd Shift (Weekends) Value Stream","Manufacturing & Maintenance","","Louisville, KY","US (CONUS)","","","","","","https://sjobs.brassring.com/TGnewUI/Search/home/HomeWithPreLoad?PageType=JobDetails&partnerid=25771&siteid=5403&jobid=297579","prime",""
"BAE Systems","BrassRing","Engineer II – Systems – Launch Systems Integration","Engineering & Technology","","Broomfield, CO","US (CONUS)","","","","","","https://sjobs.brassring.com/TGnewUI/Search/home/HomeWithPreLoad?PageType=JobDetails&partnerid=25771&siteid=5403&jobid=299160","prime",""
"BAE Systems","BrassRing","YRK USW Boring Mill / CNC Operator $34.22 + $1.25 shift differential ***$10,000 Sign on bonus***","Manufacturing & Maintenance","","York, PA","US (CONUS)","","","","","","https://sjobs.brassring.com/TGnewUI/Search/home/HomeWithPreLoad?PageType=JobDetails&partnerid=25771&siteid=5403&jobid=299055","prime",""
"BAE Systems","BrassRing","Engineer Principal - Systems - Mission Operations Sustainment-10k Sign-On Bonus","Engineering & Technology","","Broomfield, CO","US (CONUS)","","","","","","https://sjobs.brassring.com/TGnewUI/Search/home/HomeWithPreLoad?PageType=JobDetails&partnerid=25771&siteid=5403&jobid=298702","prime",""
"BAE Systems","BrassRing","Engineer Senior - Electrical Hardware Lead","Engineering & Technology","","Westminster, CO","US (CONUS)","","","","","","https://sjobs.brassring.com/TGnewUI/Search/home/HomeWithPreLoad?PageType=JobDetails&partnerid=25771&siteid=5403&jobid=299657","prime",""
"BAE Systems","BrassRing","Engineer Principal – Systems Payload Integration","Engineering & Technology","","Broomfield, CO","US (CONUS)","","","","","","https://sjobs.brassring.com/TGnewUI/Search/home/HomeWithPreLoad?PageType=JobDetails&partnerid=25771&siteid=5403&jobid=299249","prime",""
"BAE Systems","BrassRing","Engineer Senior – Space Vehicle Propulsion","Engineering & Technology","","Boulder, CO","US (CONUS)","","","","","","https://sjobs.brassring.com/TGnewUI/Search/home/HomeWithPreLoad?PageType=JobDetails&partnerid=25771&siteid=5403&jobid=299904","prime",""
"BAE Systems","BrassRing","Engineer Senior Principal - FPGA Design - $10K Sign On Bonus","Engineering & Technology","","Chantilly, VA","US (CONUS)","","","","","","https://sjobs.brassring.com/TGnewUI/Search/home/HomeWithPreLoad?PageType=JobDetails&partnerid=25771&siteid=5403&jobid=298877","prime",""
"BAE Systems","BrassRing","Nondestructive Testing Inspector (NDT) Level II (Evening Shift)","Manufacturing & Maintenance","","Louisville, KY","US (CONUS)","","","","","","https://sjobs.brassring.com/TGnewUI/Search/home/HomeWithPreLoad?PageType=JobDetails&partnerid=25771&siteid=5403&jobid=299389","prime",""
"BAE Systems","BrassRing","Senior Subcontract Administrator","Supply Chain & Logistics","","Maple Grove, MN","US (CONUS)","","","","","","https://sjobs.brassring.com/TGnewUI/Search/home/HomeWithPreLoad?PageType=JobDetails&partnerid=25771&siteid=5403&jobid=299366","prime",""
"BAE Systems","BrassRing","Facilities Engineer Senior - Architect","Engineering & Technology","","Broomfield, CO","US (CONUS)","","","","","","https://sjobs.brassring.com/TGnewUI/Search/home/HomeWithPreLoad?PageType=JobDetails&partnerid=25771&siteid=5403&jobid=299507","prime",""
"BAE Systems","BrassRing","Engineer Senior Principal - Optical - Focal Plane Systems","Engineering & Technology","","Boulder, CO","US (CONUS)","","","","","","https://sjobs.brassring.com/TGnewUI/Search/home/HomeWithPreLoad?PageType=JobDetails&partnerid=25771&siteid=5403&jobid=298562","prime",""
"BAE Systems","BrassRing","Engineer Senior – Core Systems Engineering","Engineering & Technology","","Broomfield, CO","US (CONUS)","","","","","","https://sjobs.brassring.com/TGnewUI/Search/home/HomeWithPreLoad?PageType=JobDetails&partnerid=25771&siteid=5403&jobid=298854","prime",""
"BAE Systems","BrassRing","Engineer Principal - FPGA Design - $20K Sign On Bonus","Engineering & Technology","","Chantilly, VA","US (CONUS)","","","","","","https://sjobs.brassring.com/TGnewUI/Search/home/HomeWithPreLoad?PageType=JobDetails&partnerid=25771&siteid=5403&jobid=298879","prime",""
"BAE Systems","BrassRing","Quality Program Manager","Engineering & Technology","","Louisville, KY","US (CONUS)","","","","","","https://sjobs.brassring.com/TGnewUI/Search/home/HomeWithPreLoad?PageType=JobDetails&partnerid=25771&siteid=5403&jobid=299648","prime",""
"BAE Systems","BrassRing","Engineer II – Launch Systems Integration","Engineering & Technology","","Broomfield, CO","US (CONUS)","","","","","","https://sjobs.brassring.com/TGnewUI/Search/home/HomeWithPreLoad?PageType=JobDetails&partnerid=25771&siteid=5403&jobid=299101","prime",""
"BAE Systems","BrassRing","Manager III - Supply Chain Program Management - Subcontracts","Supply Chain & Logistics","","Broomfield, CO","US (CONUS)","","","","","","https://sjobs.brassring.com/TGnewUI/Search/home/HomeWithPreLoad?PageType=JobDetails&partnerid=25771&siteid=5403&jobid=298122","prime",""
"BAE Systems","BrassRing","Senior Subcontract Administrator","Supply Chain & Logistics","","Louisville, KY","US (CONUS)","","","","","","https://sjobs.brassring.com/TGnewUI/Search/home/HomeWithPreLoad?PageType=JobDetails&partnerid=25771&siteid=5403&jobid=299367","prime",""
"BAE Systems","BrassRing","Electrical Mechanical Assembler","Manufacturing & Maintenance","","Louisville, KY","US (CONUS)","","","","","","https://sjobs.brassring.com/TGnewUI/Search/home/HomeWithPreLoad?PageType=JobDetails&partnerid=25771&siteid=5403&jobid=299228","prime",""
"BAE Systems","BrassRing","Principal Senior Engineer - FPGA Design - $20K Sign On Bonus","Engineering & Technology","","Westminster, CO","US (CONUS)","","","","","","https://sjobs.brassring.com/TGnewUI/Search/home/HomeWithPreLoad?PageType=JobDetails&partnerid=25771&siteid=5403&jobid=299828","prime",""
"BAE Systems","BrassRing","OSI SHE Facilitator","Other Professionals","","Radford, VA","US (CONUS)","","","","","","https://sjobs.brassring.com/TGnewUI/Search/home/HomeWithPreLoad?PageType=JobDetails&partnerid=25771&siteid=5403&jobid=298249","prime",""
"BAE Systems","BrassRing","Engineer Senior Principal - FPGA Design - $20K Sign On Bonus","Engineering & Technology","","Chantilly, VA","US (CONUS)","","","","","","https://sjobs.brassring.com/TGnewUI/Search/home/HomeWithPreLoad?PageType=JobDetails&partnerid=25771&siteid=5403&jobid=298880","prime",""
"BAE Systems","BrassRing","CNC Machinist I - $33.75/hr + $5000 sign on bonus","Manufacturing & Maintenance","","Louisville, KY","US (CONUS)","","","","","","https://sjobs.brassring.com/TGnewUI/Search/home/HomeWithPreLoad?PageType=JobDetails&partnerid=25771&siteid=5403&jobid=298306","prime",""
"BAE Systems","BrassRing","Senior Electrical System Engineer – Payloads - $20K Sign On Bonus","Engineering & Technology","","Westminster, CO","US (CONUS)","","","","","","https://sjobs.brassring.com/TGnewUI/Search/home/HomeWithPreLoad?PageType=JobDetails&partnerid=25771&siteid=5403&jobid=299827","prime",""
"BAE Systems","BrassRing","CNC Machinist III - $36.19/hr + $5000 sign on bonus","Manufacturing & Maintenance","","Louisville, KY","US (CONUS)","","","","","","https://sjobs.brassring.com/TGnewUI/Search/home/HomeWithPreLoad?PageType=JobDetails&partnerid=25771&siteid=5403&jobid=298307","prime",""
"BAE Systems","BrassRing","Operations Quality Engineer (Weekend Shift)","Engineering & Technology","","York, PA","US (CONUS)","","","","","","https://sjobs.brassring.com/TGnewUI/Search/home/HomeWithPreLoad?PageType=JobDetails&partnerid=25771&siteid=5403&jobid=299170","prime",""
"BAE Systems","BrassRing","Pipefitter (Trade School)","Manufacturing & Maintenance","","Norfolk, VA","US (CONUS)","","","","","","https://sjobs.brassring.com/TGnewUI/Search/home/HomeWithPreLoad?PageType=JobDetails&partnerid=25771&siteid=5403&jobid=299813","prime",""
"BAE Systems","BrassRing","Senior Facilities Mechanical Engineer","Engineering & Technology","","Broomfield, CO","US (CONUS)","","","","","","https://sjobs.brassring.com/TGnewUI/Search/home/HomeWithPreLoad?PageType=JobDetails&partnerid=25771&siteid=5403&jobid=299506","prime",""
"BAE Systems","BrassRing","Engineer Senior Principal – Systems","Engineering & Technology","","Broomfield, CO","US (CONUS)","","","","","","https://sjobs.brassring.com/TGnewUI/Search/home/HomeWithPreLoad?PageType=JobDetails&partnerid=25771&siteid=5403&jobid=299068","prime",""
"BAE Systems","BrassRing","YRK USW Welder (Hobart)","Manufacturing & Maintenance","","York, PA","US (CONUS)","","","","","","https://sjobs.brassring.com/TGnewUI/Search/home/HomeWithPreLoad?PageType=JobDetails&partnerid=25771&siteid=5403&jobid=299013","prime",""
"BAE Systems","BrassRing","YRK USW Welder (UTI-Mooresville)","Manufacturing & Maintenance","","York, PA","US (CONUS)","","","","","","https://sjobs.brassring.com/TGnewUI/Search/home/HomeWithPreLoad?PageType=JobDetails&partnerid=25771&siteid=5403&jobid=299009","prime",""
"BAE Systems","BrassRing","Senior System Test Engineer - Mechanisms and Test Scripts - $10K Sign on Bonus","Engineering & Technology","","Boulder, CO","US (CONUS)","","","","","","https://sjobs.brassring.com/TGnewUI/Search/home/HomeWithPreLoad?PageType=JobDetails&partnerid=25771&siteid=5403&jobid=301608","prime",""
"BAE Systems","BrassRing","Senior Engineer – Software Integration","Engineering & Technology","","Fairborn, OH","US (CONUS)","","","","","","https://sjobs.brassring.com/TGnewUI/Search/home/HomeWithPreLoad?PageType=JobDetails&partnerid=25771&siteid=5403&jobid=301169","prime",""
"BAE Systems","BrassRing","Operations Research Analyst – Construction Cost Engineering","Project & Program Management","","Kingsport, TN","US (CONUS)","","","","","","https://sjobs.brassring.com/TGnewUI/Search/home/HomeWithPreLoad?PageType=JobDetails&partnerid=25771&siteid=5403&jobid=300018","prime",""
"BAE Systems","BrassRing","Welder II","Manufacturing & Maintenance","","Aiken, SC","US (CONUS)","","","","","","https://sjobs.brassring.com/TGnewUI/Search/home/HomeWithPreLoad?PageType=JobDetails&partnerid=25771&siteid=5403&jobid=291973","prime",""
"BAE Systems","BrassRing","Shipfitter (Trade School)","Manufacturing & Maintenance","","Norfolk, VA","US (CONUS)","","","","","","https://sjobs.brassring.com/TGnewUI/Search/home/HomeWithPreLoad?PageType=JobDetails&partnerid=25771&siteid=5403&jobid=299812","prime",""
"BAE Systems","BrassRing","Inspector II","Manufacturing & Maintenance","","Boulder, CO","US (CONUS)","","","","","","https://sjobs.brassring.com/TGnewUI/Search/home/HomeWithPreLoad?PageType=JobDetails&partnerid=25771&siteid=5403&jobid=300583","prime",""
"BAE Systems","BrassRing","Engineer Senior Principal II – Ground Systems","Engineering & Technology","","Boulder, CO","US (CONUS)","","","","","","https://sjobs.brassring.com/TGnewUI/Search/home/HomeWithPreLoad?PageType=JobDetails&partnerid=25771&siteid=5403&jobid=300364","prime",""
"BAE Systems","BrassRing","Senior FPGA Verification Engineer - $30K Sign On Bonus","Engineering & Technology","","Westminster, CO","US (CONUS)","","","","","","https://sjobs.brassring.com/TGnewUI/Search/home/HomeWithPreLoad?PageType=JobDetails&partnerid=25771&siteid=5403&jobid=300256","prime",""
"BAE Systems","BrassRing","Rigger - 1st & 2nd shifts","Manufacturing & Maintenance","","Norfolk, VA","US (CONUS)","","","","","","https://sjobs.brassring.com/TGnewUI/Search/home/HomeWithPreLoad?PageType=JobDetails&partnerid=25771&siteid=5403&jobid=298338","prime",""
"BAE Systems","BrassRing","Welder - Submarine Program","Manufacturing & Maintenance","","Jacksonville, FL","US (CONUS)","","","","","","https://sjobs.brassring.com/TGnewUI/Search/home/HomeWithPreLoad?PageType=JobDetails&partnerid=25771&siteid=5403&jobid=299842","prime",""
"BAE Systems","BrassRing","Rigging Craft Manager","Manufacturing & Maintenance","","Jacksonville, FL","US (CONUS)","","","","","","https://sjobs.brassring.com/TGnewUI/Search/home/HomeWithPreLoad?PageType=JobDetails&partnerid=25771&siteid=5403&jobid=300401","prime",""
"BAE Systems","BrassRing","1st Class Handyperson","Manufacturing & Maintenance","","Norfolk, VA","US (CONUS)","","","","","","https://sjobs.brassring.com/TGnewUI/Search/home/HomeWithPreLoad?PageType=JobDetails&partnerid=25771&siteid=5403&jobid=301877","prime",""
"BAE Systems","BrassRing","Principal Business Systems Analyst - SMS Digital Employee Experience (DEX)","Engineering & Technology","","Westminster, CO","US (CONUS)","","","","","","https://sjobs.brassring.com/TGnewUI/Search/home/HomeWithPreLoad?PageType=JobDetails&partnerid=25771&siteid=5403&jobid=299572","prime",""
"BAE Systems","BrassRing","Master Planner Sr","Project & Program Management","","San Diego, CA","US (CONUS)","","","","","","https://sjobs.brassring.com/TGnewUI/Search/home/HomeWithPreLoad?PageType=JobDetails&partnerid=25771&siteid=5403&jobid=302578","prime",""
"BAE Systems","BrassRing","Proposal Analyst","Supply Chain & Logistics","","Phoenix, AZ","US (CONUS)","","","","","","https://sjobs.brassring.com/TGnewUI/Search/home/HomeWithPreLoad?PageType=JobDetails&partnerid=25771&siteid=5403&jobid=302598","prime",""
"BAE Systems","BrassRing","Electrical System Engineer Principal – Payloads - $10K Sign On Bonus","Engineering & Technology","","Westminster, CO","US (CONUS)","","","","","","https://sjobs.brassring.com/TGnewUI/Search/home/HomeWithPreLoad?PageType=JobDetails&partnerid=25771&siteid=5403&jobid=296840","prime",""
"BAE Systems","BrassRing","Emergency Medical Technician (EMT) / EMT-Paramedic","Other Professionals","","San Diego, CA","US (CONUS)","","","","","","https://sjobs.brassring.com/TGnewUI/Search/home/HomeWithPreLoad?PageType=JobDetails&partnerid=25771&siteid=5403&jobid=300508","prime",""
"BAE Systems","BrassRing","Engineer Principal - Systems Test - Space Vehicle Assembly, Test and Launch Operations (AI&T / ATLO) - $15K Sign On Bonus","Engineering & Technology","","Boulder, CO","US (CONUS)","","","","","","https://sjobs.brassring.com/TGnewUI/Search/home/HomeWithPreLoad?PageType=JobDetails&partnerid=25771&siteid=5403&jobid=301572","prime",""
"BAE Systems","BrassRing","Senior Manufacturing Engineer","Engineering & Technology","","Aberdeen, SD","US (CONUS)","","","","","","https://sjobs.brassring.com/TGnewUI/Search/home/HomeWithPreLoad?PageType=JobDetails&partnerid=25771&siteid=5403&jobid=301413","prime",""
"BAE Systems","BrassRing","Senior Fixed Equipment Inspector","Engineering & Technology","","Radford, VA","US (CONUS)","","","","","","https://sjobs.brassring.com/TGnewUI/Search/home/HomeWithPreLoad?PageType=JobDetails&partnerid=25771&siteid=5403&jobid=301061","prime",""
"BAE Systems","BrassRing","Engineer Senior - Digital Test Developer","Engineering & Technology","","Westminster, CO","US (CONUS)","","","","","","https://sjobs.brassring.com/TGnewUI/Search/home/HomeWithPreLoad?PageType=JobDetails&partnerid=25771&siteid=5403&jobid=299350","prime",""
"BAE Systems","BrassRing","Hot Work Coordinator 1st Shift","Project & Program Management","","San Diego, CA","US (CONUS)","","","","","","https://sjobs.brassring.com/TGnewUI/Search/home/HomeWithPreLoad?PageType=JobDetails&partnerid=25771&siteid=5403&jobid=302950","prime",""
"BAE Systems","BrassRing","Project Engineer - Capital Projects","Engineering & Technology","","Kingsport, TN","US (CONUS)","","","","","","https://sjobs.brassring.com/TGnewUI/Search/home/HomeWithPreLoad?PageType=JobDetails&partnerid=25771&siteid=5403&jobid=301781","prime",""
"BAE Systems","BrassRing","Engineer Senior – Embedded Software","Engineering & Technology","","Boulder, CO","US (CONUS)","","","","","","https://sjobs.brassring.com/TGnewUI/Search/home/HomeWithPreLoad?PageType=JobDetails&partnerid=25771&siteid=5403&jobid=300365","prime",""
"BAE Systems","BrassRing","Director - Engineering - Weapon Systems Product Line Engineering Lead","Engineering & Technology","","Maple Grove, MN","US (CONUS)","","","","","","https://sjobs.brassring.com/TGnewUI/Search/home/HomeWithPreLoad?PageType=JobDetails&partnerid=25771&siteid=5403&jobid=302607","prime",""
"BAE Systems","BrassRing","Technician Assembly/Machining","Engineering & Technology","","Maple Grove, MN","US (CONUS)","","","","","","https://sjobs.brassring.com/TGnewUI/Search/home/HomeWithPreLoad?PageType=JobDetails&partnerid=25771&siteid=5403&jobid=303016","prime",""
"BAE Systems","BrassRing","LSV IAM Painter III (A2 Weeknight Shift)","Manufacturing & Maintenance","","Louisville, KY","US (CONUS)","","","","","","https://sjobs.brassring.com/TGnewUI/Search/home/HomeWithPreLoad?PageType=JobDetails&partnerid=25771&siteid=5403&jobid=302918","prime",""
"BAE Systems","BrassRing","Technical Fellow Senior Principal III - EOIR Payload Architect","Engineering & Technology","","Broomfield, CO","US (CONUS)","","","","","","https://sjobs.brassring.com/TGnewUI/Search/home/HomeWithPreLoad?PageType=JobDetails&partnerid=25771&siteid=5403&jobid=300776","prime",""
"BAE Systems","BrassRing","Principal Product Support Specialist","Engineering & Technology","","Maple Grove, MN","US (CONUS)","","","","","","https://sjobs.brassring.com/TGnewUI/Search/home/HomeWithPreLoad?PageType=JobDetails&partnerid=25771&siteid=5403&jobid=303332","prime",""
"BAE Systems","BrassRing","CNC Machinist I (ATDM)","Manufacturing & Maintenance","","Louisville, KY","US (CONUS)","","","","","","https://sjobs.brassring.com/TGnewUI/Search/home/HomeWithPreLoad?PageType=JobDetails&partnerid=25771&siteid=5403&jobid=303203","prime",""
"BAE Systems","BrassRing","Engineering Manager II – Systems Engineering","Engineering & Technology","","Broomfield, CO","US (CONUS)","","","","","","https://sjobs.brassring.com/TGnewUI/Search/home/HomeWithPreLoad?PageType=JobDetails&partnerid=25771&siteid=5403&jobid=301521","prime",""
"BAE Systems","BrassRing","Construction Manager","Project & Program Management","","Kingsport, TN","US (CONUS)","","","","","","https://sjobs.brassring.com/TGnewUI/Search/home/HomeWithPreLoad?PageType=JobDetails&partnerid=25771&siteid=5403&jobid=300247","prime",""
"BAE Systems","BrassRing","Fabrication Supervisor","Manufacturing & Maintenance","","Jacksonville, FL","US (CONUS)","","","","","","https://sjobs.brassring.com/TGnewUI/Search/home/HomeWithPreLoad?PageType=JobDetails&partnerid=25771&siteid=5403&jobid=302325","prime",""
"BAE Systems","BrassRing","Project Engineer I - Electrical Harness","Project & Program Management","","Westminster, CO","US (CONUS)","","","","","","https://sjobs.brassring.com/TGnewUI/Search/home/HomeWithPreLoad?PageType=JobDetails&partnerid=25771&siteid=5403&jobid=299066","prime",""
"BAE Systems","BrassRing","Operations Program Manager - Manufacturing","Manufacturing & Maintenance","","Maple Grove, MN","US (CONUS)","","","","","","https://sjobs.brassring.com/TGnewUI/Search/home/HomeWithPreLoad?PageType=JobDetails&partnerid=25771&siteid=5403&jobid=299706","prime",""
"BAE Systems","BrassRing","Principal FP&A Analyst","Finance & Accounting","","Jacksonville, FL","US (CONUS)","","","","","","https://sjobs.brassring.com/TGnewUI/Search/home/HomeWithPreLoad?PageType=JobDetails&partnerid=25771&siteid=5403&jobid=298391","prime",""
"BAE Systems","BrassRing","Engineer Senior Principal II – Ground and Application Software","Engineering & Technology","","Aurora, CO","US (CONUS)","","","","","","https://sjobs.brassring.com/TGnewUI/Search/home/HomeWithPreLoad?PageType=JobDetails&partnerid=25771&siteid=5403&jobid=301510","prime",""
"BAE Systems","BrassRing","Manufacturing Technician","Manufacturing & Maintenance","","Phoenix, AZ","US (CONUS)","","","","","","https://sjobs.brassring.com/TGnewUI/Search/home/HomeWithPreLoad?PageType=JobDetails&partnerid=25771&siteid=5403&jobid=302412","prime",""
"BAE Systems","BrassRing","Principal Systems Engineer for Capital Projects","Engineering & Technology","","Kingsport, TN","US (CONUS)","","","","","","https://sjobs.brassring.com/TGnewUI/Search/home/HomeWithPreLoad?PageType=JobDetails&partnerid=25771&siteid=5403&jobid=299754","prime",""
"BAE Systems","BrassRing","Manager III - Systems Engineering","Engineering & Technology","","Broomfield, CO","US (CONUS)","","","","","","https://sjobs.brassring.com/TGnewUI/Search/home/HomeWithPreLoad?PageType=JobDetails&partnerid=25771&siteid=5403&jobid=301525","prime",""
"BAE Systems","BrassRing","Shipfitter - Submarine Program","Manufacturing & Maintenance","","Jacksonville, FL","US (CONUS)","","","","","","https://sjobs.brassring.com/TGnewUI/Search/home/HomeWithPreLoad?PageType=JobDetails&partnerid=25771&siteid=5403&jobid=299843","prime",""
"BAE Systems","BrassRing","Engineer Principal – Space Vehicle Avionics - $12K Sign On Bonus","Engineering & Technology","","Boulder, CO","US (CONUS)","","","","","","https://sjobs.brassring.com/TGnewUI/Search/home/HomeWithPreLoad?PageType=JobDetails&partnerid=25771&siteid=5403&jobid=301426","prime",""
"BAE Systems","BrassRing","Engineering Manager III – Space Communications Engineering Manager- $15K Sign On Bonus","Engineering & Technology","","Boulder, CO","US (CONUS)","","","","","","https://sjobs.brassring.com/TGnewUI/Search/home/HomeWithPreLoad?PageType=JobDetails&partnerid=25771&siteid=5403&jobid=301015","prime",""
"BAE Systems","BrassRing","Marine Carpenter","Manufacturing & Maintenance","","Norfolk, VA","US (CONUS)","","","","","","https://sjobs.brassring.com/TGnewUI/Search/home/HomeWithPreLoad?PageType=JobDetails&partnerid=25771&siteid=5403&jobid=298340","prime",""
"BAE Systems","BrassRing","Machinery - Senior Labor Estimator","Finance & Accounting","","San Diego, CA","US (CONUS)","","","","","","https://sjobs.brassring.com/TGnewUI/Search/home/HomeWithPreLoad?PageType=JobDetails&partnerid=25771&siteid=5403&jobid=300985","prime",""
"BAE Systems","BrassRing","Principal Subcontracts Administrator","Supply Chain & Logistics","","Kingsport, TN","US (CONUS)","","","","","","https://sjobs.brassring.com/TGnewUI/Search/home/HomeWithPreLoad?PageType=JobDetails&partnerid=25771&siteid=5403&jobid=302440","prime",""
"BAE Systems","BrassRing","Seeker Program Engineering Manager II","Engineering & Technology","","Maple Grove, MN","US (CONUS)","","","","","","https://sjobs.brassring.com/TGnewUI/Search/home/HomeWithPreLoad?PageType=JobDetails&partnerid=25771&siteid=5403&jobid=301665","prime",""
"BAE Systems","BrassRing","Senior Industrial Control Systems (ICS) Administrator","Engineering & Technology","","Kingsport, TN","US (CONUS)","","","","","","https://sjobs.brassring.com/TGnewUI/Search/home/HomeWithPreLoad?PageType=JobDetails&partnerid=25771&siteid=5403&jobid=302597","prime",""
"BAE Systems","BrassRing","Cyber Analyst Senior - ISSO","Other Professionals","","Broomfield, CO","US (CONUS)","","","","","","https://sjobs.brassring.com/TGnewUI/Search/home/HomeWithPreLoad?PageType=JobDetails&partnerid=25771&siteid=5403&jobid=301405","prime",""
"BAE Systems","BrassRing","Engineer Senior - Launch Systems","Engineering & Technology","","Boulder, CO","US (CONUS)","","","","","","https://sjobs.brassring.com/TGnewUI/Search/home/HomeWithPreLoad?PageType=JobDetails&partnerid=25771&siteid=5403&jobid=301076","prime",""
"BAE Systems","BrassRing","Engineer II - RF Systems Analyst","Engineering & Technology","","Broomfield, CO","US (CONUS)","","","","","","https://sjobs.brassring.com/TGnewUI/Search/home/HomeWithPreLoad?PageType=JobDetails&partnerid=25771&siteid=5403&jobid=296645","prime",""
"BAE Systems","BrassRing","Craft Supervisor I - Inside Machine Shop","Manufacturing & Maintenance","","Norfolk, VA","US (CONUS)","","","","","","https://sjobs.brassring.com/TGnewUI/Search/home/HomeWithPreLoad?PageType=JobDetails&partnerid=25771&siteid=5403&jobid=300451","prime",""
"BAE Systems","BrassRing","Wastewater Operator","Manufacturing & Maintenance","","Radford, VA","US (CONUS)","","","","","","https://sjobs.brassring.com/TGnewUI/Search/home/HomeWithPreLoad?PageType=JobDetails&partnerid=25771&siteid=5403&jobid=302935","prime",""
"BAE Systems","BrassRing","Lead Software Engineer","Engineering & Technology","","Maple Grove, MN","US (CONUS)","","","","","","https://sjobs.brassring.com/TGnewUI/Search/home/HomeWithPreLoad?PageType=JobDetails&partnerid=25771&siteid=5403&jobid=300010","prime",""
"BAE Systems","BrassRing","Lead Master Scheduler","Project & Program Management","","Sterling Heights, MI","US (CONUS)","","","","","","https://sjobs.brassring.com/TGnewUI/Search/home/HomeWithPreLoad?PageType=JobDetails&partnerid=25771&siteid=5403&jobid=300904","prime",""
"BAE Systems","BrassRing","Engineer II – Core Systems Engineering - $5k Sign On Bonus","Engineering & Technology","","Boulder, CO","US (CONUS)","","","","","","https://sjobs.brassring.com/TGnewUI/Search/home/HomeWithPreLoad?PageType=JobDetails&partnerid=25771&siteid=5403&jobid=301044","prime",""
"BAE Systems","BrassRing","Manufacturing Tech II","Manufacturing & Maintenance","","Aberdeen, SD","US (CONUS)","","","","","","https://sjobs.brassring.com/TGnewUI/Search/home/HomeWithPreLoad?PageType=JobDetails&partnerid=25771&siteid=5403&jobid=302575","prime",""
"BAE Systems","BrassRing","Advanced Product Quality Engineer - Sr","Engineering & Technology","","Westminster, CO","US (CONUS)","","","","","","https://sjobs.brassring.com/TGnewUI/Search/home/HomeWithPreLoad?PageType=JobDetails&partnerid=25771&siteid=5403&jobid=300578","prime",""
"BAE Systems","BrassRing","Assembler 1","Manufacturing & Maintenance","","York, PA","US (CONUS)","","","","","","https://sjobs.brassring.com/TGnewUI/Search/home/HomeWithPreLoad?PageType=JobDetails&partnerid=25771&siteid=5403&jobid=302756","prime",""
"BAE Systems","BrassRing","Principal Engineer - Full-Stack Ground Software Developer","Engineering & Technology","","Fairborn, OH","US (CONUS)","","","","","","https://sjobs.brassring.com/TGnewUI/Search/home/HomeWithPreLoad?PageType=JobDetails&partnerid=25771&siteid=5403&jobid=301166","prime",""
"BAE Systems","BrassRing","Software Configuration Analyst Senior","Engineering & Technology","","Broomfield, CO","US (CONUS)","","","","","","https://sjobs.brassring.com/TGnewUI/Search/home/HomeWithPreLoad?PageType=JobDetails&partnerid=25771&siteid=5403&jobid=300100","prime",""
"BAE Systems","BrassRing","Field Service Tech III (Classified)","Engineering & Technology","","Broomfield, CO","US (CONUS)","","","","","","https://sjobs.brassring.com/TGnewUI/Search/home/HomeWithPreLoad?PageType=JobDetails&partnerid=25771&siteid=5403&jobid=300880","prime",""
"BAE Systems","BrassRing","Engineer Principal  – Ground/Application Software","Engineering & Technology","","Aurora, CO","US (CONUS)","","","","","","https://sjobs.brassring.com/TGnewUI/Search/home/HomeWithPreLoad?PageType=JobDetails&partnerid=25771&siteid=5403&jobid=301507","prime",""
"BAE Systems","BrassRing","Technician Equipment Assembly / Machinist","Engineering & Technology","","Maple Grove, MN","US (CONUS)","","","","","","https://sjobs.brassring.com/TGnewUI/Search/home/HomeWithPreLoad?PageType=JobDetails&partnerid=25771&siteid=5403&jobid=300353","prime",""
"BAE Systems","BrassRing","Engineering Planning Specialist II","Engineering & Technology","","Maple Grove, MN","US (CONUS)","","","","","","https://sjobs.brassring.com/TGnewUI/Search/home/HomeWithPreLoad?PageType=JobDetails&partnerid=25771&siteid=5403&jobid=300316","prime",""
"BAE Systems","BrassRing","Structural Craft Supervisor (3rd Shift)","Manufacturing & Maintenance","","San Diego, CA","US (CONUS)","","","","","","https://sjobs.brassring.com/TGnewUI/Search/home/HomeWithPreLoad?PageType=JobDetails&partnerid=25771&siteid=5403&jobid=301393","prime",""
"BAE Systems","BrassRing","Outside Machinist","Manufacturing & Maintenance","","San Diego, CA","US (CONUS)","","","","","","https://sjobs.brassring.com/TGnewUI/Search/home/HomeWithPreLoad?PageType=JobDetails&partnerid=25771&siteid=5403&jobid=302844","prime",""
"BAE Systems","BrassRing","Engineer II – Ground and Application Software","Engineering & Technology","","Aurora, CO","US (CONUS)","","","","","","https://sjobs.brassring.com/TGnewUI/Search/home/HomeWithPreLoad?PageType=JobDetails&partnerid=25771&siteid=5403&jobid=301504","prime",""
"BAE Systems","BrassRing","Senior iOS Design Software Engineer  – User Interface / User Experience Design","Engineering & Technology","","Fairborn, OH","US (CONUS)","","","","","","https://sjobs.brassring.com/TGnewUI/Search/home/HomeWithPreLoad?PageType=JobDetails&partnerid=25771&siteid=5403&jobid=300458","prime",""
"BAE Systems","BrassRing","Engineer Senior Principal  – Ground and Application Software","Engineering & Technology","","Aurora, CO","US (CONUS)","","","","","","https://sjobs.brassring.com/TGnewUI/Search/home/HomeWithPreLoad?PageType=JobDetails&partnerid=25771&siteid=5403&jobid=301509","prime",""
"BAE Systems","BrassRing","Project Engineer I - Detectors","Engineering & Technology","","Boulder, CO","US (CONUS)","","","","","","https://sjobs.brassring.com/TGnewUI/Search/home/HomeWithPreLoad?PageType=JobDetails&partnerid=25771&siteid=5403&jobid=298442","prime",""
"BAE Systems","BrassRing","Environmental Engineer II","Other Professionals","","Radford, VA","US (CONUS)","","","","","","https://sjobs.brassring.com/TGnewUI/Search/home/HomeWithPreLoad?PageType=JobDetails&partnerid=25771&siteid=5403&jobid=302232","prime",""
"BAE Systems","BrassRing","Senior Principal II Engineer – FPGA Design - $40K Sign On Bonus","Engineering & Technology","","Chantilly, VA","US (CONUS)","","","","","","https://sjobs.brassring.com/TGnewUI/Search/home/HomeWithPreLoad?PageType=JobDetails&partnerid=25771&siteid=5403&jobid=298881","prime",""
"BAE Systems","BrassRing","Industrial Security Specialist I","Other Professionals","","Chantilly, VA","US (CONUS)","","","","","","https://sjobs.brassring.com/TGnewUI/Search/home/HomeWithPreLoad?PageType=JobDetails&partnerid=25771&siteid=5403&jobid=300860","prime",""
"BAE Systems","BrassRing","CNC Machine Programmer","Manufacturing & Maintenance","","Louisville, KY","US (CONUS)","","","","","","https://sjobs.brassring.com/TGnewUI/Search/home/HomeWithPreLoad?PageType=JobDetails&partnerid=25771&siteid=5403&jobid=302198","prime",""
"BAE Systems","BrassRing","Senior Production Control Planner","Manufacturing & Maintenance","","Louisville, KY","US (CONUS)","","","","","","https://sjobs.brassring.com/TGnewUI/Search/home/HomeWithPreLoad?PageType=JobDetails&partnerid=25771&siteid=5403&jobid=302251","prime",""
"BAE Systems","BrassRing","Sr. Program Manager II","Project & Program Management","","Kingsport, TN","US (CONUS)","","","","","","https://sjobs.brassring.com/TGnewUI/Search/home/HomeWithPreLoad?PageType=JobDetails&partnerid=25771&siteid=5403&jobid=300412","prime",""
"BAE Systems","BrassRing","Shipfitter","Manufacturing & Maintenance","","Norfolk, VA","US (CONUS)","","","","","","https://sjobs.brassring.com/TGnewUI/Search/home/HomeWithPreLoad?PageType=JobDetails&partnerid=25771&siteid=5403&jobid=298843","prime",""
"BAE Systems","BrassRing","Engineer Senior – Ground/Application Software","Engineering & Technology","","Aurora, CO","US (CONUS)","","","","","","https://sjobs.brassring.com/TGnewUI/Search/home/HomeWithPreLoad?PageType=JobDetails&partnerid=25771&siteid=5403&jobid=301505","prime",""
"BAE Systems","BrassRing","Submarine Products Welder & Fabricator - 2nd Shift","Manufacturing & Maintenance","","Louisville, KY","US (CONUS)","","","","","","https://sjobs.brassring.com/TGnewUI/Search/home/HomeWithPreLoad?PageType=JobDetails&partnerid=25771&siteid=5403&jobid=300762","prime",""
"BAE Systems","BrassRing","Senior Optical Engineer","Engineering & Technology","","Broomfield, CO","US (CONUS)","","","","","","https://sjobs.brassring.com/TGnewUI/Search/home/HomeWithPreLoad?PageType=JobDetails&partnerid=25771&siteid=5403&jobid=301703","prime",""
"BAE Systems","BrassRing","Sheet Metal Mechanic","Manufacturing & Maintenance","","Norfolk, VA","US (CONUS)","","","","","","https://sjobs.brassring.com/TGnewUI/Search/home/HomeWithPreLoad?PageType=JobDetails&partnerid=25771&siteid=5403&jobid=298706","prime",""
"BAE Systems","BrassRing","OpenShift Engineer Senior Principal (Lead)","Engineering & Technology","","Westminster, CO","US (CONUS)","","","","","","https://sjobs.brassring.com/TGnewUI/Search/home/HomeWithPreLoad?PageType=JobDetails&partnerid=25771&siteid=5403&jobid=301214","prime",""
"BAE Systems","BrassRing","Program Manager","Project & Program Management","","Kingsport, TN","US (CONUS)","","","","","","https://sjobs.brassring.com/TGnewUI/Search/home/HomeWithPreLoad?PageType=JobDetails&partnerid=25771&siteid=5403&jobid=302548","prime",""
"BAE Systems","BrassRing","Environmental Manager","Other Professionals","","Radford, VA","US (CONUS)","","","","","","https://sjobs.brassring.com/TGnewUI/Search/home/HomeWithPreLoad?PageType=JobDetails&partnerid=25771&siteid=5403&jobid=302233","prime",""
"BAE Systems","BrassRing","LSV IAM Material Hndl/Pckg-4","Manufacturing & Maintenance","","Louisville, KY","US (CONUS)","","","","","","https://sjobs.brassring.com/TGnewUI/Search/home/HomeWithPreLoad?PageType=JobDetails&partnerid=25771&siteid=5403&jobid=300798","prime",""
"BAE Systems","BrassRing","Structural Maintenance Person (Carpenter) 2nd & 3rd shift **$34.22 + $1.25 Shift Differential**","Manufacturing & Maintenance","","York, PA","US (CONUS)","","","","","","https://sjobs.brassring.com/TGnewUI/Search/home/HomeWithPreLoad?PageType=JobDetails&partnerid=25771&siteid=5403&jobid=301384","prime",""
"BAE Systems","BrassRing","Engineer Senior Principal II - Ground Systems","Engineering & Technology","","Aurora, CO","US (CONUS)","","","","","","https://sjobs.brassring.com/TGnewUI/Search/home/HomeWithPreLoad?PageType=JobDetails&partnerid=25771&siteid=5403&jobid=301495","prime",""
"BAE Systems","BrassRing","Senior Program Manager – Internal Capital Investments (Construction)","Project & Program Management","","York, PA","US (CONUS)","","","","","","https://sjobs.brassring.com/TGnewUI/Search/home/HomeWithPreLoad?PageType=JobDetails&partnerid=25771&siteid=5403&jobid=299845","prime",""
"BAE Systems","BrassRing","Engineer Senior – Test and Electrical","Engineering & Technology","","Westminster, CO","US (CONUS)","","","","","","https://sjobs.brassring.com/TGnewUI/Search/home/HomeWithPreLoad?PageType=JobDetails&partnerid=25771&siteid=5403&jobid=296751","prime",""
"BAE Systems","BrassRing","Engineer Senior - FPGA Verification","Engineering & Technology","","Westminster, CO","US (CONUS)","","","","","","https://sjobs.brassring.com/TGnewUI/Search/home/HomeWithPreLoad?PageType=JobDetails&partnerid=25771&siteid=5403&jobid=296237","prime",""
"BAE Systems","BrassRing","Craft Supervisor, Insulation - 3rd shift","Manufacturing & Maintenance","","San Diego, CA","US (CONUS)","","","","","","https://sjobs.brassring.com/TGnewUI/Search/home/HomeWithPreLoad?PageType=JobDetails&partnerid=25771&siteid=5403&jobid=299110","prime",""
"BAE Systems","BrassRing","Senior Supplier Quality Engineer","Engineering & Technology","","Anniston, AL","US (CONUS)","","","","","","https://sjobs.brassring.com/TGnewUI/Search/home/HomeWithPreLoad?PageType=JobDetails&partnerid=25771&siteid=5403&jobid=299092","prime",""
"BAE Systems","BrassRing","Senior Contract Administrator","Other Professionals","","York, PA","US (CONUS)","","","","","","https://sjobs.brassring.com/TGnewUI/Search/home/HomeWithPreLoad?PageType=JobDetails&partnerid=25771&siteid=5403&jobid=301275","prime",""
"BAE Systems","BrassRing","Safety Tech II","Other Professionals","","Jacksonville, FL","US (CONUS)","","","","","","https://sjobs.brassring.com/TGnewUI/Search/home/HomeWithPreLoad?PageType=JobDetails&partnerid=25771&siteid=5403&jobid=302380","prime",""
"BAE Systems","BrassRing","Engineer Principal - Systems - Space Vehicle Assembly, Test and Launch Operations (AI&T / ATLO)","Engineering & Technology","","Boulder, CO","US (CONUS)","","","","","","https://sjobs.brassring.com/TGnewUI/Search/home/HomeWithPreLoad?PageType=JobDetails&partnerid=25771&siteid=5403&jobid=301609","prime",""
"BAE Systems","BrassRing","Engineer II - Electrical - Test Systems","Engineering & Technology","","Westminster, CO","US (CONUS)","","","","","","https://sjobs.brassring.com/TGnewUI/Search/home/HomeWithPreLoad?PageType=JobDetails&partnerid=25771&siteid=5403&jobid=296874","prime",""
"BAE Systems","BrassRing","Senior Principal Engineer – Fault Management Systems Engineer-$10K Sign on Bonus","Engineering & Technology","","Boulder, CO","US (CONUS)","","","","","","https://sjobs.brassring.com/TGnewUI/Search/home/HomeWithPreLoad?PageType=JobDetails&partnerid=25771&siteid=5403&jobid=300299","prime",""
"BAE Systems","BrassRing","Procurement Anst Sr.","Supply Chain & Logistics","","Phoenix, AZ","US (CONUS)","","","","","","https://sjobs.brassring.com/TGnewUI/Search/home/HomeWithPreLoad?PageType=JobDetails&partnerid=25771&siteid=5403&jobid=302793","prime",""
"BAE Systems","BrassRing","Principal Optical Design Engineer - $10K Sign-On Bonus","Engineering & Technology","","Broomfield, CO","US (CONUS)","","","","","","https://sjobs.brassring.com/TGnewUI/Search/home/HomeWithPreLoad?PageType=JobDetails&partnerid=25771&siteid=5403&jobid=300224","prime",""
"BAE Systems","BrassRing","Engineer Principal – Ground Systems","Engineering & Technology","","Aurora, CO","US (CONUS)","","","","","","https://sjobs.brassring.com/TGnewUI/Search/home/HomeWithPreLoad?PageType=JobDetails&partnerid=25771&siteid=5403&jobid=301493","prime",""
"BAE Systems","BrassRing","Project Engineer Associate","Engineering & Technology","","Boulder, CO","US (CONUS)","","","","","","https://sjobs.brassring.com/TGnewUI/Search/home/HomeWithPreLoad?PageType=JobDetails&partnerid=25771&siteid=5403&jobid=301107","prime",""
"BAE Systems","BrassRing","Program Manager- Weapon Systems Program Execution","Project & Program Management","","Louisville, KY","US (CONUS)","","","","","","https://sjobs.brassring.com/TGnewUI/Search/home/HomeWithPreLoad?PageType=JobDetails&partnerid=25771&siteid=5403&jobid=301621","prime",""
"BAE Systems","BrassRing","Engineer Senior Principal - Launch Systems - $10K Sign-On Bonus","Engineering & Technology","","Broomfield, CO","US (CONUS)","","","","","","https://sjobs.brassring.com/TGnewUI/Search/home/HomeWithPreLoad?PageType=JobDetails&partnerid=25771&siteid=5403&jobid=300888","prime",""
"BAE Systems","BrassRing","Safety Specialist","Other Professionals","","Radford, VA","US (CONUS)","","","","","","https://sjobs.brassring.com/TGnewUI/Search/home/HomeWithPreLoad?PageType=JobDetails&partnerid=25771&siteid=5403&jobid=300812","prime",""
"BAE Systems","BrassRing","Engineer II – Ground Systems","Engineering & Technology","","Aurora, CO","US (CONUS)","","","","","","https://sjobs.brassring.com/TGnewUI/Search/home/HomeWithPreLoad?PageType=JobDetails&partnerid=25771&siteid=5403&jobid=301433","prime",""
"BAE Systems","BrassRing","Inspector II - Electrical Solutions","Manufacturing & Maintenance","","Westminster, CO","US (CONUS)","","","","","","https://sjobs.brassring.com/TGnewUI/Search/home/HomeWithPreLoad?PageType=JobDetails&partnerid=25771&siteid=5403&jobid=300592","prime",""
"BAE Systems","BrassRing","Sr. Mechanical Engineer","Engineering & Technology","","Louisville, KY","US (CONUS)","","","","","","https://sjobs.brassring.com/TGnewUI/Search/home/HomeWithPreLoad?PageType=JobDetails&partnerid=25771&siteid=5403&jobid=299489","prime",""
"BAE Systems","BrassRing","Engineer Senior Principal II - Launch Systems - $20K Sign-On Bonus","Engineering & Technology","","Broomfield, CO","US (CONUS)","","","","","","https://sjobs.brassring.com/TGnewUI/Search/home/HomeWithPreLoad?PageType=JobDetails&partnerid=25771&siteid=5403&jobid=301074","prime",""
"BAE Systems","BrassRing","Senior Principal Engineer – Ground/Application Software","Engineering & Technology","","Broomfield, CO","US (CONUS)","","","","","","https://sjobs.brassring.com/TGnewUI/Search/home/HomeWithPreLoad?PageType=JobDetails&partnerid=25771&siteid=5403&jobid=300368","prime",""
"BAE Systems","BrassRing","Program Manager II – Ground Development","Project & Program Management","","Broomfield, CO","US (CONUS)","","","","","","https://sjobs.brassring.com/TGnewUI/Search/home/HomeWithPreLoad?PageType=JobDetails&partnerid=25771&siteid=5403&jobid=300636","prime",""
"BAE Systems","BrassRing","Manufacturing Engineer - 3rd Shift","Engineering & Technology","","York, PA","US (CONUS)","","","","","","https://sjobs.brassring.com/TGnewUI/Search/home/HomeWithPreLoad?PageType=JobDetails&partnerid=25771&siteid=5403&jobid=302806","prime",""
"BAE Systems","BrassRing","Master Program Planner II - Program Scheduler","Finance & Accounting","","Westminster, CO","US (CONUS)","","","","","","https://sjobs.brassring.com/TGnewUI/Search/home/HomeWithPreLoad?PageType=JobDetails&partnerid=25771&siteid=5403&jobid=300689","prime",""
"BAE Systems","BrassRing","Senior Proposal Analyst","Business Development, Strategy & Planning","","York, PA","US (CONUS)","","","","","","https://sjobs.brassring.com/TGnewUI/Search/home/HomeWithPreLoad?PageType=JobDetails&partnerid=25771&siteid=5403&jobid=301363","prime",""
"BAE Systems","BrassRing","Water Department Chief Operator","Manufacturing & Maintenance","","Radford, VA","US (CONUS)","","","","","","https://sjobs.brassring.com/TGnewUI/Search/home/HomeWithPreLoad?PageType=JobDetails&partnerid=25771&siteid=5403&jobid=302936","prime",""
"BAE Systems","BrassRing","System Maintenance Technician MK41 Vertical Launching System (VLS)","Manufacturing & Maintenance","","Chula Vista, CA","US (CONUS)","","","","","","https://sjobs.brassring.com/TGnewUI/Search/home/HomeWithPreLoad?PageType=JobDetails&partnerid=25771&siteid=5403&jobid=303017","prime",""
"BAE Systems","BrassRing","Principal Engineer - Mission Operations Systems Engineer","Engineering & Technology","","Broomfield, CO","US (CONUS)","","","","","","https://sjobs.brassring.com/TGnewUI/Search/home/HomeWithPreLoad?PageType=JobDetails&partnerid=25771&siteid=5403&jobid=301134","prime",""
"BAE Systems","BrassRing","General Laborer/Groundskeeper - $24.34 per hour + $1.25 shift differential","Manufacturing & Maintenance","","York, PA","US (CONUS)","","","","","","https://sjobs.brassring.com/TGnewUI/Search/home/HomeWithPreLoad?PageType=JobDetails&partnerid=25771&siteid=5403&jobid=302530","prime",""
"BAE Systems","BrassRing","Engineer II - Mission Operations Systems Engineer","Engineering & Technology","","Broomfield, CO","US (CONUS)","","","","","","https://sjobs.brassring.com/TGnewUI/Search/home/HomeWithPreLoad?PageType=JobDetails&partnerid=25771&siteid=5403&jobid=298794","prime",""
"BAE Systems","BrassRing","Manufacturing Engineer - 2nd Shift","Engineering & Technology","","York, PA","US (CONUS)","","","","","","https://sjobs.brassring.com/TGnewUI/Search/home/HomeWithPreLoad?PageType=JobDetails&partnerid=25771&siteid=5403&jobid=302822","prime",""
"BAE Systems","BrassRing","Engineer Senior – RF Systems Analyst","Engineering & Technology","","Boulder, CO","US (CONUS)","","","","","","https://sjobs.brassring.com/TGnewUI/Search/home/HomeWithPreLoad?PageType=JobDetails&partnerid=25771&siteid=5403&jobid=299726","prime",""
"BAE Systems","BrassRing","Engineer Principal – Electric Space – Avionics Component Radiation Effects","Engineering & Technology","","Boulder, CO","US (CONUS)","","","","","","https://sjobs.brassring.com/TGnewUI/Search/home/HomeWithPreLoad?PageType=JobDetails&partnerid=25771&siteid=5403&jobid=300143","prime",""
"BAE Systems","BrassRing","Principal Optical Engineer - Airborne Payloads","Engineering & Technology","","Westminster, CO","US (CONUS)","","","","","","https://sjobs.brassring.com/TGnewUI/Search/home/HomeWithPreLoad?PageType=JobDetails&partnerid=25771&siteid=5403&jobid=301585","prime",""
"BAE Systems","BrassRing","Engineer Senior - FPGA Design - $10K Sign-On Bonus","Engineering & Technology","","Westminster, CO","US (CONUS)","","","","","","https://sjobs.brassring.com/TGnewUI/Search/home/HomeWithPreLoad?PageType=JobDetails&partnerid=25771&siteid=5403&jobid=296842","prime",""
"BAE Systems","BrassRing","Senior Principal Engineer – Electrical Power Systems - $20K Sign On Bonus","Engineering & Technology","","Boulder, CO","US (CONUS)","","","","","","https://sjobs.brassring.com/TGnewUI/Search/home/HomeWithPreLoad?PageType=JobDetails&partnerid=25771&siteid=5403&jobid=301291","prime",""
"BAE Systems","BrassRing","Shipfitter","Manufacturing & Maintenance","","Norfolk, VA","US (CONUS)","","","","","","https://sjobs.brassring.com/TGnewUI/Search/home/HomeWithPreLoad?PageType=JobDetails&partnerid=25771&siteid=5403&jobid=298376","prime",""
"BAE Systems","BrassRing","Support Operator 1","Manufacturing & Maintenance","","Aiken, SC","US (CONUS)","","","","","","https://sjobs.brassring.com/TGnewUI/Search/home/HomeWithPreLoad?PageType=JobDetails&partnerid=25771&siteid=5403&jobid=301485","prime",""
"BAE Systems","BrassRing","AMPV Fabrication Manufacturing Engineering Manager","Manufacturing & Maintenance","","York, PA","US (CONUS)","","","","","","https://sjobs.brassring.com/TGnewUI/Search/home/HomeWithPreLoad?PageType=JobDetails&partnerid=25771&siteid=5403&jobid=300912","prime",""
"BAE Systems","BrassRing","Electrical Engineering and Prototyping Lab Manager","Engineering & Technology","","Maple Grove, MN","US (CONUS)","","","","","","https://sjobs.brassring.com/TGnewUI/Search/home/HomeWithPreLoad?PageType=JobDetails&partnerid=25771&siteid=5403&jobid=300007","prime",""
"BAE Systems","BrassRing","Supplier Quality Engineer","Supply Chain & Logistics","","Louisville, KY","US (CONUS)","","","","","","https://sjobs.brassring.com/TGnewUI/Search/home/HomeWithPreLoad?PageType=JobDetails&partnerid=25771&siteid=5403&jobid=300127","prime",""
"BAE Systems","BrassRing","Rigging Supervisor","Manufacturing & Maintenance","","Norfolk, VA","US (CONUS)","","","","","","https://sjobs.brassring.com/TGnewUI/Search/home/HomeWithPreLoad?PageType=JobDetails&partnerid=25771&siteid=5403&jobid=301045","prime",""
"BAE Systems","BrassRing","Windows Systems Administrator II","Engineering & Technology","","Broomfield, CO","US (CONUS)","","","","","","https://sjobs.brassring.com/TGnewUI/Search/home/HomeWithPreLoad?PageType=JobDetails&partnerid=25771&siteid=5403&jobid=301019","prime",""
"BAE Systems","BrassRing","Program Manager II - Air Force and Intelligence Programs","Project & Program Management","","WP AFB, OH","US (CONUS)","","","","","","https://sjobs.brassring.com/TGnewUI/Search/home/HomeWithPreLoad?PageType=JobDetails&partnerid=25771&siteid=5403&jobid=299500","prime",""
"BAE Systems","BrassRing","Administrative Assistant III","Other Professionals","","Broomfield, CO","US (CONUS)","","","","","","https://sjobs.brassring.com/TGnewUI/Search/home/HomeWithPreLoad?PageType=JobDetails&partnerid=25771&siteid=5403&jobid=301085","prime",""
"BAE Systems","BrassRing","Engineering Manager (Army Cannons and Navy Barrels)","Engineering & Technology","","Louisville, KY","US (CONUS)","","","","","","https://sjobs.brassring.com/TGnewUI/Search/home/HomeWithPreLoad?PageType=JobDetails&partnerid=25771&siteid=5403&jobid=302533","prime",""
"BAE Systems","BrassRing","Technical Specialist Senior","Engineering & Technology","","Boulder, CO","US (CONUS)","","","","","","https://sjobs.brassring.com/TGnewUI/Search/home/HomeWithPreLoad?PageType=JobDetails&partnerid=25771&siteid=5403&jobid=300564","prime",""
"BAE Systems","BrassRing","Senior Principal Engineer II – Electrical Power Systems - $20K Sign On Bonus","Engineering & Technology","","Boulder, CO","US (CONUS)","","","","","","https://sjobs.brassring.com/TGnewUI/Search/home/HomeWithPreLoad?PageType=JobDetails&partnerid=25771&siteid=5403&jobid=301290","prime",""
"BAE Systems","BrassRing","Project Manager III - Technical","Project & Program Management","","Broomfield, CO","US (CONUS)","","","","","","https://sjobs.brassring.com/TGnewUI/Search/home/HomeWithPreLoad?PageType=JobDetails&partnerid=25771&siteid=5403&jobid=301592","prime",""
"BAE Systems","BrassRing","Engineering Technologist Senior Principal (Machining) (Weekend Shift)","Manufacturing & Maintenance","","Louisville, KY","US (CONUS)","","","","","","https://sjobs.brassring.com/TGnewUI/Search/home/HomeWithPreLoad?PageType=JobDetails&partnerid=25771&siteid=5403&jobid=301830","prime",""
"BAE Systems","BrassRing","Contract Administrator II","Other Professionals","","Norfolk, VA","US (CONUS)","","","","","","https://sjobs.brassring.com/TGnewUI/Search/home/HomeWithPreLoad?PageType=JobDetails&partnerid=25771&siteid=5403&jobid=301983","prime",""
"BAE Systems","BrassRing","Senior Buyer – Category","Supply Chain & Logistics","","Louisville, KY","US (CONUS)","","","","","","https://sjobs.brassring.com/TGnewUI/Search/home/HomeWithPreLoad?PageType=JobDetails&partnerid=25771&siteid=5403&jobid=301949","prime",""
"BAE Systems","BrassRing","Craft Supervisor I - Outside Machine Shop","Manufacturing & Maintenance","","Norfolk, VA","US (CONUS)","","","","","","https://sjobs.brassring.com/TGnewUI/Search/home/HomeWithPreLoad?PageType=JobDetails&partnerid=25771&siteid=5403&jobid=298417","prime",""
"BAE Systems","BrassRing","Journeymen Pipefitter","Manufacturing & Maintenance","","Norfolk, VA","US (CONUS)","","","","","","https://sjobs.brassring.com/TGnewUI/Search/home/HomeWithPreLoad?PageType=JobDetails&partnerid=25771&siteid=5403&jobid=298545","prime",""
"BAE Systems","BrassRing","Crane Operator","Manufacturing & Maintenance","","Norfolk, VA","US (CONUS)","","","","","","https://sjobs.brassring.com/TGnewUI/Search/home/HomeWithPreLoad?PageType=JobDetails&partnerid=25771&siteid=5403&jobid=296911","prime",""
"BAE Systems","BrassRing","Principal Welding Manufacturing Engineer","Engineering & Technology","","Louisville, KY","US (CONUS)","","","","","","https://sjobs.brassring.com/TGnewUI/Search/home/HomeWithPreLoad?PageType=JobDetails&partnerid=25771&siteid=5403&jobid=299791","prime",""
"BAE Systems","BrassRing","Senior Principal Contracts Specialist","Other Professionals","","Kingsport, TN","US (CONUS)","","","","","","https://sjobs.brassring.com/TGnewUI/Search/home/HomeWithPreLoad?PageType=JobDetails&partnerid=25771&siteid=5403&jobid=300685","prime",""
"BAE Systems","BrassRing","P&S Vice President - Information Technology & Digital Officer","Engineering & Technology","","Falls Church, VA","US (CONUS)","","","","","","https://sjobs.brassring.com/TGnewUI/Search/home/HomeWithPreLoad?PageType=JobDetails&partnerid=25771&siteid=5403&jobid=302308","prime",""
"BAE Systems","BrassRing","VT Level II Quality Inspector: Visual Weld Inspection (3rd Shift)","Manufacturing & Maintenance","","York, PA","US (CONUS)","","","","","","https://sjobs.brassring.com/TGnewUI/Search/home/HomeWithPreLoad?PageType=JobDetails&partnerid=25771&siteid=5403&jobid=302625","prime",""
"BAE Systems","BrassRing","Master Black Belt Shainin Red X","Engineering & Technology","","Aiken, SC","US (CONUS)","","","","","","https://sjobs.brassring.com/TGnewUI/Search/home/HomeWithPreLoad?PageType=JobDetails&partnerid=25771&siteid=5403&jobid=301175","prime",""
"BAE Systems","BrassRing","Supply Chain Program Manager","Supply Chain & Logistics","","Norfolk, VA","US (CONUS)","","","","","","https://sjobs.brassring.com/TGnewUI/Search/home/HomeWithPreLoad?PageType=JobDetails&partnerid=25771&siteid=5403&jobid=302808","prime",""
"BAE Systems","BrassRing","Spray Painter","Manufacturing & Maintenance","","York, PA","US (CONUS)","","","","","","https://sjobs.brassring.com/TGnewUI/Search/home/HomeWithPreLoad?PageType=JobDetails&partnerid=25771&siteid=5403&jobid=301341","prime",""
"BAE Systems","BrassRing","Senior System Test Engineer – Mechanisms and Test Scripts","Engineering & Technology","","Boulder, CO","US (CONUS)","","","","","","https://sjobs.brassring.com/TGnewUI/Search/home/HomeWithPreLoad?PageType=JobDetails&partnerid=25771&siteid=5403&jobid=301607","prime",""
"BAE Systems","BrassRing","Vehicle Technician ($35.88 + $1.25 shift differential)","Manufacturing & Maintenance","","York, PA","US (CONUS)","","","","","","https://sjobs.brassring.com/TGnewUI/Search/home/HomeWithPreLoad?PageType=JobDetails&partnerid=25771&siteid=5403&jobid=303179","prime",""
"BAE Systems","BrassRing","Electrical Engineering Project Team Lead","Engineering & Technology","","Sterling Heights, MI","US (CONUS)","","","","","","https://sjobs.brassring.com/TGnewUI/Search/home/HomeWithPreLoad?PageType=JobDetails&partnerid=25771&siteid=5403&jobid=301843","prime",""
"BAE Systems","BrassRing","CNC/Conventional Machinist","Manufacturing & Maintenance","","Norfolk, VA","US (CONUS)","","","","","","https://sjobs.brassring.com/TGnewUI/Search/home/HomeWithPreLoad?PageType=JobDetails&partnerid=25771&siteid=5403&jobid=298614","prime",""
"BAE Systems","BrassRing","Technician I – RF Ranges – 1st Shift","Engineering & Technology","","Westminster, CO","US (CONUS)","","","","","","https://sjobs.brassring.com/TGnewUI/Search/home/HomeWithPreLoad?PageType=JobDetails&partnerid=25771&siteid=5403&jobid=300780","prime",""
"BAE Systems","BrassRing","Senior Electrical and Instrumentation Engineer","Engineering & Technology","","Kingsport, TN","US (CONUS)","","","","","","https://sjobs.brassring.com/TGnewUI/Search/home/HomeWithPreLoad?PageType=JobDetails&partnerid=25771&siteid=5403&jobid=300865","prime",""
"BAE Systems","BrassRing","Configuration Analyst Senior","Engineering & Technology","","Broomfield, CO","US (CONUS)","","","","","","https://sjobs.brassring.com/TGnewUI/Search/home/HomeWithPreLoad?PageType=JobDetails&partnerid=25771&siteid=5403&jobid=300215","prime",""
"BAE Systems","BrassRing","Senior Principal Engineer - Full-Stack Ground Software Developer","Engineering & Technology","","Fairborn, OH","US (CONUS)","","","","","","https://sjobs.brassring.com/TGnewUI/Search/home/HomeWithPreLoad?PageType=JobDetails&partnerid=25771&siteid=5403&jobid=301167","prime",""
"BAE Systems","BrassRing","Engineer Senior – EO Payload Performance Analyst","Engineering & Technology","","Broomfield, CO","US (CONUS)","","","","","","https://sjobs.brassring.com/TGnewUI/Search/home/HomeWithPreLoad?PageType=JobDetails&partnerid=25771&siteid=5403&jobid=299774","prime",""
"BAE Systems","BrassRing","Configuration Analyst II","Engineering & Technology","","Maple Grove, MN","US (CONUS)","","","","","","https://sjobs.brassring.com/TGnewUI/Search/home/HomeWithPreLoad?PageType=JobDetails&partnerid=25771&siteid=5403&jobid=301232","prime",""
"BAE Systems","BrassRing","Electrical Craft Supervisor (1st Shift)","Manufacturing & Maintenance","","San Diego, CA","US (CONUS)","","","","","","https://sjobs.brassring.com/TGnewUI/Search/home/HomeWithPreLoad?PageType=JobDetails&partnerid=25771&siteid=5403&jobid=303184","prime",""
"BAE Systems","BrassRing","Structural Craft Supervisor (1st Shift)","Manufacturing & Maintenance","","San Diego, CA","US (CONUS)","","","","","","https://sjobs.brassring.com/TGnewUI/Search/home/HomeWithPreLoad?PageType=JobDetails&partnerid=25771&siteid=5403&jobid=295482","prime",""
"BAE Systems","BrassRing","Machining Craft Supervisor (3rd Shift)","Manufacturing & Maintenance","","San Diego, CA","US (CONUS)","","","","","","https://sjobs.brassring.com/TGnewUI/Search/home/HomeWithPreLoad?PageType=JobDetails&partnerid=25771&siteid=5403&jobid=302485","prime",""
"BAE Systems","BrassRing","Safety Tech II - 2nd Shift","Other Professionals","","Jacksonville, FL","US (CONUS)","","","","","","https://sjobs.brassring.com/TGnewUI/Search/home/HomeWithPreLoad?PageType=JobDetails&partnerid=25771&siteid=5403&jobid=302381","prime",""
"BAE Systems","BrassRing","Principal Buyer – Weapon Systems Program","Supply Chain & Logistics","","Louisville, KY","US (CONUS)","","","","","","https://sjobs.brassring.com/TGnewUI/Search/home/HomeWithPreLoad?PageType=JobDetails&partnerid=25771&siteid=5403&jobid=300681","prime",""
"BAE Systems","BrassRing","Quality Engineering Technologist, Sr / CWI","Engineering & Technology","","Anniston, AL","US (CONUS)","","","","","","https://sjobs.brassring.com/TGnewUI/Search/home/HomeWithPreLoad?PageType=JobDetails&partnerid=25771&siteid=5403&jobid=301173","prime",""
"BAE Systems","BrassRing","Systems Storage Administrator II","Engineering & Technology","","Broomfield, CO","US (CONUS)","","","","","","https://sjobs.brassring.com/TGnewUI/Search/home/HomeWithPreLoad?PageType=JobDetails&partnerid=25771&siteid=5403&jobid=301009","prime",""
"BAE Systems","BrassRing","Program Manager III","Project & Program Management","","Louisville, KY","US (CONUS)","","","","","","https://sjobs.brassring.com/TGnewUI/Search/home/HomeWithPreLoad?PageType=JobDetails&partnerid=25771&siteid=5403&jobid=302365","prime",""
"BAE Systems","BrassRing","Principal Windchill Developer","Engineering & Technology","","Sterling Heights, MI","US (CONUS)","","","","","","https://sjobs.brassring.com/TGnewUI/Search/home/HomeWithPreLoad?PageType=JobDetails&partnerid=25771&siteid=5403&jobid=303261","prime",""
"BAE Systems","BrassRing","Safety Manager I","Other Professionals","","San Diego, CA","US (CONUS)","","","","","","https://sjobs.brassring.com/TGnewUI/Search/home/HomeWithPreLoad?PageType=JobDetails&partnerid=25771&siteid=5403&jobid=298871","prime",""
"BAE Systems","BrassRing","Engineer Senior Principal - EOIR Payload Calibration","Engineering & Technology","","Broomfield, CO","US (CONUS)","","","","","","https://sjobs.brassring.com/TGnewUI/Search/home/HomeWithPreLoad?PageType=JobDetails&partnerid=25771&siteid=5403&jobid=298787","prime",""
"BAE Systems","BrassRing","Finance Leadership Development Program - P&S FLDP","Finance & Accounting","","Falls Church, VA","US (CONUS)","","","","","","https://sjobs.brassring.com/TGnewUI/Search/home/HomeWithPreLoad?PageType=JobDetails&partnerid=25771&siteid=5403&jobid=300853","prime",""
"BAE Systems","BrassRing","Principal Manufacturing Engineer - Machining","Manufacturing & Maintenance","","Louisville, KY","US (CONUS)","","","","","","https://sjobs.brassring.com/TGnewUI/Search/home/HomeWithPreLoad?PageType=JobDetails&partnerid=25771&siteid=5403&jobid=301829","prime",""
"BAE Systems","BrassRing","Engineer Senior Principal - Spacecraft Mechanical Design Lead","Engineering & Technology","","Boulder, CO","US (CONUS)","","","","","","https://sjobs.brassring.com/TGnewUI/Search/home/HomeWithPreLoad?PageType=JobDetails&partnerid=25771&siteid=5403&jobid=298750","prime",""
"BAE Systems","BrassRing","Engineer Senior – Spacecraft Mechanical Design","Engineering & Technology","","Boulder, CO","US (CONUS)","","","","","","https://sjobs.brassring.com/TGnewUI/Search/home/HomeWithPreLoad?PageType=JobDetails&partnerid=25771&siteid=5403&jobid=300594","prime",""
"BAE Systems","BrassRing","Engineer Senior Principal - Structural","Engineering & Technology","","Boulder, CO","US (CONUS)","","","","","","https://sjobs.brassring.com/TGnewUI/Search/home/HomeWithPreLoad?PageType=JobDetails&partnerid=25771&siteid=5403&jobid=296371","prime",""
"BAE Systems","BrassRing","Engineer Senior - Mechanical Ground Support Equipment (MGSE)","Engineering & Technology","","Broomfield, CO","US (CONUS)","","","","","","https://sjobs.brassring.com/TGnewUI/Search/home/HomeWithPreLoad?PageType=JobDetails&partnerid=25771&siteid=5403&jobid=301690","prime",""
"BAE Systems","BrassRing","Engineer Senior - Mechanisms","Engineering & Technology","","Boulder, CO","US (CONUS)","","","","","","https://sjobs.brassring.com/TGnewUI/Search/home/HomeWithPreLoad?PageType=JobDetails&partnerid=25771&siteid=5403&jobid=300405","prime",""
"BAE Systems","BrassRing","Administrative Assistant to the Director of Operations","Other Professionals","","Louisville, KY","US (CONUS)","","","","","","https://sjobs.brassring.com/TGnewUI/Search/home/HomeWithPreLoad?PageType=JobDetails&partnerid=25771&siteid=5403&jobid=302619","prime",""
"BAE Systems","BrassRing","Outside Machinist","Manufacturing & Maintenance","","San Diego, CA","US (CONUS)","","","","","","https://sjobs.brassring.com/TGnewUI/Search/home/HomeWithPreLoad?PageType=JobDetails&partnerid=25771&siteid=5403&jobid=302846","prime",""
"BAE Systems","BrassRing","Senior DevOps Software Engineer","Engineering & Technology","","Annapolis Junction, MD","US (CONUS)","","","","","","https://sjobs.brassring.com/TGnewUI/Search/home/HomeWithPreLoad?PageType=JobDetails&partnerid=25771&siteid=5403&jobid=303510","prime",""
"BAE Systems","BrassRing","Senior Platform/Tier3 Engineer","Engineering & Technology","","Sterling, VA","US (CONUS)","","","","","","https://sjobs.brassring.com/TGnewUI/Search/home/HomeWithPreLoad?PageType=JobDetails&partnerid=25771&siteid=5403&jobid=303498","prime",""
"BAE Systems","BrassRing","AFGSC Task Force Detachment 12 Principal Industrial Engineer","Engineering & Technology","","Minot AFB, ND","US (CONUS)","","","","","","https://sjobs.brassring.com/TGnewUI/Search/home/HomeWithPreLoad?PageType=JobDetails&partnerid=25771&siteid=5403&jobid=303050","prime",""
"BAE Systems","BrassRing","Systems Integrator (Senior)","Engineering & Technology","","Herndon, VA","US (CONUS)","","","","","","https://sjobs.brassring.com/TGnewUI/Search/home/HomeWithPreLoad?PageType=JobDetails&partnerid=25771&siteid=5403&jobid=302130","prime",""
"BAE Systems","BrassRing","Director, Leadership & Change Communications","Other Professionals","","Falls Church, VA","US (CONUS)","","","","","","https://sjobs.brassring.com/TGnewUI/Search/home/HomeWithPreLoad?PageType=JobDetails&partnerid=25771&siteid=5403&jobid=301574","prime",""
"BAE Systems","BrassRing","Weld/Fabrication Quality Engineer/Tech – Senior","Engineering & Technology","","York, PA","US (CONUS)","","","","","","https://sjobs.brassring.com/TGnewUI/Search/home/HomeWithPreLoad?PageType=JobDetails&partnerid=25771&siteid=5403&jobid=300393","prime",""
"BAE Systems","BrassRing","Principal Cyber Analyst","Engineering & Technology","","Offutt AFB, NE","US (CONUS)","","","","","","https://sjobs.brassring.com/TGnewUI/Search/home/HomeWithPreLoad?PageType=JobDetails&partnerid=25771&siteid=5403&jobid=301065","prime",""
"BAE Systems","BrassRing","Sr. Principal Procurement Systems Analyst [REMOTE JOB]","Supply Chain & Logistics","","Fort Walton Beach, FL","US (CONUS)","","","","","","https://sjobs.brassring.com/TGnewUI/Search/home/HomeWithPreLoad?PageType=JobDetails&partnerid=25771&siteid=5403&jobid=302102","prime",""
"BAE Systems","BrassRing","Financial Analyst/Exploiter","Intelligence","","McLean, VA","US (CONUS)","","","","","","https://sjobs.brassring.com/TGnewUI/Search/home/HomeWithPreLoad?PageType=JobDetails&partnerid=25771&siteid=5403&jobid=302118","prime",""
"BAE Systems","BrassRing","Sr Imagery Analyst- St Louis","Intelligence","","St. Louis, MO","US (CONUS)","","","","","","https://sjobs.brassring.com/TGnewUI/Search/home/HomeWithPreLoad?PageType=JobDetails&partnerid=25771&siteid=5403&jobid=301136","prime",""
"BAE Systems","BrassRing","Targeting Analyst - Expert","Intelligence","","Springfield, VA","US (CONUS)","","","","","","https://sjobs.brassring.com/TGnewUI/Search/home/HomeWithPreLoad?PageType=JobDetails&partnerid=25771&siteid=5403&jobid=294225","prime",""
"BAE Systems","BrassRing","Electrical/Electronic Engineering Technician","Engineering & Technology","","Rockville, MD","US (CONUS)","","","","","","https://sjobs.brassring.com/TGnewUI/Search/home/HomeWithPreLoad?PageType=JobDetails&partnerid=25771&siteid=5403&jobid=301448","prime",""
"BAE Systems","BrassRing","Digital Logistics Project Manager","Engineering & Technology","","Hill AFB, UT","US (CONUS)","","","","","","https://sjobs.brassring.com/TGnewUI/Search/home/HomeWithPreLoad?PageType=JobDetails&partnerid=25771&siteid=5403&jobid=303108","prime",""
"BAE Systems","BrassRing","Geospatial Data Engineer","Intelligence","","Fort Gordon, GA","US (CONUS)","","","","","","https://sjobs.brassring.com/TGnewUI/Search/home/HomeWithPreLoad?PageType=JobDetails&partnerid=25771&siteid=5403&jobid=294231","prime",""
"BAE Systems","BrassRing","Project Manager (Portfolio Planning)","Engineering & Technology","","Hill AFB, UT","US (CONUS)","","","","","","https://sjobs.brassring.com/TGnewUI/Search/home/HomeWithPreLoad?PageType=JobDetails&partnerid=25771&siteid=5403&jobid=301149","prime",""
"BAE Systems","BrassRing","Senior HUMINT Collection Manager","Intelligence","","Fort Meade, MD","US (CONUS)","","","","","","https://sjobs.brassring.com/TGnewUI/Search/home/HomeWithPreLoad?PageType=JobDetails&partnerid=25771&siteid=5403&jobid=300059","prime",""
"BAE Systems","BrassRing","Senior Training Coordinator","Intelligence","","Northern Virginia, VA","US (CONUS)","","","","","","https://sjobs.brassring.com/TGnewUI/Search/home/HomeWithPreLoad?PageType=JobDetails&partnerid=25771&siteid=5403&jobid=303287","prime",""
"BAE Systems","BrassRing","Engineering Technologist (Shipboard Radio Communication Systems)","Engineering & Technology","","Saint Inigoes, MD","US (CONUS)","","","","","","https://sjobs.brassring.com/TGnewUI/Search/home/HomeWithPreLoad?PageType=JobDetails&partnerid=25771&siteid=5403&jobid=296977","prime",""
"BAE Systems","BrassRing","ASMD Integration Analyst","Engineering & Technology","","Arlington, VA","US (CONUS)","","","","","","https://sjobs.brassring.com/TGnewUI/Search/home/HomeWithPreLoad?PageType=JobDetails&partnerid=25771&siteid=5403&jobid=303394","prime",""
"BAE Systems","BrassRing","Senior Systems Engineer","Engineering & Technology","","Hill AFB, UT","US (CONUS)","","","","","","https://sjobs.brassring.com/TGnewUI/Search/home/HomeWithPreLoad?PageType=JobDetails&partnerid=25771&siteid=5403&jobid=301972","prime",""
"BAE Systems","BrassRing","Weapons Storage and Security System (WS3) - Configuration Manager","Project & Program Management","","Fort Worth, TX","US (CONUS)","","","","","","https://sjobs.brassring.com/TGnewUI/Search/home/HomeWithPreLoad?PageType=JobDetails&partnerid=25771&siteid=5403&jobid=289712","prime",""
"BAE Systems","BrassRing","Business Development Director","Business Development, Strategy & Planning","","Sterling, VA","US (CONUS)","","","","","","https://sjobs.brassring.com/TGnewUI/Search/home/HomeWithPreLoad?PageType=JobDetails&partnerid=25771&siteid=5403&jobid=299776","prime",""
"BAE Systems","BrassRing","Mid-Level OSINT Policy & Governance Specialist","Intelligence","","Reston, VA","US (CONUS)","","","","","","https://sjobs.brassring.com/TGnewUI/Search/home/HomeWithPreLoad?PageType=JobDetails&partnerid=25771&siteid=5403&jobid=299248","prime",""
"BAE Systems","BrassRing","Full Motion Video Analyst","Intelligence","","Northern Virginia, VA","US (CONUS)","","","","","","https://sjobs.brassring.com/TGnewUI/Search/home/HomeWithPreLoad?PageType=JobDetails&partnerid=25771&siteid=5403&jobid=299792","prime",""
"BAE Systems","BrassRing","NOSC Analyst","Engineering & Technology","","Sterling, VA","US (CONUS)","","","","","","https://sjobs.brassring.com/TGnewUI/Search/home/HomeWithPreLoad?PageType=JobDetails&partnerid=25771&siteid=5403&jobid=301617","prime",""
"BAE Systems","BrassRing","Red Switch Systems Administrator","Engineering & Technology","","Washington, District Of Columbia","US (CONUS)","","","","","","https://sjobs.brassring.com/TGnewUI/Search/home/HomeWithPreLoad?PageType=JobDetails&partnerid=25771&siteid=5403&jobid=294721","prime",""
"BAE Systems","BrassRing","Tableau & MS Sharepoint Senior Systems Engineer","Engineering & Technology","","Sterling, VA","US (CONUS)","","","","","","https://sjobs.brassring.com/TGnewUI/Search/home/HomeWithPreLoad?PageType=JobDetails&partnerid=25771&siteid=5403&jobid=299292","prime",""
"BAE Systems","BrassRing","General Maintenance","Manufacturing & Maintenance","","Wallops Island, VA","US (CONUS)","","","","","","https://sjobs.brassring.com/TGnewUI/Search/home/HomeWithPreLoad?PageType=JobDetails&partnerid=25771&siteid=5403&jobid=295430","prime",""
"BAE Systems","BrassRing","Software Requirements Lead","Engineering & Technology","","Hill AFB, UT","US (CONUS)","","","","","","https://sjobs.brassring.com/TGnewUI/Search/home/HomeWithPreLoad?PageType=JobDetails&partnerid=25771&siteid=5403&jobid=303468","prime",""
"BAE Systems","BrassRing","EO Imagery Analyst / Scientist Lead","Intelligence","","Sterling, VA","US (CONUS)","","","","","","https://sjobs.brassring.com/TGnewUI/Search/home/HomeWithPreLoad?PageType=JobDetails&partnerid=25771&siteid=5403&jobid=298848","prime",""
"BAE Systems","BrassRing","OSINT Policy & Governance Specialist","Intelligence","","Reston, VA","US (CONUS)","","","","","","https://sjobs.brassring.com/TGnewUI/Search/home/HomeWithPreLoad?PageType=JobDetails&partnerid=25771&siteid=5403&jobid=293331","prime",""
"BAE Systems","BrassRing","Sentinel ICBM Wing Operations Engineer","Engineering & Technology","","Hill AFB, UT","US (CONUS)","","","","","","https://sjobs.brassring.com/TGnewUI/Search/home/HomeWithPreLoad?PageType=JobDetails&partnerid=25771&siteid=5403&jobid=299742","prime",""
"BAE Systems","BrassRing","Systems Admin SR","Engineering & Technology","","Merrimack, NH","US (CONUS)","","","","","","https://sjobs.brassring.com/TGnewUI/Search/home/HomeWithPreLoad?PageType=JobDetails&partnerid=25771&siteid=5403&jobid=300789","prime",""
"BAE Systems","BrassRing","Ground Systems Intelligence Analyst - Mid","Other Professionals","","Quantico, VA","US (CONUS)","","","","","","https://sjobs.brassring.com/TGnewUI/Search/home/HomeWithPreLoad?PageType=JobDetails&partnerid=25771&siteid=5403&jobid=300325","prime",""
"BAE Systems","BrassRing","SHE Specialist","Other Professionals","","Chesapeake, VA","US (CONUS)","","","","","","https://sjobs.brassring.com/TGnewUI/Search/home/HomeWithPreLoad?PageType=JobDetails&partnerid=25771&siteid=5403&jobid=296894","prime",""
"BAE Systems","BrassRing","Entry Level Systems Requirements Engineer","Engineering & Technology","","Hill AFB, UT","US (CONUS)","","","","","","https://sjobs.brassring.com/TGnewUI/Search/home/HomeWithPreLoad?PageType=JobDetails&partnerid=25771&siteid=5403&jobid=303399","prime",""
"BAE Systems","BrassRing","Architecture Systems Engineer II","Engineering & Technology","","Hill AFB, UT","US (CONUS)","","","","","","https://sjobs.brassring.com/TGnewUI/Search/home/HomeWithPreLoad?PageType=JobDetails&partnerid=25771&siteid=5403&jobid=302648","prime",""
"BAE Systems","BrassRing","Navy Air Traffic Control Systems Technician III/IV","Engineering & Technology","","San Diego, CA","US (CONUS)","","","","","","https://sjobs.brassring.com/TGnewUI/Search/home/HomeWithPreLoad?PageType=JobDetails&partnerid=25771&siteid=5403&jobid=301443","prime",""
"BAE Systems","BrassRing","Full Motion Video (FMV) / Research Analyst","Intelligence","","Sterling, VA","US (CONUS)","","","","","","https://sjobs.brassring.com/TGnewUI/Search/home/HomeWithPreLoad?PageType=JobDetails&partnerid=25771&siteid=5403&jobid=302945","prime",""
"BAE Systems","BrassRing","Technical Editor","Intelligence","","Reston, VA","US (CONUS)","","","","","","https://sjobs.brassring.com/TGnewUI/Search/home/HomeWithPreLoad?PageType=JobDetails&partnerid=25771&siteid=5403&jobid=293333","prime",""
"BAE Systems","BrassRing","Implementations/Activations Network Engineer","Engineering & Technology","","Scott AFB, IL","US (CONUS)","","","","","","https://sjobs.brassring.com/TGnewUI/Search/home/HomeWithPreLoad?PageType=JobDetails&partnerid=25771&siteid=5403&jobid=301387","prime",""
"BAE Systems","BrassRing","Electronics Test Technician","Engineering & Technology","","Endicott, NY","US (CONUS)","","","","","","https://sjobs.brassring.com/TGnewUI/Search/home/HomeWithPreLoad?PageType=JobDetails&partnerid=25771&siteid=5403&jobid=299370","prime",""
"BAE Systems","BrassRing","Material Handler II","Supply Chain & Logistics","","Nashua, NH","US (CONUS)","","","","","","https://sjobs.brassring.com/TGnewUI/Search/home/HomeWithPreLoad?PageType=JobDetails&partnerid=25771&siteid=5403&jobid=300777","prime",""
"BAE Systems","BrassRing","Principal Power Systems Engineer - Sign on Bonus and Relocation","Engineering & Technology","","Endicott, NY","US (CONUS)","","","","","","https://sjobs.brassring.com/TGnewUI/Search/home/HomeWithPreLoad?PageType=JobDetails&partnerid=25771&siteid=5403&jobid=298047","prime",""
"BAE Systems","BrassRing","Engineering Project Team Lead -Hybrid- Sign on Bonus","Project & Program Management","","Endicott, NY","US (CONUS)","","","","","","https://sjobs.brassring.com/TGnewUI/Search/home/HomeWithPreLoad?PageType=JobDetails&partnerid=25771&siteid=5403&jobid=299239","prime",""
"BAE Systems","BrassRing","Logistics Analyst","Engineering & Technology","","Endicott, NY","US (CONUS)","","","","","","https://sjobs.brassring.com/TGnewUI/Search/home/HomeWithPreLoad?PageType=JobDetails&partnerid=25771&siteid=5403&jobid=300968","prime",""
"BAE Systems","BrassRing","Semiconductor Process Technician","Engineering & Technology","","Nashua, NH","US (CONUS)","","","","","","https://sjobs.brassring.com/TGnewUI/Search/home/HomeWithPreLoad?PageType=JobDetails&partnerid=25771&siteid=5403&jobid=297189","prime",""
"BAE Systems","BrassRing","Engineering Assistant V","Manufacturing & Maintenance","","Huntsville, AL","US (CONUS)","","","","","","https://sjobs.brassring.com/TGnewUI/Search/home/HomeWithPreLoad?PageType=JobDetails&partnerid=25771&siteid=5403&jobid=300996","prime",""
"BAE Systems","BrassRing","Systems Engineering Lead - Radar Development Programs","Engineering & Technology","","Huntsville, AL","US (CONUS)","","","","","","https://sjobs.brassring.com/TGnewUI/Search/home/HomeWithPreLoad?PageType=JobDetails&partnerid=25771&siteid=5403&jobid=301500","prime",""
"BAE Systems","BrassRing","Supply Chain Logistics Manager","Supply Chain & Logistics","","Endicott, NY","US (CONUS)","","","","","","https://sjobs.brassring.com/TGnewUI/Search/home/HomeWithPreLoad?PageType=JobDetails&partnerid=25771&siteid=5403&jobid=299374","prime",""
"BAE Systems","BrassRing","Process Engineer II - Wire and Ribbon Bonding","Engineering & Technology","","Nashua, NH","US (CONUS)","","","","","","https://sjobs.brassring.com/TGnewUI/Search/home/HomeWithPreLoad?PageType=JobDetails&partnerid=25771&siteid=5403&jobid=303087","prime",""
"BAE Systems","BrassRing","Senior Principal Systems Engineer - Radar","Engineering & Technology","","Huntsville, AL","US (CONUS)","","","","","","https://sjobs.brassring.com/TGnewUI/Search/home/HomeWithPreLoad?PageType=JobDetails&partnerid=25771&siteid=5403&jobid=298958","prime",""
"BAE Systems","BrassRing","Test Technician III- 20K Sign on! (1st & 2nd shifts)","Manufacturing & Maintenance","","Greenlawn, NY","US (CONUS)","","","","","","https://sjobs.brassring.com/TGnewUI/Search/home/HomeWithPreLoad?PageType=JobDetails&partnerid=25771&siteid=5403&jobid=300033","prime",""
"BAE Systems","BrassRing","Program Quality Engineer II","Engineering & Technology","","Nashua, NH","US (CONUS)","","","","","","https://sjobs.brassring.com/TGnewUI/Search/home/HomeWithPreLoad?PageType=JobDetails&partnerid=25771&siteid=5403&jobid=301499","prime",""
"BAE Systems","BrassRing","Data Management Specialist","Engineering & Technology","","Hill AFB, UT","US (CONUS)","","","","","","https://sjobs.brassring.com/TGnewUI/Search/home/HomeWithPreLoad?PageType=JobDetails&partnerid=25771&siteid=5403&jobid=303453","prime",""
"BAE Systems","BrassRing","Software Manager / Section Lead","Engineering & Technology","","Austin, TX","US (CONUS)","","","","","","https://sjobs.brassring.com/TGnewUI/Search/home/HomeWithPreLoad?PageType=JobDetails&partnerid=25771&siteid=5403&jobid=303547","prime",""
"BAE Systems","BrassRing","Web Site Developer","Engineering & Technology","","Washington, District Of Columbia","US (CONUS)","","","","","","https://sjobs.brassring.com/TGnewUI/Search/home/HomeWithPreLoad?PageType=JobDetails&partnerid=25771&siteid=5403&jobid=302164","prime",""
"BAE Systems","BrassRing","IT Specialist","Engineering & Technology","","Wallops Island, VA","US (CONUS)","","","","","","https://sjobs.brassring.com/TGnewUI/Search/home/HomeWithPreLoad?PageType=JobDetails&partnerid=25771&siteid=5403&jobid=303585","prime",""
"BAE Systems","BrassRing","Incident Manager","Engineering & Technology","","Chantilly, VA","US (CONUS)","","","","","","https://sjobs.brassring.com/TGnewUI/Search/home/HomeWithPreLoad?PageType=JobDetails&partnerid=25771&siteid=5403&jobid=301472","prime",""
"BAE Systems","BrassRing","SCA Engineering Technician III","Engineering & Technology","","Saint Inigoes, MD","US (CONUS)","","","","","","https://sjobs.brassring.com/TGnewUI/Search/home/HomeWithPreLoad?PageType=JobDetails&partnerid=25771&siteid=5403&jobid=303161","prime",""
"BAE Systems","BrassRing","Director I, IT Service Owner - Manufacturing Operations & Quality","Engineering & Technology","","Falls Church, VA","US (CONUS)","","","","","","https://sjobs.brassring.com/TGnewUI/Search/home/HomeWithPreLoad?PageType=JobDetails&partnerid=25771&siteid=5403&jobid=302075","prime",""
"BAE Systems","BrassRing","Senior FMV Analyst","Intelligence","","Northern Virginia, VA","US (CONUS)","","","","","","https://sjobs.brassring.com/TGnewUI/Search/home/HomeWithPreLoad?PageType=JobDetails&partnerid=25771&siteid=5403&jobid=303519","prime",""
"BAE Systems","BrassRing","Software Engineer Principal II","Engineering & Technology","","Fort Meade, MD","US (CONUS)","","","","","","https://sjobs.brassring.com/TGnewUI/Search/home/HomeWithPreLoad?PageType=JobDetails&partnerid=25771&siteid=5403&jobid=300478","prime",""
"BAE Systems","BrassRing","Senior Windows Systems Administrator","Engineering & Technology","","Annapolis Junction, MD","US (CONUS)","","","","","","https://sjobs.brassring.com/TGnewUI/Search/home/HomeWithPreLoad?PageType=JobDetails&partnerid=25771&siteid=5403&jobid=303488","prime",""
"BAE Systems","BrassRing","Information System Security Officer (Onsite)","Engineering & Technology","","Tucson, AZ","US (CONUS)","","","","","","https://sjobs.brassring.com/TGnewUI/Search/home/HomeWithPreLoad?PageType=JobDetails&partnerid=25771&siteid=5403&jobid=303520","prime",""
"BAE Systems","BrassRing","Software Engineering Manager for Space Systems","Engineering & Technology","","Merrimack, NH","US (CONUS)","","","","","","https://sjobs.brassring.com/TGnewUI/Search/home/HomeWithPreLoad?PageType=JobDetails&partnerid=25771&siteid=5403&jobid=303464","prime",""
"BAE Systems","BrassRing","Sentinel Future Capabilities Requirements Senior Systems Engineer","Engineering & Technology","","Hill AFB, UT","US (CONUS)","","","","","","https://sjobs.brassring.com/TGnewUI/Search/home/HomeWithPreLoad?PageType=JobDetails&partnerid=25771&siteid=5403&jobid=300813","prime",""
"BAE Systems","BrassRing","AI / ML Solutions Engineer","Engineering & Technology","","Fort Walton Beach, FL","US (CONUS)","","","","","","https://sjobs.brassring.com/TGnewUI/Search/home/HomeWithPreLoad?PageType=JobDetails&partnerid=25771&siteid=5403&jobid=301790","prime",""
"BAE Systems","BrassRing","Navy CEC Technician","Manufacturing & Maintenance","","Wallops Island, VA","US (CONUS)","","","","","","https://sjobs.brassring.com/TGnewUI/Search/home/HomeWithPreLoad?PageType=JobDetails&partnerid=25771&siteid=5403&jobid=302368","prime",""
"BAE Systems","BrassRing","Network Engineer (Expert)","Engineering & Technology","","Sterling, VA","US (CONUS)","","","","","","https://sjobs.brassring.com/TGnewUI/Search/home/HomeWithPreLoad?PageType=JobDetails&partnerid=25771&siteid=5403&jobid=300027","prime",""
"BAE Systems","BrassRing","Director, Capture Management","Business Development, Strategy & Planning","","McLean, VA","US (CONUS)","","","","","","https://sjobs.brassring.com/TGnewUI/Search/home/HomeWithPreLoad?PageType=JobDetails&partnerid=25771&siteid=5403&jobid=300087","prime",""
"BAE Systems","BrassRing","Program Manager","Project & Program Management","","Fort Worth, TX","US (CONUS)","","","","","","https://sjobs.brassring.com/TGnewUI/Search/home/HomeWithPreLoad?PageType=JobDetails&partnerid=25771&siteid=5403&jobid=300099","prime",""
"BAE Systems","BrassRing","Electrician","Engineering & Technology","","Wallops Island, VA","US (CONUS)","","","","","","https://sjobs.brassring.com/TGnewUI/Search/home/HomeWithPreLoad?PageType=JobDetails&partnerid=25771&siteid=5403&jobid=295429","prime",""
"BAE Systems","BrassRing","Booster Senior Aerospace/Mechanical Engineer","Engineering & Technology","","Hill AFB, UT","US (CONUS)","","","","","","https://sjobs.brassring.com/TGnewUI/Search/home/HomeWithPreLoad?PageType=JobDetails&partnerid=25771&siteid=5403&jobid=302543","prime",""
"BAE Systems","BrassRing","Network Engineer (Expert)","Engineering & Technology","","Herndon, VA","US (CONUS)","","","","","","https://sjobs.brassring.com/TGnewUI/Search/home/HomeWithPreLoad?PageType=JobDetails&partnerid=25771&siteid=5403&jobid=302573","prime",""
"BAE Systems","BrassRing","Payroll Data Analyst","Other Professionals","","Sterling, VA","US (CONUS)","","","","","","https://sjobs.brassring.com/TGnewUI/Search/home/HomeWithPreLoad?PageType=JobDetails&partnerid=25771&siteid=5403&jobid=302624","prime",""
"BAE Systems","BrassRing","SLCM-N Technical Planning and Execution Program Area Manager","Project & Program Management","","Rockville, MD","US (CONUS)","","","","","","https://sjobs.brassring.com/TGnewUI/Search/home/HomeWithPreLoad?PageType=JobDetails&partnerid=25771&siteid=5403&jobid=303221","prime",""
"BAE Systems","BrassRing","Automation Test Engineer","Engineering & Technology","","North Charleston, SC","US (CONUS)","","","","","","https://sjobs.brassring.com/TGnewUI/Search/home/HomeWithPreLoad?PageType=JobDetails&partnerid=25771&siteid=5403&jobid=303235","prime",""
"BAE Systems","BrassRing","Architecture and Interfaces Program Manager","Project & Program Management","","Hill AFB, UT","US (CONUS)","","","","","","https://sjobs.brassring.com/TGnewUI/Search/home/HomeWithPreLoad?PageType=JobDetails&partnerid=25771&siteid=5403&jobid=303237","prime",""
"BAE Systems","BrassRing","Technical Library Aid","Intelligence","","Wallops Island, VA","US (CONUS)","","","","","","https://sjobs.brassring.com/TGnewUI/Search/home/HomeWithPreLoad?PageType=JobDetails&partnerid=25771&siteid=5403&jobid=299547","prime",""
"BAE Systems","BrassRing","Systems Engineer (Expert)","Engineering & Technology","","Herndon, VA","US (CONUS)","","","","","","https://sjobs.brassring.com/TGnewUI/Search/home/HomeWithPreLoad?PageType=JobDetails&partnerid=25771&siteid=5403&jobid=300834","prime",""
"BAE Systems","BrassRing","Senior DevSecOps Engineer/Software Engineer","Engineering & Technology","","Sterling, VA","US (CONUS)","","","","","","https://sjobs.brassring.com/TGnewUI/Search/home/HomeWithPreLoad?PageType=JobDetails&partnerid=25771&siteid=5403&jobid=303497","prime",""
"BAE Systems","BrassRing","Semiconductor Process Tech 2","Engineering & Technology","","Nashua, NH","US (CONUS)","","","","","","https://sjobs.brassring.com/TGnewUI/Search/home/HomeWithPreLoad?PageType=JobDetails&partnerid=25771&siteid=5403&jobid=303494","prime",""
"BAE Systems","BrassRing","Scrum Master- Expert","Engineering & Technology","","Sterling, VA","US (CONUS)","","","","","","https://sjobs.brassring.com/TGnewUI/Search/home/HomeWithPreLoad?PageType=JobDetails&partnerid=25771&siteid=5403&jobid=303495","prime",""
"BAE Systems","BrassRing","Sr. Computer Hardware Engineer","Engineering & Technology","","Rome, NY","US (CONUS)","","","","","","https://sjobs.brassring.com/TGnewUI/Search/home/HomeWithPreLoad?PageType=JobDetails&partnerid=25771&siteid=5403&jobid=301012","prime",""
"BAE Systems","BrassRing","Office Manager / Business Ops Analyst","Other Professionals","","Hill AFB, UT","US (CONUS)","","","","","","https://sjobs.brassring.com/TGnewUI/Search/home/HomeWithPreLoad?PageType=JobDetails&partnerid=25771&siteid=5403&jobid=301084","prime",""
"BAE Systems","BrassRing","Program Manager for the Submarine Logistics and Refit Data System","Engineering & Technology","","Mechanicsburg, PA","US (CONUS)","","","","","","https://sjobs.brassring.com/TGnewUI/Search/home/HomeWithPreLoad?PageType=JobDetails&partnerid=25771&siteid=5403&jobid=302877","prime",""
"BAE Systems","BrassRing","Fleet Support Technician","Engineering & Technology","","Pearl Harbor, HI","US (non-CONUS)","","","","","","https://sjobs.brassring.com/TGnewUI/Search/home/HomeWithPreLoad?PageType=JobDetails&partnerid=25771&siteid=5403&jobid=300800","prime",""
"BAE Systems","BrassRing","Project Manager – Sentinel Launch Execution Team","Project & Program Management","","Hill AFB, UT","US (CONUS)","","","","","","https://sjobs.brassring.com/TGnewUI/Search/home/HomeWithPreLoad?PageType=JobDetails&partnerid=25771&siteid=5403&jobid=300933","prime",""
"BAE Systems","BrassRing","Requirements Systems Engineer","Engineering & Technology","","Rockville, MD","US (CONUS)","","","","","","https://sjobs.brassring.com/TGnewUI/Search/home/HomeWithPreLoad?PageType=JobDetails&partnerid=25771&siteid=5403&jobid=301343","prime",""
"BAE Systems","BrassRing","Director II, IT Service Owner - HR & Communication Services","Engineering & Technology","","Falls Church, VA","US (CONUS)","","","","","","https://sjobs.brassring.com/TGnewUI/Search/home/HomeWithPreLoad?PageType=JobDetails&partnerid=25771&siteid=5403&jobid=302072","prime",""
"BAE Systems","BrassRing","Director III, Artificial Intelligence & Data Services","Engineering & Technology","","Falls Church, VA","US (CONUS)","","","","","","https://sjobs.brassring.com/TGnewUI/Search/home/HomeWithPreLoad?PageType=JobDetails&partnerid=25771&siteid=5403&jobid=301403","prime",""
"BAE Systems","BrassRing","Zero Trust Architect (Expert)","Engineering & Technology","","Herndon, VA","US (CONUS)","","","","","","https://sjobs.brassring.com/TGnewUI/Search/home/HomeWithPreLoad?PageType=JobDetails&partnerid=25771&siteid=5403&jobid=300697","prime",""
"BAE Systems","BrassRing","DoW SkillBridge Program – Electronics Technician, Radio Communications Systems","Engineering & Technology","","Saint Inigoes, MD","US (CONUS)","","","","","","https://sjobs.brassring.com/TGnewUI/Search/home/HomeWithPreLoad?PageType=JobDetails&partnerid=25771&siteid=5403&jobid=300722","prime",""
"BAE Systems","BrassRing","Manufacturing Engineering Manager","Engineering & Technology","","Fort Walton Beach, FL","US (CONUS)","","","","","","https://sjobs.brassring.com/TGnewUI/Search/home/HomeWithPreLoad?PageType=JobDetails&partnerid=25771&siteid=5403&jobid=300725","prime",""
"BAE Systems","BrassRing","Modeling and Simulations Software Developer","Engineering & Technology","","Huntsville, AL","US (CONUS)","","","","","","https://sjobs.brassring.com/TGnewUI/Search/home/HomeWithPreLoad?PageType=JobDetails&partnerid=25771&siteid=5403&jobid=300955","prime",""
"BAE Systems","BrassRing","Senior Model-Based Systems Engineer","Engineering & Technology","","Huntsville, AL","US (CONUS)","","","","","","https://sjobs.brassring.com/TGnewUI/Search/home/HomeWithPreLoad?PageType=JobDetails&partnerid=25771&siteid=5403&jobid=300963","prime",""
"BAE Systems","BrassRing","Mid-Level OSINT Training Instructor","Intelligence","","Reston, VA","US (CONUS)","","","","","","https://sjobs.brassring.com/TGnewUI/Search/home/HomeWithPreLoad?PageType=JobDetails&partnerid=25771&siteid=5403&jobid=301082","prime",""
"BAE Systems","BrassRing","Model-Based Systems Engineer","Engineering & Technology","","Huntsville, AL","US (CONUS)","","","","","","https://sjobs.brassring.com/TGnewUI/Search/home/HomeWithPreLoad?PageType=JobDetails&partnerid=25771&siteid=5403&jobid=300966","prime",""
"BAE Systems","BrassRing","Import Export Analyst","Other Professionals","","McLean, VA","US (CONUS)","","","","","","https://sjobs.brassring.com/TGnewUI/Search/home/HomeWithPreLoad?PageType=JobDetails&partnerid=25771&siteid=5403&jobid=299409","prime",""
"BAE Systems","BrassRing","Maintenance Program Analyst","Engineering & Technology","","Rockville, MD","US (CONUS)","","","","","","https://sjobs.brassring.com/TGnewUI/Search/home/HomeWithPreLoad?PageType=JobDetails&partnerid=25771&siteid=5403&jobid=299460","prime",""
"BAE Systems","BrassRing","DoW SkillBridge Program – Air Traffic Control Systems Engineering Technician","Engineering & Technology","","Saint Inigoes, MD","US (CONUS)","","","","","","https://sjobs.brassring.com/TGnewUI/Search/home/HomeWithPreLoad?PageType=JobDetails&partnerid=25771&siteid=5403&jobid=299484","prime",""
"BAE Systems","BrassRing","Microwave Technician - Bonding","Manufacturing & Maintenance","","Nashua, NH","US (CONUS)","","","","","","https://sjobs.brassring.com/TGnewUI/Search/home/HomeWithPreLoad?PageType=JobDetails&partnerid=25771&siteid=5403&jobid=303590","prime",""
"BAE Systems","BrassRing","Senior Scrum Master","Engineering & Technology","","Annapolis Junction, MD","US (CONUS)","","","","","","https://sjobs.brassring.com/TGnewUI/Search/home/HomeWithPreLoad?PageType=JobDetails&partnerid=25771&siteid=5403&jobid=299606","prime",""
"BAE Systems","BrassRing","Flight Test Engineering Analyst/Manager","Engineering & Technology","","Hill AFB, UT","US (CONUS)","","","","","","https://sjobs.brassring.com/TGnewUI/Search/home/HomeWithPreLoad?PageType=JobDetails&partnerid=25771&siteid=5403&jobid=299698","prime",""
"BAE Systems","BrassRing","ICBM GN&C Engineer","Engineering & Technology","","Hill AFB, UT","US (CONUS)","","","","","","https://sjobs.brassring.com/TGnewUI/Search/home/HomeWithPreLoad?PageType=JobDetails&partnerid=25771&siteid=5403&jobid=299699","prime",""
"BAE Systems","BrassRing","Director II, IT Service Owner - ERP & Finance Services","Engineering & Technology","","Falls Church, VA","US (CONUS)","","","","","","https://sjobs.brassring.com/TGnewUI/Search/home/HomeWithPreLoad?PageType=JobDetails&partnerid=25771&siteid=5403&jobid=302073","prime",""
"BAE Systems","BrassRing","Data Engineer","Engineering & Technology","","Fort Walton Beach, FL","US (CONUS)","","","","","","https://sjobs.brassring.com/TGnewUI/Search/home/HomeWithPreLoad?PageType=JobDetails&partnerid=25771&siteid=5403&jobid=302159","prime",""
"BAE Systems","BrassRing","Engineering Supervisor – Interface Management Team","Engineering & Technology","","Rockville, MD","US (CONUS)","","","","","","https://sjobs.brassring.com/TGnewUI/Search/home/HomeWithPreLoad?PageType=JobDetails&partnerid=25771&siteid=5403&jobid=301793","prime",""
"BAE Systems","BrassRing","Principle Senior Mechanical Engineer, Facility Systems","Engineering & Technology","","Washington, District Of Columbia","US (CONUS)","","","","","","https://sjobs.brassring.com/TGnewUI/Search/home/HomeWithPreLoad?PageType=JobDetails&partnerid=25771&siteid=5403&jobid=301317","prime",""
"BAE Systems","BrassRing","Field Service Technician (Air Traffic Control Radar Systems)","Engineering & Technology","","Saint Inigoes, MD","US (CONUS)","","","","","","https://sjobs.brassring.com/TGnewUI/Search/home/HomeWithPreLoad?PageType=JobDetails&partnerid=25771&siteid=5403&jobid=303415","prime",""
"BAE Systems","BrassRing","Automation Technician, Electronics","Engineering & Technology","","Denver, CO","US (CONUS)","","","","","","https://sjobs.brassring.com/TGnewUI/Search/home/HomeWithPreLoad?PageType=JobDetails&partnerid=25771&siteid=5403&jobid=300509","prime",""
"BAE Systems","BrassRing","DoW SkillBridge Electronics Technician – IFF Systems","Engineering & Technology","","Saint Inigoes, MD","US (CONUS)","","","","","","https://sjobs.brassring.com/TGnewUI/Search/home/HomeWithPreLoad?PageType=JobDetails&partnerid=25771&siteid=5403&jobid=300642","prime",""
"BAE Systems","BrassRing","Sentinel Mission Thread Lead","Engineering & Technology","","Hill AFB, UT","US (CONUS)","","","","","","https://sjobs.brassring.com/TGnewUI/Search/home/HomeWithPreLoad?PageType=JobDetails&partnerid=25771&siteid=5403&jobid=302057","prime",""
"BAE Systems","BrassRing","IFF Engineering Technician IV (Navy Combat Systems)","Engineering & Technology","","Saint Inigoes, MD","US (CONUS)","","","","","","https://sjobs.brassring.com/TGnewUI/Search/home/HomeWithPreLoad?PageType=JobDetails&partnerid=25771&siteid=5403&jobid=301027","prime",""
"BAE Systems","BrassRing","Senior Specialist, Employee Communities","Other Professionals","","Falls Church, VA","US (CONUS)","","","","","","https://sjobs.brassring.com/TGnewUI/Search/home/HomeWithPreLoad?PageType=JobDetails&partnerid=25771&siteid=5403&jobid=303293","prime",""
"BAE Systems","BrassRing","Systems Security Engineer","Engineering & Technology","","Rockville, MD","US (CONUS)","","","","","","https://sjobs.brassring.com/TGnewUI/Search/home/HomeWithPreLoad?PageType=JobDetails&partnerid=25771&siteid=5403&jobid=299471","prime",""
"BAE Systems","BrassRing","Network/Systems Principal Engineer","Engineering & Technology","","Offutt AFB, NE","US (CONUS)","","","","","","https://sjobs.brassring.com/TGnewUI/Search/home/HomeWithPreLoad?PageType=JobDetails&partnerid=25771&siteid=5403&jobid=301058","prime",""
"BAE Systems","BrassRing","Mid Level Project Analyst (Scheduler - MS Project)","Project & Program Management","","California, MD","US (CONUS)","","","","","","https://sjobs.brassring.com/TGnewUI/Search/home/HomeWithPreLoad?PageType=JobDetails&partnerid=25771&siteid=5403&jobid=301194","prime",""
"BAE Systems","BrassRing","Senior Imagery / Order of Battle Analyst – AI/ML Mission Support","Intelligence","","Falls Church, VA","US (CONUS)","","","","","","https://sjobs.brassring.com/TGnewUI/Search/home/HomeWithPreLoad?PageType=JobDetails&partnerid=25771&siteid=5403&jobid=299947","prime",""
"BAE Systems","BrassRing","Vice President / General Manager","Other Professionals","","McLean, VA","US (CONUS)","","","","","","https://sjobs.brassring.com/TGnewUI/Search/home/HomeWithPreLoad?PageType=JobDetails&partnerid=25771&siteid=5403&jobid=303312","prime",""
"BAE Systems","BrassRing","Navy Combat Systems Computer/ Network Technician","Engineering & Technology","","Wallops Island, VA","US (CONUS)","","","","","","https://sjobs.brassring.com/TGnewUI/Search/home/HomeWithPreLoad?PageType=JobDetails&partnerid=25771&siteid=5403&jobid=299551","prime",""
"BAE Systems","BrassRing","Data Engineer (SME)","Engineering & Technology","","Herndon, VA","US (CONUS)","","","","","","https://sjobs.brassring.com/TGnewUI/Search/home/HomeWithPreLoad?PageType=JobDetails&partnerid=25771&siteid=5403&jobid=300228","prime",""
"BAE Systems","BrassRing","Director I, IT Service Owner - Business Applications","Engineering & Technology","","Falls Church, VA","US (CONUS)","","","","","","https://sjobs.brassring.com/TGnewUI/Search/home/HomeWithPreLoad?PageType=JobDetails&partnerid=25771&siteid=5403&jobid=302074","prime",""
"BAE Systems","BrassRing","Structural Engineer","Project & Program Management","","Hill AFB, UT","US (CONUS)","","","","","","https://sjobs.brassring.com/TGnewUI/Search/home/HomeWithPreLoad?PageType=JobDetails&partnerid=25771&siteid=5403&jobid=299821","prime",""
"BAE Systems","BrassRing","Tech Project Manager (Fleet Support IFF Radar Systems)","Project & Program Management","","Saint Inigoes, MD","US (CONUS)","","","","","","https://sjobs.brassring.com/TGnewUI/Search/home/HomeWithPreLoad?PageType=JobDetails&partnerid=25771&siteid=5403&jobid=301639","prime",""
"BAE Systems","BrassRing","Intelligence Analyst (FMV)","Intelligence","","Northern Virginia, VA","US (CONUS)","","","","","","https://sjobs.brassring.com/TGnewUI/Search/home/HomeWithPreLoad?PageType=JobDetails&partnerid=25771&siteid=5403&jobid=301660","prime",""
"BAE Systems","BrassRing","Digital Engineering Analyst","Engineering & Technology","","Rockville, MD","US (CONUS)","","","","","","https://sjobs.brassring.com/TGnewUI/Search/home/HomeWithPreLoad?PageType=JobDetails&partnerid=25771&siteid=5403&jobid=301146","prime",""
"BAE Systems","BrassRing","Sr. Data Engineer","Intelligence","","Reston, VA","US (CONUS)","","","","","","https://sjobs.brassring.com/TGnewUI/Search/home/HomeWithPreLoad?PageType=JobDetails&partnerid=25771&siteid=5403&jobid=300387","prime",""
"BAE Systems","BrassRing","AFGSC Task Force Transition and Deployment Integrator","Engineering & Technology","","Hill AFB, UT","US (CONUS)","","","","","","https://sjobs.brassring.com/TGnewUI/Search/home/HomeWithPreLoad?PageType=JobDetails&partnerid=25771&siteid=5403&jobid=301324","prime",""
"BAE Systems","BrassRing","Intelligence FMV Analyst / Training Offered","Intelligence","","Northern Virginia, VA","US (CONUS)","","","","","","https://sjobs.brassring.com/TGnewUI/Search/home/HomeWithPreLoad?PageType=JobDetails&partnerid=25771&siteid=5403&jobid=300468","prime",""
"BAE Systems","BrassRing","Senior Platform/Infrastructure Systems Engineer (Citrix VDI focus)","Engineering & Technology","","Sterling, VA","US (CONUS)","","","","","","https://sjobs.brassring.com/TGnewUI/Search/home/HomeWithPreLoad?PageType=JobDetails&partnerid=25771&siteid=5403&jobid=301011","prime",""
"BAE Systems","BrassRing","Data Scientist","Intelligence","","Reston, VA","US (CONUS)","","","","","","https://sjobs.brassring.com/TGnewUI/Search/home/HomeWithPreLoad?PageType=JobDetails&partnerid=25771&siteid=5403&jobid=300472","prime",""
"BAE Systems","BrassRing","Systems Engineer","Project & Program Management","","Clearfield, UT","US (CONUS)","","","","","","https://sjobs.brassring.com/TGnewUI/Search/home/HomeWithPreLoad?PageType=JobDetails&partnerid=25771&siteid=5403&jobid=300688","prime",""
"BAE Systems","BrassRing","Implementations Network Engineer III","Engineering & Technology","","Scott AFB, IL","US (CONUS)","","","","","","https://sjobs.brassring.com/TGnewUI/Search/home/HomeWithPreLoad?PageType=JobDetails&partnerid=25771&siteid=5403&jobid=301377","prime",""
"BAE Systems","BrassRing","Lead Azure Integration Engineer","Engineering & Technology","","Fort Walton Beach, FL","US (CONUS)","","","","","","https://sjobs.brassring.com/TGnewUI/Search/home/HomeWithPreLoad?PageType=JobDetails&partnerid=25771&siteid=5403&jobid=301171","prime",""
"BAE Systems","BrassRing","Cyber and Test Support Manager","Project & Program Management","","Offutt AFB, NE","US (CONUS)","","","","","","https://sjobs.brassring.com/TGnewUI/Search/home/HomeWithPreLoad?PageType=JobDetails&partnerid=25771&siteid=5403&jobid=301050","prime",""
"BAE Systems","BrassRing","Sr Imagery Analyst: Springfield, VA","Intelligence","","Springfield, VA","US (CONUS)","","","","","","https://sjobs.brassring.com/TGnewUI/Search/home/HomeWithPreLoad?PageType=JobDetails&partnerid=25771&siteid=5403&jobid=299475","prime",""
"BAE Systems","BrassRing","Senior Linux Administrator","Engineering & Technology","","Stennis Space Center, MS","US (CONUS)","","","","","","https://sjobs.brassring.com/TGnewUI/Search/home/HomeWithPreLoad?PageType=JobDetails&partnerid=25771&siteid=5403&jobid=299734","prime",""
"BAE Systems","BrassRing","M365 OneDrive & Endpoint Services Engineer (Expert)","Engineering & Technology","","Herndon, VA","US (CONUS)","","","","","","https://sjobs.brassring.com/TGnewUI/Search/home/HomeWithPreLoad?PageType=JobDetails&partnerid=25771&siteid=5403&jobid=299984","prime",""
"BAE Systems","BrassRing","F-35 Software Systems Developer","Engineering & Technology","","Fort Worth, TX","US (CONUS)","","","","","","https://sjobs.brassring.com/TGnewUI/Search/home/HomeWithPreLoad?PageType=JobDetails&partnerid=25771&siteid=5403&jobid=303444","prime",""
"BAE Systems","BrassRing","SPY/FCS Radar Technician","Other Professionals","","Wallops Island, VA","US (CONUS)","","","","","","https://sjobs.brassring.com/TGnewUI/Search/home/HomeWithPreLoad?PageType=JobDetails&partnerid=25771&siteid=5403&jobid=299552","prime",""
"BAE Systems","BrassRing","Switch Technician","Manufacturing & Maintenance","","Wallops Island, VA","US (CONUS)","","","","","","https://sjobs.brassring.com/TGnewUI/Search/home/HomeWithPreLoad?PageType=JobDetails&partnerid=25771&siteid=5403&jobid=299570","prime",""
"BAE Systems","BrassRing","Mid Level ServiceNow Developer","Engineering & Technology","","Sterling, VA","US (CONUS)","","","","","","https://sjobs.brassring.com/TGnewUI/Search/home/HomeWithPreLoad?PageType=JobDetails&partnerid=25771&siteid=5403&jobid=303192","prime",""
"BAE Systems","BrassRing","EO Imagery Analyst / Scientist (mid-level)","Intelligence","","Sterling, VA","US (CONUS)","","","","","","https://sjobs.brassring.com/TGnewUI/Search/home/HomeWithPreLoad?PageType=JobDetails&partnerid=25771&siteid=5403&jobid=298850","prime",""
"BAE Systems","BrassRing","Scrum Master (Expert)","Engineering & Technology","","Herndon, VA","US (CONUS)","","","","","","https://sjobs.brassring.com/TGnewUI/Search/home/HomeWithPreLoad?PageType=JobDetails&partnerid=25771&siteid=5403&jobid=303157","prime",""
"BAE Systems","BrassRing","Systems Engineer (Expert)","Engineering & Technology","","Herndon, VA","US (CONUS)","","","","","","https://sjobs.brassring.com/TGnewUI/Search/home/HomeWithPreLoad?PageType=JobDetails&partnerid=25771&siteid=5403&jobid=300236","prime",""
"BAE Systems","BrassRing","Language-Enabled OSINT Collector (WMD Focused)","Intelligence","","Reston, VA","US (CONUS)","","","","","","https://sjobs.brassring.com/TGnewUI/Search/home/HomeWithPreLoad?PageType=JobDetails&partnerid=25771&siteid=5403&jobid=302250","prime",""
"BAE Systems","BrassRing","Senior Electrical Engineer - Space","Engineering & Technology","","Hudson, NH","US (CONUS)","","","","","","https://sjobs.brassring.com/TGnewUI/Search/home/HomeWithPreLoad?PageType=JobDetails&partnerid=25771&siteid=5403&jobid=303424","prime",""
"BAE Systems","BrassRing","AMOC Senior Scientist","Engineering & Technology","","March Air Reserve Base, CA","US (CONUS)","","","","","","https://sjobs.brassring.com/TGnewUI/Search/home/HomeWithPreLoad?PageType=JobDetails&partnerid=25771&siteid=5403&jobid=295761","prime",""
"BAE Systems","BrassRing","Senior System Architect","Engineering & Technology","","Suitland, MD","US (CONUS)","","","","","","https://sjobs.brassring.com/TGnewUI/Search/home/HomeWithPreLoad?PageType=JobDetails&partnerid=25771&siteid=5403&jobid=302438","prime",""
"BAE Systems","BrassRing","Citrix NetScaler Engineer (Expert)","Engineering & Technology","","Herndon, VA","US (CONUS)","","","","","","https://sjobs.brassring.com/TGnewUI/Search/home/HomeWithPreLoad?PageType=JobDetails&partnerid=25771&siteid=5403&jobid=300297","prime",""
"BAE Systems","BrassRing","Senior IT Program Manager","Project & Program Management","","Fort Walton Beach, FL","US (CONUS)","","","","","","https://sjobs.brassring.com/TGnewUI/Search/home/HomeWithPreLoad?PageType=JobDetails&partnerid=25771&siteid=5403&jobid=297018","prime",""
"BAE Systems","BrassRing","Full Motion Video Analyst","Intelligence","","Northern Virginia, VA","US (CONUS)","","","","","","https://sjobs.brassring.com/TGnewUI/Search/home/HomeWithPreLoad?PageType=JobDetails&partnerid=25771&siteid=5403&jobid=297663","prime",""
"BAE Systems","BrassRing","Radio Communication Systems Training Specialist","Engineering & Technology","","Saint Inigoes, MD","US (CONUS)","","","","","","https://sjobs.brassring.com/TGnewUI/Search/home/HomeWithPreLoad?PageType=JobDetails&partnerid=25771&siteid=5403&jobid=300255","prime",""
"BAE Systems","BrassRing","Security Specialiast","Supply Chain & Logistics","","Wallops Island, VA","US (CONUS)","","","","","","https://sjobs.brassring.com/TGnewUI/Search/home/HomeWithPreLoad?PageType=JobDetails&partnerid=25771&siteid=5403&jobid=301568","prime",""
"BAE Systems","BrassRing","Mid Enhancement Specialist Editor (DXC)","Intelligence","","Springfield, VA","US (CONUS)","","","","","","https://sjobs.brassring.com/TGnewUI/Search/home/HomeWithPreLoad?PageType=JobDetails&partnerid=25771&siteid=5403&jobid=300280","prime",""
"BAE Systems","BrassRing","ISSO/AFSO","Other Professionals","","Mojave, CA","US (CONUS)","","","","","","https://sjobs.brassring.com/TGnewUI/Search/home/HomeWithPreLoad?PageType=JobDetails&partnerid=25771&siteid=5403&jobid=303555","prime",""
"BAE Systems","BrassRing","Senior DNS & Infrastructure Engineer (SME)","Engineering & Technology","","Herndon, VA","US (CONUS)","","","","","","https://sjobs.brassring.com/TGnewUI/Search/home/HomeWithPreLoad?PageType=JobDetails&partnerid=25771&siteid=5403&jobid=300163","prime",""
"BAE Systems","BrassRing","Senior ISSE","Engineering & Technology","","Annapolis Junction, MD","US (CONUS)","","","","","","https://sjobs.brassring.com/TGnewUI/Search/home/HomeWithPreLoad?PageType=JobDetails&partnerid=25771&siteid=5403&jobid=303126","prime",""
"BAE Systems","BrassRing","Geospatial Data Scientist","Intelligence","","Sterling, VA","US (CONUS)","","","","","","https://sjobs.brassring.com/TGnewUI/Search/home/HomeWithPreLoad?PageType=JobDetails&partnerid=25771&siteid=5403&jobid=298856","prime",""
"BAE Systems","BrassRing","Strategic Weapon System Test Engineer","Engineering & Technology","","Rockville, MD","US (CONUS)","","","","","","https://sjobs.brassring.com/TGnewUI/Search/home/HomeWithPreLoad?PageType=JobDetails&partnerid=25771&siteid=5403&jobid=303317","prime",""
"BAE Systems","BrassRing","C5ISR Engineering Technologist II","Engineering & Technology","","California, MD","US (CONUS)","","","","","","https://sjobs.brassring.com/TGnewUI/Search/home/HomeWithPreLoad?PageType=JobDetails&partnerid=25771&siteid=5403&jobid=303321","prime",""
"BAE Systems","BrassRing","Software Engineer II","Engineering & Technology","","Nashua, NH","US (CONUS)","","","","","","https://sjobs.brassring.com/TGnewUI/Search/home/HomeWithPreLoad?PageType=JobDetails&partnerid=25771&siteid=5403&jobid=303506","prime",""
"BAE Systems","BrassRing","IMINT Analyst - Expert","Intelligence","","Fort Gordon, GA","US (CONUS)","","","","","","https://sjobs.brassring.com/TGnewUI/Search/home/HomeWithPreLoad?PageType=JobDetails&partnerid=25771&siteid=5403&jobid=294177","prime",""
"BAE Systems","BrassRing","Software Developer","Intelligence","","Reston, VA","US (CONUS)","","","","","","https://sjobs.brassring.com/TGnewUI/Search/home/HomeWithPreLoad?PageType=JobDetails&partnerid=25771&siteid=5403&jobid=302400","prime",""
"BAE Systems","BrassRing","Systems Engineer with Mechanical Focus","Engineering & Technology","","Rockville, MD","US (CONUS)","","","","","","https://sjobs.brassring.com/TGnewUI/Search/home/HomeWithPreLoad?PageType=JobDetails&partnerid=25771&siteid=5403&jobid=300173","prime",""
"BAE Systems","BrassRing","Sr Enhancement Specialist Editor (DXC)","Intelligence","","Springfield, VA","US (CONUS)","","","","","","https://sjobs.brassring.com/TGnewUI/Search/home/HomeWithPreLoad?PageType=JobDetails&partnerid=25771&siteid=5403&jobid=300283","prime",""
"BAE Systems","BrassRing","Project Manager","Project & Program Management","","Rockville, MD","US (CONUS)","","","","","","https://sjobs.brassring.com/TGnewUI/Search/home/HomeWithPreLoad?PageType=JobDetails&partnerid=25771&siteid=5403&jobid=303367","prime",""
"BAE Systems","BrassRing","Weapons Systems Intelligence Analyst - Mid","Other Professionals","","Quantico, VA","US (CONUS)","","","","","","https://sjobs.brassring.com/TGnewUI/Search/home/HomeWithPreLoad?PageType=JobDetails&partnerid=25771&siteid=5403&jobid=300327","prime",""
"BAE Systems","BrassRing","Software Engineer II (Non-traditional Path)","Engineering & Technology","","Austin, TX","US (CONUS)","","","","","","https://sjobs.brassring.com/TGnewUI/Search/home/HomeWithPreLoad?PageType=JobDetails&partnerid=25771&siteid=5403&jobid=303480","prime",""
"BAE Systems","BrassRing","Sr. Director of Strategic Partnerships","Engineering & Technology","","McLean, VA","US (CONUS)","","","","","","https://sjobs.brassring.com/TGnewUI/Search/home/HomeWithPreLoad?PageType=JobDetails&partnerid=25771&siteid=5403&jobid=300214","prime",""
"BAE Systems","BrassRing","Systems Engineer II","Engineering & Technology","","Hill AFB, UT","US (CONUS)","","","","","","https://sjobs.brassring.com/TGnewUI/Search/home/HomeWithPreLoad?PageType=JobDetails&partnerid=25771&siteid=5403&jobid=303589","prime",""
"BAE Systems","BrassRing","Cartographer- Wiesbaden, Germany","Intelligence","","Wiesbaden, APO, Germany","International","","","","","","https://sjobs.brassring.com/TGnewUI/Search/home/HomeWithPreLoad?PageType=JobDetails&partnerid=25771&siteid=5403&jobid=301086","prime",""
"BAE Systems","BrassRing","Software Developer","Intelligence","","Reston, VA","US (CONUS)","","","","","","https://sjobs.brassring.com/TGnewUI/Search/home/HomeWithPreLoad?PageType=JobDetails&partnerid=25771&siteid=5403&jobid=300474","prime",""
"BAE Systems","BrassRing","Network Engineer","Engineering & Technology","","Sterling, VA","US (CONUS)","","","","","","https://sjobs.brassring.com/TGnewUI/Search/home/HomeWithPreLoad?PageType=JobDetails&partnerid=25771&siteid=5403&jobid=300151","prime",""
"BAE Systems","BrassRing","Principal Systems Engineer Software Integration","Engineering & Technology","","Rockville, MD","US (CONUS)","","","","","","https://sjobs.brassring.com/TGnewUI/Search/home/HomeWithPreLoad?PageType=JobDetails&partnerid=25771&siteid=5403&jobid=299660","prime",""
"BAE Systems","BrassRing","Senior Modeling and Simulations Software Developer","Engineering & Technology","","Huntsville, AL","US (CONUS)","","","","","","https://sjobs.brassring.com/TGnewUI/Search/home/HomeWithPreLoad?PageType=JobDetails&partnerid=25771&siteid=5403&jobid=300956","prime",""
"BAE Systems","BrassRing","Principal Battery/High Voltage/High Power Packaging Engineer","Engineering & Technology","","Endicott, NY","US (CONUS)","","","","","","https://sjobs.brassring.com/TGnewUI/Search/home/HomeWithPreLoad?PageType=JobDetails&partnerid=25771&siteid=5403&jobid=301205","prime",""
"BAE Systems","BrassRing","FAST Labs Senior Principal II Engineer - Electrical Digital Lead","Engineering & Technology","","Merrimack, NH","US (CONUS)","","","","","","https://sjobs.brassring.com/TGnewUI/Search/home/HomeWithPreLoad?PageType=JobDetails&partnerid=25771&siteid=5403&jobid=301546","prime",""
"BAE Systems","BrassRing","Principal Engineering Drafter","Engineering & Technology","","Hill AFB, UT","US (CONUS)","","","","","","https://sjobs.brassring.com/TGnewUI/Search/home/HomeWithPreLoad?PageType=JobDetails&partnerid=25771&siteid=5403&jobid=301730","prime",""
"BAE Systems","BrassRing","Microwave Technician II","Manufacturing & Maintenance","","Nashua, NH","US (CONUS)","","","","","","https://sjobs.brassring.com/TGnewUI/Search/home/HomeWithPreLoad?PageType=JobDetails&partnerid=25771&siteid=5403&jobid=298944","prime",""
"BAE Systems","BrassRing","Network Engineer (Expert)","Engineering & Technology","","Herndon, VA","US (CONUS)","","","","","","https://sjobs.brassring.com/TGnewUI/Search/home/HomeWithPreLoad?PageType=JobDetails&partnerid=25771&siteid=5403&jobid=302484","prime",""
"BAE Systems","BrassRing","Automation Technician, Electronics","Engineering & Technology","","Port Orchard, WA","US (CONUS)","","","","","","https://sjobs.brassring.com/TGnewUI/Search/home/HomeWithPreLoad?PageType=JobDetails&partnerid=25771&siteid=5403&jobid=301305","prime",""
"BAE Systems","BrassRing","Jr. Visual Information Specialist","Intelligence","","Reston, VA","US (CONUS)","","","","","","https://sjobs.brassring.com/TGnewUI/Search/home/HomeWithPreLoad?PageType=JobDetails&partnerid=25771&siteid=5403&jobid=301081","prime",""
"BAE Systems","BrassRing","Office Manager / Business Ops Analyst","Other Professionals","","Hill AFB, UT","US (CONUS)","","","","","","https://sjobs.brassring.com/TGnewUI/Search/home/HomeWithPreLoad?PageType=JobDetails&partnerid=25771&siteid=5403&jobid=301916","prime",""
"BAE Systems","BrassRing","Flight Test Engineer/Analyst","Engineering & Technology","","Hill AFB, UT","US (CONUS)","","","","","","https://sjobs.brassring.com/TGnewUI/Search/home/HomeWithPreLoad?PageType=JobDetails&partnerid=25771&siteid=5403&jobid=301930","prime",""
"BAE Systems","BrassRing","Future Payloads Electrical Engineer","Engineering & Technology","","Hill AFB, UT","US (CONUS)","","","","","","https://sjobs.brassring.com/TGnewUI/Search/home/HomeWithPreLoad?PageType=JobDetails&partnerid=25771&siteid=5403&jobid=302693","prime",""
"BAE Systems","BrassRing","Intelligence FMV Analyst / Training Offered","Intelligence","","Northern Virginia, VA","US (CONUS)","","","","","","https://sjobs.brassring.com/TGnewUI/Search/home/HomeWithPreLoad?PageType=JobDetails&partnerid=25771&siteid=5403&jobid=302827","prime",""
"BAE Systems","BrassRing","Quality Analyst Drafter","Engineering & Technology","","Hill AFB, UT","US (CONUS)","","","","","","https://sjobs.brassring.com/TGnewUI/Search/home/HomeWithPreLoad?PageType=JobDetails&partnerid=25771&siteid=5403&jobid=299613","prime",""
"BAE Systems","BrassRing","Senior Solutions Architect","Engineering & Technology","","Sterling, VA","US (CONUS)","","","","","","https://sjobs.brassring.com/TGnewUI/Search/home/HomeWithPreLoad?PageType=JobDetails&partnerid=25771&siteid=5403&jobid=300382","prime",""
"BAE Systems","BrassRing","Weapons Maintenance Lead","Engineering & Technology","","Wallops Island, VA","US (CONUS)","","","","","","https://sjobs.brassring.com/TGnewUI/Search/home/HomeWithPreLoad?PageType=JobDetails&partnerid=25771&siteid=5403&jobid=302737","prime",""
"BAE Systems","BrassRing","Environmental Program Manager","Project & Program Management","","Malmstrom AFB, MT","US (CONUS)","","","","","","https://sjobs.brassring.com/TGnewUI/Search/home/HomeWithPreLoad?PageType=JobDetails&partnerid=25771&siteid=5403&jobid=302002","prime",""
"BAE Systems","BrassRing","Modeling and Simulation Architect","Engineering & Technology","","Huntsville, AL","US (CONUS)","","","","","","https://sjobs.brassring.com/TGnewUI/Search/home/HomeWithPreLoad?PageType=JobDetails&partnerid=25771&siteid=5403&jobid=300750","prime",""
"BAE Systems","BrassRing","Engineer Senior Principal – Systems – Guidance, Navigation, and Controls (GN&C)","Engineering & Technology","","Boulder, CO","US (CONUS)","","","","","","https://sjobs.brassring.com/TGnewUI/Search/home/HomeWithPreLoad?PageType=JobDetails&partnerid=25771&siteid=5403&jobid=299839","prime",""
"BAE Systems","BrassRing","Technician IV – Test Technician","Manufacturing & Maintenance","","Westminster, CO","US (CONUS)","","","","","","https://sjobs.brassring.com/TGnewUI/Search/home/HomeWithPreLoad?PageType=JobDetails&partnerid=25771&siteid=5403&jobid=301539","prime",""
"BAE Systems","BrassRing","Engineer Principal – Systems – Guidance, Navigation, and Controls (GN&C)","Engineering & Technology","","Boulder, CO","US (CONUS)","","","","","","https://sjobs.brassring.com/TGnewUI/Search/home/HomeWithPreLoad?PageType=JobDetails&partnerid=25771&siteid=5403&jobid=299838","prime",""
"BAE Systems","BrassRing","Procurement Analyst Strategic Sourcer Senior","Supply Chain & Logistics","","York, PA","US (CONUS)","","","","","","https://sjobs.brassring.com/TGnewUI/Search/home/HomeWithPreLoad?PageType=JobDetails&partnerid=25771&siteid=5403&jobid=302152","prime",""
"BAE Systems","BrassRing","Principal Optical Hardware Engineer","Engineering & Technology","","Boulder, CO","US (CONUS)","","","","","","https://sjobs.brassring.com/TGnewUI/Search/home/HomeWithPreLoad?PageType=JobDetails&partnerid=25771&siteid=5403&jobid=301566","prime",""
"BAE Systems","BrassRing","CAD Drafter","Engineering & Technology","","Kingsport, TN","US (CONUS)","","","","","","https://sjobs.brassring.com/TGnewUI/Search/home/HomeWithPreLoad?PageType=JobDetails&partnerid=25771&siteid=5403&jobid=302876","prime",""
"BAE Systems","BrassRing","Software Developer/A&A Engineer, Senior","Engineering & Technology","","Herndon, VA","US (CONUS)","","","","","","https://sjobs.brassring.com/TGnewUI/Search/home/HomeWithPreLoad?PageType=JobDetails&partnerid=25771&siteid=5403&jobid=303201","prime",""
"BAE Systems","BrassRing","Business Intelligence Analyst","Other Professionals","","Falls Church, VA","US (CONUS)","","","","","","https://sjobs.brassring.com/TGnewUI/Search/home/HomeWithPreLoad?PageType=JobDetails&partnerid=25771&siteid=5403&jobid=302930","prime",""
"BAE Systems","BrassRing","Tier III O&M Network Engineer","Engineering & Technology","","Chantilly, VA","US (CONUS)","","","","","","https://sjobs.brassring.com/TGnewUI/Search/home/HomeWithPreLoad?PageType=JobDetails&partnerid=25771&siteid=5403&jobid=301474","prime",""
"BAE Systems","BrassRing","Sr. Organizational Change & Project Manager","Project & Program Management","","Fort Walton Beach, FL","US (CONUS)","","","","","","https://sjobs.brassring.com/TGnewUI/Search/home/HomeWithPreLoad?PageType=JobDetails&partnerid=25771&siteid=5403&jobid=303202","prime",""
"BAE Systems","BrassRing","AEGIS Computer Operator","Other Professionals","","Wallops Island, VA","US (CONUS)","","","","","","https://sjobs.brassring.com/TGnewUI/Search/home/HomeWithPreLoad?PageType=JobDetails&partnerid=25771&siteid=5403&jobid=303086","prime",""
"BAE Systems","BrassRing","Director I, IT Service Owner - Data & AI Platforms","Engineering & Technology","","Falls Church, VA","US (CONUS)","","","","","","https://sjobs.brassring.com/TGnewUI/Search/home/HomeWithPreLoad?PageType=JobDetails&partnerid=25771&siteid=5403&jobid=302077","prime",""
"BAE Systems","BrassRing","CNC Machinist","Manufacturing & Maintenance","","Fort Walton Beach, FL","US (CONUS)","","","","","","https://sjobs.brassring.com/TGnewUI/Search/home/HomeWithPreLoad?PageType=JobDetails&partnerid=25771&siteid=5403&jobid=298989","prime",""
"BAE Systems","BrassRing","Sr. Systems Engineer","Engineering & Technology","","Huntsville, AL","US (CONUS)","","","","","","https://sjobs.brassring.com/TGnewUI/Search/home/HomeWithPreLoad?PageType=JobDetails&partnerid=25771&siteid=5403&jobid=303267","prime",""
"BAE Systems","BrassRing","Office Manager / Business Ops Analyst","Other Professionals","","Hill AFB, UT","US (CONUS)","","","","","","https://sjobs.brassring.com/TGnewUI/Search/home/HomeWithPreLoad?PageType=JobDetails&partnerid=25771&siteid=5403&jobid=302472","prime",""
"BAE Systems","BrassRing","CEMA - Senior Software Engineer (Onsite)","Engineering & Technology","","Hudson, NH","US (CONUS)","","","","","","https://sjobs.brassring.com/TGnewUI/Search/home/HomeWithPreLoad?PageType=JobDetails&partnerid=25771&siteid=5403&jobid=303663","prime",""
"BAE Systems","BrassRing","Logistics Project Manager","Engineering & Technology","","Hill AFB, UT","US (CONUS)","","","","","","https://sjobs.brassring.com/TGnewUI/Search/home/HomeWithPreLoad?PageType=JobDetails&partnerid=25771&siteid=5403&jobid=303270","prime",""
"BAE Systems","BrassRing","Cybersecurity Specialist","Intelligence","","Reston, VA","US (CONUS)","","","","","","https://sjobs.brassring.com/TGnewUI/Search/home/HomeWithPreLoad?PageType=JobDetails&partnerid=25771&siteid=5403&jobid=293308","prime",""
"BAE Systems","BrassRing","Waterfront Tech Support","Engineering & Technology","","San Diego, CA","US (CONUS)","","","","","","https://sjobs.brassring.com/TGnewUI/Search/home/HomeWithPreLoad?PageType=JobDetails&partnerid=25771&siteid=5403&jobid=299988","prime",""
"BAE Systems","BrassRing","Sr Image Science Analyst","Other Professionals","","Quantico, VA","US (CONUS)","","","","","","https://sjobs.brassring.com/TGnewUI/Search/home/HomeWithPreLoad?PageType=JobDetails&partnerid=25771&siteid=5403&jobid=302439","prime",""
"BAE Systems","BrassRing","Shipboard Landing Systems Radar Technician III /IV","Engineering & Technology","","Patuxent River, MD","US (CONUS)","","","","","","https://sjobs.brassring.com/TGnewUI/Search/home/HomeWithPreLoad?PageType=JobDetails&partnerid=25771&siteid=5403&jobid=298563","prime",""
"BAE Systems","BrassRing","AMOC Senior Database Administrator","Engineering & Technology","","March Air Reserve Base, CA","US (CONUS)","","","","","","https://sjobs.brassring.com/TGnewUI/Search/home/HomeWithPreLoad?PageType=JobDetails&partnerid=25771&siteid=5403&jobid=295762","prime",""
"BAE Systems","BrassRing","Windows Systems Administrator","Intelligence","","Reston, VA","US (CONUS)","","","","","","https://sjobs.brassring.com/TGnewUI/Search/home/HomeWithPreLoad?PageType=JobDetails&partnerid=25771&siteid=5403&jobid=299169","prime",""
"BAE Systems","BrassRing","Process Automation Specialist","Finance & Accounting","","Charlotte, NC","US (CONUS)","","","","","","https://sjobs.brassring.com/TGnewUI/Search/home/HomeWithPreLoad?PageType=JobDetails&partnerid=25771&siteid=5403&jobid=302659","prime",""
"BAE Systems","BrassRing","Language Enabled OSINT Analyst","Intelligence","","Reston, VA","US (CONUS)","","","","","","https://sjobs.brassring.com/TGnewUI/Search/home/HomeWithPreLoad?PageType=JobDetails&partnerid=25771&siteid=5403&jobid=302319","prime",""
"BAE Systems","BrassRing","Senior All Source Intelligence Analyst","Intelligence","","Fort Meade, MD","US (CONUS)","","","","","","https://sjobs.brassring.com/TGnewUI/Search/home/HomeWithPreLoad?PageType=JobDetails&partnerid=25771&siteid=5403&jobid=300058","prime",""
"BAE Systems","BrassRing","Manager - Systems Engineering and Governance","Engineering & Technology","","Rockville, MD","US (CONUS)","","","","","","https://sjobs.brassring.com/TGnewUI/Search/home/HomeWithPreLoad?PageType=JobDetails&partnerid=25771&siteid=5403&jobid=301532","prime",""
"BAE Systems","BrassRing","ICBM Transformation Program Manager","Project & Program Management","","Hill AFB, UT","US (CONUS)","","","","","","https://sjobs.brassring.com/TGnewUI/Search/home/HomeWithPreLoad?PageType=JobDetails&partnerid=25771&siteid=5403&jobid=302274","prime",""
"BAE Systems","BrassRing","Project Engineer I - Power Systems","Engineering & Technology","","Boulder, CO","US (CONUS)","","","","","","https://sjobs.brassring.com/TGnewUI/Search/home/HomeWithPreLoad?PageType=JobDetails&partnerid=25771&siteid=5403&jobid=300222","prime",""
"BAE Systems","BrassRing","Senior Contract Administrator","Other Professionals","","Norfolk, VA","US (CONUS)","","","","","","https://sjobs.brassring.com/TGnewUI/Search/home/HomeWithPreLoad?PageType=JobDetails&partnerid=25771&siteid=5403&jobid=302594","prime",""
"BAE Systems","BrassRing","Import Export Anst Prin","Other Professionals","","Sterling Heights, MI","US (CONUS)","","","","","","https://sjobs.brassring.com/TGnewUI/Search/home/HomeWithPreLoad?PageType=JobDetails&partnerid=25771&siteid=5403&jobid=301398","prime",""
"BAE Systems","BrassRing","Financial Analyst Sr","Finance & Accounting","","Sterling Heights, MI","US (CONUS)","","","","","","https://sjobs.brassring.com/TGnewUI/Search/home/HomeWithPreLoad?PageType=JobDetails&partnerid=25771&siteid=5403&jobid=302121","prime",""
"BAE Systems","BrassRing","Technician III - Factory Operations","Manufacturing & Maintenance","","Westminster, CO","US (CONUS)","","","","","","https://sjobs.brassring.com/TGnewUI/Search/home/HomeWithPreLoad?PageType=JobDetails&partnerid=25771&siteid=5403&jobid=301423","prime",""
"BAE Systems","BrassRing","Lead Mission & IT Architect","Intelligence","","Reston, VA","US (CONUS)","","","","","","https://sjobs.brassring.com/TGnewUI/Search/home/HomeWithPreLoad?PageType=JobDetails&partnerid=25771&siteid=5403&jobid=301331","prime",""
"BAE Systems","BrassRing","Sr. Contracts Manager","Other Professionals","","California, MD","US (CONUS)","","","","","","https://sjobs.brassring.com/TGnewUI/Search/home/HomeWithPreLoad?PageType=JobDetails&partnerid=25771&siteid=5403&jobid=302504","prime",""
"BAE Systems","BrassRing","HR Data Transactions & Analytics Associate","Other Professionals","","Charlotte, NC","US (CONUS)","","","","","","https://sjobs.brassring.com/TGnewUI/Search/home/HomeWithPreLoad?PageType=JobDetails&partnerid=25771&siteid=5403&jobid=303207","prime",""
"BAE Systems","BrassRing","Senior Principal Systems Engineer","Engineering & Technology","","Hill AFB, UT","US (CONUS)","","","","","","https://sjobs.brassring.com/TGnewUI/Search/home/HomeWithPreLoad?PageType=JobDetails&partnerid=25771&siteid=5403&jobid=301900","prime",""
"BAE Systems","BrassRing","VDI Engineer, Expert","Engineering & Technology","","Herndon, VA","US (CONUS)","","","","","","https://sjobs.brassring.com/TGnewUI/Search/home/HomeWithPreLoad?PageType=JobDetails&partnerid=25771&siteid=5403&jobid=299174","prime",""
"BAE Systems","BrassRing","Expert level Full Stack Application Developer","Engineering & Technology","","Sterling, VA","US (CONUS)","","","","","","https://sjobs.brassring.com/TGnewUI/Search/home/HomeWithPreLoad?PageType=JobDetails&partnerid=25771&siteid=5403&jobid=303205","prime",""
"BAE Systems","BrassRing","Network Engineer - Senior","Engineering & Technology","","Sterling, VA","US (CONUS)","","","","","","https://sjobs.brassring.com/TGnewUI/Search/home/HomeWithPreLoad?PageType=JobDetails&partnerid=25771&siteid=5403&jobid=301542","prime",""
"BAE Systems","BrassRing","F35 Senior Air Vehicle Engineer","Engineering & Technology","","Patuxent River, MD","US (CONUS)","","","","","","https://sjobs.brassring.com/TGnewUI/Search/home/HomeWithPreLoad?PageType=JobDetails&partnerid=25771&siteid=5403&jobid=301329","prime",""
"BAE Systems","BrassRing","All Source ISR Analyst - Mid","Other Professionals","","Quantico, VA","US (CONUS)","","","","","","https://sjobs.brassring.com/TGnewUI/Search/home/HomeWithPreLoad?PageType=JobDetails&partnerid=25771&siteid=5403&jobid=300330","prime",""
"BAE Systems","BrassRing","IFF Engineering Technician V (Navy Combat Systems - AN/UPX-29 ISEA)","Engineering & Technology","","Saint Inigoes, MD","US (CONUS)","","","","","","https://sjobs.brassring.com/TGnewUI/Search/home/HomeWithPreLoad?PageType=JobDetails&partnerid=25771&siteid=5403&jobid=301125","prime",""
"BAE Systems","BrassRing","F35 Flight Test Manager","Engineering & Technology","","Fort Worth, TX","US (CONUS)","","","","","","https://sjobs.brassring.com/TGnewUI/Search/home/HomeWithPreLoad?PageType=JobDetails&partnerid=25771&siteid=5403&jobid=301327","prime",""
"BAE Systems","BrassRing","Sr. Network Administrator","Engineering & Technology","","Quantico, VA","US (CONUS)","","","","","","https://sjobs.brassring.com/TGnewUI/Search/home/HomeWithPreLoad?PageType=JobDetails&partnerid=25771&siteid=5403&jobid=303264","prime",""
"BAE Systems","BrassRing","Network Engineer","Engineering & Technology","","Fort Belvoir, VA","US (CONUS)","","","","","","https://sjobs.brassring.com/TGnewUI/Search/home/HomeWithPreLoad?PageType=JobDetails&partnerid=25771&siteid=5403&jobid=301473","prime",""
"BAE Systems","BrassRing","EO/IR Pointing & Tracking - Systems Engineering Lead","Engineering & Technology","","Austin, TX","US (CONUS)","","","","","","https://sjobs.brassring.com/TGnewUI/Search/home/HomeWithPreLoad?PageType=JobDetails&partnerid=25771&siteid=5403&jobid=303462","prime",""
"BAE Systems","BrassRing","Future Payload Capabilities Configuration Manager (CM) / Data Manager (DM)","Project & Program Management","","Hill AFB, UT","US (CONUS)","","","","","","https://sjobs.brassring.com/TGnewUI/Search/home/HomeWithPreLoad?PageType=JobDetails&partnerid=25771&siteid=5403&jobid=301450","prime",""
"BAE Systems","BrassRing","IMINT Analyst - Mid","Intelligence","","Fort Gordon, GA","US (CONUS)","","","","","","https://sjobs.brassring.com/TGnewUI/Search/home/HomeWithPreLoad?PageType=JobDetails&partnerid=25771&siteid=5403&jobid=294182","prime",""
"BAE Systems","BrassRing","Mid-Level Instructional Designer (OSINT)","Intelligence","","Reston, VA","US (CONUS)","","","","","","https://sjobs.brassring.com/TGnewUI/Search/home/HomeWithPreLoad?PageType=JobDetails&partnerid=25771&siteid=5403&jobid=299785","prime",""
"BAE Systems","BrassRing","DNS & Infrastructure Engineer (Senior)","Engineering & Technology","","Herndon, VA","US (CONUS)","","","","","","https://sjobs.brassring.com/TGnewUI/Search/home/HomeWithPreLoad?PageType=JobDetails&partnerid=25771&siteid=5403&jobid=300162","prime",""
"BAE Systems","BrassRing","Expert Systems Architect (Storage)","Engineering & Technology","","Herndon, VA","US (CONUS)","","","","","","https://sjobs.brassring.com/TGnewUI/Search/home/HomeWithPreLoad?PageType=JobDetails&partnerid=25771&siteid=5403&jobid=301420","prime",""
"BAE Systems","BrassRing","SSE Project Analyst","Project & Program Management","","Rockville, MD","US (CONUS)","","","","","","https://sjobs.brassring.com/TGnewUI/Search/home/HomeWithPreLoad?PageType=JobDetails&partnerid=25771&siteid=5403&jobid=302160","prime",""
"BAE Systems","BrassRing","Lead Engineer","Engineering & Technology","","Fort Worth, TX","US (CONUS)","","","","","","https://sjobs.brassring.com/TGnewUI/Search/home/HomeWithPreLoad?PageType=JobDetails&partnerid=25771&siteid=5403&jobid=300101","prime",""
"BAE Systems","BrassRing","Business Systems Analyst Senior – Digital Employee Experience (DEX Ops)","Engineering & Technology","","Charlotte, NC","US (CONUS)","","","","","","https://sjobs.brassring.com/TGnewUI/Search/home/HomeWithPreLoad?PageType=JobDetails&partnerid=25771&siteid=5403&jobid=302915","prime",""
"BAE Systems","BrassRing","Lead Modeling and Simulations Software Developer","Engineering & Technology","","Huntsville, AL","US (CONUS)","","","","","","https://sjobs.brassring.com/TGnewUI/Search/home/HomeWithPreLoad?PageType=JobDetails&partnerid=25771&siteid=5403&jobid=301090","prime",""
"BAE Systems","BrassRing","Intelligence Analyst (FMV)","Intelligence","","Northern Virginia, VA","US (CONUS)","","","","","","https://sjobs.brassring.com/TGnewUI/Search/home/HomeWithPreLoad?PageType=JobDetails&partnerid=25771&siteid=5403&jobid=300802","prime",""
"BAE Systems","BrassRing","Future Payload Capabilities Interface Control Systems Engineer","Engineering & Technology","","Hill AFB, UT","US (CONUS)","","","","","","https://sjobs.brassring.com/TGnewUI/Search/home/HomeWithPreLoad?PageType=JobDetails&partnerid=25771&siteid=5403&jobid=302768","prime",""
"BAE Systems","BrassRing","Sr Data Scientist- Stuttgart Germany","Intelligence","","Stuttgart, APO, Germany","International","","","","","","https://sjobs.brassring.com/TGnewUI/Search/home/HomeWithPreLoad?PageType=JobDetails&partnerid=25771&siteid=5403&jobid=301111","prime",""
"BAE Systems","BrassRing","Engineering Manager (Systems Engineering/ System Integration)","Engineering & Technology","","Rockville, MD","US (CONUS)","","","","","","https://sjobs.brassring.com/TGnewUI/Search/home/HomeWithPreLoad?PageType=JobDetails&partnerid=25771&siteid=5403&jobid=302770","prime",""
"BAE Systems","BrassRing","Engineer Senior Principal III - RF Architect","Engineering & Technology","","Broomfield, CO","US (CONUS)","","","","","","https://sjobs.brassring.com/TGnewUI/Search/home/HomeWithPreLoad?PageType=JobDetails&partnerid=25771&siteid=5403&jobid=299468","prime",""
"BAE Systems","BrassRing","Program Engineering Manager - Mk 45 UK and Norway","Engineering & Technology","","Maple Grove, MN","US (CONUS)","","","","","","https://sjobs.brassring.com/TGnewUI/Search/home/HomeWithPreLoad?PageType=JobDetails&partnerid=25771&siteid=5403&jobid=303007","prime",""
"BAE Systems","BrassRing","Environmental Engineer","Other Professionals","","York, PA","US (CONUS)","","","","","","https://sjobs.brassring.com/TGnewUI/Search/home/HomeWithPreLoad?PageType=JobDetails&partnerid=25771&siteid=5403&jobid=303281","prime",""
"BAE Systems","BrassRing","Program Manager","Project & Program Management","","San Diego, CA","US (CONUS)","","","","","","https://sjobs.brassring.com/TGnewUI/Search/home/HomeWithPreLoad?PageType=JobDetails&partnerid=25771&siteid=5403&jobid=302630","prime",""
"BAE Systems","BrassRing","Supply Chain Program Manager","Supply Chain & Logistics","","Maple Grove, MN","US (CONUS)","","","","","","https://sjobs.brassring.com/TGnewUI/Search/home/HomeWithPreLoad?PageType=JobDetails&partnerid=25771&siteid=5403&jobid=302632","prime",""
"BAE Systems","BrassRing","Manufacturing Engineer - Machining","Manufacturing & Maintenance","","Louisville, KY","US (CONUS)","","","","","","https://sjobs.brassring.com/TGnewUI/Search/home/HomeWithPreLoad?PageType=JobDetails&partnerid=25771&siteid=5403&jobid=299778","prime",""
"BAE Systems","BrassRing","Subcontract Manager II","Supply Chain & Logistics","","Maple Grove, MN","US (CONUS)","","","","","","https://sjobs.brassring.com/TGnewUI/Search/home/HomeWithPreLoad?PageType=JobDetails&partnerid=25771&siteid=5403&jobid=300737","prime",""
"BAE Systems","BrassRing","PMO Enablement Specialist","Project & Program Management","","Delray Beach, FL","US (CONUS)","","","","","","https://sjobs.brassring.com/TGnewUI/Search/home/HomeWithPreLoad?PageType=JobDetails&partnerid=25771&siteid=5403&jobid=302893","prime",""
"BAE Systems","BrassRing","SCA Electronic Technician I (IFF Antenna Overhaul)","Engineering & Technology","","California, MD","US (CONUS)","","","","","","https://sjobs.brassring.com/TGnewUI/Search/home/HomeWithPreLoad?PageType=JobDetails&partnerid=25771&siteid=5403&jobid=300184","prime",""
"BAE Systems","BrassRing","Quality Inspector III","Manufacturing & Maintenance","","Fort Walton Beach, FL","US (CONUS)","","","","","","https://sjobs.brassring.com/TGnewUI/Search/home/HomeWithPreLoad?PageType=JobDetails&partnerid=25771&siteid=5403&jobid=302271","prime",""
"BAE Systems","BrassRing","Technology Instructor/Instructional Systems Designer","Engineering & Technology","","Annapolis Junction, MD","US (CONUS)","","","","","","https://sjobs.brassring.com/TGnewUI/Search/home/HomeWithPreLoad?PageType=JobDetails&partnerid=25771&siteid=5403&jobid=303624","prime",""
"BAE Systems","BrassRing","ICBM Sustainment Electrical Engineer","Engineering & Technology","","Hill AFB, UT","US (CONUS)","","","","","","https://sjobs.brassring.com/TGnewUI/Search/home/HomeWithPreLoad?PageType=JobDetails&partnerid=25771&siteid=5403&jobid=303618","prime",""
"BAE Systems","BrassRing","Sr. Director of Capability Development","Engineering & Technology","","McLean, VA","US (CONUS)","","","","","","https://sjobs.brassring.com/TGnewUI/Search/home/HomeWithPreLoad?PageType=JobDetails&partnerid=25771&siteid=5403&jobid=299985","prime",""
"BAE Systems","BrassRing","System Integrator","Engineering & Technology","","Washington, District Of Columbia","US (CONUS)","","","","","","https://sjobs.brassring.com/TGnewUI/Search/home/HomeWithPreLoad?PageType=JobDetails&partnerid=25771&siteid=5403&jobid=302819","prime",""
"BAE Systems","BrassRing","Counterterrorism Watchlist Analyst - Junior and Mid-Level Open","Intelligence","","McLean, VA","US (CONUS)","","","","","","https://sjobs.brassring.com/TGnewUI/Search/home/HomeWithPreLoad?PageType=JobDetails&partnerid=25771&siteid=5403&jobid=299909","prime",""
"BAE Systems","BrassRing","Sr Imagery Analyst - Falls Church, VA","Intelligence","","Falls Church, VA","US (CONUS)","","","","","","https://sjobs.brassring.com/TGnewUI/Search/home/HomeWithPreLoad?PageType=JobDetails&partnerid=25771&siteid=5403&jobid=301109","prime",""
"BAE Systems","BrassRing","Senior Engineering Manager","Engineering & Technology","","Sterling, VA","US (CONUS)","","","","","","https://sjobs.brassring.com/TGnewUI/Search/home/HomeWithPreLoad?PageType=JobDetails&partnerid=25771&siteid=5403&jobid=299294","prime",""
"BAE Systems","BrassRing","PMO Agile Enablement Analyst","Project & Program Management","","Fort Walton Beach, FL","US (CONUS)","","","","","","https://sjobs.brassring.com/TGnewUI/Search/home/HomeWithPreLoad?PageType=JobDetails&partnerid=25771&siteid=5403&jobid=302889","prime",""
"BAE Systems","BrassRing","Network Engineer","Engineering & Technology","","Joint Base Elmendorf–Richardson, AK","US (non-CONUS)","","","","","","https://sjobs.brassring.com/TGnewUI/Search/home/HomeWithPreLoad?PageType=JobDetails&partnerid=25771&siteid=5403&jobid=299251","prime",""
"BAE Systems","BrassRing","SCA Material Coordinator (Tool Room)","Supply Chain & Logistics","","Saint Inigoes, MD","US (CONUS)","","","","","","https://sjobs.brassring.com/TGnewUI/Search/home/HomeWithPreLoad?PageType=JobDetails&partnerid=25771&siteid=5403&jobid=301293","prime",""
"BAE Systems","BrassRing","System Integration Program Area Manager","Project & Program Management","","Rockville, MD","US (CONUS)","","","","","","https://sjobs.brassring.com/TGnewUI/Search/home/HomeWithPreLoad?PageType=JobDetails&partnerid=25771&siteid=5403&jobid=301099","prime",""
"BAE Systems","BrassRing","AMOC Senior Systems Engineer","Engineering & Technology","","March Air Reserve Base, CA","US (CONUS)","","","","","","https://sjobs.brassring.com/TGnewUI/Search/home/HomeWithPreLoad?PageType=JobDetails&partnerid=25771&siteid=5403&jobid=295758","prime",""
"BAE Systems","BrassRing","Manufacturing Engineer - Electronics and Surface Mount Technology","Business Development, Strategy & Planning","","Fort Walton Beach, FL","US (CONUS)","","","","","","https://sjobs.brassring.com/TGnewUI/Search/home/HomeWithPreLoad?PageType=JobDetails&partnerid=25771&siteid=5403&jobid=302978","prime",""
"BAE Systems","BrassRing","Systems Administrator","Engineering & Technology","","Joint Base Elmendorf–Richardson, AK","US (non-CONUS)","","","","","","https://sjobs.brassring.com/TGnewUI/Search/home/HomeWithPreLoad?PageType=JobDetails&partnerid=25771&siteid=5403&jobid=299252","prime",""
"BAE Systems","BrassRing","SCA Engineering Technician III (Cable Assembly / Fabrication)","Engineering & Technology","","California, MD","US (CONUS)","","","","","","https://sjobs.brassring.com/TGnewUI/Search/home/HomeWithPreLoad?PageType=JobDetails&partnerid=25771&siteid=5403&jobid=298008","prime",""
"BAE Systems","BrassRing","Network Engineer","Engineering & Technology","","Pyeongtaek City, APO, Korea, South","International","","","","","","https://sjobs.brassring.com/TGnewUI/Search/home/HomeWithPreLoad?PageType=JobDetails&partnerid=25771&siteid=5403&jobid=299354","prime",""
"BAE Systems","BrassRing","M365 OneDrive Migration Engineer (SME)","Engineering & Technology","","Herndon, VA","US (CONUS)","","","","","","https://sjobs.brassring.com/TGnewUI/Search/home/HomeWithPreLoad?PageType=JobDetails&partnerid=25771&siteid=5403&jobid=300166","prime",""
"BAE Systems","BrassRing","Program Control Manager","Finance & Accounting","","Sterling, VA","US (CONUS)","","","","","","https://sjobs.brassring.com/TGnewUI/Search/home/HomeWithPreLoad?PageType=JobDetails&partnerid=25771&siteid=5403&jobid=302991","prime",""
"BAE Systems","BrassRing","UNIX DevOps Cloud Engineer","Engineering & Technology","","Charlotte, NC","US (CONUS)","","","","","","https://sjobs.brassring.com/TGnewUI/Search/home/HomeWithPreLoad?PageType=JobDetails&partnerid=25771&siteid=5403&jobid=300743","prime",""
"BAE Systems","BrassRing","Senior ServiceNow CMDB Engineer","Engineering & Technology","","Herndon, VA","US (CONUS)","","","","","","https://sjobs.brassring.com/TGnewUI/Search/home/HomeWithPreLoad?PageType=JobDetails&partnerid=25771&siteid=5403&jobid=303296","prime",""
"BAE Systems","BrassRing","AWS Cloud Administrator","Engineering & Technology","","Mount Laurel, NJ","US (CONUS)","","","","","","https://sjobs.brassring.com/TGnewUI/Search/home/HomeWithPreLoad?PageType=JobDetails&partnerid=25771&siteid=5403&jobid=301088","prime",""
"BAE Systems","BrassRing","Imagery Analyst: St Louis","Intelligence","","St. Louis, MO","US (CONUS)","","","","","","https://sjobs.brassring.com/TGnewUI/Search/home/HomeWithPreLoad?PageType=JobDetails&partnerid=25771&siteid=5403&jobid=302924","prime",""
"BAE Systems","BrassRing","Software Engineer","Engineering & Technology","","Annapolis Junction, MD","US (CONUS)","","","","","","https://sjobs.brassring.com/TGnewUI/Search/home/HomeWithPreLoad?PageType=JobDetails&partnerid=25771&siteid=5403&jobid=300801","prime",""
"BAE Systems","BrassRing","Mid-Level Language-Enabled OSINT Collector (CONUS)","Intelligence","","Patrick Space Force Base, FL","US (CONUS)","","","","","","https://sjobs.brassring.com/TGnewUI/Search/home/HomeWithPreLoad?PageType=JobDetails&partnerid=25771&siteid=5403&jobid=300329","prime",""
"BAE Systems","BrassRing","Windows DevOps Cloud Engineer","Engineering & Technology","","Austin, TX","US (CONUS)","","","","","","https://sjobs.brassring.com/TGnewUI/Search/home/HomeWithPreLoad?PageType=JobDetails&partnerid=25771&siteid=5403&jobid=301234","prime",""
"BAE Systems","BrassRing","Geospatial Data Scientist","Intelligence","","Fort Gordon, GA","US (CONUS)","","","","","","https://sjobs.brassring.com/TGnewUI/Search/home/HomeWithPreLoad?PageType=JobDetails&partnerid=25771&siteid=5403&jobid=294230","prime",""
"BAE Systems","BrassRing","RSRV Project Manager II","Engineering & Technology","","Hill AFB, UT","US (CONUS)","","","","","","https://sjobs.brassring.com/TGnewUI/Search/home/HomeWithPreLoad?PageType=JobDetails&partnerid=25771&siteid=5403&jobid=303274","prime",""
"BAE Systems","BrassRing","Proposals Director","Business Development, Strategy & Planning","","McLean, VA","US (CONUS)","","","","","","https://sjobs.brassring.com/TGnewUI/Search/home/HomeWithPreLoad?PageType=JobDetails&partnerid=25771&siteid=5403&jobid=301484","prime",""
"BAE Systems","BrassRing","Embedded Software Engineer – Hybrid Work Opportunity - Sign on bonus","Engineering & Technology","","Austin, TX","US (CONUS)","","","","","","https://sjobs.brassring.com/TGnewUI/Search/home/HomeWithPreLoad?PageType=JobDetails&partnerid=25771&siteid=5403&jobid=303640","prime",""
"BAE Systems","BrassRing","Software Engineer","Engineering & Technology","","Sterling, VA","US (CONUS)","","","","","","https://sjobs.brassring.com/TGnewUI/Search/home/HomeWithPreLoad?PageType=JobDetails&partnerid=25771&siteid=5403&jobid=300988","prime",""
"BAE Systems","BrassRing","SSDS Electronics Maintenance Tech","Manufacturing & Maintenance","","Wallops Island, VA","US (CONUS)","","","","","","https://sjobs.brassring.com/TGnewUI/Search/home/HomeWithPreLoad?PageType=JobDetails&partnerid=25771&siteid=5403&jobid=288599","prime",""
"BAE Systems","BrassRing","Weapons Storage and Security System (WS3) - Systems Software Engineer","Project & Program Management","","Fort Worth, TX","US (CONUS)","","","","","","https://sjobs.brassring.com/TGnewUI/Search/home/HomeWithPreLoad?PageType=JobDetails&partnerid=25771&siteid=5403&jobid=291627","prime",""
"BAE Systems","BrassRing","Lead Electrical Engineer","Engineering & Technology","","Hill AFB, UT","US (CONUS)","","","","","","https://sjobs.brassring.com/TGnewUI/Search/home/HomeWithPreLoad?PageType=JobDetails&partnerid=25771&siteid=5403&jobid=303612","prime",""
"BAE Systems","BrassRing","Senior Principal Cybersecurity Engineer (ISSE)","Engineering & Technology","","Hill AFB, UT","US (CONUS)","","","","","","https://sjobs.brassring.com/TGnewUI/Search/home/HomeWithPreLoad?PageType=JobDetails&partnerid=25771&siteid=5403&jobid=301713","prime",""
"BAE Systems","BrassRing","Mk21A Engineering Manager & Test Engineer","Engineering & Technology","","Hill AFB, UT","US (CONUS)","","","","","","https://sjobs.brassring.com/TGnewUI/Search/home/HomeWithPreLoad?PageType=JobDetails&partnerid=25771&siteid=5403&jobid=302968","prime",""
"BAE Systems","BrassRing","Staff Operations Executive Officer","Intelligence","","McLean, VA","US (CONUS)","","","","","","https://sjobs.brassring.com/TGnewUI/Search/home/HomeWithPreLoad?PageType=JobDetails&partnerid=25771&siteid=5403&jobid=303174","prime",""
"BAE Systems","BrassRing","Staff Operations Officer","Intelligence","","McLean, VA","US (CONUS)","","","","","","https://sjobs.brassring.com/TGnewUI/Search/home/HomeWithPreLoad?PageType=JobDetails&partnerid=25771&siteid=5403&jobid=303169","prime",""
"BAE Systems","BrassRing","Ship/Launcher System Electrical Engineer","Engineering & Technology","","Rockville, MD","US (CONUS)","","","","","","https://sjobs.brassring.com/TGnewUI/Search/home/HomeWithPreLoad?PageType=JobDetails&partnerid=25771&siteid=5403&jobid=303455","prime",""
"BAE Systems","BrassRing","NextGen Platform Software Developer (Expert)","Engineering & Technology","","Herndon, VA","US (CONUS)","","","","","","https://sjobs.brassring.com/TGnewUI/Search/home/HomeWithPreLoad?PageType=JobDetails&partnerid=25771&siteid=5403&jobid=303335","prime",""
"BAE Systems","BrassRing","Senior API Systems Engineer","Engineering & Technology","","Sterling, VA","US (CONUS)","","","","","","https://sjobs.brassring.com/TGnewUI/Search/home/HomeWithPreLoad?PageType=JobDetails&partnerid=25771&siteid=5403&jobid=299293","prime",""
"BAE Systems","BrassRing","Senior level Full Stack Application Developer","Engineering & Technology","","Sterling, VA","US (CONUS)","","","","","","https://sjobs.brassring.com/TGnewUI/Search/home/HomeWithPreLoad?PageType=JobDetails&partnerid=25771&siteid=5403&jobid=302815","prime",""
"BAE Systems","BrassRing","PMO Digital Tools Analyst","Project & Program Management","","Fort Walton Beach, FL","US (CONUS)","","","","","","https://sjobs.brassring.com/TGnewUI/Search/home/HomeWithPreLoad?PageType=JobDetails&partnerid=25771&siteid=5403&jobid=302887","prime",""
"BAE Systems","BrassRing","Systems Engineer – RF Integration & Performance Modeling","Engineering & Technology","","Nashua, NH","US (CONUS)","","","","","","https://sjobs.brassring.com/TGnewUI/Search/home/HomeWithPreLoad?PageType=JobDetails&partnerid=25771&siteid=5403&jobid=303632","prime",""
"BAE Systems","BrassRing","Aircraft Ground Support Equipment Maintenance Technician","Manufacturing & Maintenance","","Tucson, AZ","US (CONUS)","","","","","","https://sjobs.brassring.com/TGnewUI/Search/home/HomeWithPreLoad?PageType=JobDetails&partnerid=25771&siteid=5403&jobid=303128","prime",""
"BAE Systems","BrassRing","F-35 Software Systems Developer (Python)","Engineering & Technology","","Fort Worth, TX","US (CONUS)","","","","","","https://sjobs.brassring.com/TGnewUI/Search/home/HomeWithPreLoad?PageType=JobDetails&partnerid=25771&siteid=5403&jobid=303348","prime",""
"BAE Systems","BrassRing","Senior Principal Systems Engineer","Engineering & Technology","","Hill AFB, UT","US (CONUS)","","","","","","https://sjobs.brassring.com/TGnewUI/Search/home/HomeWithPreLoad?PageType=JobDetails&partnerid=25771&siteid=5403&jobid=303458","prime",""
"BAE Systems","BrassRing","Configuration Management Network Engineer","Engineering & Technology","","Aurora, CO","US (CONUS)","","","","","","https://sjobs.brassring.com/TGnewUI/Search/home/HomeWithPreLoad?PageType=JobDetails&partnerid=25771&siteid=5403&jobid=301471","prime",""
"BAE Systems","BrassRing","IT System Administrator and Desktop Support","Engineering & Technology","","Madison, WI","US (CONUS)","","","","","","https://sjobs.brassring.com/TGnewUI/Search/home/HomeWithPreLoad?PageType=JobDetails&partnerid=25771&siteid=5403&jobid=303004","prime",""
"BAE Systems","BrassRing","Engineering Support Master Planner","Engineering & Technology","","Rockville, MD","US (CONUS)","","","","","","https://sjobs.brassring.com/TGnewUI/Search/home/HomeWithPreLoad?PageType=JobDetails&partnerid=25771&siteid=5403&jobid=302964","prime",""
"BAE Systems","BrassRing","Cartographer- Ft Shafter, HI","Intelligence","","Fort Shafter, HI","US (non-CONUS)","","","","","","https://sjobs.brassring.com/TGnewUI/Search/home/HomeWithPreLoad?PageType=JobDetails&partnerid=25771&siteid=5403&jobid=303054","prime",""
"BAE Systems","BrassRing","Senior Software Test Engineer","Engineering & Technology","","Hill AFB, UT","US (CONUS)","","","","","","https://sjobs.brassring.com/TGnewUI/Search/home/HomeWithPreLoad?PageType=JobDetails&partnerid=25771&siteid=5403&jobid=302500","prime",""
"BAE Systems","BrassRing","Director, IT Strategic Program Delivery","Project & Program Management","","Falls Church, VA","US (CONUS)","","","","","","https://sjobs.brassring.com/TGnewUI/Search/home/HomeWithPreLoad?PageType=JobDetails&partnerid=25771&siteid=5403&jobid=303085","prime",""
"BAE Systems","BrassRing","PMO Framework and Lifecycle Enablement Sr. Prin.","Project & Program Management","","Fort Walton Beach, FL","US (CONUS)","","","","","","https://sjobs.brassring.com/TGnewUI/Search/home/HomeWithPreLoad?PageType=JobDetails&partnerid=25771&siteid=5403&jobid=302880","prime",""
"BAE Systems","BrassRing","Senior Manager, Digital PMO Enablement","Project & Program Management","","Fort Walton Beach, FL","US (CONUS)","","","","","","https://sjobs.brassring.com/TGnewUI/Search/home/HomeWithPreLoad?PageType=JobDetails&partnerid=25771&siteid=5403&jobid=302870","prime",""
"BAE Systems","BrassRing","Geospatial Analyst - Senior","Intelligence","","Fort Gordon, GA","US (CONUS)","","","","","","https://sjobs.brassring.com/TGnewUI/Search/home/HomeWithPreLoad?PageType=JobDetails&partnerid=25771&siteid=5403&jobid=294229","prime",""
"BAE Systems","BrassRing","Infrastructure (Inside Plant) Design Engineer","Engineering & Technology","","Chesapeake, VA","US (CONUS)","","","","","","https://sjobs.brassring.com/TGnewUI/Search/home/HomeWithPreLoad?PageType=JobDetails&partnerid=25771&siteid=5403&jobid=303358","prime",""
"BAE Systems","BrassRing","Director III, Business Applications","Engineering & Technology","","Falls Church, VA","US (CONUS)","","","","","","https://sjobs.brassring.com/TGnewUI/Search/home/HomeWithPreLoad?PageType=JobDetails&partnerid=25771&siteid=5403&jobid=302966","prime",""
"BAE Systems","BrassRing","SCA General Clerk II","Other Professionals","","California, MD","US (CONUS)","","","","","","https://sjobs.brassring.com/TGnewUI/Search/home/HomeWithPreLoad?PageType=JobDetails&partnerid=25771&siteid=5403&jobid=303256","prime",""
"BAE Systems","BrassRing","Mechanical Engineer I (Entry Level)","Engineering & Technology","","Lexington Park, MD","US (CONUS)","","","","","","https://sjobs.brassring.com/TGnewUI/Search/home/HomeWithPreLoad?PageType=JobDetails&partnerid=25771&siteid=5403&jobid=303449","prime",""
"BAE Systems","BrassRing","Network Engineer (SME)","Engineering & Technology","","Herndon, VA","US (CONUS)","","","","","","https://sjobs.brassring.com/TGnewUI/Search/home/HomeWithPreLoad?PageType=JobDetails&partnerid=25771&siteid=5403&jobid=302259","prime",""
"BAE Systems","BrassRing","Air Defense SME","Engineering & Technology","","Wallops Island, VA","US (CONUS)","","","","","","https://sjobs.brassring.com/TGnewUI/Search/home/HomeWithPreLoad?PageType=JobDetails&partnerid=25771&siteid=5403&jobid=298979","prime",""
"BAE Systems","BrassRing","IFF Engineering Technician (Navy Combat Systems)","Engineering & Technology","","Saint Inigoes, MD","US (CONUS)","","","","","","https://sjobs.brassring.com/TGnewUI/Search/home/HomeWithPreLoad?PageType=JobDetails&partnerid=25771&siteid=5403&jobid=293559","prime",""
"BAE Systems","BrassRing","Senior SAR Imagery Analyst / Scientist","Intelligence","","Sterling, VA","US (CONUS)","","","","","","https://sjobs.brassring.com/TGnewUI/Search/home/HomeWithPreLoad?PageType=JobDetails&partnerid=25771&siteid=5403&jobid=298846","prime",""
"BAE Systems","BrassRing","Integrated Data Specialist","Supply Chain & Logistics","","F. E. Warren AFB, WY","US (CONUS)","","","","","","https://sjobs.brassring.com/TGnewUI/Search/home/HomeWithPreLoad?PageType=JobDetails&partnerid=25771&siteid=5403&jobid=303389","prime",""
"BAE Systems","BrassRing","Software Engineer - R&D","Engineering & Technology","","Rome, NY","US (CONUS)","","","","","","https://sjobs.brassring.com/TGnewUI/Search/home/HomeWithPreLoad?PageType=JobDetails&partnerid=25771&siteid=5403&jobid=303669","prime",""
"BAE Systems","BrassRing","IMINT Analyst - Senior","Intelligence","","Fort Gordon, GA","US (CONUS)","","","","","","https://sjobs.brassring.com/TGnewUI/Search/home/HomeWithPreLoad?PageType=JobDetails&partnerid=25771&siteid=5403&jobid=294181","prime",""
"BAE Systems","BrassRing","Engineering Technician III (Cable Fabrication and Integration)","Engineering & Technology","","Chesapeake, VA","US (CONUS)","","","","","","https://sjobs.brassring.com/TGnewUI/Search/home/HomeWithPreLoad?PageType=JobDetails&partnerid=25771&siteid=5403&jobid=299867","prime",""
"BAE Systems","BrassRing","Support Equipment Senior Aerospace/Mechanical Engineer","Engineering & Technology","","Hill AFB, UT","US (CONUS)","","","","","","https://sjobs.brassring.com/TGnewUI/Search/home/HomeWithPreLoad?PageType=JobDetails&partnerid=25771&siteid=5403&jobid=302894","prime",""
"BAE Systems","BrassRing","Geospatial Analyst - Expert","Intelligence","","Fort Gordon, GA","US (CONUS)","","","","","","https://sjobs.brassring.com/TGnewUI/Search/home/HomeWithPreLoad?PageType=JobDetails&partnerid=25771&siteid=5403&jobid=294228","prime",""
"BAE Systems","BrassRing","Network Engineer (SME)","Engineering & Technology","","Herndon, VA","US (CONUS)","","","","","","https://sjobs.brassring.com/TGnewUI/Search/home/HomeWithPreLoad?PageType=JobDetails&partnerid=25771&siteid=5403&jobid=301469","prime",""
"BAE Systems","BrassRing","Software Engineer II (Sign-On Bonus Available)","Engineering & Technology","","Hudson, NH","US (CONUS)","","","","","","https://sjobs.brassring.com/TGnewUI/Search/home/HomeWithPreLoad?PageType=JobDetails&partnerid=25771&siteid=5403&jobid=303567","prime",""
"BAE Systems","BrassRing","Test Automation Engineer (Hybrid)","Engineering & Technology","","San Diego, CA","US (CONUS)","","","","","","https://sjobs.brassring.com/TGnewUI/Search/home/HomeWithPreLoad?PageType=JobDetails&partnerid=25771&siteid=5403&jobid=303531","prime",""
"BAE Systems","BrassRing","Counsel, IT & Data Law","Other Professionals","","Falls Church, VA","US (CONUS)","","","","","","https://sjobs.brassring.com/TGnewUI/Search/home/HomeWithPreLoad?PageType=JobDetails&partnerid=25771&siteid=5403&jobid=300726","prime",""
"BAE Systems","BrassRing","Senior Platform/Infrastructure Systems Engineer (Citrix VDI focus)","Engineering & Technology","","Sterling, VA","US (CONUS)","","","","","","https://sjobs.brassring.com/TGnewUI/Search/home/HomeWithPreLoad?PageType=JobDetails&partnerid=25771&siteid=5403&jobid=301558","prime",""
"BAE Systems","BrassRing","Business Operations Manager II","Other Professionals","","McLean, VA","US (CONUS)","","","","","","https://sjobs.brassring.com/TGnewUI/Search/home/HomeWithPreLoad?PageType=JobDetails&partnerid=25771&siteid=5403&jobid=303639","prime",""
"BAE Systems","BrassRing","Principal Built-in Test (BIT) Engineer","Engineering & Technology","","Nashua, NH","US (CONUS)","","","","","","https://sjobs.brassring.com/TGnewUI/Search/home/HomeWithPreLoad?PageType=JobDetails&partnerid=25771&siteid=5403&jobid=303647","prime",""
"BAE Systems","BrassRing","Senior Systems Engineer - TeamWork (TWC) and Cameo","Engineering & Technology","","Sterling, VA","US (CONUS)","","","","","","https://sjobs.brassring.com/TGnewUI/Search/home/HomeWithPreLoad?PageType=JobDetails&partnerid=25771&siteid=5403&jobid=302026","prime",""
"BAE Systems","BrassRing","Expert Systems Architect (Storage)","Engineering & Technology","","Herndon, VA","US (CONUS)","","","","","","https://sjobs.brassring.com/TGnewUI/Search/home/HomeWithPreLoad?PageType=JobDetails&partnerid=25771&siteid=5403&jobid=301421","prime",""
"BAE Systems","BrassRing","Modeling & Simulation Engineer - SLCM-N","Engineering & Technology","","Rockville, MD","US (CONUS)","","","","","","https://sjobs.brassring.com/TGnewUI/Search/home/HomeWithPreLoad?PageType=JobDetails&partnerid=25771&siteid=5403&jobid=300794","prime",""
"BAE Systems","BrassRing","Jr. Language-Enabled OSINT Collector (CONUS)","Intelligence","","Patrick Space Force Base, FL","US (CONUS)","","","","","","https://sjobs.brassring.com/TGnewUI/Search/home/HomeWithPreLoad?PageType=JobDetails&partnerid=25771&siteid=5403&jobid=300328","prime",""
"BAE Systems","BrassRing","Cyber Systems Analyst - Mid","Other Professionals","","Quantico, VA","US (CONUS)","","","","","","https://sjobs.brassring.com/TGnewUI/Search/home/HomeWithPreLoad?PageType=JobDetails&partnerid=25771&siteid=5403&jobid=300320","prime",""
"BAE Systems","BrassRing","SCA Drafter / CAD Operator III / IV","Engineering & Technology","","Saint Inigoes, MD","US (CONUS)","","","","","","https://sjobs.brassring.com/TGnewUI/Search/home/HomeWithPreLoad?PageType=JobDetails&partnerid=25771&siteid=5403&jobid=301219","prime",""
"BAE Systems","BrassRing","Help Desk Analyst","Engineering & Technology","","Hill AFB, UT","US (CONUS)","","","","","","https://sjobs.brassring.com/TGnewUI/Search/home/HomeWithPreLoad?PageType=JobDetails&partnerid=25771&siteid=5403&jobid=302373","prime",""
"BAE Systems","BrassRing","C5ISR Electrical Engineer II","Engineering & Technology","","California, MD","US (CONUS)","","","","","","https://sjobs.brassring.com/TGnewUI/Search/home/HomeWithPreLoad?PageType=JobDetails&partnerid=25771&siteid=5403&jobid=302446","prime",""
"BAE Systems","BrassRing","Program Manager I","Project & Program Management","","Fort Worth, TX","US (CONUS)","","","","","","https://sjobs.brassring.com/TGnewUI/Search/home/HomeWithPreLoad?PageType=JobDetails&partnerid=25771&siteid=5403&jobid=300391","prime",""
"BAE Systems","BrassRing","All Source Naval/Maritime/Naval Infantry Analyst - Mid","Other Professionals","","Quantico, VA","US (CONUS)","","","","","","https://sjobs.brassring.com/TGnewUI/Search/home/HomeWithPreLoad?PageType=JobDetails&partnerid=25771&siteid=5403&jobid=300332","prime",""
"BAE Systems","BrassRing","Technical Project Manager II (Aviation/C4I Systems)","Project & Program Management","","Saint Inigoes, MD","US (CONUS)","","","","","","https://sjobs.brassring.com/TGnewUI/Search/home/HomeWithPreLoad?PageType=JobDetails&partnerid=25771&siteid=5403&jobid=302253","prime",""
"BAE Systems","BrassRing","Financial Reporting Analyst","Business Development, Strategy & Planning","","Sterling, VA","US (CONUS)","","","","","","https://sjobs.brassring.com/TGnewUI/Search/home/HomeWithPreLoad?PageType=JobDetails&partnerid=25771&siteid=5403&jobid=302663","prime",""
"BAE Systems","BrassRing","Database Administrator","Engineering & Technology","","Annapolis Junction, MD","US (CONUS)","","","","","","https://sjobs.brassring.com/TGnewUI/Search/home/HomeWithPreLoad?PageType=JobDetails&partnerid=25771&siteid=5403&jobid=303255","prime",""
"BAE Systems","BrassRing","Microwave Technician - MRSI","Manufacturing & Maintenance","","Nashua, NH","US (CONUS)","","","","","","https://sjobs.brassring.com/TGnewUI/Search/home/HomeWithPreLoad?PageType=JobDetails&partnerid=25771&siteid=5403&jobid=303610","prime",""
"BAE Systems","BrassRing","Distribution Supply Chain Manager","Supply Chain & Logistics","","Nashua, NH","US (CONUS)","","","","","","https://sjobs.brassring.com/TGnewUI/Search/home/HomeWithPreLoad?PageType=JobDetails&partnerid=25771&siteid=5403&jobid=303557","prime",""
"BAE Systems","BrassRing","Design/Construction Project Engineer","Project & Program Management","","Hill AFB, UT","US (CONUS)","","","","","","https://sjobs.brassring.com/TGnewUI/Search/home/HomeWithPreLoad?PageType=JobDetails&partnerid=25771&siteid=5403&jobid=299967","prime",""
"BAE Systems","BrassRing","Senior Principal EO/IR Systems Engineer (Hybrid)","Engineering & Technology","","Hudson, NH","US (CONUS)","","","","","","https://sjobs.brassring.com/TGnewUI/Search/home/HomeWithPreLoad?PageType=JobDetails&partnerid=25771&siteid=5403&jobid=303438","prime",""
"BAE Systems","BrassRing","Senior AV/VTC Programmer","Engineering & Technology","","Lexington Park, MD","US (CONUS)","","","","","","https://sjobs.brassring.com/TGnewUI/Search/home/HomeWithPreLoad?PageType=JobDetails&partnerid=25771&siteid=5403&jobid=300662","prime",""
"BAE Systems","BrassRing","Mechanical Engineering Manager / Section Lead","Engineering & Technology","","Merrimack, NH","US (CONUS)","","","","","","https://sjobs.brassring.com/TGnewUI/Search/home/HomeWithPreLoad?PageType=JobDetails&partnerid=25771&siteid=5403&jobid=303447","prime",""
"BAE Systems","BrassRing","Senior Global IT Category Manager","Supply Chain & Logistics","","Fort Walton Beach, FL","US (CONUS)","","","","","","https://sjobs.brassring.com/TGnewUI/Search/home/HomeWithPreLoad?PageType=JobDetails&partnerid=25771&siteid=5403&jobid=300464","prime",""
"BAE Systems","BrassRing","Systems Administrator","Engineering & Technology","","Springfield, VA","US (CONUS)","","","","","","https://sjobs.brassring.com/TGnewUI/Search/home/HomeWithPreLoad?PageType=JobDetails&partnerid=25771&siteid=5403&jobid=302385","prime",""
"BAE Systems","BrassRing","Navy Air Traffic Control Systems Technician III/IV","Engineering & Technology","","Saint Inigoes, MD","US (CONUS)","","","","","","https://sjobs.brassring.com/TGnewUI/Search/home/HomeWithPreLoad?PageType=JobDetails&partnerid=25771&siteid=5403&jobid=294288","prime",""
"BAE Systems","BrassRing","Software Configuration Manager","Engineering & Technology","","Huntsville, AL","US (CONUS)","","","","","","https://sjobs.brassring.com/TGnewUI/Search/home/HomeWithPreLoad?PageType=JobDetails&partnerid=25771&siteid=5403&jobid=300959","prime",""
"BAE Systems","BrassRing","Zero Trust Architect (Expert)","Engineering & Technology","","Herndon, VA","US (CONUS)","","","","","","https://sjobs.brassring.com/TGnewUI/Search/home/HomeWithPreLoad?PageType=JobDetails&partnerid=25771&siteid=5403&jobid=300696","prime",""
"BAE Systems","BrassRing","Cisco Voice Engineers (Expert)","Engineering & Technology","","Herndon, VA","US (CONUS)","","","","","","https://sjobs.brassring.com/TGnewUI/Search/home/HomeWithPreLoad?PageType=JobDetails&partnerid=25771&siteid=5403&jobid=300052","prime",""
"BAE Systems","BrassRing","Systems Engineer - Data Requirement Focus","Engineering & Technology","","Rockville, MD","US (CONUS)","","","","","","https://sjobs.brassring.com/TGnewUI/Search/home/HomeWithPreLoad?PageType=JobDetails&partnerid=25771&siteid=5403&jobid=300055","prime",""
"BAE Systems","BrassRing","F-35 Technical Author","Engineering & Technology","","Fort Worth, TX","US (CONUS)","","","","","","https://sjobs.brassring.com/TGnewUI/Search/home/HomeWithPreLoad?PageType=JobDetails&partnerid=25771&siteid=5403&jobid=302685","prime",""
"BAE Systems","BrassRing","Future Payload Capabilities Principal Electrical Engineer (Guidance/Navigation Manager)","Engineering & Technology","","Hill AFB, UT","US (CONUS)","","","","","","https://sjobs.brassring.com/TGnewUI/Search/home/HomeWithPreLoad?PageType=JobDetails&partnerid=25771&siteid=5403&jobid=302692","prime",""
"BAE Systems","BrassRing","Targeting Analyst - Senior","Intelligence","","Springfield, VA","US (CONUS)","","","","","","https://sjobs.brassring.com/TGnewUI/Search/home/HomeWithPreLoad?PageType=JobDetails&partnerid=25771&siteid=5403&jobid=294227","prime",""
"BAE Systems","BrassRing","Sr. Director – Solutions Architect","Engineering & Technology","","McLean, VA","US (CONUS)","","","","","","https://sjobs.brassring.com/TGnewUI/Search/home/HomeWithPreLoad?PageType=JobDetails&partnerid=25771&siteid=5403&jobid=295203","prime",""
"BAE Systems","BrassRing","Instructional Developer","Project & Program Management","","Fort Walton Beach, FL","US (CONUS)","","","","","","https://sjobs.brassring.com/TGnewUI/Search/home/HomeWithPreLoad?PageType=JobDetails&partnerid=25771&siteid=5403&jobid=303197","prime",""
"BAE Systems","BrassRing","Cybersecurity Specialist","Engineering & Technology","","SE Albuquerque, NM","US (CONUS)","","","","","","https://sjobs.brassring.com/TGnewUI/Search/home/HomeWithPreLoad?PageType=JobDetails&partnerid=25771&siteid=5403&jobid=302169","prime",""
"BAE Systems","BrassRing","IT Program Manager (SME)","Engineering & Technology","","Herndon, VA","US (CONUS)","","","","","","https://sjobs.brassring.com/TGnewUI/Search/home/HomeWithPreLoad?PageType=JobDetails&partnerid=25771&siteid=5403&jobid=302171","prime",""
"BAE Systems","BrassRing","Network Engineer - Senior","Engineering & Technology","","Sterling, VA","US (CONUS)","","","","","","https://sjobs.brassring.com/TGnewUI/Search/home/HomeWithPreLoad?PageType=JobDetails&partnerid=25771&siteid=5403&jobid=302187","prime",""
"BAE Systems","BrassRing","Combatant Craft Field Service Engineer II","Engineering & Technology","","Stennis Space Center, MS","US (CONUS)","","","","","","https://sjobs.brassring.com/TGnewUI/Search/home/HomeWithPreLoad?PageType=JobDetails&partnerid=25771&siteid=5403&jobid=301712","prime",""
"BAE Systems","BrassRing","Project Manager II – Supply Chain Risk Management","Supply Chain & Logistics","","Clearfield, UT","US (CONUS)","","","","","","https://sjobs.brassring.com/TGnewUI/Search/home/HomeWithPreLoad?PageType=JobDetails&partnerid=25771&siteid=5403&jobid=302572","prime",""
"BAE Systems","BrassRing","FMV Task Lead","Intelligence","","McLean, VA","US (CONUS)","","","","","","https://sjobs.brassring.com/TGnewUI/Search/home/HomeWithPreLoad?PageType=JobDetails&partnerid=25771&siteid=5403&jobid=302810","prime",""
"BAE Systems","BrassRing","Information Systems Security Engineer (ISSE)","Engineering & Technology","","Sterling, VA","US (CONUS)","","","","","","https://sjobs.brassring.com/TGnewUI/Search/home/HomeWithPreLoad?PageType=JobDetails&partnerid=25771&siteid=5403&jobid=303183","prime",""
"BAE Systems","BrassRing","Embedded Software Engineer - Advanced Signal Processing","Engineering & Technology","","Cedar Rapids, IA","US (CONUS)","","","","","","https://sjobs.brassring.com/TGnewUI/Search/home/HomeWithPreLoad?PageType=JobDetails&partnerid=25771&siteid=5403&jobid=303426","prime",""
"BAE Systems","BrassRing","Hardware Test Engineer I / II","Engineering & Technology","","Saint Inigoes, MD","US (CONUS)","","","","","","https://sjobs.brassring.com/TGnewUI/Search/home/HomeWithPreLoad?PageType=JobDetails&partnerid=25771&siteid=5403&jobid=303448","prime",""
"BAE Systems","BrassRing","Systems Engineering Lead (Hybrid)","Engineering & Technology","","Merrimack, NH","US (CONUS)","","","","","","https://sjobs.brassring.com/TGnewUI/Search/home/HomeWithPreLoad?PageType=JobDetails&partnerid=25771&siteid=5403&jobid=303439","prime",""
"BAE Systems","BrassRing","Spring and Summer Electrical Engineering Intern IV (Hybrid)","Engineering & Technology","","Cedar Rapids, IA","US (CONUS)","","","","","","https://sjobs.brassring.com/TGnewUI/Search/home/HomeWithPreLoad?PageType=JobDetails&partnerid=25771&siteid=5403&jobid=303485","prime",""
"BAE Systems","BrassRing","Infor Lawson Systems Administrator","Engineering & Technology","","Sterling, VA","US (CONUS)","","","","","","https://sjobs.brassring.com/TGnewUI/Search/home/HomeWithPreLoad?PageType=JobDetails&partnerid=25771&siteid=5403&jobid=303373","prime",""
"BAE Systems","BrassRing","Material Handler III","Supply Chain & Logistics","","Fort Walton Beach, FL","US (CONUS)","","","","","","https://sjobs.brassring.com/TGnewUI/Search/home/HomeWithPreLoad?PageType=JobDetails&partnerid=25771&siteid=5403&jobid=303419","prime",""
"BAE Systems","BrassRing","Expert ServiceNow CMDB Engineer","Engineering & Technology","","Herndon, VA","US (CONUS)","","","","","","https://sjobs.brassring.com/TGnewUI/Search/home/HomeWithPreLoad?PageType=JobDetails&partnerid=25771&siteid=5403&jobid=303297","prime",""
"BAE Systems","BrassRing","Executive Assistant","Other Professionals","","McLean, VA","US (CONUS)","","","","","","https://sjobs.brassring.com/TGnewUI/Search/home/HomeWithPreLoad?PageType=JobDetails&partnerid=25771&siteid=5403&jobid=303482","prime",""
"BAE Systems","BrassRing","Mechanical Engineer","Engineering & Technology","","Nashua, NH","US (CONUS)","","","","","","https://sjobs.brassring.com/TGnewUI/Search/home/HomeWithPreLoad?PageType=JobDetails&partnerid=25771&siteid=5403&jobid=303423","prime",""
"BAE Systems","BrassRing","Full Motion Video Analyst - Mid Level","Intelligence","","Northern Virginia, VA","US (CONUS)","","","","","","https://sjobs.brassring.com/TGnewUI/Search/home/HomeWithPreLoad?PageType=JobDetails&partnerid=25771&siteid=5403&jobid=302226","prime",""
"BAE Systems","BrassRing","Network Systems Engineer","Engineering & Technology","","Chantilly, VA","US (CONUS)","","","","","","https://sjobs.brassring.com/TGnewUI/Search/home/HomeWithPreLoad?PageType=JobDetails&partnerid=25771&siteid=5403&jobid=301470","prime",""
"BAE Systems","BrassRing","Field Engineer, Onsite Technical Support - Kings Bay, GA","Engineering & Technology","","Kings Bay, GA","US (CONUS)","","","","","","https://sjobs.brassring.com/TGnewUI/Search/home/HomeWithPreLoad?PageType=JobDetails&partnerid=25771&siteid=5403&jobid=303516","prime",""
"BAE Systems","BrassRing","GEOINT Conveyance/Copy Editor- Springfield, VA","Intelligence","","Springfield, VA","US (CONUS)","","","","","","https://sjobs.brassring.com/TGnewUI/Search/home/HomeWithPreLoad?PageType=JobDetails&partnerid=25771&siteid=5403&jobid=300093","prime",""
"BAE Systems","BrassRing","T-6A ARP Principle Systems Engineer","Engineering & Technology","","Clearfield, UT","US (CONUS)","","","","","","https://sjobs.brassring.com/TGnewUI/Search/home/HomeWithPreLoad?PageType=JobDetails&partnerid=25771&siteid=5403&jobid=299990","prime",""
"BAE Systems","BrassRing","Shared Drive Engineer (SME)","Engineering & Technology","","Herndon, VA","US (CONUS)","","","","","","https://sjobs.brassring.com/TGnewUI/Search/home/HomeWithPreLoad?PageType=JobDetails&partnerid=25771&siteid=5403&jobid=300167","prime",""
"BAE Systems","BrassRing","C4ISR Airborne Tactical Radios (ATR) Program Engineering Manager II","Engineering & Technology","","Fort Wayne, IN","US (CONUS)","","","","","","https://sjobs.brassring.com/TGnewUI/Search/home/HomeWithPreLoad?PageType=JobDetails&partnerid=25771&siteid=5403&jobid=303549","prime",""
"BAE Systems","BrassRing","Mid/Senior Systems Administrator","Engineering & Technology","","Annapolis Junction, MD","US (CONUS)","","","","","","https://sjobs.brassring.com/TGnewUI/Search/home/HomeWithPreLoad?PageType=JobDetails&partnerid=25771&siteid=5403&jobid=303460","prime",""
"BAE Systems","BrassRing","CAS Aftermarket Assembler II","Manufacturing & Maintenance","","Endicott, NY","US (CONUS)","","","","","","https://sjobs.brassring.com/TGnewUI/Search/home/HomeWithPreLoad?PageType=JobDetails&partnerid=25771&siteid=5403&jobid=303490","prime",""
"BAE Systems","BrassRing","SAR Imagery Analyst / Scientist (mid-level)","Intelligence","","Sterling, VA","US (CONUS)","","","","","","https://sjobs.brassring.com/TGnewUI/Search/home/HomeWithPreLoad?PageType=JobDetails&partnerid=25771&siteid=5403&jobid=298847","prime",""
"BAE Systems","BrassRing","Principal Engineer - System Verification and Validation","Engineering & Technology","","Rockville, MD","US (CONUS)","","","","","","https://sjobs.brassring.com/TGnewUI/Search/home/HomeWithPreLoad?PageType=JobDetails&partnerid=25771&siteid=5403&jobid=301965","prime",""
"BAE Systems","BrassRing","Network Engineer - Senior","Engineering & Technology","","Sterling, VA","US (CONUS)","","","","","","https://sjobs.brassring.com/TGnewUI/Search/home/HomeWithPreLoad?PageType=JobDetails&partnerid=25771&siteid=5403&jobid=302458","prime",""
"BAE Systems","BrassRing","Jr. Language-Enabled OSINT Collector (NCR)","Intelligence","","Reston, VA","US (CONUS)","","","","","","https://sjobs.brassring.com/TGnewUI/Search/home/HomeWithPreLoad?PageType=JobDetails&partnerid=25771&siteid=5403&jobid=299097","prime",""
"BAE Systems","BrassRing","MM III Modeling and Simulation Lead","Engineering & Technology","","Hill AFB, UT","US (CONUS)","","","","","","https://sjobs.brassring.com/TGnewUI/Search/home/HomeWithPreLoad?PageType=JobDetails&partnerid=25771&siteid=5403&jobid=302445","prime",""
"BAE Systems","BrassRing","Software Developer, Expert","Engineering & Technology","","Herndon, VA","US (CONUS)","","","","","","https://sjobs.brassring.com/TGnewUI/Search/home/HomeWithPreLoad?PageType=JobDetails&partnerid=25771&siteid=5403&jobid=302283","prime",""
"BAE Systems","BrassRing","Transporter Erector Replacement - Principal Mechanical Engineer","Engineering & Technology","","Hill AFB, UT","US (CONUS)","","","","","","https://sjobs.brassring.com/TGnewUI/Search/home/HomeWithPreLoad?PageType=JobDetails&partnerid=25771&siteid=5403&jobid=301980","prime",""
"BAE Systems","BrassRing","Implementations/Activations Network Engineer II","Engineering & Technology","","Scott AFB, IL","US (CONUS)","","","","","","https://sjobs.brassring.com/TGnewUI/Search/home/HomeWithPreLoad?PageType=JobDetails&partnerid=25771&siteid=5403&jobid=301388","prime",""
"BAE Systems","BrassRing","Software Engineer","Engineering & Technology","","Fort Meade, MD","US (CONUS)","","","","","","https://sjobs.brassring.com/TGnewUI/Search/home/HomeWithPreLoad?PageType=JobDetails&partnerid=25771&siteid=5403&jobid=299969","prime",""
"BAE Systems","BrassRing","Principle Senior Electrical Engineer, Facility Medium Voltage Systems","Engineering & Technology","","Washington, District Of Columbia","US (CONUS)","","","","","","https://sjobs.brassring.com/TGnewUI/Search/home/HomeWithPreLoad?PageType=JobDetails&partnerid=25771&siteid=5403&jobid=301315","prime",""
"BAE Systems","BrassRing","Program Director","Project & Program Management","","Falls Church, VA","US (CONUS)","","","","","","https://sjobs.brassring.com/TGnewUI/Search/home/HomeWithPreLoad?PageType=JobDetails&partnerid=25771&siteid=5403&jobid=301620","prime",""
"BAE Systems","BrassRing","Support Equipment Systems Engineer","Engineering & Technology","","Hill AFB, UT","US (CONUS)","","","","","","https://sjobs.brassring.com/TGnewUI/Search/home/HomeWithPreLoad?PageType=JobDetails&partnerid=25771&siteid=5403&jobid=302896","prime",""
"BAE Systems","BrassRing","Network Engineer (Expert)","Engineering & Technology","","Herndon, VA","US (CONUS)","","","","","","https://sjobs.brassring.com/TGnewUI/Search/home/HomeWithPreLoad?PageType=JobDetails&partnerid=25771&siteid=5403&jobid=302106","prime",""
"BAE Systems","BrassRing","Network Engineer (Expert)","Engineering & Technology","","Herndon, VA","US (CONUS)","","","","","","https://sjobs.brassring.com/TGnewUI/Search/home/HomeWithPreLoad?PageType=JobDetails&partnerid=25771&siteid=5403&jobid=302167","prime",""
"BAE Systems","BrassRing","Accountant Senior","Finance & Accounting","","Falls Church, VA","US (CONUS)","","","","","","https://sjobs.brassring.com/TGnewUI/Search/home/HomeWithPreLoad?PageType=JobDetails&partnerid=25771&siteid=5403&jobid=302210","prime",""
"BAE Systems","BrassRing","AEGIS Test Director","Engineering & Technology","","Wallops Island, VA","US (CONUS)","","","","","","https://sjobs.brassring.com/TGnewUI/Search/home/HomeWithPreLoad?PageType=JobDetails&partnerid=25771&siteid=5403&jobid=298941","prime",""
"BAE Systems","BrassRing","Senior ISSO","Engineering & Technology","","Annapolis Junction, MD","US (CONUS)","","","","","","https://sjobs.brassring.com/TGnewUI/Search/home/HomeWithPreLoad?PageType=JobDetails&partnerid=25771&siteid=5403&jobid=301902","prime",""
"BAE Systems","BrassRing","Mid-Level Language-Enabled OSINT Collector (NCR)","Intelligence","","Reston, VA","US (CONUS)","","","","","","https://sjobs.brassring.com/TGnewUI/Search/home/HomeWithPreLoad?PageType=JobDetails&partnerid=25771&siteid=5403&jobid=299083","prime",""
"BAE Systems","BrassRing","Systems Engineer","Engineering & Technology","","Hill AFB, UT","US (CONUS)","","","","","","https://sjobs.brassring.com/TGnewUI/Search/home/HomeWithPreLoad?PageType=JobDetails&partnerid=25771&siteid=5403&jobid=301804","prime",""
"BAE Systems","BrassRing","Network Engineer (Expert)","Engineering & Technology","","Herndon, VA","US (CONUS)","","","","","","https://sjobs.brassring.com/TGnewUI/Search/home/HomeWithPreLoad?PageType=JobDetails&partnerid=25771&siteid=5403&jobid=299086","prime",""
"BAE Systems","BrassRing","SME Linux Administrator","Engineering & Technology","","Aberdeen Proving Ground, MD","US (CONUS)","","","","","","https://sjobs.brassring.com/TGnewUI/Search/home/HomeWithPreLoad?PageType=JobDetails&partnerid=25771&siteid=5403&jobid=301724","prime",""
"BAE Systems","BrassRing","Senior Principal II Power Engineer","Engineering & Technology","","Nashua, NH","US (CONUS)","","","","","","https://sjobs.brassring.com/TGnewUI/Search/home/HomeWithPreLoad?PageType=JobDetails&partnerid=25771&siteid=5403&jobid=303504","prime",""
"BAE Systems","BrassRing","SSBN Systems Engineer","Engineering & Technology","","Rockville, MD","US (CONUS)","","","","","","https://sjobs.brassring.com/TGnewUI/Search/home/HomeWithPreLoad?PageType=JobDetails&partnerid=25771&siteid=5403&jobid=301795","prime",""
"BAE Systems","BrassRing","Senior EO Imagery Analyst / Scientist","Intelligence","","Sterling, VA","US (CONUS)","","","","","","https://sjobs.brassring.com/TGnewUI/Search/home/HomeWithPreLoad?PageType=JobDetails&partnerid=25771&siteid=5403&jobid=298849","prime",""
"BAE Systems","BrassRing","Principal Systems Engineer","Engineering & Technology","","Clearfield, UT","US (CONUS)","","","","","","https://sjobs.brassring.com/TGnewUI/Search/home/HomeWithPreLoad?PageType=JobDetails&partnerid=25771&siteid=5403&jobid=300808","prime",""
"BAE Systems","BrassRing","Principal Reliability Engineer","Engineering & Technology","","Nashua, NH","US (CONUS)","","","","","","https://sjobs.brassring.com/TGnewUI/Search/home/HomeWithPreLoad?PageType=JobDetails&partnerid=25771&siteid=5403&jobid=303643","prime",""
"BAE Systems","BrassRing","Sr Imagery Analyst","Intelligence","","Reston, VA","US (CONUS)","","","","","","https://sjobs.brassring.com/TGnewUI/Search/home/HomeWithPreLoad?PageType=JobDetails&partnerid=25771&siteid=5403&jobid=301998","prime",""
"BAE Systems","BrassRing","Senior DevSecOps Engineer/Software Engineer","Engineering & Technology","","Sterling, VA","US (CONUS)","","","","","","https://sjobs.brassring.com/TGnewUI/Search/home/HomeWithPreLoad?PageType=JobDetails&partnerid=25771&siteid=5403&jobid=302027","prime",""
"BAE Systems","BrassRing","Systems Software Engineer","Engineering & Technology","","Hill AFB, UT","US (CONUS)","","","","","","https://sjobs.brassring.com/TGnewUI/Search/home/HomeWithPreLoad?PageType=JobDetails&partnerid=25771&siteid=5403&jobid=300855","prime",""
"BAE Systems","BrassRing","AMOC Engineering & Integration Manager","Engineering & Technology","","March Air Reserve Base, CA","US (CONUS)","","","","","","https://sjobs.brassring.com/TGnewUI/Search/home/HomeWithPreLoad?PageType=JobDetails&partnerid=25771&siteid=5403&jobid=295759","prime",""
"BAE Systems","BrassRing","Senior System Safety Professional","Engineering & Technology","","Hill AFB, UT","US (CONUS)","","","","","","https://sjobs.brassring.com/TGnewUI/Search/home/HomeWithPreLoad?PageType=JobDetails&partnerid=25771&siteid=5403&jobid=300735","prime",""
"BAE Systems","BrassRing","System Engineer","Project & Program Management","","Hill AFB, UT","US (CONUS)","","","","","","https://sjobs.brassring.com/TGnewUI/Search/home/HomeWithPreLoad?PageType=JobDetails&partnerid=25771&siteid=5403&jobid=300359","prime",""
"BAE Systems","BrassRing","Data Engineer","Intelligence","","Reston, VA","US (CONUS)","","","","","","https://sjobs.brassring.com/TGnewUI/Search/home/HomeWithPreLoad?PageType=JobDetails&partnerid=25771&siteid=5403&jobid=300386","prime",""
"BAE Systems","BrassRing","Electrical and RF Test Technician","Engineering & Technology","","Fort Walton Beach, FL","US (CONUS)","","","","","","https://sjobs.brassring.com/TGnewUI/Search/home/HomeWithPreLoad?PageType=JobDetails&partnerid=25771&siteid=5403&jobid=303593","prime",""
"BAE Systems","BrassRing","IT Program Manager (SME)","Engineering & Technology","","Herndon, VA","US (CONUS)","","","","","","https://sjobs.brassring.com/TGnewUI/Search/home/HomeWithPreLoad?PageType=JobDetails&partnerid=25771&siteid=5403&jobid=301032","prime",""
"BAE Systems","BrassRing","SAR Imagery Analyst / Scientist Lead","Intelligence","","Sterling, VA","US (CONUS)","","","","","","https://sjobs.brassring.com/TGnewUI/Search/home/HomeWithPreLoad?PageType=JobDetails&partnerid=25771&siteid=5403&jobid=298844","prime",""
"BAE Systems","BrassRing","Digital Communications & Social Media Manager","Other Professionals","","Falls Church, VA","US (CONUS)","","","","","","https://sjobs.brassring.com/TGnewUI/Search/home/HomeWithPreLoad?PageType=JobDetails&partnerid=25771&siteid=5403&jobid=302673","prime",""
"BAE Systems","BrassRing","Field Service Tech IV","Engineering & Technology","","Westminster, CO","US (CONUS)","","","","","","https://sjobs.brassring.com/TGnewUI/Search/home/HomeWithPreLoad?PageType=JobDetails&partnerid=25771&siteid=5403&jobid=300806","prime",""
"BAE Systems","BrassRing","Sr Prin Software Engineer for Space Payloads - SIGN-ON BONUS","Engineering & Technology","","Merrimack, NH","US (CONUS)","","","","","","https://sjobs.brassring.com/TGnewUI/Search/home/HomeWithPreLoad?PageType=JobDetails&partnerid=25771&siteid=5403&jobid=303440","prime",""
"BAE Systems","BrassRing","Senior Systems Engineer (Hybrid)","Engineering & Technology","","Greenlawn, NY","US (CONUS)","","","","","","https://sjobs.brassring.com/TGnewUI/Search/home/HomeWithPreLoad?PageType=JobDetails&partnerid=25771&siteid=5403&jobid=303573","prime",""
"BAE Systems","BrassRing","Field Service Tech IV","Engineering & Technology","","Boulder, CO","US (CONUS)","","","","","","https://sjobs.brassring.com/TGnewUI/Search/home/HomeWithPreLoad?PageType=JobDetails&partnerid=25771&siteid=5403&jobid=300807","prime",""
"BAE Systems","BrassRing","Sr C5ISR Engineering Technologist","Engineering & Technology","","California, MD","US (CONUS)","","","","","","https://sjobs.brassring.com/TGnewUI/Search/home/HomeWithPreLoad?PageType=JobDetails&partnerid=25771&siteid=5403&jobid=300555","prime",""
"BAE Systems","BrassRing","Systems Administrator","Intelligence","","Reston, VA","US (CONUS)","","","","","","https://sjobs.brassring.com/TGnewUI/Search/home/HomeWithPreLoad?PageType=JobDetails&partnerid=25771&siteid=5403&jobid=293337","prime",""
"BAE Systems","BrassRing","Systems Architecture Engineer","Engineering & Technology","","Rockville, MD","US (CONUS)","","","","","","https://sjobs.brassring.com/TGnewUI/Search/home/HomeWithPreLoad?PageType=JobDetails&partnerid=25771&siteid=5403&jobid=300623","prime",""
"BAE Systems","BrassRing","Project Analyst/Scheduler","Project & Program Management","","Saint Inigoes, MD","US (CONUS)","","","","","","https://sjobs.brassring.com/TGnewUI/Search/home/HomeWithPreLoad?PageType=JobDetails&partnerid=25771&siteid=5403&jobid=298938","prime",""
"BAE Systems","BrassRing","Project Manager - Advanced Capabilities and Integration","Project & Program Management","","Hill AFB, UT","US (CONUS)","","","","","","https://sjobs.brassring.com/TGnewUI/Search/home/HomeWithPreLoad?PageType=JobDetails&partnerid=25771&siteid=5403&jobid=302112","prime",""
"BAE Systems","BrassRing","AEGIS Test Director","Engineering & Technology","","Wallops Island, VA","US (CONUS)","","","","","","https://sjobs.brassring.com/TGnewUI/Search/home/HomeWithPreLoad?PageType=JobDetails&partnerid=25771&siteid=5403&jobid=299625","prime",""
"BAE Systems","BrassRing","Automation Technician, Electronics","Engineering & Technology","","Richmond, VA","US (CONUS)","","","","","","https://sjobs.brassring.com/TGnewUI/Search/home/HomeWithPreLoad?PageType=JobDetails&partnerid=25771&siteid=5403&jobid=299725","prime",""
"BAE Systems","BrassRing","Director II, IT Service Owner - Legal, Contracts & Business Development","Engineering & Technology","","Falls Church, VA","US (CONUS)","","","","","","https://sjobs.brassring.com/TGnewUI/Search/home/HomeWithPreLoad?PageType=JobDetails&partnerid=25771&siteid=5403&jobid=302050","prime",""
"BAE Systems","BrassRing","Master Scheduler Principle","Supply Chain & Logistics","","Greenlawn, NY","US (CONUS)","","","","","","https://sjobs.brassring.com/TGnewUI/Search/home/HomeWithPreLoad?PageType=JobDetails&partnerid=25771&siteid=5403&jobid=303499","prime",""
"BAE Systems","BrassRing","JWICS ISSO Customer Support","Engineering & Technology","","Hill AFB, UT","US (CONUS)","","","","","","https://sjobs.brassring.com/TGnewUI/Search/home/HomeWithPreLoad?PageType=JobDetails&partnerid=25771&siteid=5403&jobid=302705","prime",""
"BAE Systems","BrassRing","Security Manager","Project & Program Management","","Malmstrom AFB, MT","US (CONUS)","","","","","","https://sjobs.brassring.com/TGnewUI/Search/home/HomeWithPreLoad?PageType=JobDetails&partnerid=25771&siteid=5403&jobid=302708","prime",""
"BAE Systems","BrassRing","Senior Systems Administrator","Engineering & Technology","","Annapolis Junction, MD","US (CONUS)","","","","","","https://sjobs.brassring.com/TGnewUI/Search/home/HomeWithPreLoad?PageType=JobDetails&partnerid=25771&siteid=5403&jobid=302743","prime",""
"BAE Systems","BrassRing","Systems Security Engineering Technical Lead","Engineering & Technology","","Rockville, MD","US (CONUS)","","","","","","https://sjobs.brassring.com/TGnewUI/Search/home/HomeWithPreLoad?PageType=JobDetails&partnerid=25771&siteid=5403&jobid=302746","prime",""
"BAE Systems","BrassRing","Field Service Tech IV","Engineering & Technology","","Hill AFB, UT","US (CONUS)","","","","","","https://sjobs.brassring.com/TGnewUI/Search/home/HomeWithPreLoad?PageType=JobDetails&partnerid=25771&siteid=5403&jobid=302749","prime",""
"BAE Systems","BrassRing","GFCP Analyst","Supply Chain & Logistics","","Moorestown, NJ","US (CONUS)","","","","","","https://sjobs.brassring.com/TGnewUI/Search/home/HomeWithPreLoad?PageType=JobDetails&partnerid=25771&siteid=5403&jobid=303475","prime",""
"BAE Systems","BrassRing","Oracle Database Administrator","Intelligence","","Reston, VA","US (CONUS)","","","","","","https://sjobs.brassring.com/TGnewUI/Search/home/HomeWithPreLoad?PageType=JobDetails&partnerid=25771&siteid=5403&jobid=303477","prime",""
"BAE Systems","BrassRing","AWS Cloud Administrator","Engineering & Technology","","Mount Laurel, NJ","US (CONUS)","","","","","","https://sjobs.brassring.com/TGnewUI/Search/home/HomeWithPreLoad?PageType=JobDetails&partnerid=25771&siteid=5403&jobid=303481","prime",""
"BAE Systems","BrassRing","Senior Reliability Engineer - C4ISR Systems","Engineering & Technology","","Greenlawn, NY","US (CONUS)","","","","","","https://sjobs.brassring.com/TGnewUI/Search/home/HomeWithPreLoad?PageType=JobDetails&partnerid=25771&siteid=5403&jobid=303483","prime",""
"BAE Systems","BrassRing","DevOps Cloud Engineer","Engineering & Technology","","Falls Church, VA","US (CONUS)","","","","","","https://sjobs.brassring.com/TGnewUI/Search/home/HomeWithPreLoad?PageType=JobDetails&partnerid=25771&siteid=5403&jobid=301588","prime",""
"BAE Systems","BrassRing","Fingerprint Examiner IV","Other Professionals","","Arlington, VA","US (CONUS)","","","","","","https://sjobs.brassring.com/TGnewUI/Search/home/HomeWithPreLoad?PageType=JobDetails&partnerid=25771&siteid=5403&jobid=301627","prime",""
"BAE Systems","BrassRing","Senior Capture Director","Business Development, Strategy & Planning","","McLean, VA","US (CONUS)","","","","","","https://sjobs.brassring.com/TGnewUI/Search/home/HomeWithPreLoad?PageType=JobDetails&partnerid=25771&siteid=5403&jobid=301701","prime",""
"BAE Systems","BrassRing","Principal Systems Engineer","Engineering & Technology","","Colorado Springs, CO","US (CONUS)","","","","","","https://sjobs.brassring.com/TGnewUI/Search/home/HomeWithPreLoad?PageType=JobDetails&partnerid=25771&siteid=5403&jobid=301530","prime",""
"BAE Systems","BrassRing","ICBM Payloads Division Interface Control Systems Engineer","Engineering & Technology","","Hill AFB, UT","US (CONUS)","","","","","","https://sjobs.brassring.com/TGnewUI/Search/home/HomeWithPreLoad?PageType=JobDetails&partnerid=25771&siteid=5403&jobid=303541","prime",""
"BAE Systems","BrassRing","Test Engineer I","Engineering & Technology","","Rockville, MD","US (CONUS)","","","","","","https://sjobs.brassring.com/TGnewUI/Search/home/HomeWithPreLoad?PageType=JobDetails&partnerid=25771&siteid=5403&jobid=301931","prime",""
"BAE Systems","BrassRing","Field Engineer, Onsite Technical Support Bangor","Engineering & Technology","","Silverdale, WA","US (CONUS)","","","","","","https://sjobs.brassring.com/TGnewUI/Search/home/HomeWithPreLoad?PageType=JobDetails&partnerid=25771&siteid=5403&jobid=303508","prime",""
"BAE Systems","BrassRing","Full Stack Developer (Expert)","Engineering & Technology","","Sterling, VA","US (CONUS)","","","","","","https://sjobs.brassring.com/TGnewUI/Search/home/HomeWithPreLoad?PageType=JobDetails&partnerid=25771&siteid=5403&jobid=303512","prime",""
"BAE Systems","BrassRing","Field Engineer, Onsite Technical Support - NOTU FL","Engineering & Technology","","Cape Canaveral, FL","US (CONUS)","","","","","","https://sjobs.brassring.com/TGnewUI/Search/home/HomeWithPreLoad?PageType=JobDetails&partnerid=25771&siteid=5403&jobid=303513","prime",""
"BAE Systems","BrassRing","Director I, IT Service Owner - Software Development & Integrations","Engineering & Technology","","Falls Church, VA","US (CONUS)","","","","","","https://sjobs.brassring.com/TGnewUI/Search/home/HomeWithPreLoad?PageType=JobDetails&partnerid=25771&siteid=5403&jobid=302076","prime",""
"BAE Systems","BrassRing","Modeling and Simulations Specialist","Engineering & Technology","","Huntsville, AL","US (CONUS)","","","","","","https://sjobs.brassring.com/TGnewUI/Search/home/HomeWithPreLoad?PageType=JobDetails&partnerid=25771&siteid=5403&jobid=300962","prime",""
"BAE Systems","BrassRing","Cloud Developer/Software Engineer (Expert)","Engineering & Technology","","Herndon, VA","US (CONUS)","","","","","","https://sjobs.brassring.com/TGnewUI/Search/home/HomeWithPreLoad?PageType=JobDetails&partnerid=25771&siteid=5403&jobid=301041","prime",""
"BAE Systems","BrassRing","Warhead Lead Electrical Engineer","Engineering & Technology","","Hill AFB, UT","US (CONUS)","","","","","","https://sjobs.brassring.com/TGnewUI/Search/home/HomeWithPreLoad?PageType=JobDetails&partnerid=25771&siteid=5403&jobid=301903","prime",""
"BAE Systems","BrassRing","Senior II Cryptocurrency Analyst","Intelligence","","McLean, VA","US (CONUS)","","","","","","https://sjobs.brassring.com/TGnewUI/Search/home/HomeWithPreLoad?PageType=JobDetails&partnerid=25771&siteid=5403&jobid=301809","prime",""
"BAE Systems","BrassRing","Technician III – Aerospace Test Technician","Engineering & Technology","","Broomfield, CO","US (CONUS)","","","","","","https://sjobs.brassring.com/TGnewUI/Search/home/HomeWithPreLoad?PageType=JobDetails&partnerid=25771&siteid=5403&jobid=301758","prime",""
"BAE Systems","BrassRing","Senior Software Engineer","Engineering & Technology","","Totowa, NJ","US (CONUS)","","","","","","https://sjobs.brassring.com/TGnewUI/Search/home/HomeWithPreLoad?PageType=JobDetails&partnerid=25771&siteid=5403&jobid=302718","prime",""
"BAE Systems","BrassRing","Senior Principal FPGA Design Engineer","Engineering & Technology","","Manchester, NH","US (CONUS)","","","","","","https://sjobs.brassring.com/TGnewUI/Search/home/HomeWithPreLoad?PageType=JobDetails&partnerid=25771&siteid=5403&jobid=302662","prime",""
"BAE Systems","BrassRing","Senior FPGA Design Engineer","Engineering & Technology","","Manchester, NH","US (CONUS)","","","","","","https://sjobs.brassring.com/TGnewUI/Search/home/HomeWithPreLoad?PageType=JobDetails&partnerid=25771&siteid=5403&jobid=302661","prime",""
"BAE Systems","BrassRing","F-35 Production Task Manager","Project & Program Management","","Nashua, NH","US (CONUS)","","","","","","https://sjobs.brassring.com/TGnewUI/Search/home/HomeWithPreLoad?PageType=JobDetails&partnerid=25771&siteid=5403&jobid=302731","prime",""
"BAE Systems","BrassRing","Project Engineer Associate – Electrical Support Equipment (EGSE) – 15K Sign on Bonus","Engineering & Technology","","Boulder, CO","US (CONUS)","","","","","","https://sjobs.brassring.com/TGnewUI/Search/home/HomeWithPreLoad?PageType=JobDetails&partnerid=25771&siteid=5403&jobid=302733","prime",""
"BAE Systems","BrassRing","Quality Inspector -Union","Other Professionals","","San Diego, CA","US (CONUS)","","","","","","https://sjobs.brassring.com/TGnewUI/Search/home/HomeWithPreLoad?PageType=JobDetails&partnerid=25771&siteid=5403&jobid=300671","prime",""
"BAE Systems","BrassRing","Systems Engineering Integration and Test (SEIT) Lead","Engineering & Technology","","Nashua, NH","US (CONUS)","","","","","","https://sjobs.brassring.com/TGnewUI/Search/home/HomeWithPreLoad?PageType=JobDetails&partnerid=25771&siteid=5403&jobid=299490","prime",""
"BAE Systems","BrassRing","AEWS Operations Program Manager 3","Project & Program Management","","Nashua, NH","US (CONUS)","","","","","","https://sjobs.brassring.com/TGnewUI/Search/home/HomeWithPreLoad?PageType=JobDetails&partnerid=25771&siteid=5403&jobid=303068","prime",""
"BAE Systems","BrassRing","Program Manager II","Project & Program Management","","Manassas, VA","US (CONUS)","","","","","","https://sjobs.brassring.com/TGnewUI/Search/home/HomeWithPreLoad?PageType=JobDetails&partnerid=25771&siteid=5403&jobid=300714","prime",""
"BAE Systems","BrassRing","Systems Engineer","Engineering & Technology","","Nashua, NH","US (CONUS)","","","","","","https://sjobs.brassring.com/TGnewUI/Search/home/HomeWithPreLoad?PageType=JobDetails&partnerid=25771&siteid=5403&jobid=302828","prime",""
"BAE Systems","BrassRing","FAST Labs - Administrative Assistant to Microelectronics Product Line Director","Other Professionals","","Merrimack, NH","US (CONUS)","","","","","","https://sjobs.brassring.com/TGnewUI/Search/home/HomeWithPreLoad?PageType=JobDetails&partnerid=25771&siteid=5403&jobid=303006","prime",""
"BAE Systems","BrassRing","Senior Digital Electrical Engineer","Engineering & Technology","","Nashua, NH","US (CONUS)","","","","","","https://sjobs.brassring.com/TGnewUI/Search/home/HomeWithPreLoad?PageType=JobDetails&partnerid=25771&siteid=5403&jobid=301242","prime",""
"BAE Systems","BrassRing","Software Engineering Intern I, Summer 2027","Engineering & Technology","","Nashua, NH","US (CONUS)","","","","","","https://sjobs.brassring.com/TGnewUI/Search/home/HomeWithPreLoad?PageType=JobDetails&partnerid=25771&siteid=5403&jobid=301262","prime",""
"BAE Systems","BrassRing","Chief Engineer","Engineering & Technology","","Totowa, NJ","US (CONUS)","","","","","","https://sjobs.brassring.com/TGnewUI/Search/home/HomeWithPreLoad?PageType=JobDetails&partnerid=25771&siteid=5403&jobid=302621","prime",""
"BAE Systems","BrassRing","Principal Software Engineer – Algorithm Team","Engineering & Technology","","Merrimack, NH","US (CONUS)","","","","","","https://sjobs.brassring.com/TGnewUI/Search/home/HomeWithPreLoad?PageType=JobDetails&partnerid=25771&siteid=5403&jobid=301051","prime",""
"BAE Systems","BrassRing","Senior Principal Cyber Architect","Engineering & Technology","","Hudson, NH","US (CONUS)","","","","","","https://sjobs.brassring.com/TGnewUI/Search/home/HomeWithPreLoad?PageType=JobDetails&partnerid=25771&siteid=5403&jobid=300084","prime",""
"BAE Systems","BrassRing","Material Handler - Shipping","Supply Chain & Logistics","","Nashua, NH","US (CONUS)","","","","","","https://sjobs.brassring.com/TGnewUI/Search/home/HomeWithPreLoad?PageType=JobDetails&partnerid=25771&siteid=5403&jobid=303323","prime",""
"BAE Systems","BrassRing","Test Technician III - Weekend Night Shift","Manufacturing & Maintenance","","Nashua, NH","US (CONUS)","","","","","","https://sjobs.brassring.com/TGnewUI/Search/home/HomeWithPreLoad?PageType=JobDetails&partnerid=25771&siteid=5403&jobid=300948","prime",""
"BAE Systems","BrassRing","Systems Engineer - production programs","Engineering & Technology","","Nashua, NH","US (CONUS)","","","","","","https://sjobs.brassring.com/TGnewUI/Search/home/HomeWithPreLoad?PageType=JobDetails&partnerid=25771&siteid=5403&jobid=300706","prime",""
"BAE Systems","BrassRing","Principal Program Quality Engineer","Engineering & Technology","","Manchester, NH","US (CONUS)","","","","","","https://sjobs.brassring.com/TGnewUI/Search/home/HomeWithPreLoad?PageType=JobDetails&partnerid=25771&siteid=5403&jobid=288307","prime",""
"BAE Systems","BrassRing","Model Based Engineering Section Manager","Engineering & Technology","","Merrimack, NH","US (CONUS)","","","","","","https://sjobs.brassring.com/TGnewUI/Search/home/HomeWithPreLoad?PageType=JobDetails&partnerid=25771&siteid=5403&jobid=303092","prime",""
"BAE Systems","BrassRing","Senior Principal Optical Engineer","Engineering & Technology","","Austin, TX","US (CONUS)","","","","","","https://sjobs.brassring.com/TGnewUI/Search/home/HomeWithPreLoad?PageType=JobDetails&partnerid=25771&siteid=5403&jobid=297587","prime",""
"BAE Systems","BrassRing","Windows Engineer (Expert)","Engineering & Technology","","Herndon, VA","US (CONUS)","","","","","","https://sjobs.brassring.com/TGnewUI/Search/home/HomeWithPreLoad?PageType=JobDetails&partnerid=25771&siteid=5403&jobid=301361","prime",""
"BAE Systems","BrassRing","Intelligence FMV Analyst - Training Offered","Intelligence","","Northern Virginia, VA","US (CONUS)","","","","","","https://sjobs.brassring.com/TGnewUI/Search/home/HomeWithPreLoad?PageType=JobDetails&partnerid=25771&siteid=5403&jobid=301567","prime",""
"BAE Systems","BrassRing","Network Telecommunications Supply Chain Planner","Supply Chain & Logistics","","Washington, District Of Columbia","US (CONUS)","","","","","","https://sjobs.brassring.com/TGnewUI/Search/home/HomeWithPreLoad?PageType=JobDetails&partnerid=25771&siteid=5403&jobid=301437","prime",""
"BAE Systems","BrassRing","Information Systems Technician (GCCS/CANES)","Intelligence","","Wallops Island, VA","US (CONUS)","","","","","","https://sjobs.brassring.com/TGnewUI/Search/home/HomeWithPreLoad?PageType=JobDetails&partnerid=25771&siteid=5403&jobid=299550","prime",""
"BAE Systems","BrassRing","Network Administrator","Engineering & Technology","","Stennis Space Center, MS","US (CONUS)","","","","","","https://sjobs.brassring.com/TGnewUI/Search/home/HomeWithPreLoad?PageType=JobDetails&partnerid=25771&siteid=5403&jobid=299733","prime",""
"BAE Systems","BrassRing","Production and Installation Technician II / III","Manufacturing & Maintenance","","Saint Inigoes, MD","US (CONUS)","","","","","","https://sjobs.brassring.com/TGnewUI/Search/home/HomeWithPreLoad?PageType=JobDetails&partnerid=25771&siteid=5403&jobid=303716","prime",""
"BAE Systems","BrassRing","Engineering Technologist II (Shipboard Radio Communication Systems)","Engineering & Technology","","Saint Inigoes, MD","US (CONUS)","","","","","","https://sjobs.brassring.com/TGnewUI/Search/home/HomeWithPreLoad?PageType=JobDetails&partnerid=25771&siteid=5403&jobid=303722","prime",""
"BAE Systems","BrassRing","Engineer II – Industrial","Engineering & Technology","","Boulder, CO","US (CONUS)","","","","","","https://sjobs.brassring.com/TGnewUI/Search/home/HomeWithPreLoad?PageType=JobDetails&partnerid=25771&siteid=5403&jobid=301792","prime",""
"BAE Systems","BrassRing","Senior Quality Engineer","Engineering & Technology","","Fort Wayne, IN","US (CONUS)","","","","","","https://sjobs.brassring.com/TGnewUI/Search/home/HomeWithPreLoad?PageType=JobDetails&partnerid=25771&siteid=5403&jobid=301754","prime",""
"BAE Systems","BrassRing","Manufacturing Floor Support Engineer","Manufacturing & Maintenance","","Austin, TX","US (CONUS)","","","","","","https://sjobs.brassring.com/TGnewUI/Search/home/HomeWithPreLoad?PageType=JobDetails&partnerid=25771&siteid=5403&jobid=301449","prime",""
"BAE Systems","BrassRing","Electronic Warfare Systems Engineer","Engineering & Technology","","Nashua, NH","US (CONUS)","","","","","","https://sjobs.brassring.com/TGnewUI/Search/home/HomeWithPreLoad?PageType=JobDetails&partnerid=25771&siteid=5403&jobid=301624","prime",""
"BAE Systems","BrassRing","Senior Production Quality Manager","Manufacturing & Maintenance","","Cedar Rapids, IA","US (CONUS)","","","","","","https://sjobs.brassring.com/TGnewUI/Search/home/HomeWithPreLoad?PageType=JobDetails&partnerid=25771&siteid=5403&jobid=302221","prime",""
"BAE Systems","BrassRing","Assembler III","Manufacturing & Maintenance","","Greenlawn, NY","US (CONUS)","","","","","","https://sjobs.brassring.com/TGnewUI/Search/home/HomeWithPreLoad?PageType=JobDetails&partnerid=25771&siteid=5403&jobid=301776","prime",""
"BAE Systems","BrassRing","Electrical Assembler I","Manufacturing & Maintenance","","Austin, TX","US (CONUS)","","","","","","https://sjobs.brassring.com/TGnewUI/Search/home/HomeWithPreLoad?PageType=JobDetails&partnerid=25771&siteid=5403&jobid=301613","prime",""
"BAE Systems","BrassRing","Senior Component Engineer","Engineering & Technology","","Fort Wayne, IN","US (CONUS)","","","","","","https://sjobs.brassring.com/TGnewUI/Search/home/HomeWithPreLoad?PageType=JobDetails&partnerid=25771&siteid=5403&jobid=302369","prime",""
"BAE Systems","BrassRing","FAST Labs ST Program Engineering Manager","Engineering & Technology","","Merrimack, NH","US (CONUS)","","","","","","https://sjobs.brassring.com/TGnewUI/Search/home/HomeWithPreLoad?PageType=JobDetails&partnerid=25771&siteid=5403&jobid=301997","prime",""
"BAE Systems","BrassRing","Engineer II – RF Software","Engineering & Technology","","Westminster, CO","US (CONUS)","","","","","","https://sjobs.brassring.com/TGnewUI/Search/home/HomeWithPreLoad?PageType=JobDetails&partnerid=25771&siteid=5403&jobid=301820","prime",""
"BAE Systems","BrassRing","Software Engineering Lead / Subject Matter Expert for Space Payloads - SIGN-ON BONUS","Engineering & Technology","","Merrimack, NH","US (CONUS)","","","","","","https://sjobs.brassring.com/TGnewUI/Search/home/HomeWithPreLoad?PageType=JobDetails&partnerid=25771&siteid=5403&jobid=302382","prime",""
"BAE Systems","BrassRing","Microwave Tech II - Eighth Shift","Manufacturing & Maintenance","","Nashua, NH","US (CONUS)","","","","","","https://sjobs.brassring.com/TGnewUI/Search/home/HomeWithPreLoad?PageType=JobDetails&partnerid=25771&siteid=5403&jobid=301623","prime",""
"BAE Systems","BrassRing","Senior Engineer – Systems Operability Engineer","Engineering & Technology","","Boulder, CO","US (CONUS)","","","","","","https://sjobs.brassring.com/TGnewUI/Search/home/HomeWithPreLoad?PageType=JobDetails&partnerid=25771&siteid=5403&jobid=302378","prime",""
"BAE Systems","BrassRing","Production Supervisor 2nd Shift","Manufacturing & Maintenance","","Wayne, NJ","US (CONUS)","","","","","","https://sjobs.brassring.com/TGnewUI/Search/home/HomeWithPreLoad?PageType=JobDetails&partnerid=25771&siteid=5403&jobid=303003","prime",""
"BAE Systems","BrassRing","Senior-Principal Electrical Engineer - CCA Designer (Hybrid / Sign-on Bonus)","Engineering & Technology","","Merrimack, NH","US (CONUS)","","","","","","https://sjobs.brassring.com/TGnewUI/Search/home/HomeWithPreLoad?PageType=JobDetails&partnerid=25771&siteid=5403&jobid=296771","prime",""
"BAE Systems","BrassRing","FAST Labs Hardware Engineering Lead","Engineering & Technology","","Merrimack, NH","US (CONUS)","","","","","","https://sjobs.brassring.com/TGnewUI/Search/home/HomeWithPreLoad?PageType=JobDetails&partnerid=25771&siteid=5403&jobid=300128","prime",""
"BAE Systems","BrassRing","Principal Compass Call Field Service Representative","Engineering & Technology","","Waco, TX","US (CONUS)","","","","","","https://sjobs.brassring.com/TGnewUI/Search/home/HomeWithPreLoad?PageType=JobDetails&partnerid=25771&siteid=5403&jobid=297040","prime",""
"BAE Systems","BrassRing","Software Engineer II","Engineering & Technology","","Totowa, NJ","US (CONUS)","","","","","","https://sjobs.brassring.com/TGnewUI/Search/home/HomeWithPreLoad?PageType=JobDetails&partnerid=25771&siteid=5403&jobid=302392","prime",""
"BAE Systems","BrassRing","Mechanical Tech III 4th shift","Manufacturing & Maintenance","","Nashua, NH","US (CONUS)","","","","","","https://sjobs.brassring.com/TGnewUI/Search/home/HomeWithPreLoad?PageType=JobDetails&partnerid=25771&siteid=5403&jobid=298978","prime",""
"BAE Systems","BrassRing","Cyber Security, Information Systems Security Manager (ISSM)","Other Professionals","","Nashua, NH","US (CONUS)","","","","","","https://sjobs.brassring.com/TGnewUI/Search/home/HomeWithPreLoad?PageType=JobDetails&partnerid=25771&siteid=5403&jobid=300755","prime",""
"BAE Systems","BrassRing","Electronic Warfare Stimulator Technician","Engineering & Technology","","Nashua, NH","US (CONUS)","","","","","","https://sjobs.brassring.com/TGnewUI/Search/home/HomeWithPreLoad?PageType=JobDetails&partnerid=25771&siteid=5403&jobid=300686","prime",""
"BAE Systems","BrassRing","Microwave Test Technician Weekend Shift","Manufacturing & Maintenance","","Nashua, NH","US (CONUS)","","","","","","https://sjobs.brassring.com/TGnewUI/Search/home/HomeWithPreLoad?PageType=JobDetails&partnerid=25771&siteid=5403&jobid=300648","prime",""
"BAE Systems","BrassRing","Finance Manager, EAS Financial Planning & Analysis (Hybrid)","Finance & Accounting","","Hudson, NH","US (CONUS)","","","","","","https://sjobs.brassring.com/TGnewUI/Search/home/HomeWithPreLoad?PageType=JobDetails&partnerid=25771&siteid=5403&jobid=302208","prime",""
"BAE Systems","BrassRing","Production Hardware Engineering Lead","Engineering & Technology","","Fort Wayne, IN","US (CONUS)","","","","","","https://sjobs.brassring.com/TGnewUI/Search/home/HomeWithPreLoad?PageType=JobDetails&partnerid=25771&siteid=5403&jobid=301368","prime",""
"BAE Systems","BrassRing","Maintenace HVAC & Facilities","Manufacturing & Maintenance","","Fort Wayne, IN","US (CONUS)","","","","","","https://sjobs.brassring.com/TGnewUI/Search/home/HomeWithPreLoad?PageType=JobDetails&partnerid=25771&siteid=5403&jobid=302535","prime",""
"BAE Systems","BrassRing","Senior IT Systems Administrator - Hybrid","Engineering & Technology","","San Diego, CA","US (CONUS)","","","","","","https://sjobs.brassring.com/TGnewUI/Search/home/HomeWithPreLoad?PageType=JobDetails&partnerid=25771&siteid=5403&jobid=301401","prime",""
"BAE Systems","BrassRing","Procurement Analyst Senior","Supply Chain & Logistics","","Nashua, NH","US (CONUS)","","","","","","https://sjobs.brassring.com/TGnewUI/Search/home/HomeWithPreLoad?PageType=JobDetails&partnerid=25771&siteid=5403&jobid=300836","prime",""
"BAE Systems","BrassRing","Business Development Portfolio Lead - EO/IR Spectral Dominance","Business Development, Strategy & Planning","","Merrimack, NH","US (CONUS)","","","","","","https://sjobs.brassring.com/TGnewUI/Search/home/HomeWithPreLoad?PageType=JobDetails&partnerid=25771&siteid=5403&jobid=301974","prime",""
"BAE Systems","BrassRing","Software Engineer II – Low Level Embedded Software","Engineering & Technology","","Merrimack, NH","US (CONUS)","","","","","","https://sjobs.brassring.com/TGnewUI/Search/home/HomeWithPreLoad?PageType=JobDetails&partnerid=25771&siteid=5403&jobid=302234","prime",""
"BAE Systems","BrassRing","Cyber Security Information System Security Manager (ISSM) - Onsite","Other Professionals","","Merrimack, NH","US (CONUS)","","","","","","https://sjobs.brassring.com/TGnewUI/Search/home/HomeWithPreLoad?PageType=JobDetails&partnerid=25771&siteid=5403&jobid=302048","prime",""
"BAE Systems","BrassRing","Electro-Mechanical Technician-$2500 Sign on!","Manufacturing & Maintenance","","Greenlawn, NY","US (CONUS)","","","","","","https://sjobs.brassring.com/TGnewUI/Search/home/HomeWithPreLoad?PageType=JobDetails&partnerid=25771&siteid=5403&jobid=301238","prime",""
"BAE Systems","BrassRing","Principal Program Planner (Hybrid Preferred, Remote Work Considered)","Other Professionals","","Nashua, NH","US (CONUS)","","","","","","https://sjobs.brassring.com/TGnewUI/Search/home/HomeWithPreLoad?PageType=JobDetails&partnerid=25771&siteid=5403&jobid=302613","prime",""
"BAE Systems","BrassRing","Material Planning Coordinator II- Weekend Day Shift (Full Onsite)","Supply Chain & Logistics","","Nashua, NH","US (CONUS)","","","","","","https://sjobs.brassring.com/TGnewUI/Search/home/HomeWithPreLoad?PageType=JobDetails&partnerid=25771&siteid=5403&jobid=303081","prime",""
"BAE Systems","BrassRing","2nd Shift Electro-Mechanical Inspector II","Manufacturing & Maintenance","","Nashua, NH","US (CONUS)","","","","","","https://sjobs.brassring.com/TGnewUI/Search/home/HomeWithPreLoad?PageType=JobDetails&partnerid=25771&siteid=5403&jobid=301990","prime",""
"BAE Systems","BrassRing","Senior Principal Program Planner (Hybrid)","Project & Program Management","","Nashua, NH","US (CONUS)","","","","","","https://sjobs.brassring.com/TGnewUI/Search/home/HomeWithPreLoad?PageType=JobDetails&partnerid=25771&siteid=5403&jobid=303387","prime",""
"BAE Systems","BrassRing","Senior Test Equipment Design Engineer","Engineering & Technology","","Wayne, NJ","US (CONUS)","","","","","","https://sjobs.brassring.com/TGnewUI/Search/home/HomeWithPreLoad?PageType=JobDetails&partnerid=25771&siteid=5403&jobid=303102","prime",""
"BAE Systems","BrassRing","Principal EO/IR Systems Engineer","Engineering & Technology","","Hudson, NH","US (CONUS)","","","","","","https://sjobs.brassring.com/TGnewUI/Search/home/HomeWithPreLoad?PageType=JobDetails&partnerid=25771&siteid=5403&jobid=302891","prime",""
"BAE Systems","BrassRing","Systems Engineering Functional Manager","Engineering & Technology","","Nashua, NH","US (CONUS)","","","","","","https://sjobs.brassring.com/TGnewUI/Search/home/HomeWithPreLoad?PageType=JobDetails&partnerid=25771&siteid=5403&jobid=301818","prime",""
"BAE Systems","BrassRing","Mechanical Tech-2nd shift","Manufacturing & Maintenance","","Nashua, NH","US (CONUS)","","","","","","https://sjobs.brassring.com/TGnewUI/Search/home/HomeWithPreLoad?PageType=JobDetails&partnerid=25771&siteid=5403&jobid=301070","prime",""
"BAE Systems","BrassRing","Senior Software Engineer","Engineering & Technology","","Endicott, NY","US (CONUS)","","","","","","https://sjobs.brassring.com/TGnewUI/Search/home/HomeWithPreLoad?PageType=JobDetails&partnerid=25771&siteid=5403&jobid=301297","prime",""
"BAE Systems","BrassRing","Process Engineer I - Second Shift","Manufacturing & Maintenance","","Nashua, NH","US (CONUS)","","","","","","https://sjobs.brassring.com/TGnewUI/Search/home/HomeWithPreLoad?PageType=JobDetails&partnerid=25771&siteid=5403&jobid=303001","prime",""
"BAE Systems","BrassRing","OSSE Space Ops and Sustainment Support - Engineering","Engineering & Technology","","Springfield, VA","US (CONUS)","","","","","","https://sjobs.brassring.com/TGnewUI/Search/home/HomeWithPreLoad?PageType=JobDetails&partnerid=25771&siteid=5403&jobid=302629","prime",""
"BAE Systems","BrassRing","Pr. Subcontracts Administrator","Supply Chain & Logistics","","Merrimack, NH","US (CONUS)","","","","","","https://sjobs.brassring.com/TGnewUI/Search/home/HomeWithPreLoad?PageType=JobDetails&partnerid=25771&siteid=5403&jobid=301268","prime",""
"BAE Systems","BrassRing","Senior Project Financial Analyst (Hybrid)","Finance & Accounting","","Nashua, NH","US (CONUS)","","","","","","https://sjobs.brassring.com/TGnewUI/Search/home/HomeWithPreLoad?PageType=JobDetails&partnerid=25771&siteid=5403&jobid=302549","prime",""
"BAE Systems","BrassRing","Principal Contracts Administrator","Other Professionals","","Nashua, NH","US (CONUS)","","","","","","https://sjobs.brassring.com/TGnewUI/Search/home/HomeWithPreLoad?PageType=JobDetails&partnerid=25771&siteid=5403&jobid=302675","prime",""
"BAE Systems","BrassRing","Senior Software Engineer","Engineering & Technology","","Fort Wayne, IN","US (CONUS)","","","","","","https://sjobs.brassring.com/TGnewUI/Search/home/HomeWithPreLoad?PageType=JobDetails&partnerid=25771&siteid=5403&jobid=302774","prime",""
"BAE Systems","BrassRing","Systems Engineer II – Mission Performance","Engineering & Technology","","Aurora, CO","US (CONUS)","","","","","","https://sjobs.brassring.com/TGnewUI/Search/home/HomeWithPreLoad?PageType=JobDetails&partnerid=25771&siteid=5403&jobid=303014","prime",""
"BAE Systems","BrassRing","Principal DevOps and GenAI Engineer (Hybrid)","Engineering & Technology","","Merrimack, NH","US (CONUS)","","","","","","https://sjobs.brassring.com/TGnewUI/Search/home/HomeWithPreLoad?PageType=JobDetails&partnerid=25771&siteid=5403&jobid=303029","prime",""
"BAE Systems","BrassRing","Engineer II – Electrical","Engineering & Technology","","WP AFB, OH","US (CONUS)","","","","","","https://sjobs.brassring.com/TGnewUI/Search/home/HomeWithPreLoad?PageType=JobDetails&partnerid=25771&siteid=5403&jobid=302555","prime",""
"BAE Systems","BrassRing","Senior Software Engineer","Engineering & Technology","","Manassas, VA","US (CONUS)","","","","","","https://sjobs.brassring.com/TGnewUI/Search/home/HomeWithPreLoad?PageType=JobDetails&partnerid=25771&siteid=5403&jobid=303084","prime",""
"BAE Systems","BrassRing","Supplier Quality Engineer - Remote in the Northeastern Region of U.S.","Engineering & Technology","","Nashua, NH","US (CONUS)","","","","","","https://sjobs.brassring.com/TGnewUI/Search/home/HomeWithPreLoad?PageType=JobDetails&partnerid=25771&siteid=5403&jobid=301190","prime",""
"BAE Systems","BrassRing","Electrical Assembler II","Manufacturing & Maintenance","","Austin, TX","US (CONUS)","","","","","","https://sjobs.brassring.com/TGnewUI/Search/home/HomeWithPreLoad?PageType=JobDetails&partnerid=25771&siteid=5403&jobid=301614","prime",""
"BAE Systems","BrassRing","Test Tech III","Manufacturing & Maintenance","","Nashua, NH","US (CONUS)","","","","","","https://sjobs.brassring.com/TGnewUI/Search/home/HomeWithPreLoad?PageType=JobDetails&partnerid=25771&siteid=5403&jobid=299543","prime",""
"BAE Systems","BrassRing","Production Support Engineer","Engineering & Technology","","Endicott, NY","US (CONUS)","","","","","","https://sjobs.brassring.com/TGnewUI/Search/home/HomeWithPreLoad?PageType=JobDetails&partnerid=25771&siteid=5403&jobid=303414","prime",""
"BAE Systems","BrassRing","Senior Principal Software Engineer","Engineering & Technology","","Hudson, NH","US (CONUS)","","","","","","https://sjobs.brassring.com/TGnewUI/Search/home/HomeWithPreLoad?PageType=JobDetails&partnerid=25771&siteid=5403&jobid=299301","prime",""
"BAE Systems","BrassRing","Industrial Engineer - Semiconductor Operations","Engineering & Technology","","Nashua, NH","US (CONUS)","","","","","","https://sjobs.brassring.com/TGnewUI/Search/home/HomeWithPreLoad?PageType=JobDetails&partnerid=25771&siteid=5403&jobid=299602","prime",""
"BAE Systems","BrassRing","FAST Lab – Senior FPGA Engineer","Engineering & Technology","","Merrimack, NH","US (CONUS)","","","","","","https://sjobs.brassring.com/TGnewUI/Search/home/HomeWithPreLoad?PageType=JobDetails&partnerid=25771&siteid=5403&jobid=301967","prime",""
"BAE Systems","BrassRing","Test Technician III- 2nd Shift","Engineering & Technology","","Nashua, NH","US (CONUS)","","","","","","https://sjobs.brassring.com/TGnewUI/Search/home/HomeWithPreLoad?PageType=JobDetails&partnerid=25771&siteid=5403&jobid=301104","prime",""
"BAE Systems","BrassRing","Electrical Engineer (Hybrid)","Engineering & Technology","","Cedar Rapids, IA","US (CONUS)","","","","","","https://sjobs.brassring.com/TGnewUI/Search/home/HomeWithPreLoad?PageType=JobDetails&partnerid=25771&siteid=5403&jobid=298023","prime",""
"BAE Systems","BrassRing","Analog Design Discipline Manager","Engineering & Technology","","Endicott, NY","US (CONUS)","","","","","","https://sjobs.brassring.com/TGnewUI/Search/home/HomeWithPreLoad?PageType=JobDetails&partnerid=25771&siteid=5403&jobid=302779","prime",""
"BAE Systems","BrassRing","Environmental Test Technician","Manufacturing & Maintenance","","Manassas, VA","US (CONUS)","","","","","","https://sjobs.brassring.com/TGnewUI/Search/home/HomeWithPreLoad?PageType=JobDetails&partnerid=25771&siteid=5403&jobid=301415","prime",""
"BAE Systems","BrassRing","Section Manager / Software Lead (Sign-on bonus available)","Engineering & Technology","","Nashua, NH","US (CONUS)","","","","","","https://sjobs.brassring.com/TGnewUI/Search/home/HomeWithPreLoad?PageType=JobDetails&partnerid=25771&siteid=5403&jobid=302150","prime",""
"BAE Systems","BrassRing","FAST Labs - Microelectronics Program Manager III","Project & Program Management","","Nashua, NH","US (CONUS)","","","","","","https://sjobs.brassring.com/TGnewUI/Search/home/HomeWithPreLoad?PageType=JobDetails&partnerid=25771&siteid=5403&jobid=303106","prime",""
"BAE Systems","BrassRing","Senior Software Engineer for Embedded Development (Sign-on bonus available)","Engineering & Technology","","Nashua, NH","US (CONUS)","","","","","","https://sjobs.brassring.com/TGnewUI/Search/home/HomeWithPreLoad?PageType=JobDetails&partnerid=25771&siteid=5403&jobid=299502","prime",""
"BAE Systems","BrassRing","System Test Engineer","Engineering & Technology","","Rockville, MD","US (CONUS)","","","","","","https://sjobs.brassring.com/TGnewUI/Search/home/HomeWithPreLoad?PageType=JobDetails&partnerid=25771&siteid=5403&jobid=301432","prime",""
"BAE Systems","BrassRing","Senior RF Communications Engineer - Space Subsystems- $30K Sign On Bonus","Engineering & Technology","","Boulder, CO","US (CONUS)","","","","","","https://sjobs.brassring.com/TGnewUI/Search/home/HomeWithPreLoad?PageType=JobDetails&partnerid=25771&siteid=5403&jobid=302754","prime",""
"BAE Systems","BrassRing","Senior Embedded Software Engineer, Navigation and Sensor Systems","Engineering & Technology","","Cedar Rapids, IA","US (CONUS)","","","","","","https://sjobs.brassring.com/TGnewUI/Search/home/HomeWithPreLoad?PageType=JobDetails&partnerid=25771&siteid=5403&jobid=303352","prime",""
"BAE Systems","BrassRing","Sr. Contract Administrator - Hybrid","Other Professionals","","Hudson, NH","US (CONUS)","","","","","","https://sjobs.brassring.com/TGnewUI/Search/home/HomeWithPreLoad?PageType=JobDetails&partnerid=25771&siteid=5403&jobid=301915","prime",""
"BAE Systems","BrassRing","Hardware Configuration Manager","Engineering & Technology","","Nashua, NH","US (CONUS)","","","","","","https://sjobs.brassring.com/TGnewUI/Search/home/HomeWithPreLoad?PageType=JobDetails&partnerid=25771&siteid=5403&jobid=301353","prime",""
"BAE Systems","BrassRing","Hardware Engineering Manager","Engineering & Technology","","Hudson, NH","US (CONUS)","","","","","","https://sjobs.brassring.com/TGnewUI/Search/home/HomeWithPreLoad?PageType=JobDetails&partnerid=25771&siteid=5403&jobid=302344","prime",""
"BAE Systems","BrassRing","Supply Chain Planner I","Supply Chain & Logistics","","Nashua, NH","US (CONUS)","","","","","","https://sjobs.brassring.com/TGnewUI/Search/home/HomeWithPreLoad?PageType=JobDetails&partnerid=25771&siteid=5403&jobid=302704","prime",""
"BAE Systems","BrassRing","Systems Engineering Manager (Hybrid)","Engineering & Technology","","Greenlawn, NY","US (CONUS)","","","","","","https://sjobs.brassring.com/TGnewUI/Search/home/HomeWithPreLoad?PageType=JobDetails&partnerid=25771&siteid=5403&jobid=301445","prime",""
"BAE Systems","BrassRing","Principal Electrical Engineer (Sign On Bonus Available)","Engineering & Technology","","Austin, TX","US (CONUS)","","","","","","https://sjobs.brassring.com/TGnewUI/Search/home/HomeWithPreLoad?PageType=JobDetails&partnerid=25771&siteid=5403&jobid=302722","prime",""
"BAE Systems","BrassRing","Principal Software Engineer – Production Support","Engineering & Technology","","Nashua, NH","US (CONUS)","","","","","","https://sjobs.brassring.com/TGnewUI/Search/home/HomeWithPreLoad?PageType=JobDetails&partnerid=25771&siteid=5403&jobid=301925","prime",""
"BAE Systems","BrassRing","Test Tech II","Manufacturing & Maintenance","","Austin, TX","US (CONUS)","","","","","","https://sjobs.brassring.com/TGnewUI/Search/home/HomeWithPreLoad?PageType=JobDetails&partnerid=25771&siteid=5403&jobid=301610","prime",""
"BAE Systems","BrassRing","Systems Engineer - Principal","Engineering & Technology","","Cedar Rapids, IA","US (CONUS)","","","","","","https://sjobs.brassring.com/TGnewUI/Search/home/HomeWithPreLoad?PageType=JobDetails&partnerid=25771&siteid=5403&jobid=301723","prime",""
"BAE Systems","BrassRing","Mechanical Tech V","Engineering & Technology","","Nashua, NH","US (CONUS)","","","","","","https://sjobs.brassring.com/TGnewUI/Search/home/HomeWithPreLoad?PageType=JobDetails&partnerid=25771&siteid=5403&jobid=301745","prime",""
"BAE Systems","BrassRing","Airborne Systems Section Lead","Engineering & Technology","","Cedar Rapids, IA","US (CONUS)","","","","","","https://sjobs.brassring.com/TGnewUI/Search/home/HomeWithPreLoad?PageType=JobDetails&partnerid=25771&siteid=5403&jobid=302769","prime",""
"BAE Systems","BrassRing","FAST Labs - Software Engineer - Early Career Levels - Top Secret","Engineering & Technology","","Merrimack, NH","US (CONUS)","","","","","","https://sjobs.brassring.com/TGnewUI/Search/home/HomeWithPreLoad?PageType=JobDetails&partnerid=25771&siteid=5403&jobid=300658","prime",""
"BAE Systems","BrassRing","New Product Introduction Engineer","Engineering & Technology","","Merrimack, NH","US (CONUS)","","","","","","https://sjobs.brassring.com/TGnewUI/Search/home/HomeWithPreLoad?PageType=JobDetails&partnerid=25771&siteid=5403&jobid=302544","prime",""
"BAE Systems","BrassRing","Sr Principal Electrical Engineer","Engineering & Technology","","Huntsville, AL","US (CONUS)","","","","","","https://sjobs.brassring.com/TGnewUI/Search/home/HomeWithPreLoad?PageType=JobDetails&partnerid=25771&siteid=5403&jobid=300677","prime",""
"BAE Systems","BrassRing","Senior PWB Designer","Engineering & Technology","","Endicott, NY","US (CONUS)","","","","","","https://sjobs.brassring.com/TGnewUI/Search/home/HomeWithPreLoad?PageType=JobDetails&partnerid=25771&siteid=5403&jobid=301908","prime",""
"BAE Systems","BrassRing","Principal Backplane Design Engineer - Hardware Engineering","Engineering & Technology","","Nashua, NH","US (CONUS)","","","","","","https://sjobs.brassring.com/TGnewUI/Search/home/HomeWithPreLoad?PageType=JobDetails&partnerid=25771&siteid=5403&jobid=300856","prime",""
"BAE Systems","BrassRing","Sr Prin Software Engineer for Space Payloads - SIGN-ON BONUS","Engineering & Technology","","Merrimack, NH","US (CONUS)","","","","","","https://sjobs.brassring.com/TGnewUI/Search/home/HomeWithPreLoad?PageType=JobDetails&partnerid=25771&siteid=5403&jobid=300156","prime",""
"BAE Systems","BrassRing","Mechanical Engineering Manager / Section Lead","Engineering & Technology","","Merrimack, NH","US (CONUS)","","","","","","https://sjobs.brassring.com/TGnewUI/Search/home/HomeWithPreLoad?PageType=JobDetails&partnerid=25771&siteid=5403&jobid=300920","prime",""
"BAE Systems","BrassRing","Manufacturing/Production Controller 3","Supply Chain & Logistics","","Nashua, NH","US (CONUS)","","","","","","https://sjobs.brassring.com/TGnewUI/Search/home/HomeWithPreLoad?PageType=JobDetails&partnerid=25771&siteid=5403&jobid=300940","prime",""
"BAE Systems","BrassRing","Program Engineering Manager II","Engineering & Technology","","Manchester, NH","US (CONUS)","","","","","","https://sjobs.brassring.com/TGnewUI/Search/home/HomeWithPreLoad?PageType=JobDetails&partnerid=25771&siteid=5403&jobid=301918","prime",""
"BAE Systems","BrassRing","Multi-Domain DevSecOps Engineer","Engineering & Technology","","San Diego, CA","US (CONUS)","","","","","","https://sjobs.brassring.com/TGnewUI/Search/home/HomeWithPreLoad?PageType=JobDetails&partnerid=25771&siteid=5403&jobid=301933","prime",""
"BAE Systems","BrassRing","CEMA Procurement Analyst II- Hybrid- Hudson/Austin","Supply Chain & Logistics","","Hudson, NH","US (CONUS)","","","","","","https://sjobs.brassring.com/TGnewUI/Search/home/HomeWithPreLoad?PageType=JobDetails&partnerid=25771&siteid=5403&jobid=300698","prime",""
"BAE Systems","BrassRing","Senior Principal Model Based Systems Engineer","Engineering & Technology","","Nashua, NH","US (CONUS)","","","","","","https://sjobs.brassring.com/TGnewUI/Search/home/HomeWithPreLoad?PageType=JobDetails&partnerid=25771&siteid=5403&jobid=302508","prime",""
"BAE Systems","BrassRing","Plant Engineering Functional Support Specialist (Onsite)","Manufacturing & Maintenance","","Manchester, NH","US (CONUS)","","","","","","https://sjobs.brassring.com/TGnewUI/Search/home/HomeWithPreLoad?PageType=JobDetails&partnerid=25771&siteid=5403&jobid=301488","prime",""
"BAE Systems","BrassRing","Space Vehicle Systems Project Engineer I","Engineering & Technology","","Boulder, CO","US (CONUS)","","","","","","https://sjobs.brassring.com/TGnewUI/Search/home/HomeWithPreLoad?PageType=JobDetails&partnerid=25771&siteid=5403&jobid=302522","prime",""
"BAE Systems","BrassRing","Software Engineering Lead","Engineering & Technology","","Merrimack, NH","US (CONUS)","","","","","","https://sjobs.brassring.com/TGnewUI/Search/home/HomeWithPreLoad?PageType=JobDetails&partnerid=25771&siteid=5403&jobid=301535","prime",""
"BAE Systems","BrassRing","CEMA Procurement Analyst II- Hybrid- Hudson/Austin","Supply Chain & Logistics","","Hudson, NH","US (CONUS)","","","","","","https://sjobs.brassring.com/TGnewUI/Search/home/HomeWithPreLoad?PageType=JobDetails&partnerid=25771&siteid=5403&jobid=301773","prime",""
"BAE Systems","BrassRing","Alternate Contractor SAP Security Officer (ACSSO) - Onsite","Other Professionals","","Nashua, NH","US (CONUS)","","","","","","https://sjobs.brassring.com/TGnewUI/Search/home/HomeWithPreLoad?PageType=JobDetails&partnerid=25771&siteid=5403&jobid=302569","prime",""
"BAE Systems","BrassRing","Chief Engineer and Functional Manager","Engineering & Technology","","Nashua, NH","US (CONUS)","","","","","","https://sjobs.brassring.com/TGnewUI/Search/home/HomeWithPreLoad?PageType=JobDetails&partnerid=25771&siteid=5403&jobid=298936","prime",""
"BAE Systems","BrassRing","Supplier Quality Factory Engineer","Other Professionals","","Fort Wayne, IN","US (CONUS)","","","","","","https://sjobs.brassring.com/TGnewUI/Search/home/HomeWithPreLoad?PageType=JobDetails&partnerid=25771&siteid=5403&jobid=303156","prime",""
"BAE Systems","BrassRing","Principal Software Engineer – Algorithm Team","Engineering & Technology","","Merrimack, NH","US (CONUS)","","","","","","https://sjobs.brassring.com/TGnewUI/Search/home/HomeWithPreLoad?PageType=JobDetails&partnerid=25771&siteid=5403&jobid=303164","prime",""
"BAE Systems","BrassRing","Senior Systems Engineer","Engineering & Technology","","Endicott, NY","US (CONUS)","","","","","","https://sjobs.brassring.com/TGnewUI/Search/home/HomeWithPreLoad?PageType=JobDetails&partnerid=25771&siteid=5403&jobid=299230","prime",""
"BAE Systems","BrassRing","Senior Project Financial Analyst (Hybrid)","Finance & Accounting","","Nashua, NH","US (CONUS)","","","","","","https://sjobs.brassring.com/TGnewUI/Search/home/HomeWithPreLoad?PageType=JobDetails&partnerid=25771&siteid=5403&jobid=303708","prime",""
"BAE Systems","BrassRing","Principal Systems Engineer (Onsite)","Engineering & Technology","","Merrimack, NH","US (CONUS)","","","","","","https://sjobs.brassring.com/TGnewUI/Search/home/HomeWithPreLoad?PageType=JobDetails&partnerid=25771&siteid=5403&jobid=300891","prime",""
"BAE Systems","BrassRing","Senior Engineer - Space Vehicle System Test (AI&T) - $15K Sign On Bonus","Engineering & Technology","","Boulder, CO","US (CONUS)","","","","","","https://sjobs.brassring.com/TGnewUI/Search/home/HomeWithPreLoad?PageType=JobDetails&partnerid=25771&siteid=5403&jobid=302190","prime",""
"BAE Systems","BrassRing","Entry Level Electrical Engineer","Engineering & Technology","","San Diego, CA","US (CONUS)","","","","","","https://sjobs.brassring.com/TGnewUI/Search/home/HomeWithPreLoad?PageType=JobDetails&partnerid=25771&siteid=5403&jobid=302686","prime",""
"BAE Systems","BrassRing","Supplier Quality Engineer - PWB- Electronics Category (remote in NH or CA)","Engineering & Technology","","San Diego, CA","US (CONUS)","","","","","","https://sjobs.brassring.com/TGnewUI/Search/home/HomeWithPreLoad?PageType=JobDetails&partnerid=25771&siteid=5403&jobid=301195","prime",""
"BAE Systems","BrassRing","Senior Embedded Software Engineer, Navigation and Sensor Systems","Engineering & Technology","","Cedar Rapids, IA","US (CONUS)","","","","","","https://sjobs.brassring.com/TGnewUI/Search/home/HomeWithPreLoad?PageType=JobDetails&partnerid=25771&siteid=5403&jobid=303353","prime",""
"BAE Systems","BrassRing","Engineering Training Manager - Hybrid","Engineering & Technology","","Hudson, NH","US (CONUS)","","","","","","https://sjobs.brassring.com/TGnewUI/Search/home/HomeWithPreLoad?PageType=JobDetails&partnerid=25771&siteid=5403&jobid=302305","prime",""
"BAE Systems","BrassRing","Systems Engineer Principal – Lead Systems Engineer - Sign On Bonus","Engineering & Technology","","Boulder, CO","US (CONUS)","","","","","","https://sjobs.brassring.com/TGnewUI/Search/home/HomeWithPreLoad?PageType=JobDetails&partnerid=25771&siteid=5403&jobid=302330","prime",""
"BAE Systems","BrassRing","Sr. Principal Mechanical Engineer (Structural Analysis SME)","Engineering & Technology","","Nashua, NH","US (CONUS)","","","","","","https://sjobs.brassring.com/TGnewUI/Search/home/HomeWithPreLoad?PageType=JobDetails&partnerid=25771&siteid=5403&jobid=303388","prime",""
"BAE Systems","BrassRing","Electrical assembler II - 2nd Shift","Manufacturing & Maintenance","","Nashua, NH","US (CONUS)","","","","","","https://sjobs.brassring.com/TGnewUI/Search/home/HomeWithPreLoad?PageType=JobDetails&partnerid=25771&siteid=5403&jobid=302337","prime",""
"BAE Systems","BrassRing","Senior Software Engineer","Engineering & Technology","","Austin, TX","US (CONUS)","","","","","","https://sjobs.brassring.com/TGnewUI/Search/home/HomeWithPreLoad?PageType=JobDetails&partnerid=25771&siteid=5403&jobid=303213","prime",""
"BAE Systems","BrassRing","Test Tech III ESS","Manufacturing & Maintenance","","Nashua, NH","US (CONUS)","","","","","","https://sjobs.brassring.com/TGnewUI/Search/home/HomeWithPreLoad?PageType=JobDetails&partnerid=25771&siteid=5403&jobid=301362","prime",""
"BAE Systems","BrassRing","Engineering Intern (EE/CE/RF) III, Summer 2027 (Hybrid)","Engineering & Technology","","Nashua, NH","US (CONUS)","","","","","","https://sjobs.brassring.com/TGnewUI/Search/home/HomeWithPreLoad?PageType=JobDetails&partnerid=25771&siteid=5403&jobid=301582","prime",""
"BAE Systems","BrassRing","Program Lead EQT/ EMI Systems Engineer","Engineering & Technology","","Nashua, NH","US (CONUS)","","","","","","https://sjobs.brassring.com/TGnewUI/Search/home/HomeWithPreLoad?PageType=JobDetails&partnerid=25771&siteid=5403&jobid=302697","prime",""
"BAE Systems","BrassRing","Engineer II – Advanced Test Software","Engineering & Technology","","Westminster, CO","US (CONUS)","","","","","","https://sjobs.brassring.com/TGnewUI/Search/home/HomeWithPreLoad?PageType=JobDetails&partnerid=25771&siteid=5403&jobid=302017","prime",""
"BAE Systems","BrassRing","Software Engineering Intern IV, (Summer 2027) Onsite","Engineering & Technology","","Nashua, NH","US (CONUS)","","","","","","https://sjobs.brassring.com/TGnewUI/Search/home/HomeWithPreLoad?PageType=JobDetails&partnerid=25771&siteid=5403&jobid=302043","prime",""
"BAE Systems","BrassRing","APKWS Program Engineering Manager II","Engineering & Technology","","Hudson, NH","US (CONUS)","","","","","","https://sjobs.brassring.com/TGnewUI/Search/home/HomeWithPreLoad?PageType=JobDetails&partnerid=25771&siteid=5403&jobid=301702","prime",""
"BAE Systems","BrassRing","Hardware Lead (Sign on Bonus)","Engineering & Technology","","Nashua, NH","US (CONUS)","","","","","","https://sjobs.brassring.com/TGnewUI/Search/home/HomeWithPreLoad?PageType=JobDetails&partnerid=25771&siteid=5403&jobid=302856","prime",""
"BAE Systems","BrassRing","Intellectual Property Legal Intern IV, Fall 2026 (Hybrid)","Other Professionals","","Nashua, NH","US (CONUS)","","","","","","https://sjobs.brassring.com/TGnewUI/Search/home/HomeWithPreLoad?PageType=JobDetails&partnerid=25771&siteid=5403&jobid=301759","prime",""
"BAE Systems","BrassRing","Test Engineer II - Microwave","Engineering & Technology","","Nashua, NH","US (CONUS)","","","","","","https://sjobs.brassring.com/TGnewUI/Search/home/HomeWithPreLoad?PageType=JobDetails&partnerid=25771&siteid=5403&jobid=301435","prime",""
"BAE Systems","BrassRing","Systems Engineering Intern IV, Summer 2027 (NH - Onsite)","Engineering & Technology","","Nashua, NH","US (CONUS)","","","","","","https://sjobs.brassring.com/TGnewUI/Search/home/HomeWithPreLoad?PageType=JobDetails&partnerid=25771&siteid=5403&jobid=302214","prime",""
"BAE Systems","BrassRing","CEMA Procurement Analyst II - Hybrid - Hudson/Austin","Supply Chain & Logistics","","Hudson, NH","US (CONUS)","","","","","","https://sjobs.brassring.com/TGnewUI/Search/home/HomeWithPreLoad?PageType=JobDetails&partnerid=25771&siteid=5403&jobid=300705","prime",""
"BAE Systems","BrassRing","Material Handler III","Supply Chain & Logistics","","Manassas, VA","US (CONUS)","","","","","","https://sjobs.brassring.com/TGnewUI/Search/home/HomeWithPreLoad?PageType=JobDetails&partnerid=25771&siteid=5403&jobid=301478","prime",""
"BAE Systems","BrassRing","Senior Accountant (Full-time Remote Considered)","Finance & Accounting","","Nashua, NH","US (CONUS)","","","","","","https://sjobs.brassring.com/TGnewUI/Search/home/HomeWithPreLoad?PageType=JobDetails&partnerid=25771&siteid=5403&jobid=302669","prime",""
"BAE Systems","BrassRing","Senior Program Quality Engineer","Engineering & Technology","","Merrimack, NH","US (CONUS)","","","","","","https://sjobs.brassring.com/TGnewUI/Search/home/HomeWithPreLoad?PageType=JobDetails&partnerid=25771&siteid=5403&jobid=301467","prime",""
"BAE Systems","BrassRing","Senior Principal Engineer – Payload RF Technical Lead- $10K Sign-on Bonus","Engineering & Technology","","Broomfield, CO","US (CONUS)","","","","","","https://sjobs.brassring.com/TGnewUI/Search/home/HomeWithPreLoad?PageType=JobDetails&partnerid=25771&siteid=5403&jobid=302191","prime",""
"BAE Systems","BrassRing","Test Equipment Engineering Assistant-2K Sign on Bonus!","Manufacturing & Maintenance","","Greenlawn, NY","US (CONUS)","","","","","","https://sjobs.brassring.com/TGnewUI/Search/home/HomeWithPreLoad?PageType=JobDetails&partnerid=25771&siteid=5403&jobid=301097","prime",""
"BAE Systems","BrassRing","Systems Engineering Intern II, Summer 2027 (NH-Onsite)","Engineering & Technology","","Nashua, NH","US (CONUS)","","","","","","https://sjobs.brassring.com/TGnewUI/Search/home/HomeWithPreLoad?PageType=JobDetails&partnerid=25771&siteid=5403&jobid=302215","prime",""
"BAE Systems","BrassRing","Engineer II -Test Hardware Support","Engineering & Technology","","Nashua, NH","US (CONUS)","","","","","","https://sjobs.brassring.com/TGnewUI/Search/home/HomeWithPreLoad?PageType=JobDetails&partnerid=25771&siteid=5403&jobid=302103","prime",""
"BAE Systems","BrassRing","Senior Systems Engineer-Performance and Simulation","Engineering & Technology","","Nashua, NH","US (CONUS)","","","","","","https://sjobs.brassring.com/TGnewUI/Search/home/HomeWithPreLoad?PageType=JobDetails&partnerid=25771&siteid=5403&jobid=302013","prime",""
"BAE Systems","BrassRing","Engineer Senior Principal - EO Payload Performance Analyst","Engineering & Technology","","Broomfield, CO","US (CONUS)","","","","","","https://sjobs.brassring.com/TGnewUI/Search/home/HomeWithPreLoad?PageType=JobDetails&partnerid=25771&siteid=5403&jobid=303077","prime",""
"BAE Systems","BrassRing","Facilities Mechanic","Other Professionals","","Wayne, NJ","US (CONUS)","","","","","","https://sjobs.brassring.com/TGnewUI/Search/home/HomeWithPreLoad?PageType=JobDetails&partnerid=25771&siteid=5403&jobid=301129","prime",""
"BAE Systems","BrassRing","Development Supply Chain Program Manager","Supply Chain & Logistics","","Nashua, NH","US (CONUS)","","","","","","https://sjobs.brassring.com/TGnewUI/Search/home/HomeWithPreLoad?PageType=JobDetails&partnerid=25771&siteid=5403&jobid=301932","prime",""
"BAE Systems","BrassRing","Additive Manufacturing Intern II, Summer 2027 (Onsite)","Engineering & Technology","","Hudson, NH","US (CONUS)","","","","","","https://sjobs.brassring.com/TGnewUI/Search/home/HomeWithPreLoad?PageType=JobDetails&partnerid=25771&siteid=5403&jobid=303182","prime",""
"BAE Systems","BrassRing","Mechanical Technician IV","Manufacturing & Maintenance","","Merrimack, NH","US (CONUS)","","","","","","https://sjobs.brassring.com/TGnewUI/Search/home/HomeWithPreLoad?PageType=JobDetails&partnerid=25771&siteid=5403&jobid=303407","prime",""
"BAE Systems","BrassRing","Test Automation Lead (Sign On Bonus Available)","Engineering & Technology","","Merrimack, NH","US (CONUS)","","","","","","https://sjobs.brassring.com/TGnewUI/Search/home/HomeWithPreLoad?PageType=JobDetails&partnerid=25771&siteid=5403&jobid=302974","prime",""
"BAE Systems","BrassRing","Senior Director of Software Engineering","Engineering & Technology","","Merrimack, NH","US (CONUS)","","","","","","https://sjobs.brassring.com/TGnewUI/Search/home/HomeWithPreLoad?PageType=JobDetails&partnerid=25771&siteid=5403&jobid=300779","prime",""
"BAE Systems","BrassRing","Test Technician II- Microwave SOuth 2nd Shift","Engineering & Technology","","Nashua, NH","US (CONUS)","","","","","","https://sjobs.brassring.com/TGnewUI/Search/home/HomeWithPreLoad?PageType=JobDetails&partnerid=25771&siteid=5403&jobid=299689","prime",""
"BAE Systems","BrassRing","Software Engineer II – Embedded Software","Engineering & Technology","","Merrimack, NH","US (CONUS)","","","","","","https://sjobs.brassring.com/TGnewUI/Search/home/HomeWithPreLoad?PageType=JobDetails&partnerid=25771&siteid=5403&jobid=302236","prime",""
"BAE Systems","BrassRing","Principal Systems Engineer - Anti-Tamper","Engineering & Technology","","Nashua, NH","US (CONUS)","","","","","","https://sjobs.brassring.com/TGnewUI/Search/home/HomeWithPreLoad?PageType=JobDetails&partnerid=25771&siteid=5403&jobid=301310","prime",""
"BAE Systems","BrassRing","Chief Engineer - EO/IR (ON-SITE)","Engineering & Technology","","Merrimack, NH","US (CONUS)","","","","","","https://sjobs.brassring.com/TGnewUI/Search/home/HomeWithPreLoad?PageType=JobDetails&partnerid=25771&siteid=5403&jobid=302084","prime",""
"BAE Systems","BrassRing","Senior Systems Engineer-Development","Engineering & Technology","","Nashua, NH","US (CONUS)","","","","","","https://sjobs.brassring.com/TGnewUI/Search/home/HomeWithPreLoad?PageType=JobDetails&partnerid=25771&siteid=5403&jobid=302087","prime",""
"BAE Systems","BrassRing","Principle RF/Microwave Engineer","Engineering & Technology","","Nashua, NH","US (CONUS)","","","","","","https://sjobs.brassring.com/TGnewUI/Search/home/HomeWithPreLoad?PageType=JobDetails&partnerid=25771&siteid=5403&jobid=300656","prime",""
"BAE Systems","BrassRing","Principal Systems Storage Administrator","Engineering & Technology","","Westminster, CO","US (CONUS)","","","","","","https://sjobs.brassring.com/TGnewUI/Search/home/HomeWithPreLoad?PageType=JobDetails&partnerid=25771&siteid=5403&jobid=302124","prime",""
"BAE Systems","BrassRing","Mechanical Engineering Coop (Spring/Summer 2027), Onsite","Engineering & Technology","","Cedar Rapids, IA","US (CONUS)","","","","","","https://sjobs.brassring.com/TGnewUI/Search/home/HomeWithPreLoad?PageType=JobDetails&partnerid=25771&siteid=5403&jobid=301764","prime",""
"BAE Systems","BrassRing","Systems Engineering Discipline Manager","Engineering & Technology","","Austin, TX","US (CONUS)","","","","","","https://sjobs.brassring.com/TGnewUI/Search/home/HomeWithPreLoad?PageType=JobDetails&partnerid=25771&siteid=5403&jobid=299783","prime",""
"BAE Systems","BrassRing","CEMA Procurement Analyst II - Hybrid - Hudson/Austin","Supply Chain & Logistics","","Hudson, NH","US (CONUS)","","","","","","https://sjobs.brassring.com/TGnewUI/Search/home/HomeWithPreLoad?PageType=JobDetails&partnerid=25771&siteid=5403&jobid=301774","prime",""
"BAE Systems","BrassRing","Principal Safety Engineer","Engineering & Technology","","Nashua, NH","US (CONUS)","","","","","","https://sjobs.brassring.com/TGnewUI/Search/home/HomeWithPreLoad?PageType=JobDetails&partnerid=25771&siteid=5403&jobid=299763","prime",""
"BAE Systems","BrassRing","Senior Principal Software Engineer (Sign On Bonus Available)","Engineering & Technology","","Hudson, NH","US (CONUS)","","","","","","https://sjobs.brassring.com/TGnewUI/Search/home/HomeWithPreLoad?PageType=JobDetails&partnerid=25771&siteid=5403&jobid=302973","prime",""
"BAE Systems","BrassRing","Manufacturing Tech III (Second Shift)","Manufacturing & Maintenance","","Nashua, NH","US (CONUS)","","","","","","https://sjobs.brassring.com/TGnewUI/Search/home/HomeWithPreLoad?PageType=JobDetails&partnerid=25771&siteid=5403&jobid=303005","prime",""
"BAE Systems","BrassRing","Software Intern (High School) - Summer 2027 Onsite","Engineering & Technology","","Nashua, NH","US (CONUS)","","","","","","https://sjobs.brassring.com/TGnewUI/Search/home/HomeWithPreLoad?PageType=JobDetails&partnerid=25771&siteid=5403&jobid=302041","prime",""
"BAE Systems","BrassRing","Principal FPGA Digital Design Engineer - Sign-on Bonus","Engineering & Technology","","Nashua, NH","US (CONUS)","","","","","","https://sjobs.brassring.com/TGnewUI/Search/home/HomeWithPreLoad?PageType=JobDetails&partnerid=25771&siteid=5403&jobid=300652","prime",""
"BAE Systems","BrassRing","Mechanical Tech III","Manufacturing & Maintenance","","Nashua, NH","US (CONUS)","","","","","","https://sjobs.brassring.com/TGnewUI/Search/home/HomeWithPreLoad?PageType=JobDetails&partnerid=25771&siteid=5403&jobid=302952","prime",""
"BAE Systems","BrassRing","Power Supply Discipline Manager","Engineering & Technology","","Endicott, NY","US (CONUS)","","","","","","https://sjobs.brassring.com/TGnewUI/Search/home/HomeWithPreLoad?PageType=JobDetails&partnerid=25771&siteid=5403&jobid=302959","prime",""
"BAE Systems","BrassRing","Contractor SAP Security Officer (CSSO)","Other Professionals","","Merrimack, NH","US (CONUS)","","","","","","https://sjobs.brassring.com/TGnewUI/Search/home/HomeWithPreLoad?PageType=JobDetails&partnerid=25771&siteid=5403&jobid=302604","prime",""
"BAE Systems","BrassRing","Weekend Days Test Engineer","Engineering & Technology","","Nashua, NH","US (CONUS)","","","","","","https://sjobs.brassring.com/TGnewUI/Search/home/HomeWithPreLoad?PageType=JobDetails&partnerid=25771&siteid=5403&jobid=299363","prime",""
"BAE Systems","BrassRing","FAST Labs - Optical Systems Senior Scientist","Engineering & Technology","","Merrimack, NH","US (CONUS)","","","","","","https://sjobs.brassring.com/TGnewUI/Search/home/HomeWithPreLoad?PageType=JobDetails&partnerid=25771&siteid=5403&jobid=302872","prime",""
"BAE Systems","BrassRing","Software Engineering Manager for Space Systems","Engineering & Technology","","Merrimack, NH","US (CONUS)","","","","","","https://sjobs.brassring.com/TGnewUI/Search/home/HomeWithPreLoad?PageType=JobDetails&partnerid=25771&siteid=5403&jobid=300165","prime",""
"BAE Systems","BrassRing","Additive Manufacturing Technician","Engineering & Technology","","Hudson, NH","US (CONUS)","","","","","","https://sjobs.brassring.com/TGnewUI/Search/home/HomeWithPreLoad?PageType=JobDetails&partnerid=25771&siteid=5403&jobid=302696","prime",""
"BAE Systems","BrassRing","Supply Chain Program Manager - Hybrid (onsite)","Supply Chain & Logistics","","Fort Wayne, IN","US (CONUS)","","","","","","https://sjobs.brassring.com/TGnewUI/Search/home/HomeWithPreLoad?PageType=JobDetails&partnerid=25771&siteid=5403&jobid=301655","prime",""
"BAE Systems","BrassRing","Senior Contract Administrator - Hybrid","Other Professionals","","Merrimack, NH","US (CONUS)","","","","","","https://sjobs.brassring.com/TGnewUI/Search/home/HomeWithPreLoad?PageType=JobDetails&partnerid=25771&siteid=5403&jobid=299054","prime",""
"BAE Systems","BrassRing","Semiconductor Equipment Maintenance Technician IV","Engineering & Technology","","Nashua, NH","US (CONUS)","","","","","","https://sjobs.brassring.com/TGnewUI/Search/home/HomeWithPreLoad?PageType=JobDetails&partnerid=25771&siteid=5403&jobid=302040","prime",""
"BAE Systems","BrassRing","Senior Engineer - Advanced Test Software","Engineering & Technology","","Westminster, CO","US (CONUS)","","","","","","https://sjobs.brassring.com/TGnewUI/Search/home/HomeWithPreLoad?PageType=JobDetails&partnerid=25771&siteid=5403&jobid=302016","prime",""
"BAE Systems","BrassRing","Procurement Analyst II","Supply Chain & Logistics","","Nashua, NH","US (CONUS)","","","","","","https://sjobs.brassring.com/TGnewUI/Search/home/HomeWithPreLoad?PageType=JobDetails&partnerid=25771&siteid=5403&jobid=300840","prime",""
"BAE Systems","BrassRing","Technical Specialist I - Mechanical & Machining","Manufacturing & Maintenance","","Boulder, CO","US (CONUS)","","","","","","https://sjobs.brassring.com/TGnewUI/Search/home/HomeWithPreLoad?PageType=JobDetails&partnerid=25771&siteid=5403&jobid=302246","prime",""
"BAE Systems","BrassRing","Principal Software Engineer","Engineering & Technology","","Hudson, NH","US (CONUS)","","","","","","https://sjobs.brassring.com/TGnewUI/Search/home/HomeWithPreLoad?PageType=JobDetails&partnerid=25771&siteid=5403&jobid=300841","prime",""
"BAE Systems","BrassRing","Program Controls Analyst Senior Principal II","Finance & Accounting","","Broomfield, CO","US (CONUS)","","","","","","https://sjobs.brassring.com/TGnewUI/Search/home/HomeWithPreLoad?PageType=JobDetails&partnerid=25771&siteid=5403&jobid=302263","prime",""
"BAE Systems","BrassRing","Mechanical Technician IV - 4th Shift (Fri-Sun)","Manufacturing & Maintenance","","Nashua, NH","US (CONUS)","","","","","","https://sjobs.brassring.com/TGnewUI/Search/home/HomeWithPreLoad?PageType=JobDetails&partnerid=25771&siteid=5403&jobid=302241","prime",""
"BAE Systems","BrassRing","Production Manager/VSL","Manufacturing & Maintenance","","Greenlawn, NY","US (CONUS)","","","","","","https://sjobs.brassring.com/TGnewUI/Search/home/HomeWithPreLoad?PageType=JobDetails&partnerid=25771&siteid=5403&jobid=299111","prime",""
"BAE Systems","BrassRing","Principal Software Engineer (Hybrid)","Engineering & Technology","","Greenlawn, NY","US (CONUS)","","","","","","https://sjobs.brassring.com/TGnewUI/Search/home/HomeWithPreLoad?PageType=JobDetails&partnerid=25771&siteid=5403&jobid=302934","prime",""
"BAE Systems","BrassRing","Quality Leadership Development Program (Hybrid)","Other Professionals","","Nashua, NH","US (CONUS)","","","","","","https://sjobs.brassring.com/TGnewUI/Search/home/HomeWithPreLoad?PageType=JobDetails&partnerid=25771&siteid=5403&jobid=303302","prime",""
"BAE Systems","BrassRing","Program Manager II","Project & Program Management","","Westminster, CO","US (CONUS)","","","","","","https://sjobs.brassring.com/TGnewUI/Search/home/HomeWithPreLoad?PageType=JobDetails&partnerid=25771&siteid=5403&jobid=302888","prime",""
"BAE Systems","BrassRing","Program Manager III","Project & Program Management","","Westminster, CO","US (CONUS)","","","","","","https://sjobs.brassring.com/TGnewUI/Search/home/HomeWithPreLoad?PageType=JobDetails&partnerid=25771&siteid=5403&jobid=302898","prime",""
"BAE Systems","BrassRing","Operations Program Manager I","Project & Program Management","","Nashua, NH","US (CONUS)","","","","","","https://sjobs.brassring.com/TGnewUI/Search/home/HomeWithPreLoad?PageType=JobDetails&partnerid=25771&siteid=5403&jobid=300249","prime",""
"BAE Systems","BrassRing","Principal Mechanical Engineer (Design/Analysis)","Engineering & Technology","","Nashua, NH","US (CONUS)","","","","","","https://sjobs.brassring.com/TGnewUI/Search/home/HomeWithPreLoad?PageType=JobDetails&partnerid=25771&siteid=5403&jobid=300250","prime",""
"BAE Systems","BrassRing","Principal RF Test Software Engineer (Hybrid, Sign On Bonus Available)","Engineering & Technology","","Nashua, NH","US (CONUS)","","","","","","https://sjobs.brassring.com/TGnewUI/Search/home/HomeWithPreLoad?PageType=JobDetails&partnerid=25771&siteid=5403&jobid=299049","prime",""
"BAE Systems","BrassRing","Supply Chain Program Manager - Hybrid (onsite)","Supply Chain & Logistics","","Fort Wayne, IN","US (CONUS)","","","","","","https://sjobs.brassring.com/TGnewUI/Search/home/HomeWithPreLoad?PageType=JobDetails&partnerid=25771&siteid=5403&jobid=301656","prime",""
"BAE Systems","BrassRing","Software Engineering Lead (Hybrid)","Engineering & Technology","","Hudson, NH","US (CONUS)","","","","","","https://sjobs.brassring.com/TGnewUI/Search/home/HomeWithPreLoad?PageType=JobDetails&partnerid=25771&siteid=5403&jobid=302060","prime",""
"BAE Systems","BrassRing","Principal Electrical Engineer (Sign On Bonus Available)","Engineering & Technology","","Nashua, NH","US (CONUS)","","","","","","https://sjobs.brassring.com/TGnewUI/Search/home/HomeWithPreLoad?PageType=JobDetails&partnerid=25771&siteid=5403&jobid=302286","prime",""
"BAE Systems","BrassRing","Advanced Laminate Composite Technician -Sign on Bonus!","Manufacturing & Maintenance","","Merrimack, NH","US (CONUS)","","","","","","https://sjobs.brassring.com/TGnewUI/Search/home/HomeWithPreLoad?PageType=JobDetails&partnerid=25771&siteid=5403&jobid=301688","prime",""
"BAE Systems","BrassRing","EMI/EMC Engineer II – $10K Sign-On Bonus","Engineering & Technology","","Westminster, CO","US (CONUS)","","","","","","https://sjobs.brassring.com/TGnewUI/Search/home/HomeWithPreLoad?PageType=JobDetails&partnerid=25771&siteid=5403&jobid=302061","prime",""
"BAE Systems","BrassRing","Software Engineer II – Test Automation","Engineering & Technology","","Merrimack, NH","US (CONUS)","","","","","","https://sjobs.brassring.com/TGnewUI/Search/home/HomeWithPreLoad?PageType=JobDetails&partnerid=25771&siteid=5403&jobid=302239","prime",""
"BAE Systems","BrassRing","Quality Engineer II - Microelectronics Manufacturing","Other Professionals","","Nashua, NH","US (CONUS)","","","","","","https://sjobs.brassring.com/TGnewUI/Search/home/HomeWithPreLoad?PageType=JobDetails&partnerid=25771&siteid=5403&jobid=301689","prime",""
"BAE Systems","BrassRing","Senior Principal Digital Signal Processing (DSP) Engineer","Engineering & Technology","","Hudson, NH","US (CONUS)","","","","","","https://sjobs.brassring.com/TGnewUI/Search/home/HomeWithPreLoad?PageType=JobDetails&partnerid=25771&siteid=5403&jobid=302062","prime",""
"BAE Systems","BrassRing","Product Stream Manager - LRASM / Conformal Antennas","Manufacturing & Maintenance","","Merrimack, NH","US (CONUS)","","","","","","https://sjobs.brassring.com/TGnewUI/Search/home/HomeWithPreLoad?PageType=JobDetails&partnerid=25771&siteid=5403&jobid=301691","prime",""
"BAE Systems","BrassRing","Subcontract Program Manager","Supply Chain & Logistics","","Nashua, NH","US (CONUS)","","","","","","https://sjobs.brassring.com/TGnewUI/Search/home/HomeWithPreLoad?PageType=JobDetails&partnerid=25771&siteid=5403&jobid=299656","prime",""
"BAE Systems","BrassRing","Engineering Section Lead - Signal Exploitation Capability Group","Engineering & Technology","","Hudson, NH","US (CONUS)","","","","","","https://sjobs.brassring.com/TGnewUI/Search/home/HomeWithPreLoad?PageType=JobDetails&partnerid=25771&siteid=5403&jobid=302063","prime",""
"BAE Systems","BrassRing","Sr. Principal II Software Engineer","Engineering & Technology","","Totowa, NJ","US (CONUS)","","","","","","https://sjobs.brassring.com/TGnewUI/Search/home/HomeWithPreLoad?PageType=JobDetails&partnerid=25771&siteid=5403&jobid=299710","prime",""
"BAE Systems","BrassRing","Engineer Principal – Systems Test - Space Vehicle (AI&T / ATLO) - $15K Sign On Bonus","Engineering & Technology","","Boulder, CO","US (CONUS)","","","","","","https://sjobs.brassring.com/TGnewUI/Search/home/HomeWithPreLoad?PageType=JobDetails&partnerid=25771&siteid=5403&jobid=302192","prime",""
"BAE Systems","BrassRing","Principal Energy Engineer","Other Professionals","","Nashua, NH","US (CONUS)","","","","","","https://sjobs.brassring.com/TGnewUI/Search/home/HomeWithPreLoad?PageType=JobDetails&partnerid=25771&siteid=5403&jobid=301147","prime",""
"BAE Systems","BrassRing","Engineer Principal – Spacecraft Mechanical Design","Engineering & Technology","","Boulder, CO","US (CONUS)","","","","","","https://sjobs.brassring.com/TGnewUI/Search/home/HomeWithPreLoad?PageType=JobDetails&partnerid=25771&siteid=5403&jobid=302196","prime",""
"BAE Systems","BrassRing","Strategic Factory Manager- Sign on bonus!","Manufacturing & Maintenance","","Austin, TX","US (CONUS)","","","","","","https://sjobs.brassring.com/TGnewUI/Search/home/HomeWithPreLoad?PageType=JobDetails&partnerid=25771&siteid=5403&jobid=299968","prime",""
"BAE Systems","BrassRing","Quality Technician III","Engineering & Technology","","Fort Wayne, IN","US (CONUS)","","","","","","https://sjobs.brassring.com/TGnewUI/Search/home/HomeWithPreLoad?PageType=JobDetails&partnerid=25771&siteid=5403&jobid=301727","prime",""
"BAE Systems","BrassRing","Electronics Test Engineer, Aftermarket (Multiple Shifts)","Manufacturing & Maintenance","","Fort Wayne, IN","US (CONUS)","","","","","","https://sjobs.brassring.com/TGnewUI/Search/home/HomeWithPreLoad?PageType=JobDetails&partnerid=25771&siteid=5403&jobid=303178","prime",""
"BAE Systems","BrassRing","Linux Administrator","Engineering & Technology","","Aberdeen Proving Ground, MD","US (CONUS)","","","","","","https://sjobs.brassring.com/TGnewUI/Search/home/HomeWithPreLoad?PageType=JobDetails&partnerid=25771&siteid=5403&jobid=301729","prime",""
"BAE Systems","BrassRing","Supply Chain Program Manager","Supply Chain & Logistics","","Austin, TX","US (CONUS)","","","","","","https://sjobs.brassring.com/TGnewUI/Search/home/HomeWithPreLoad?PageType=JobDetails&partnerid=25771&siteid=5403&jobid=300200","prime",""
"BAE Systems","BrassRing","Electronic Manufacturing Inspector II","Manufacturing & Maintenance","","Wayne, NJ","US (CONUS)","","","","","","https://sjobs.brassring.com/TGnewUI/Search/home/HomeWithPreLoad?PageType=JobDetails&partnerid=25771&siteid=5403&jobid=299979","prime",""
"BAE Systems","BrassRing","Receiving Quality Inspector III","Other Professionals","","Greenlawn, NY","US (CONUS)","","","","","","https://sjobs.brassring.com/TGnewUI/Search/home/HomeWithPreLoad?PageType=JobDetails&partnerid=25771&siteid=5403&jobid=300339","prime",""
"BAE Systems","BrassRing","Infrastructure/Hardware Technology Program Manager","Project & Program Management","","Nashua, NH","US (CONUS)","","","","","","https://sjobs.brassring.com/TGnewUI/Search/home/HomeWithPreLoad?PageType=JobDetails&partnerid=25771&siteid=5403&jobid=299796","prime",""
"BAE Systems","BrassRing","Senior Principal System Security Lead","Engineering & Technology","","Totowa, NJ","US (CONUS)","","","","","","https://sjobs.brassring.com/TGnewUI/Search/home/HomeWithPreLoad?PageType=JobDetails&partnerid=25771&siteid=5403&jobid=301257","prime",""
"BAE Systems","BrassRing","Program Manager II","Project & Program Management","","Endicott, NY","US (CONUS)","","","","","","https://sjobs.brassring.com/TGnewUI/Search/home/HomeWithPreLoad?PageType=JobDetails&partnerid=25771&siteid=5403&jobid=289873","prime",""
"BAE Systems","BrassRing","Administrative Associate IV - Finance","Other Professionals","","Broomfield, CO","US (CONUS)","","","","","","https://sjobs.brassring.com/TGnewUI/Search/home/HomeWithPreLoad?PageType=JobDetails&partnerid=25771&siteid=5403&jobid=303190","prime",""
"BAE Systems","BrassRing","Operations Program Manager","Project & Program Management","","Greenlawn, NY","US (CONUS)","","","","","","https://sjobs.brassring.com/TGnewUI/Search/home/HomeWithPreLoad?PageType=JobDetails&partnerid=25771&siteid=5403&jobid=300350","prime",""
"BAE Systems","BrassRing","Operations Leadership Development Program - AMS","Engineering & Technology","","Nashua, NH","US (CONUS)","","","","","","https://sjobs.brassring.com/TGnewUI/Search/home/HomeWithPreLoad?PageType=JobDetails&partnerid=25771&siteid=5403&jobid=303051","prime",""
"BAE Systems","BrassRing","FAST Labs – Mission-Applied Exploitation (MAX) Tech Area Director","Engineering & Technology","","Merrimack, NH","US (CONUS)","","","","","","https://sjobs.brassring.com/TGnewUI/Search/home/HomeWithPreLoad?PageType=JobDetails&partnerid=25771&siteid=5403&jobid=303152","prime",""
"BAE Systems","BrassRing","Senior International Trade Analyst (Hybrid)","Other Professionals","","Greenlawn, NY","US (CONUS)","","","","","","https://sjobs.brassring.com/TGnewUI/Search/home/HomeWithPreLoad?PageType=JobDetails&partnerid=25771&siteid=5403&jobid=299275","prime",""
"BAE Systems","BrassRing","Senior Human Centered Design & UI/UX Engineer","Engineering & Technology","","Nashua, NH","US (CONUS)","","","","","","https://sjobs.brassring.com/TGnewUI/Search/home/HomeWithPreLoad?PageType=JobDetails&partnerid=25771&siteid=5403&jobid=303154","prime",""
"BAE Systems","BrassRing","ACES Program Manager II","Project & Program Management","","Nashua, NH","US (CONUS)","","","","","","https://sjobs.brassring.com/TGnewUI/Search/home/HomeWithPreLoad?PageType=JobDetails&partnerid=25771&siteid=5403&jobid=301025","prime",""
"BAE Systems","BrassRing","Operations Associate II","Manufacturing & Maintenance","","Fort Wayne, IN","US (CONUS)","","","","","","https://sjobs.brassring.com/TGnewUI/Search/home/HomeWithPreLoad?PageType=JobDetails&partnerid=25771&siteid=5403&jobid=303027","prime",""
"BAE Systems","BrassRing","Senior Principal Design Verification Engineer - FPGA - (Sign-on Bonus)","Engineering & Technology","","Nashua, NH","US (CONUS)","","","","","","https://sjobs.brassring.com/TGnewUI/Search/home/HomeWithPreLoad?PageType=JobDetails&partnerid=25771&siteid=5403&jobid=299314","prime",""
"BAE Systems","BrassRing","Administrative Assistant - New York Life (NYL) Claims and General Support","Other Professionals","","Fort Wayne, IN","US (CONUS)","","","","","","https://sjobs.brassring.com/TGnewUI/Search/home/HomeWithPreLoad?PageType=JobDetails&partnerid=25771&siteid=5403&jobid=303218","prime",""
"BAE Systems","BrassRing","Senior Director, AMS Financial Services","Finance & Accounting","","Nashua, NH","US (CONUS)","","","","","","https://sjobs.brassring.com/TGnewUI/Search/home/HomeWithPreLoad?PageType=JobDetails&partnerid=25771&siteid=5403&jobid=302465","prime",""
"BAE Systems","BrassRing","Program Planner","Project & Program Management","","Nashua, NH","US (CONUS)","","","","","","https://sjobs.brassring.com/TGnewUI/Search/home/HomeWithPreLoad?PageType=JobDetails&partnerid=25771&siteid=5403&jobid=302494","prime",""
"BAE Systems","BrassRing","Principal RF Electrical Engineer (Sign On Bonus Available)","Engineering & Technology","","Austin, TX","US (CONUS)","","","","","","https://sjobs.brassring.com/TGnewUI/Search/home/HomeWithPreLoad?PageType=JobDetails&partnerid=25771&siteid=5403&jobid=302742","prime",""
"BAE Systems","BrassRing","Sr. Subcontract Manager, Supplier Contracts","Supply Chain & Logistics","","Nashua, NH","US (CONUS)","","","","","","https://sjobs.brassring.com/TGnewUI/Search/home/HomeWithPreLoad?PageType=JobDetails&partnerid=25771&siteid=5403&jobid=303168","prime",""
"BAE Systems","BrassRing","FAST Labs - Senior Principal Software Engineer ($10K Sign On Bonus)","Engineering & Technology","","Merrimack, NH","US (CONUS)","","","","","","https://sjobs.brassring.com/TGnewUI/Search/home/HomeWithPreLoad?PageType=JobDetails&partnerid=25771&siteid=5403&jobid=302422","prime",""
"BAE Systems","BrassRing","Production Operator II (2nd Shift)","Manufacturing & Maintenance","","Nashua, NH","US (CONUS)","","","","","","https://sjobs.brassring.com/TGnewUI/Search/home/HomeWithPreLoad?PageType=JobDetails&partnerid=25771&siteid=5403&jobid=302389","prime",""
"BAE Systems","BrassRing","Senior Infrared Optical Test Engineer","Engineering & Technology","","Austin, TX","US (CONUS)","","","","","","https://sjobs.brassring.com/TGnewUI/Search/home/HomeWithPreLoad?PageType=JobDetails&partnerid=25771&siteid=5403&jobid=302960","prime",""
"BAE Systems","BrassRing","Senior Principal Electrical Engineer II (Hybrid)","Engineering & Technology","","Cedar Rapids, IA","US (CONUS)","","","","","","https://sjobs.brassring.com/TGnewUI/Search/home/HomeWithPreLoad?PageType=JobDetails&partnerid=25771&siteid=5403&jobid=302979","prime",""
"BAE Systems","BrassRing","Principal Program Quality Engineer","Engineering & Technology","","Nashua, NH","US (CONUS)","","","","","","https://sjobs.brassring.com/TGnewUI/Search/home/HomeWithPreLoad?PageType=JobDetails&partnerid=25771&siteid=5403&jobid=298900","prime",""
"BAE Systems","BrassRing","Senior Contracts Administrator","Other Professionals","","Nashua, NH","US (CONUS)","","","","","","https://sjobs.brassring.com/TGnewUI/Search/home/HomeWithPreLoad?PageType=JobDetails&partnerid=25771&siteid=5403&jobid=298980","prime",""
"BAE Systems","BrassRing","Master Planner (Scheduler) Principal","Finance & Accounting","","Broomfield, CO","US (CONUS)","","","","","","https://sjobs.brassring.com/TGnewUI/Search/home/HomeWithPreLoad?PageType=JobDetails&partnerid=25771&siteid=5403&jobid=303021","prime",""
"BAE Systems","BrassRing","Senior Software Engineer","Engineering & Technology","","Rome, NY","US (CONUS)","","","","","","https://sjobs.brassring.com/TGnewUI/Search/home/HomeWithPreLoad?PageType=JobDetails&partnerid=25771&siteid=5403&jobid=303046","prime",""
"BAE Systems","BrassRing","Product Test Engineer","Engineering & Technology","","Fort Wayne, IN","US (CONUS)","","","","","","https://sjobs.brassring.com/TGnewUI/Search/home/HomeWithPreLoad?PageType=JobDetails&partnerid=25771&siteid=5403&jobid=300576","prime",""
"BAE Systems","BrassRing","Finisher I Weekend Shift","Manufacturing & Maintenance","","Nashua, NH","US (CONUS)","","","","","","https://sjobs.brassring.com/TGnewUI/Search/home/HomeWithPreLoad?PageType=JobDetails&partnerid=25771&siteid=5403&jobid=301544","prime",""
"BAE Systems","BrassRing","Supply Chain Program Manager","Supply Chain & Logistics","","Nashua, NH","US (CONUS)","","","","","","https://sjobs.brassring.com/TGnewUI/Search/home/HomeWithPreLoad?PageType=JobDetails&partnerid=25771&siteid=5403&jobid=302357","prime",""
"BAE Systems","BrassRing","Sr Principal Program Planner, (Hybrid Preferred, Remote Considered) - Award Contingent","Project & Program Management","","Nashua, NH","US (CONUS)","","","","","","https://sjobs.brassring.com/TGnewUI/Search/home/HomeWithPreLoad?PageType=JobDetails&partnerid=25771&siteid=5403&jobid=301714","prime",""
"BAE Systems","BrassRing","FAST Labs - Senior Principal II Software Engineer ($20K Sign On Bonus)","Engineering & Technology","","Merrimack, NH","US (CONUS)","","","","","","https://sjobs.brassring.com/TGnewUI/Search/home/HomeWithPreLoad?PageType=JobDetails&partnerid=25771&siteid=5403&jobid=302431","prime",""
"BAE Systems","BrassRing","Modeling and Simulations Environment Systems Engineer","Engineering & Technology","","Nashua, NH","US (CONUS)","","","","","","https://sjobs.brassring.com/TGnewUI/Search/home/HomeWithPreLoad?PageType=JobDetails&partnerid=25771&siteid=5403&jobid=302374","prime",""
"BAE Systems","BrassRing","Supplier Manufacturing Engineer","Engineering & Technology","","Nashua, NH","US (CONUS)","","","","","","https://sjobs.brassring.com/TGnewUI/Search/home/HomeWithPreLoad?PageType=JobDetails&partnerid=25771&siteid=5403&jobid=301887","prime",""
"BAE Systems","BrassRing","Systems Engineers - All Levels","Engineering & Technology","","Endicott, NY","US (CONUS)","","","","","","https://sjobs.brassring.com/TGnewUI/Search/home/HomeWithPreLoad?PageType=JobDetails&partnerid=25771&siteid=5403&jobid=303158","prime",""
"BAE Systems","BrassRing","Senior Software Engineer - Space Applications - Sign-on Bonus","Engineering & Technology","","Merrimack, NH","US (CONUS)","","","","","","https://sjobs.brassring.com/TGnewUI/Search/home/HomeWithPreLoad?PageType=JobDetails&partnerid=25771&siteid=5403&jobid=302370","prime",""
"BAE Systems","BrassRing","Digital Hardware Engineer","Engineering & Technology","","Nashua, NH","US (CONUS)","","","","","","https://sjobs.brassring.com/TGnewUI/Search/home/HomeWithPreLoad?PageType=JobDetails&partnerid=25771&siteid=5403&jobid=298641","prime",""
"BAE Systems","BrassRing","Engineer Senior - EMI/EMC - $10,000 Sign-On Bonus","Engineering & Technology","","Westminster, CO","US (CONUS)","","","","","","https://sjobs.brassring.com/TGnewUI/Search/home/HomeWithPreLoad?PageType=JobDetails&partnerid=25771&siteid=5403&jobid=303690","prime",""
"BAE Systems","BrassRing","Manufacturing Engineer","Engineering & Technology","","Greenlawn, NY","US (CONUS)","","","","","","https://sjobs.brassring.com/TGnewUI/Search/home/HomeWithPreLoad?PageType=JobDetails&partnerid=25771&siteid=5403&jobid=299353","prime",""
"BAE Systems","BrassRing","GXP Sales Account Executive","Business Development, Strategy & Planning","","Reston, VA","US (CONUS)","","","","","","https://sjobs.brassring.com/TGnewUI/Search/home/HomeWithPreLoad?PageType=JobDetails&partnerid=25771&siteid=5403&jobid=295287","prime",""
"BAE Systems","BrassRing","Senior Principal Electrical Hardware Engineer II","Engineering & Technology","","Huntsville, AL","US (CONUS)","","","","","","https://sjobs.brassring.com/TGnewUI/Search/home/HomeWithPreLoad?PageType=JobDetails&partnerid=25771&siteid=5403&jobid=298739","prime",""
"BAE Systems","BrassRing","Mechanical Engineering Intern III, Summer 2027 (Hybrid)","Engineering & Technology","","Nashua, NH","US (CONUS)","","","","","","https://sjobs.brassring.com/TGnewUI/Search/home/HomeWithPreLoad?PageType=JobDetails&partnerid=25771&siteid=5403&jobid=301599","prime",""
"BAE Systems","BrassRing","RF Engineer II - First shift","Engineering & Technology","","Nashua, NH","US (CONUS)","","","","","","https://sjobs.brassring.com/TGnewUI/Search/home/HomeWithPreLoad?PageType=JobDetails&partnerid=25771&siteid=5403&jobid=300731","prime",""
"BAE Systems","BrassRing","Digital Signal Processing (DSP) Engineer","Engineering & Technology","","Hudson, NH","US (CONUS)","","","","","","https://sjobs.brassring.com/TGnewUI/Search/home/HomeWithPreLoad?PageType=JobDetails&partnerid=25771&siteid=5403&jobid=302403","prime",""
"BAE Systems","BrassRing","Master Planner Senior","Finance & Accounting","","Westminster, CO","US (CONUS)","","","","","","https://sjobs.brassring.com/TGnewUI/Search/home/HomeWithPreLoad?PageType=JobDetails&partnerid=25771&siteid=5403&jobid=302320","prime",""
"BAE Systems","BrassRing","Electronics Test Technician - 2nd Shift","Engineering & Technology","","Endicott, NY","US (CONUS)","","","","","","https://sjobs.brassring.com/TGnewUI/Search/home/HomeWithPreLoad?PageType=JobDetails&partnerid=25771&siteid=5403&jobid=300303","prime",""
"BAE Systems","BrassRing","Mid-Level Electrical Engineer - Factory Support (Sign On Bonus)","Engineering & Technology","","Merrimack, NH","US (CONUS)","","","","","","https://sjobs.brassring.com/TGnewUI/Search/home/HomeWithPreLoad?PageType=JobDetails&partnerid=25771&siteid=5403&jobid=301765","prime",""
"BAE Systems","BrassRing","Senior Principal Software Engineer – Production Support","Engineering & Technology","","Nashua, NH","US (CONUS)","","","","","","https://sjobs.brassring.com/TGnewUI/Search/home/HomeWithPreLoad?PageType=JobDetails&partnerid=25771&siteid=5403&jobid=302560","prime",""
"BAE Systems","BrassRing","Mechanical Tech II Weekend Shift","Manufacturing & Maintenance","","Nashua, NH","US (CONUS)","","","","","","https://sjobs.brassring.com/TGnewUI/Search/home/HomeWithPreLoad?PageType=JobDetails&partnerid=25771&siteid=5403&jobid=301543","prime",""
"BAE Systems","BrassRing","Sr Principal Software Engineer","Engineering & Technology","","Nashua, NH","US (CONUS)","","","","","","https://sjobs.brassring.com/TGnewUI/Search/home/HomeWithPreLoad?PageType=JobDetails&partnerid=25771&siteid=5403&jobid=301808","prime",""
"BAE Systems","BrassRing","NJBC F-35 Solution Program Engineering Manager I","Engineering & Technology","","Totowa, NJ","US (CONUS)","","","","","","https://sjobs.brassring.com/TGnewUI/Search/home/HomeWithPreLoad?PageType=JobDetails&partnerid=25771&siteid=5403&jobid=302004","prime",""
"BAE Systems","BrassRing","Principal Software Engineer – Seeker Market Expansion","Engineering & Technology","","Huntsville, AL","US (CONUS)","","","","","","https://sjobs.brassring.com/TGnewUI/Search/home/HomeWithPreLoad?PageType=JobDetails&partnerid=25771&siteid=5403&jobid=302020","prime",""
"BAE Systems","BrassRing","Supplier Quality Engineer - Electronics Category - Remote in the New England Region","Engineering & Technology","","Nashua, NH","US (CONUS)","","","","","","https://sjobs.brassring.com/TGnewUI/Search/home/HomeWithPreLoad?PageType=JobDetails&partnerid=25771&siteid=5403&jobid=301231","prime",""
"BAE Systems","BrassRing","C4ISR AC&S Tactical Datalinks Portfolio Chief Engineer","Engineering & Technology","","Wayne, NJ","US (CONUS)","","","","","","https://sjobs.brassring.com/TGnewUI/Search/home/HomeWithPreLoad?PageType=JobDetails&partnerid=25771&siteid=5403&jobid=302288","prime",""
"BAE Systems","BrassRing","Principal Pricing Analyst","Finance & Accounting","","Westminster, CO","US (CONUS)","","","","","","https://sjobs.brassring.com/TGnewUI/Search/home/HomeWithPreLoad?PageType=JobDetails&partnerid=25771&siteid=5403&jobid=302584","prime",""
"BAE Systems","BrassRing","Senior Systems Engineer - C4ISR","Engineering & Technology","","Wayne, NJ","US (CONUS)","","","","","","https://sjobs.brassring.com/TGnewUI/Search/home/HomeWithPreLoad?PageType=JobDetails&partnerid=25771&siteid=5403&jobid=303065","prime",""
"BAE Systems","BrassRing","Hardware Engineering Lead for Large EMD Programs - Sign-on Bonus","Engineering & Technology","","Hudson, NH","US (CONUS)","","","","","","https://sjobs.brassring.com/TGnewUI/Search/home/HomeWithPreLoad?PageType=JobDetails&partnerid=25771&siteid=5403&jobid=302132","prime",""
"BAE Systems","BrassRing","Senior Manager of Program Quality - Missile Warning","Engineering & Technology","","Huntsville, AL","US (CONUS)","","","","","","https://sjobs.brassring.com/TGnewUI/Search/home/HomeWithPreLoad?PageType=JobDetails&partnerid=25771&siteid=5403&jobid=302139","prime",""
"BAE Systems","BrassRing","Embedded Software Engineer – Hybrid Work Opportunity - Sign on bonus","Engineering & Technology","","Austin, TX","US (CONUS)","","","","","","https://sjobs.brassring.com/TGnewUI/Search/home/HomeWithPreLoad?PageType=JobDetails&partnerid=25771&siteid=5403&jobid=301455","prime",""
"BAE Systems","BrassRing","Operations Master Scheduler - MRO","Manufacturing & Maintenance","","Fort Wayne, IN","US (CONUS)","","","","","","https://sjobs.brassring.com/TGnewUI/Search/home/HomeWithPreLoad?PageType=JobDetails&partnerid=25771&siteid=5403&jobid=301834","prime",""
"BAE Systems","BrassRing","Senior Systems Engineer - Integration and Test","Engineering & Technology","","Hudson, NH","US (CONUS)","","","","","","https://sjobs.brassring.com/TGnewUI/Search/home/HomeWithPreLoad?PageType=JobDetails&partnerid=25771&siteid=5403&jobid=301475","prime",""
"BAE Systems","BrassRing","Operations Engineering (Industrial, Mechanical, Electrical) Co-op, Spring/Summer, 2027","Manufacturing & Maintenance","","Cedar Rapids, IA","US (CONUS)","","","","","","https://sjobs.brassring.com/TGnewUI/Search/home/HomeWithPreLoad?PageType=JobDetails&partnerid=25771&siteid=5403&jobid=300473","prime",""
"BAE Systems","BrassRing","Senior Seeker Systems Software Architect","Engineering & Technology","","Huntsville, AL","US (CONUS)","","","","","","https://sjobs.brassring.com/TGnewUI/Search/home/HomeWithPreLoad?PageType=JobDetails&partnerid=25771&siteid=5403&jobid=300500","prime",""
"BAE Systems","BrassRing","Technician I – Production","Manufacturing & Maintenance","","Westminster, CO","US (CONUS)","","","","","","https://sjobs.brassring.com/TGnewUI/Search/home/HomeWithPreLoad?PageType=JobDetails&partnerid=25771&siteid=5403&jobid=302750","prime",""
"BAE Systems","BrassRing","Microwave Technician II Weekend Days","Manufacturing & Maintenance","","Nashua, NH","US (CONUS)","","","","","","https://sjobs.brassring.com/TGnewUI/Search/home/HomeWithPreLoad?PageType=JobDetails&partnerid=25771&siteid=5403&jobid=300425","prime",""
"BAE Systems","BrassRing","Senior Full Stack Developer","Engineering & Technology","","Nashua, NH","US (CONUS)","","","","","","https://sjobs.brassring.com/TGnewUI/Search/home/HomeWithPreLoad?PageType=JobDetails&partnerid=25771&siteid=5403&jobid=300440","prime",""
"BAE Systems","BrassRing","IT Systems Administrator II","Engineering & Technology","","Merrimack, NH","US (CONUS)","","","","","","https://sjobs.brassring.com/TGnewUI/Search/home/HomeWithPreLoad?PageType=JobDetails&partnerid=25771&siteid=5403&jobid=300456","prime",""
"BAE Systems","BrassRing","Microelectronics Applications Engineering Manager","Engineering & Technology","","Nashua, NH","US (CONUS)","","","","","","https://sjobs.brassring.com/TGnewUI/Search/home/HomeWithPreLoad?PageType=JobDetails&partnerid=25771&siteid=5403&jobid=295096","prime",""
"BAE Systems","BrassRing","Principal Quality Engineer","Engineering & Technology","","Manassas, VA","US (CONUS)","","","","","","https://sjobs.brassring.com/TGnewUI/Search/home/HomeWithPreLoad?PageType=JobDetails&partnerid=25771&siteid=5403&jobid=302069","prime",""
"BAE Systems","BrassRing","Software Configuration Manager","Engineering & Technology","","Nashua, NH","US (CONUS)","","","","","","https://sjobs.brassring.com/TGnewUI/Search/home/HomeWithPreLoad?PageType=JobDetails&partnerid=25771&siteid=5403&jobid=302096","prime",""
"BAE Systems","BrassRing","Engineer Principal – Systems – Space Vehicle","Engineering & Technology","","Boulder, CO","US (CONUS)","","","","","","https://sjobs.brassring.com/TGnewUI/Search/home/HomeWithPreLoad?PageType=JobDetails&partnerid=25771&siteid=5403&jobid=302667","prime",""
"BAE Systems","BrassRing","Configuration Control Rep – VI Team Lead","Engineering & Technology","","Endicott, NY","US (CONUS)","","","","","","https://sjobs.brassring.com/TGnewUI/Search/home/HomeWithPreLoad?PageType=JobDetails&partnerid=25771&siteid=5403&jobid=302011","prime",""
"BAE Systems","BrassRing","Air Systems Analyst - Mid","Other Professionals","","Quantico, VA","US (CONUS)","","","","","","https://sjobs.brassring.com/TGnewUI/Search/home/HomeWithPreLoad?PageType=JobDetails&partnerid=25771&siteid=5403&jobid=300323","prime",""
"BAE Systems","BrassRing","Contracts Manager II - Hybrid","Other Professionals","","Manchester, NH","US (CONUS)","","","","","","https://sjobs.brassring.com/TGnewUI/Search/home/HomeWithPreLoad?PageType=JobDetails&partnerid=25771&siteid=5403&jobid=301456","prime",""
"BAE Systems","BrassRing","Principal Site Reliability Engineer (Hybrid)","Engineering & Technology","","Merrimack, NH","US (CONUS)","","","","","","https://sjobs.brassring.com/TGnewUI/Search/home/HomeWithPreLoad?PageType=JobDetails&partnerid=25771&siteid=5403&jobid=301824","prime",""
"BAE Systems","BrassRing","Engineer Senior – Structural","Engineering & Technology","","Boulder, CO","US (CONUS)","","","","","","https://sjobs.brassring.com/TGnewUI/Search/home/HomeWithPreLoad?PageType=JobDetails&partnerid=25771&siteid=5403&jobid=301840","prime",""
"BAE Systems","BrassRing","Electronics Technician (ON-SITE)","Engineering & Technology","","Cedar Rapids, IA","US (CONUS)","","","","","","https://sjobs.brassring.com/TGnewUI/Search/home/HomeWithPreLoad?PageType=JobDetails&partnerid=25771&siteid=5403&jobid=302146","prime",""
"BAE Systems","BrassRing","Quality Inspector III - Microelectronics","Manufacturing & Maintenance","","Nashua, NH","US (CONUS)","","","","","","https://sjobs.brassring.com/TGnewUI/Search/home/HomeWithPreLoad?PageType=JobDetails&partnerid=25771&siteid=5403&jobid=302147","prime",""
"BAE Systems","BrassRing","Senior Principle Process Engineer, Wire and Ribbon Bonding","Engineering & Technology","","Nashua, NH","US (CONUS)","","","","","","https://sjobs.brassring.com/TGnewUI/Search/home/HomeWithPreLoad?PageType=JobDetails&partnerid=25771&siteid=5403&jobid=300513","prime",""
"BAE Systems","BrassRing","Circuit Card Manufacturing Engineering Manager","Manufacturing & Maintenance","","Endicott, NY","US (CONUS)","","","","","","https://sjobs.brassring.com/TGnewUI/Search/home/HomeWithPreLoad?PageType=JobDetails&partnerid=25771&siteid=5403&jobid=302029","prime",""
"BAE Systems","BrassRing","CEMA Principal Software Engineer - Team Lead (Sign On Bonus Available)","Engineering & Technology","","Hudson, NH","US (CONUS)","","","","","","https://sjobs.brassring.com/TGnewUI/Search/home/HomeWithPreLoad?PageType=JobDetails&partnerid=25771&siteid=5403&jobid=302972","prime",""
"BAE Systems","BrassRing","System Engineering Section Manager","Engineering & Technology","","Totowa, NJ","US (CONUS)","","","","","","https://sjobs.brassring.com/TGnewUI/Search/home/HomeWithPreLoad?PageType=JobDetails&partnerid=25771&siteid=5403&jobid=296592","prime",""
"BAE Systems","BrassRing","Principal Systems Engineer (Onsite)","Engineering & Technology","","Springfield, VA","US (CONUS)","","","","","","https://sjobs.brassring.com/TGnewUI/Search/home/HomeWithPreLoad?PageType=JobDetails&partnerid=25771&siteid=5403&jobid=300732","prime",""
"BAE Systems","BrassRing","Test Technician III - Weekend Night Shift","Manufacturing & Maintenance","","Nashua, NH","US (CONUS)","","","","","","https://sjobs.brassring.com/TGnewUI/Search/home/HomeWithPreLoad?PageType=JobDetails&partnerid=25771&siteid=5403&jobid=298459","prime",""
"BAE Systems","BrassRing","Systems Engineer IVV (Sign-On Bonus)","Engineering & Technology","","Nashua, NH","US (CONUS)","","","","","","https://sjobs.brassring.com/TGnewUI/Search/home/HomeWithPreLoad?PageType=JobDetails&partnerid=25771&siteid=5403&jobid=296657","prime",""
"BAE Systems","BrassRing","International Trade Analyst II (Hybrid)","Other Professionals","","Greenlawn, NY","US (CONUS)","","","","","","https://sjobs.brassring.com/TGnewUI/Search/home/HomeWithPreLoad?PageType=JobDetails&partnerid=25771&siteid=5403&jobid=300829","prime",""
"BAE Systems","BrassRing","Subcontract Program Manager (SPM)","Project & Program Management","","Hudson, NH","US (CONUS)","","","","","","https://sjobs.brassring.com/TGnewUI/Search/home/HomeWithPreLoad?PageType=JobDetails&partnerid=25771&siteid=5403&jobid=298513","prime",""
"BAE Systems","BrassRing","FAST Labs - Software Engineer - All Levels - Top Secret","Engineering & Technology","","Merrimack, NH","US (CONUS)","","","","","","https://sjobs.brassring.com/TGnewUI/Search/home/HomeWithPreLoad?PageType=JobDetails&partnerid=25771&siteid=5403&jobid=300497","prime",""
"BAE Systems","BrassRing","Contracts Manager","Other Professionals","","Endicott, NY","US (CONUS)","","","","","","https://sjobs.brassring.com/TGnewUI/Search/home/HomeWithPreLoad?PageType=JobDetails&partnerid=25771&siteid=5403&jobid=301854","prime",""
"BAE Systems","BrassRing","Weekend Microwave Technician II","Manufacturing & Maintenance","","Nashua, NH","US (CONUS)","","","","","","https://sjobs.brassring.com/TGnewUI/Search/home/HomeWithPreLoad?PageType=JobDetails&partnerid=25771&siteid=5403&jobid=301883","prime",""
"BAE Systems","BrassRing","Principal Procurement Analyst","Supply Chain & Logistics","","Nashua, NH","US (CONUS)","","","","","","https://sjobs.brassring.com/TGnewUI/Search/home/HomeWithPreLoad?PageType=JobDetails&partnerid=25771&siteid=5403&jobid=300837","prime",""
"BAE Systems","BrassRing","Subcontracts Manager","Supply Chain & Logistics","","Hudson, NH","US (CONUS)","","","","","","https://sjobs.brassring.com/TGnewUI/Search/home/HomeWithPreLoad?PageType=JobDetails&partnerid=25771&siteid=5403&jobid=300523","prime",""
"BAE Systems","BrassRing","Dev Ops Principal Systems Engineer","Engineering & Technology","","Merrimack, NH","US (CONUS)","","","","","","https://sjobs.brassring.com/TGnewUI/Search/home/HomeWithPreLoad?PageType=JobDetails&partnerid=25771&siteid=5403&jobid=303125","prime",""
"BAE Systems","BrassRing","Systems Engineering Program Lead (Onsite)","Engineering & Technology","","Fort Wayne, IN","US (CONUS)","","","","","","https://sjobs.brassring.com/TGnewUI/Search/home/HomeWithPreLoad?PageType=JobDetails&partnerid=25771&siteid=5403&jobid=303228","prime",""
"BAE Systems","BrassRing","Senior Principal Test Engineer","Engineering & Technology","","Nashua, NH","US (CONUS)","","","","","","https://sjobs.brassring.com/TGnewUI/Search/home/HomeWithPreLoad?PageType=JobDetails&partnerid=25771&siteid=5403&jobid=302031","prime",""
"BAE Systems","BrassRing","Hardware Engineering Lead","Engineering & Technology","","Wayne, NJ","US (CONUS)","","","","","","https://sjobs.brassring.com/TGnewUI/Search/home/HomeWithPreLoad?PageType=JobDetails&partnerid=25771&siteid=5403&jobid=300119","prime",""
"BAE Systems","BrassRing","Engineer Senior Principal – Systems – Part-Time","Engineering & Technology","","Broomfield, CO","US (CONUS)","","","","","","https://sjobs.brassring.com/TGnewUI/Search/home/HomeWithPreLoad?PageType=JobDetails&partnerid=25771&siteid=5403&jobid=303416","prime",""
"BAE Systems","BrassRing","Systems Software Engineering Intern – Embedded Systems","Engineering & Technology","","Huntsville, AL","US (CONUS)","","","","","","https://sjobs.brassring.com/TGnewUI/Search/home/HomeWithPreLoad?PageType=JobDetails&partnerid=25771&siteid=5403&jobid=300148","prime",""
"BAE Systems","BrassRing","Engineer I – Spacecraft Mechanical Design","Engineering & Technology","","Boulder, CO","US (CONUS)","","","","","","https://sjobs.brassring.com/TGnewUI/Search/home/HomeWithPreLoad?PageType=JobDetails&partnerid=25771&siteid=5403&jobid=303533","prime",""
"BAE Systems","BrassRing","Field Service Technician","Engineering & Technology","","Westminster, CO","US (CONUS)","","","","","","https://sjobs.brassring.com/TGnewUI/Search/home/HomeWithPreLoad?PageType=JobDetails&partnerid=25771&siteid=5403&jobid=302825","prime",""
"BAE Systems","BrassRing","FAST Labs Principal Engineer - EO/IR Systems ($10K Sign On Bonus)","Engineering & Technology","","Merrimack, NH","US (CONUS)","","","","","","https://sjobs.brassring.com/TGnewUI/Search/home/HomeWithPreLoad?PageType=JobDetails&partnerid=25771&siteid=5403&jobid=302477","prime",""
"BAE Systems","BrassRing","Engineering Discipline Manager","Engineering & Technology","","Endicott, NY","US (CONUS)","","","","","","https://sjobs.brassring.com/TGnewUI/Search/home/HomeWithPreLoad?PageType=JobDetails&partnerid=25771&siteid=5403&jobid=296378","prime",""
"BAE Systems","BrassRing","Facilities Carpentry Specialist","Other Professionals","","Wayne, NJ","US (CONUS)","","","","","","https://sjobs.brassring.com/TGnewUI/Search/home/HomeWithPreLoad?PageType=JobDetails&partnerid=25771&siteid=5403&jobid=303231","prime",""
"BAE Systems","BrassRing","Senior Principal Hardware Design Engineer","Engineering & Technology","","Austin, TX","US (CONUS)","","","","","","https://sjobs.brassring.com/TGnewUI/Search/home/HomeWithPreLoad?PageType=JobDetails&partnerid=25771&siteid=5403&jobid=298888","prime",""
"BAE Systems","BrassRing","Engineer II – Mechanical (RF Focused)","Engineering & Technology","","Westminster, CO","US (CONUS)","","","","","","https://sjobs.brassring.com/TGnewUI/Search/home/HomeWithPreLoad?PageType=JobDetails&partnerid=25771&siteid=5403&jobid=301862","prime",""
"BAE Systems","BrassRing","Senior Director of Operations","Manufacturing & Maintenance","","Hudson, NH","US (CONUS)","","","","","","https://sjobs.brassring.com/TGnewUI/Search/home/HomeWithPreLoad?PageType=JobDetails&partnerid=25771&siteid=5403&jobid=301977","prime",""
"BAE Systems","BrassRing","CAS Director III Supply Chain","Supply Chain & Logistics","","Fort Wayne, IN","US (CONUS)","","","","","","https://sjobs.brassring.com/TGnewUI/Search/home/HomeWithPreLoad?PageType=JobDetails&partnerid=25771&siteid=5403&jobid=302602","prime",""
"BAE Systems","BrassRing","Project Engineer I","Engineering & Technology","","Westminster, CO","US (CONUS)","","","","","","https://sjobs.brassring.com/TGnewUI/Search/home/HomeWithPreLoad?PageType=JobDetails&partnerid=25771&siteid=5403&jobid=302919","prime",""
"BAE Systems","BrassRing","Multi-Domain Software Engineering Lead","Engineering & Technology","","San Diego, CA","US (CONUS)","","","","","","https://sjobs.brassring.com/TGnewUI/Search/home/HomeWithPreLoad?PageType=JobDetails&partnerid=25771&siteid=5403&jobid=301760","prime",""
"BAE Systems","BrassRing","Electrical Engineering Coop (Spring/Summer 2027), Onsite","Engineering & Technology","","Cedar Rapids, IA","US (CONUS)","","","","","","https://sjobs.brassring.com/TGnewUI/Search/home/HomeWithPreLoad?PageType=JobDetails&partnerid=25771&siteid=5403&jobid=301761","prime",""
"BAE Systems","BrassRing","Project Manager II – Technical","Engineering & Technology","","Broomfield, CO","US (CONUS)","","","","","","https://sjobs.brassring.com/TGnewUI/Search/home/HomeWithPreLoad?PageType=JobDetails&partnerid=25771&siteid=5403&jobid=302611","prime",""
"BAE Systems","BrassRing","Test Engineering Assistant","Engineering & Technology","","Totowa, NJ","US (CONUS)","","","","","","https://sjobs.brassring.com/TGnewUI/Search/home/HomeWithPreLoad?PageType=JobDetails&partnerid=25771&siteid=5403&jobid=302617","prime",""
"BAE Systems","BrassRing","Space Payload Prin Software Engineer - SIGN-ON BONUS","Engineering & Technology","","Merrimack, NH","US (CONUS)","","","","","","https://sjobs.brassring.com/TGnewUI/Search/home/HomeWithPreLoad?PageType=JobDetails&partnerid=25771&siteid=5403&jobid=300788","prime",""
"BAE Systems","BrassRing","Finance Manager, Independent Cost Evaluation (ICE) (Hybrid)","Finance & Accounting","","Nashua, NH","US (CONUS)","","","","","","https://sjobs.brassring.com/TGnewUI/Search/home/HomeWithPreLoad?PageType=JobDetails&partnerid=25771&siteid=5403&jobid=300569","prime",""
"BAE Systems","BrassRing","Electronic  Systems Finance Intern III, Summer 2027 (Hybrid)","Finance & Accounting","","Endicott, NY","US (CONUS)","","","","","","https://sjobs.brassring.com/TGnewUI/Search/home/HomeWithPreLoad?PageType=JobDetails&partnerid=25771&siteid=5403&jobid=303162","prime",""
"BAE Systems","BrassRing","Electronic Warfare Systems Engineer","Engineering & Technology","","Totowa, NJ","US (CONUS)","","","","","","https://sjobs.brassring.com/TGnewUI/Search/home/HomeWithPreLoad?PageType=JobDetails&partnerid=25771&siteid=5403&jobid=301636","prime",""
"BAE Systems","BrassRing","FAST Labs - Senior Principal II Engineer - EO/IR Systems ($10K Sign On Bonus)","Engineering & Technology","","Merrimack, NH","US (CONUS)","","","","","","https://sjobs.brassring.com/TGnewUI/Search/home/HomeWithPreLoad?PageType=JobDetails&partnerid=25771&siteid=5403&jobid=303344","prime",""
"BAE Systems","BrassRing","Facilities Mechanic 1","Manufacturing & Maintenance","","Austin, TX","US (CONUS)","","","","","","https://sjobs.brassring.com/TGnewUI/Search/home/HomeWithPreLoad?PageType=JobDetails&partnerid=25771&siteid=5403&jobid=300563","prime",""
"BAE Systems","BrassRing","Quality Technician","Engineering & Technology","","Wayne, NJ","US (CONUS)","","","","","","https://sjobs.brassring.com/TGnewUI/Search/home/HomeWithPreLoad?PageType=JobDetails&partnerid=25771&siteid=5403&jobid=303251","prime",""
"BAE Systems","BrassRing","Logistics Intern III, (Onsite)","Engineering & Technology","","Austin, TX","US (CONUS)","","","","","","https://sjobs.brassring.com/TGnewUI/Search/home/HomeWithPreLoad?PageType=JobDetails&partnerid=25771&siteid=5403&jobid=303210","prime",""
"BAE Systems","BrassRing","Metrology Operations Intern II, Summer 2027 (Onsite)","Business Development, Strategy & Planning","","Nashua, NH","US (CONUS)","","","","","","https://sjobs.brassring.com/TGnewUI/Search/home/HomeWithPreLoad?PageType=JobDetails&partnerid=25771&siteid=5403&jobid=303187","prime",""
"BAE Systems","BrassRing","Production Operator II (Weekend Shift)","Manufacturing & Maintenance","","Nashua, NH","US (CONUS)","","","","","","https://sjobs.brassring.com/TGnewUI/Search/home/HomeWithPreLoad?PageType=JobDetails&partnerid=25771&siteid=5403&jobid=299173","prime",""
"BAE Systems","BrassRing","Software Section Manager","Engineering & Technology","","Totowa, NJ","US (CONUS)","","","","","","https://sjobs.brassring.com/TGnewUI/Search/home/HomeWithPreLoad?PageType=JobDetails&partnerid=25771&siteid=5403&jobid=302858","prime",""
"BAE Systems","BrassRing","Supervisor I – Production","Manufacturing & Maintenance","","Westminster, CO","US (CONUS)","","","","","","https://sjobs.brassring.com/TGnewUI/Search/home/HomeWithPreLoad?PageType=JobDetails&partnerid=25771&siteid=5403&jobid=303258","prime",""
"BAE Systems","BrassRing","Supervisor II – Production","Manufacturing & Maintenance","","Westminster, CO","US (CONUS)","","","","","","https://sjobs.brassring.com/TGnewUI/Search/home/HomeWithPreLoad?PageType=JobDetails&partnerid=25771&siteid=5403&jobid=303259","prime",""
"BAE Systems","BrassRing","Contracts Manager II - Remote Considered","Other Professionals","","Cedar Rapids, IA","US (CONUS)","","","","","","https://sjobs.brassring.com/TGnewUI/Search/home/HomeWithPreLoad?PageType=JobDetails&partnerid=25771&siteid=5403&jobid=303243","prime",""
"BAE Systems","BrassRing","Program Quality Engineer | APKWS","Other Professionals","","Hudson, NH","US (CONUS)","","","","","","https://sjobs.brassring.com/TGnewUI/Search/home/HomeWithPreLoad?PageType=JobDetails&partnerid=25771&siteid=5403&jobid=301976","prime",""
"BAE Systems","BrassRing","Senior Principal Electrical System Engineer - $40K Sign On Bonus","Engineering & Technology","","Westminster, CO","US (CONUS)","","","","","","https://sjobs.brassring.com/TGnewUI/Search/home/HomeWithPreLoad?PageType=JobDetails&partnerid=25771&siteid=5403&jobid=302581","prime",""
"BAE Systems","BrassRing","Electronic Warfare Stimulator Technician","Engineering & Technology","","Nashua, NH","US (CONUS)","","","","","","https://sjobs.brassring.com/TGnewUI/Search/home/HomeWithPreLoad?PageType=JobDetails&partnerid=25771&siteid=5403&jobid=302492","prime",""
"BAE Systems","BrassRing","Mechanical Engineering Manager / Section Lead","Engineering & Technology","","Merrimack, NH","US (CONUS)","","","","","","https://sjobs.brassring.com/TGnewUI/Search/home/HomeWithPreLoad?PageType=JobDetails&partnerid=25771&siteid=5403&jobid=302833","prime",""
"BAE Systems","BrassRing","Data Manager I","Engineering & Technology","","Nashua, NH","US (CONUS)","","","","","","https://sjobs.brassring.com/TGnewUI/Search/home/HomeWithPreLoad?PageType=JobDetails&partnerid=25771&siteid=5403&jobid=302391","prime",""
"BAE Systems","BrassRing","Reliability Engineer","Engineering & Technology","","Endicott, NY","US (CONUS)","","","","","","https://sjobs.brassring.com/TGnewUI/Search/home/HomeWithPreLoad?PageType=JobDetails&partnerid=25771&siteid=5403&jobid=303265","prime",""
"BAE Systems","BrassRing","Operations Program Manager II","Project & Program Management","","Merrimack, NH","US (CONUS)","","","","","","https://sjobs.brassring.com/TGnewUI/Search/home/HomeWithPreLoad?PageType=JobDetails&partnerid=25771&siteid=5403&jobid=300771","prime",""
"BAE Systems","BrassRing","Senior Mechanical Engineer, Development (Sign On Bonus Available)","Engineering & Technology","","Nashua, NH","US (CONUS)","","","","","","https://sjobs.brassring.com/TGnewUI/Search/home/HomeWithPreLoad?PageType=JobDetails&partnerid=25771&siteid=5403&jobid=302298","prime",""
"BAE Systems","BrassRing","Principal Digital Hardware Engineer","Engineering & Technology","","Wayne, NJ","US (CONUS)","","","","","","https://sjobs.brassring.com/TGnewUI/Search/home/HomeWithPreLoad?PageType=JobDetails&partnerid=25771&siteid=5403&jobid=295985","prime",""
"BAE Systems","BrassRing","Weekend Shift - Customer Compliance Representative II","Project & Program Management","","Fort Wayne, IN","US (CONUS)","","","","","","https://sjobs.brassring.com/TGnewUI/Search/home/HomeWithPreLoad?PageType=JobDetails&partnerid=25771&siteid=5403&jobid=299483","prime",""
"BAE Systems","BrassRing","Cyber Security, Information Systems Security Officer (ISSO) - Onsite","Other Professionals","","Manchester, NH","US (CONUS)","","","","","","https://sjobs.brassring.com/TGnewUI/Search/home/HomeWithPreLoad?PageType=JobDetails&partnerid=25771&siteid=5403&jobid=302222","prime",""
"BAE Systems","BrassRing","Principal Embedded Software Engineer – APKWS","Engineering & Technology","","Hudson, NH","US (CONUS)","","","","","","https://sjobs.brassring.com/TGnewUI/Search/home/HomeWithPreLoad?PageType=JobDetails&partnerid=25771&siteid=5403&jobid=301926","prime",""
"BAE Systems","BrassRing","Electrical Engineering Technician","Manufacturing & Maintenance","","Nashua, NH","US (CONUS)","","","","","","https://sjobs.brassring.com/TGnewUI/Search/home/HomeWithPreLoad?PageType=JobDetails&partnerid=25771&siteid=5403&jobid=300843","prime",""
"BAE Systems","BrassRing","Senior Systems Engineer - EO/IR","Engineering & Technology","","Merrimack, NH","US (CONUS)","","","","","","https://sjobs.brassring.com/TGnewUI/Search/home/HomeWithPreLoad?PageType=JobDetails&partnerid=25771&siteid=5403&jobid=302892","prime",""
"BAE Systems","BrassRing","Senior Principal Mechanical Engineer","Engineering & Technology","","Westminster, CO","US (CONUS)","","","","","","https://sjobs.brassring.com/TGnewUI/Search/home/HomeWithPreLoad?PageType=JobDetails&partnerid=25771&siteid=5403&jobid=302512","prime",""
"BAE Systems","BrassRing","Test TEchnican III 2nd Shift","Manufacturing & Maintenance","","Nashua, NH","US (CONUS)","","","","","","https://sjobs.brassring.com/TGnewUI/Search/home/HomeWithPreLoad?PageType=JobDetails&partnerid=25771&siteid=5403&jobid=301339","prime",""
"BAE Systems","BrassRing","Test Technician IV, 3rd Shift","Manufacturing & Maintenance","","Nashua, NH","US (CONUS)","","","","","","https://sjobs.brassring.com/TGnewUI/Search/home/HomeWithPreLoad?PageType=JobDetails&partnerid=25771&siteid=5403&jobid=301340","prime",""
"BAE Systems","BrassRing","Principal Electrical Engineer (Sign On Bonus Available)","Engineering & Technology","","Austin, TX","US (CONUS)","","","","","","https://sjobs.brassring.com/TGnewUI/Search/home/HomeWithPreLoad?PageType=JobDetails&partnerid=25771&siteid=5403&jobid=302739","prime",""
"BAE Systems","BrassRing","Mechanical Engineering Coop (Summer/Fall 2027), Onsite","Engineering & Technology","","Cedar Rapids, IA","US (CONUS)","","","","","","https://sjobs.brassring.com/TGnewUI/Search/home/HomeWithPreLoad?PageType=JobDetails&partnerid=25771&siteid=5403&jobid=301766","prime",""
"BAE Systems","BrassRing","Engineer Principal – Space Vehicle Systems and Simulators – $15,000 Sign On Bonus","Engineering & Technology","","Boulder, CO","US (CONUS)","","","","","","https://sjobs.brassring.com/TGnewUI/Search/home/HomeWithPreLoad?PageType=JobDetails&partnerid=25771&siteid=5403&jobid=303262","prime",""
"BAE Systems","BrassRing","Material Planning Coordinator III (2nd Shift)","Supply Chain & Logistics","","Nashua, NH","US (CONUS)","","","","","","https://sjobs.brassring.com/TGnewUI/Search/home/HomeWithPreLoad?PageType=JobDetails&partnerid=25771&siteid=5403&jobid=302342","prime",""
"BAE Systems","BrassRing","Material Planning Coordinator III - Sustainment","Supply Chain & Logistics","","Merrimack, NH","US (CONUS)","","","","","","https://sjobs.brassring.com/TGnewUI/Search/home/HomeWithPreLoad?PageType=JobDetails&partnerid=25771&siteid=5403&jobid=302362","prime",""
"BAE Systems","BrassRing","Senior Test Engineer (Onsite)","Engineering & Technology","","San Diego, CA","US (CONUS)","","","","","","https://sjobs.brassring.com/TGnewUI/Search/home/HomeWithPreLoad?PageType=JobDetails&partnerid=25771&siteid=5403&jobid=301667","prime",""
"BAE Systems","BrassRing","FAST Labs Principal Software Engineer - Release Engineering & DevSecOps","Engineering & Technology","","Merrimack, NH","US (CONUS)","","","","","","https://sjobs.brassring.com/TGnewUI/Search/home/HomeWithPreLoad?PageType=JobDetails&partnerid=25771&siteid=5403&jobid=302430","prime",""
"BAE Systems","BrassRing","Software Engineer II - Data Engineer","Engineering & Technology","","Nashua, NH","US (CONUS)","","","","","","https://sjobs.brassring.com/TGnewUI/Search/home/HomeWithPreLoad?PageType=JobDetails&partnerid=25771&siteid=5403&jobid=299732","prime",""
"BAE Systems","BrassRing","Senior Subcontract Program Manager - Space Systems","Supply Chain & Logistics","","Merrimack, NH","US (CONUS)","","","","","","https://sjobs.brassring.com/TGnewUI/Search/home/HomeWithPreLoad?PageType=JobDetails&partnerid=25771&siteid=5403&jobid=301836","prime",""
"BAE Systems","BrassRing","Test Technician III-$5k Sign on!","Engineering & Technology","","Wayne, NJ","US (CONUS)","","","","","","https://sjobs.brassring.com/TGnewUI/Search/home/HomeWithPreLoad?PageType=JobDetails&partnerid=25771&siteid=5403&jobid=299766","prime",""
"BAE Systems","BrassRing","Senior Process Engineer - Laser Seal","Engineering & Technology","","Nashua, NH","US (CONUS)","","","","","","https://sjobs.brassring.com/TGnewUI/Search/home/HomeWithPreLoad?PageType=JobDetails&partnerid=25771&siteid=5403&jobid=301851","prime",""
"BAE Systems","BrassRing","Embedded Software Engineer – Hybrid Work Opportunity - Sign on bonus","Engineering & Technology","","Austin, TX","US (CONUS)","","","","","","https://sjobs.brassring.com/TGnewUI/Search/home/HomeWithPreLoad?PageType=JobDetails&partnerid=25771&siteid=5403&jobid=296625","prime",""
"BAE Systems","BrassRing","Entry‑Level Scrum Master – Digital Architecture Team (DAT)","Engineering & Technology","","Nashua, NH","US (CONUS)","","","","","","https://sjobs.brassring.com/TGnewUI/Search/home/HomeWithPreLoad?PageType=JobDetails&partnerid=25771&siteid=5403&jobid=299745","prime",""
"BAE Systems","BrassRing","Multi-Domain DevSecOps Engineer","Engineering & Technology","","San Diego, CA","US (CONUS)","","","","","","https://sjobs.brassring.com/TGnewUI/Search/home/HomeWithPreLoad?PageType=JobDetails&partnerid=25771&siteid=5403&jobid=302126","prime",""
"BAE Systems","BrassRing","Hardware Engineering Lead for a Large Development Programs - Sign-on Bonus","Engineering & Technology","","Hudson, NH","US (CONUS)","","","","","","https://sjobs.brassring.com/TGnewUI/Search/home/HomeWithPreLoad?PageType=JobDetails&partnerid=25771&siteid=5403&jobid=302133","prime",""
"BAE Systems","BrassRing","Senior Procurement & Logistics Analyst","Supply Chain & Logistics","","Fort Wayne, IN","US (CONUS)","","","","","","https://sjobs.brassring.com/TGnewUI/Search/home/HomeWithPreLoad?PageType=JobDetails&partnerid=25771&siteid=5403&jobid=301884","prime",""
"BAE Systems","BrassRing","Senior Mechanical Designer / Mechanical Drafter","Engineering & Technology","","Hudson, NH","US (CONUS)","","","","","","https://sjobs.brassring.com/TGnewUI/Search/home/HomeWithPreLoad?PageType=JobDetails&partnerid=25771&siteid=5403&jobid=295538","prime",""
"BAE Systems","BrassRing","Lab Tech IV","Engineering & Technology","","Hudson, NH","US (CONUS)","","","","","","https://sjobs.brassring.com/TGnewUI/Search/home/HomeWithPreLoad?PageType=JobDetails&partnerid=25771&siteid=5403&jobid=303308","prime",""
"BAE Systems","BrassRing","Engineer Sr Principal - EMI/EMC - $40,000 Sign-On Bonus","Engineering & Technology","","Westminster, CO","US (CONUS)","","","","","","https://sjobs.brassring.com/TGnewUI/Search/home/HomeWithPreLoad?PageType=JobDetails&partnerid=25771&siteid=5403&jobid=303692","prime",""
"BAE Systems","BrassRing","Principal Linux System Administrator","Engineering & Technology","","Merrimack, NH","US (CONUS)","","","","","","https://sjobs.brassring.com/TGnewUI/Search/home/HomeWithPreLoad?PageType=JobDetails&partnerid=25771&siteid=5403&jobid=297635","prime",""
"BAE Systems","BrassRing","Quality Engineer","Other Professionals","","Nashua, NH","US (CONUS)","","","","","","https://sjobs.brassring.com/TGnewUI/Search/home/HomeWithPreLoad?PageType=JobDetails&partnerid=25771&siteid=5403&jobid=299310","prime",""
"BAE Systems","BrassRing","Senior Principal Systems Engineer - EO/IR","Engineering & Technology","","Huntsville, AL","US (CONUS)","","","","","","https://sjobs.brassring.com/TGnewUI/Search/home/HomeWithPreLoad?PageType=JobDetails&partnerid=25771&siteid=5403&jobid=299436","prime",""
"BAE Systems","BrassRing","CAS Aftermarket Assembler II","Manufacturing & Maintenance","","Endicott, NY","US (CONUS)","","","","","","https://sjobs.brassring.com/TGnewUI/Search/home/HomeWithPreLoad?PageType=JobDetails&partnerid=25771&siteid=5403&jobid=301653","prime",""
"BAE Systems","BrassRing","Senior Systems Engineer","Engineering & Technology","","Nashua, NH","US (CONUS)","","","","","","https://sjobs.brassring.com/TGnewUI/Search/home/HomeWithPreLoad?PageType=JobDetails&partnerid=25771&siteid=5403&jobid=299632","prime",""
"BAE Systems","BrassRing","Program Manager I - Air Transport (Development)","Project & Program Management","","Endicott, NY","US (CONUS)","","","","","","https://sjobs.brassring.com/TGnewUI/Search/home/HomeWithPreLoad?PageType=JobDetails&partnerid=25771&siteid=5403&jobid=300186","prime",""
"BAE Systems","BrassRing","Lead Software Manager","Engineering & Technology","","Nashua, NH","US (CONUS)","","","","","","https://sjobs.brassring.com/TGnewUI/Search/home/HomeWithPreLoad?PageType=JobDetails&partnerid=25771&siteid=5403&jobid=300434","prime",""
"BAE Systems","BrassRing","DevSecOps Lead (Hybrid) - Sign-on Bonus Eligible","Engineering & Technology","","San Diego, CA","US (CONUS)","","","","","","https://sjobs.brassring.com/TGnewUI/Search/home/HomeWithPreLoad?PageType=JobDetails&partnerid=25771&siteid=5403&jobid=300417","prime",""
"BAE Systems","BrassRing","ACES Capture Program Manager","Project & Program Management","","Nashua, NH","US (CONUS)","","","","","","https://sjobs.brassring.com/TGnewUI/Search/home/HomeWithPreLoad?PageType=JobDetails&partnerid=25771&siteid=5403&jobid=300547","prime",""
"BAE Systems","BrassRing","Electrical Assembler I","Manufacturing & Maintenance","","Austin, TX","US (CONUS)","","","","","","https://sjobs.brassring.com/TGnewUI/Search/home/HomeWithPreLoad?PageType=JobDetails&partnerid=25771&siteid=5403&jobid=301612","prime",""
"BAE Systems","BrassRing","Customer Compliance Representative II","Project & Program Management","","Fort Wayne, IN","US (CONUS)","","","","","","https://sjobs.brassring.com/TGnewUI/Search/home/HomeWithPreLoad?PageType=JobDetails&partnerid=25771&siteid=5403&jobid=299479","prime",""
"BAE Systems","BrassRing","ACES Program Engineering Manager I","Engineering & Technology","","Nashua, NH","US (CONUS)","","","","","","https://sjobs.brassring.com/TGnewUI/Search/home/HomeWithPreLoad?PageType=JobDetails&partnerid=25771&siteid=5403&jobid=301705","prime",""
"BAE Systems","BrassRing","Weekend Laser Seal Eng 2 – Weekend Split Shift","Manufacturing & Maintenance","","Nashua, NH","US (CONUS)","","","","","","https://sjobs.brassring.com/TGnewUI/Search/home/HomeWithPreLoad?PageType=JobDetails&partnerid=25771&siteid=5403&jobid=300421","prime",""
"BAE Systems","BrassRing","Program Manager II - Air Transport Systems","Project & Program Management","","Endicott, NY","US (CONUS)","","","","","","https://sjobs.brassring.com/TGnewUI/Search/home/HomeWithPreLoad?PageType=JobDetails&partnerid=25771&siteid=5403&jobid=300444","prime",""
"BAE Systems","BrassRing","Electronics Test Technician- Warrior Integration Program","Engineering & Technology","","Endicott, NY","US (CONUS)","","","","","","https://sjobs.brassring.com/TGnewUI/Search/home/HomeWithPreLoad?PageType=JobDetails&partnerid=25771&siteid=5403&jobid=300240","prime",""
"BAE Systems","BrassRing","Inspector III","Manufacturing & Maintenance","","Greenlawn, NY","US (CONUS)","","","","","","https://sjobs.brassring.com/TGnewUI/Search/home/HomeWithPreLoad?PageType=JobDetails&partnerid=25771&siteid=5403&jobid=300570","prime",""
"BAE Systems","BrassRing","Senior Mechanical Engineer, Production / Sustainment (Sign On Bonus Available)","Engineering & Technology","","Nashua, NH","US (CONUS)","","","","","","https://sjobs.brassring.com/TGnewUI/Search/home/HomeWithPreLoad?PageType=JobDetails&partnerid=25771&siteid=5403&jobid=302397","prime",""
"BAE Systems","BrassRing","Logistics Representative I","Supply Chain & Logistics","","Westminster, CO","US (CONUS)","","","","","","https://sjobs.brassring.com/TGnewUI/Search/home/HomeWithPreLoad?PageType=JobDetails&partnerid=25771&siteid=5403&jobid=303271","prime",""
"BAE Systems","BrassRing","Manufacturing Tech III","Manufacturing & Maintenance","","Nashua, NH","US (CONUS)","","","","","","https://sjobs.brassring.com/TGnewUI/Search/home/HomeWithPreLoad?PageType=JobDetails&partnerid=25771&siteid=5403&jobid=303013","prime",""
"BAE Systems","BrassRing","Test Technician III","Manufacturing & Maintenance","","Nashua, NH","US (CONUS)","","","","","","https://sjobs.brassring.com/TGnewUI/Search/home/HomeWithPreLoad?PageType=JobDetails&partnerid=25771&siteid=5403&jobid=303015","prime",""
"BAE Systems","BrassRing","Engineer Senior - Thermal","Engineering & Technology","","Boulder, CO","US (CONUS)","","","","","","https://sjobs.brassring.com/TGnewUI/Search/home/HomeWithPreLoad?PageType=JobDetails&partnerid=25771&siteid=5403&jobid=301970","prime",""
"BAE Systems","BrassRing","Principal Laser Engineer","Engineering & Technology","","Merrimack, NH","US (CONUS)","","","","","","https://sjobs.brassring.com/TGnewUI/Search/home/HomeWithPreLoad?PageType=JobDetails&partnerid=25771&siteid=5403&jobid=295594","prime",""
"BAE Systems","BrassRing","Principal Mechanical Engineer (Sign On Bonus Available)","Engineering & Technology","","Austin, TX","US (CONUS)","","","","","","https://sjobs.brassring.com/TGnewUI/Search/home/HomeWithPreLoad?PageType=JobDetails&partnerid=25771&siteid=5403&jobid=302740","prime",""
"BAE Systems","BrassRing","Senior Systems Engineer-Development","Engineering & Technology","","Nashua, NH","US (CONUS)","","","","","","https://sjobs.brassring.com/TGnewUI/Search/home/HomeWithPreLoad?PageType=JobDetails&partnerid=25771&siteid=5403&jobid=303038","prime",""
"BAE Systems","BrassRing","Hardware Engineering Lead - EO/IR Products (Sign On Bonus Available)","Engineering & Technology","","Austin, TX","US (CONUS)","","","","","","https://sjobs.brassring.com/TGnewUI/Search/home/HomeWithPreLoad?PageType=JobDetails&partnerid=25771&siteid=5403&jobid=302741","prime",""
"BAE Systems","BrassRing","FAST Labs - Systems Engineer - Early Career Levels","Engineering & Technology","","Merrimack, NH","US (CONUS)","","","","","","https://sjobs.brassring.com/TGnewUI/Search/home/HomeWithPreLoad?PageType=JobDetails&partnerid=25771&siteid=5403&jobid=300655","prime",""
"BAE Systems","BrassRing","Program Control Analyst II, EAS Finance (Hybrid)","Finance & Accounting","","Hudson, NH","US (CONUS)","","","","","","https://sjobs.brassring.com/TGnewUI/Search/home/HomeWithPreLoad?PageType=JobDetails&partnerid=25771&siteid=5403&jobid=302033","prime",""
"BAE Systems","BrassRing","Manager II - Facility Security Officer (FSO)","Other Professionals","","Broomfield, CO","US (CONUS)","","","","","","https://sjobs.brassring.com/TGnewUI/Search/home/HomeWithPreLoad?PageType=JobDetails&partnerid=25771&siteid=5403&jobid=302944","prime",""
"BAE Systems","BrassRing","Product Lead-Air Transport Engineering - Endicott, NY OR Ft. Wayne, IN","Engineering & Technology","","Fort Wayne, IN","US (CONUS)","","","","","","https://sjobs.brassring.com/TGnewUI/Search/home/HomeWithPreLoad?PageType=JobDetails&partnerid=25771&siteid=5403&jobid=300657","prime",""
"BAE Systems","BrassRing","Operations Program Manager II","Project & Program Management","","Hudson, NH","US (CONUS)","","","","","","https://sjobs.brassring.com/TGnewUI/Search/home/HomeWithPreLoad?PageType=JobDetails&partnerid=25771&siteid=5403&jobid=300544","prime",""
"BAE Systems","BrassRing","Building Automation Technician IV","Engineering & Technology","","Greenlawn, NY","US (CONUS)","","","","","","https://sjobs.brassring.com/TGnewUI/Search/home/HomeWithPreLoad?PageType=JobDetails&partnerid=25771&siteid=5403&jobid=300546","prime",""
"BAE Systems","BrassRing","Principal Mechanical Engineer","Engineering & Technology","","Manchester, NH","US (CONUS)","","","","","","https://sjobs.brassring.com/TGnewUI/Search/home/HomeWithPreLoad?PageType=JobDetails&partnerid=25771&siteid=5403&jobid=303316","prime",""
"BAE Systems","BrassRing","Senior Seeker Systems Software Architect","Engineering & Technology","","Huntsville, AL","US (CONUS)","","","","","","https://sjobs.brassring.com/TGnewUI/Search/home/HomeWithPreLoad?PageType=JobDetails&partnerid=25771&siteid=5403&jobid=301385","prime",""
"BAE Systems","BrassRing","Documentation Control Specialist","Engineering & Technology","","Merrimack, NH","US (CONUS)","","","","","","https://sjobs.brassring.com/TGnewUI/Search/home/HomeWithPreLoad?PageType=JobDetails&partnerid=25771&siteid=5403&jobid=303026","prime",""
"BAE Systems","BrassRing","FAST Labs - Software Engineer - All Levels - Secret","Engineering & Technology","","Merrimack, NH","US (CONUS)","","","","","","https://sjobs.brassring.com/TGnewUI/Search/home/HomeWithPreLoad?PageType=JobDetails&partnerid=25771&siteid=5403&jobid=301410","prime",""
"BAE Systems","BrassRing","Full-stack Software Engineer I","Engineering & Technology","","Nashua, NH","US (CONUS)","","","","","","https://sjobs.brassring.com/TGnewUI/Search/home/HomeWithPreLoad?PageType=JobDetails&partnerid=25771&siteid=5403&jobid=299696","prime",""
"BAE Systems","BrassRing","Strategy Test and Manufacturing Manager","Manufacturing & Maintenance","","Greenlawn, NY","US (CONUS)","","","","","","https://sjobs.brassring.com/TGnewUI/Search/home/HomeWithPreLoad?PageType=JobDetails&partnerid=25771&siteid=5403&jobid=301631","prime",""
"BAE Systems","BrassRing","Manufacturing Engineering Intern - Summer 2027","Engineering & Technology","","Boulder, CO","US (CONUS)","","","","","","https://sjobs.brassring.com/TGnewUI/Search/home/HomeWithPreLoad?PageType=JobDetails&partnerid=25771&siteid=5403&jobid=303489","prime",""
"BAE Systems","BrassRing","Senior Quality Software Design Engineer","Engineering & Technology","","Cedar Rapids, IA","US (CONUS)","","","","","","https://sjobs.brassring.com/TGnewUI/Search/home/HomeWithPreLoad?PageType=JobDetails&partnerid=25771&siteid=5403&jobid=303400","prime",""
"BAE Systems","BrassRing","Technician III – Development Technician","Engineering & Technology","","Westminster, CO","US (CONUS)","","","","","","https://sjobs.brassring.com/TGnewUI/Search/home/HomeWithPreLoad?PageType=JobDetails&partnerid=25771&siteid=5403&jobid=302097","prime",""
"BAE Systems","BrassRing","Inspector III","Manufacturing & Maintenance","","Wayne, NJ","US (CONUS)","","","","","","https://sjobs.brassring.com/TGnewUI/Search/home/HomeWithPreLoad?PageType=JobDetails&partnerid=25771&siteid=5403&jobid=298195","prime",""
"BAE Systems","BrassRing","Optical Engineer 1 - Spectral Test & Analysis","Engineering & Technology","","Boulder, CO","US (CONUS)","","","","","","https://sjobs.brassring.com/TGnewUI/Search/home/HomeWithPreLoad?PageType=JobDetails&partnerid=25771&siteid=5403&jobid=303575","prime",""
"BAE Systems","BrassRing","Multi-Domain DevSecOps Engineer","Engineering & Technology","","San Diego, CA","US (CONUS)","","","","","","https://sjobs.brassring.com/TGnewUI/Search/home/HomeWithPreLoad?PageType=JobDetails&partnerid=25771&siteid=5403&jobid=302127","prime",""
"BAE Systems","BrassRing","Engineer II – Ground/Application Software Integration","Engineering & Technology","","Broomfield, CO","US (CONUS)","","","","","","https://sjobs.brassring.com/TGnewUI/Search/home/HomeWithPreLoad?PageType=JobDetails&partnerid=25771&siteid=5403&jobid=301823","prime",""
"BAE Systems","BrassRing","Senior Principal Software Engineer (Sign On Bonus Available)","Engineering & Technology","","Nashua, NH","US (CONUS)","","","","","","https://sjobs.brassring.com/TGnewUI/Search/home/HomeWithPreLoad?PageType=JobDetails&partnerid=25771&siteid=5403&jobid=302149","prime",""
"BAE Systems","BrassRing","Systems Engineer II - EO/IR","Engineering & Technology","","Merrimack, NH","US (CONUS)","","","","","","https://sjobs.brassring.com/TGnewUI/Search/home/HomeWithPreLoad?PageType=JobDetails&partnerid=25771&siteid=5403&jobid=301832","prime",""
"BAE Systems","BrassRing","Microwave Technician II Weekend Nights","Manufacturing & Maintenance","","Nashua, NH","US (CONUS)","","","","","","https://sjobs.brassring.com/TGnewUI/Search/home/HomeWithPreLoad?PageType=JobDetails&partnerid=25771&siteid=5403&jobid=299675","prime",""
"BAE Systems","BrassRing","Full-stack Software Engineer I","Engineering & Technology","","Nashua, NH","US (CONUS)","","","","","","https://sjobs.brassring.com/TGnewUI/Search/home/HomeWithPreLoad?PageType=JobDetails&partnerid=25771&siteid=5403&jobid=299694","prime",""
"BAE Systems","BrassRing","Quality Engineering Assistant","Engineering & Technology","","Fort Wayne, IN","US (CONUS)","","","","","","https://sjobs.brassring.com/TGnewUI/Search/home/HomeWithPreLoad?PageType=JobDetails&partnerid=25771&siteid=5403&jobid=299692","prime",""
"BAE Systems","BrassRing","Test Operations Program Specialist","Project & Program Management","","Nashua, NH","US (CONUS)","","","","","","https://sjobs.brassring.com/TGnewUI/Search/home/HomeWithPreLoad?PageType=JobDetails&partnerid=25771&siteid=5403&jobid=302056","prime",""
"BAE Systems","BrassRing","DF/Geolocation Systems Engineer","Engineering & Technology","","Nashua, NH","US (CONUS)","","","","","","https://sjobs.brassring.com/TGnewUI/Search/home/HomeWithPreLoad?PageType=JobDetails&partnerid=25771&siteid=5403&jobid=299701","prime",""
"BAE Systems","BrassRing","Hardware Engineering Lead - EO/IR products (Hybrid / Sign-on Bonus)","Engineering & Technology","","Merrimack, NH","US (CONUS)","","","","","","https://sjobs.brassring.com/TGnewUI/Search/home/HomeWithPreLoad?PageType=JobDetails&partnerid=25771&siteid=5403&jobid=302064","prime",""
"BAE Systems","BrassRing","Principal Software Engineer","Engineering & Technology","","Totowa, NJ","US (CONUS)","","","","","","https://sjobs.brassring.com/TGnewUI/Search/home/HomeWithPreLoad?PageType=JobDetails&partnerid=25771&siteid=5403&jobid=301030","prime",""
"BAE Systems","BrassRing","Engineer Senior - RF Payload Calibration","Engineering & Technology","","Broomfield, CO","US (CONUS)","","","","","","https://sjobs.brassring.com/TGnewUI/Search/home/HomeWithPreLoad?PageType=JobDetails&partnerid=25771&siteid=5403&jobid=302612","prime",""
"BAE Systems","BrassRing","Systems Engineering, Integration, and Test (SEIT) Lead","Engineering & Technology","","Hudson, NH","US (CONUS)","","","","","","https://sjobs.brassring.com/TGnewUI/Search/home/HomeWithPreLoad?PageType=JobDetails&partnerid=25771&siteid=5403&jobid=301056","prime",""
"BAE Systems","BrassRing","Systems Integration Engineer / Lab and Electronics Support Engineer","Engineering & Technology","","Hudson, NH","US (CONUS)","","","","","","https://sjobs.brassring.com/TGnewUI/Search/home/HomeWithPreLoad?PageType=JobDetails&partnerid=25771&siteid=5403&jobid=302260","prime",""
"BAE Systems","BrassRing","Engineer Principal - RF Payload Calibration","Engineering & Technology","","Broomfield, CO","US (CONUS)","","","","","","https://sjobs.brassring.com/TGnewUI/Search/home/HomeWithPreLoad?PageType=JobDetails&partnerid=25771&siteid=5403&jobid=302615","prime",""
"BAE Systems","BrassRing","Facilities Supervisor II","Manufacturing & Maintenance","","Nashua, NH","US (CONUS)","","","","","","https://sjobs.brassring.com/TGnewUI/Search/home/HomeWithPreLoad?PageType=JobDetails&partnerid=25771&siteid=5403&jobid=302616","prime",""
"BAE Systems","BrassRing","Business Integration Planner","Other Professionals","","Fort Wayne, IN","US (CONUS)","","","","","","https://sjobs.brassring.com/TGnewUI/Search/home/HomeWithPreLoad?PageType=JobDetails&partnerid=25771&siteid=5403&jobid=302804","prime",""
"BAE Systems","BrassRing","Mechanical Assembler II","Manufacturing & Maintenance","","Nashua, NH","US (CONUS)","","","","","","https://sjobs.brassring.com/TGnewUI/Search/home/HomeWithPreLoad?PageType=JobDetails&partnerid=25771&siteid=5403&jobid=301337","prime",""
"BAE Systems","BrassRing","Principal Software Engineer","Engineering & Technology","","Totowa, NJ","US (CONUS)","","","","","","https://sjobs.brassring.com/TGnewUI/Search/home/HomeWithPreLoad?PageType=JobDetails&partnerid=25771&siteid=5403&jobid=303097","prime",""
"BAE Systems","BrassRing","Eng Sr Prin - SW","Engineering & Technology","","Nashua, NH","US (CONUS)","","","","","","https://sjobs.brassring.com/TGnewUI/Search/home/HomeWithPreLoad?PageType=JobDetails&partnerid=25771&siteid=5403&jobid=301370","prime",""
"BAE Systems","BrassRing","Principal Power Supply Electrical Engineer","Engineering & Technology","","Wayne, NJ","US (CONUS)","","","","","","https://sjobs.brassring.com/TGnewUI/Search/home/HomeWithPreLoad?PageType=JobDetails&partnerid=25771&siteid=5403&jobid=303101","prime",""
"BAE Systems","BrassRing","FAST Labs - Software Engineer - Early Career Levels - Secret","Engineering & Technology","","Merrimack, NH","US (CONUS)","","","","","","https://sjobs.brassring.com/TGnewUI/Search/home/HomeWithPreLoad?PageType=JobDetails&partnerid=25771&siteid=5403&jobid=301408","prime",""
"BAE Systems","BrassRing","Principal Program Control Analyst (Hybrid)","Finance & Accounting","","Nashua, NH","US (CONUS)","","","","","","https://sjobs.brassring.com/TGnewUI/Search/home/HomeWithPreLoad?PageType=JobDetails&partnerid=25771&siteid=5403&jobid=303061","prime",""
"BAE Systems","BrassRing","Senior Principal Systems Engineer - C4ISR","Engineering & Technology","","Wayne, NJ","US (CONUS)","","","","","","https://sjobs.brassring.com/TGnewUI/Search/home/HomeWithPreLoad?PageType=JobDetails&partnerid=25771&siteid=5403&jobid=303063","prime",""
"BAE Systems","BrassRing","Experienced Software Engineer with Hardware Background (Hybrid)","Engineering & Technology","","Fort Worth, TX","US (CONUS)","","","","","","https://sjobs.brassring.com/TGnewUI/Search/home/HomeWithPreLoad?PageType=JobDetails&partnerid=25771&siteid=5403&jobid=298220","prime",""
"BAE Systems","BrassRing","Senior Principal Laser Engineer","Engineering & Technology","","Austin, TX","US (CONUS)","","","","","","https://sjobs.brassring.com/TGnewUI/Search/home/HomeWithPreLoad?PageType=JobDetails&partnerid=25771&siteid=5403&jobid=297589","prime",""
"BAE Systems","BrassRing","Engineer Senior Principal - Systems - EO Payload Performance Analyst","Engineering & Technology","","Broomfield, CO","US (CONUS)","","","","","","https://sjobs.brassring.com/TGnewUI/Search/home/HomeWithPreLoad?PageType=JobDetails&partnerid=25771&siteid=5403&jobid=302657","prime",""
"BAE Systems","BrassRing","IT Networking Director","Engineering & Technology","","Merrimack, NH","US (CONUS)","","","","","","https://sjobs.brassring.com/TGnewUI/Search/home/HomeWithPreLoad?PageType=JobDetails&partnerid=25771&siteid=5403&jobid=302680","prime",""
"BAE Systems","BrassRing","Engineering Project Team Lead -Hybrid- Sign on Bonus","Project & Program Management","","Endicott, NY","US (CONUS)","","","","","","https://sjobs.brassring.com/TGnewUI/Search/home/HomeWithPreLoad?PageType=JobDetails&partnerid=25771&siteid=5403&jobid=300136","prime",""
"BAE Systems","BrassRing","Senior Mechanical Engineer, Production / Sustainment","Engineering & Technology","","Nashua, NH","US (CONUS)","","","","","","https://sjobs.brassring.com/TGnewUI/Search/home/HomeWithPreLoad?PageType=JobDetails&partnerid=25771&siteid=5403&jobid=300180","prime",""
"BAE Systems","BrassRing","Digital Signal Processing (DSP) Engineer","Engineering & Technology","","Hudson, NH","US (CONUS)","","","","","","https://sjobs.brassring.com/TGnewUI/Search/home/HomeWithPreLoad?PageType=JobDetails&partnerid=25771&siteid=5403&jobid=302399","prime",""
"BAE Systems","BrassRing","Precision Strike and Sensing Solutions Business Development Manager","Business Development, Strategy & Planning","","Huntsville, AL","US (CONUS)","","","","","","https://sjobs.brassring.com/TGnewUI/Search/home/HomeWithPreLoad?PageType=JobDetails&partnerid=25771&siteid=5403&jobid=302416","prime",""
"BAE Systems","BrassRing","Operations Director Airborne Tactical Radios","Project & Program Management","","Fort Wayne, IN","US (CONUS)","","","","","","https://sjobs.brassring.com/TGnewUI/Search/home/HomeWithPreLoad?PageType=JobDetails&partnerid=25771&siteid=5403&jobid=302906","prime",""
"BAE Systems","BrassRing","Subcontract Program Manager","Supply Chain & Logistics","","San Diego, CA","US (CONUS)","","","","","","https://sjobs.brassring.com/TGnewUI/Search/home/HomeWithPreLoad?PageType=JobDetails&partnerid=25771&siteid=5403&jobid=302711","prime",""
"BAE Systems","BrassRing","Microwave Technician II - Weekend Night Shift","Manufacturing & Maintenance","","Nashua, NH","US (CONUS)","","","","","","https://sjobs.brassring.com/TGnewUI/Search/home/HomeWithPreLoad?PageType=JobDetails&partnerid=25771&siteid=5403&jobid=298833","prime",""
"BAE Systems","BrassRing","Model Based Engineering Section Manager","Engineering & Technology","","Hudson, NH","US (CONUS)","","","","","","https://sjobs.brassring.com/TGnewUI/Search/home/HomeWithPreLoad?PageType=JobDetails&partnerid=25771&siteid=5403&jobid=303206","prime",""
"BAE Systems","BrassRing","Electronic Assembler I 1st SHIFT","Manufacturing & Maintenance","","Wayne, NJ","US (CONUS)","","","","","","https://sjobs.brassring.com/TGnewUI/Search/home/HomeWithPreLoad?PageType=JobDetails&partnerid=25771&siteid=5403&jobid=303199","prime",""
"BAE Systems","BrassRing","Principal Mechanical Engineer, Development","Engineering & Technology","","Merrimack, NH","US (CONUS)","","","","","","https://sjobs.brassring.com/TGnewUI/Search/home/HomeWithPreLoad?PageType=JobDetails&partnerid=25771&siteid=5403&jobid=303211","prime",""
"BAE Systems","BrassRing","Hardware Design Quality Engineer","Engineering & Technology","","Nashua, NH","US (CONUS)","","","","","","https://sjobs.brassring.com/TGnewUI/Search/home/HomeWithPreLoad?PageType=JobDetails&partnerid=25771&siteid=5403&jobid=300580","prime",""
"BAE Systems","BrassRing","Machinist IV","Manufacturing & Maintenance","","Albuquerque, NM","US (CONUS)","","","","","","https://sjobs.brassring.com/TGnewUI/Search/home/HomeWithPreLoad?PageType=JobDetails&partnerid=25771&siteid=5403&jobid=302849","prime",""
"BAE Systems","BrassRing","Receiving Quality Inspector III","Other Professionals","","Manassas, VA","US (CONUS)","","","","","","https://sjobs.brassring.com/TGnewUI/Search/home/HomeWithPreLoad?PageType=JobDetails&partnerid=25771&siteid=5403&jobid=302860","prime",""
"BAE Systems","BrassRing","Software Engineer, React","Engineering & Technology","","Nashua, NH","US (CONUS)","","","","","","https://sjobs.brassring.com/TGnewUI/Search/home/HomeWithPreLoad?PageType=JobDetails&partnerid=25771&siteid=5403&jobid=302493","prime",""
"BAE Systems","BrassRing","Quality Technician - CMM Inspection","Manufacturing & Maintenance","","Hudson, NH","US (CONUS)","","","","","","https://sjobs.brassring.com/TGnewUI/Search/home/HomeWithPreLoad?PageType=JobDetails&partnerid=25771&siteid=5403&jobid=302501","prime",""
"BAE Systems","BrassRing","Electrical Engineering Manager I - Hybrid","Engineering & Technology","","Totowa, NJ","US (CONUS)","","","","","","https://sjobs.brassring.com/TGnewUI/Search/home/HomeWithPreLoad?PageType=JobDetails&partnerid=25771&siteid=5403&jobid=300357","prime",""
"BAE Systems","BrassRing","Model Based Logistics/Product Support Engineer","Engineering & Technology","","Nashua, NH","US (CONUS)","","","","","","https://sjobs.brassring.com/TGnewUI/Search/home/HomeWithPreLoad?PageType=JobDetails&partnerid=25771&siteid=5403&jobid=300050","prime",""
"BAE Systems","BrassRing","Program Engineering Manager II (ON-SITE)","Engineering & Technology","","Nashua, NH","US (CONUS)","","","","","","https://sjobs.brassring.com/TGnewUI/Search/home/HomeWithPreLoad?PageType=JobDetails&partnerid=25771&siteid=5403&jobid=299136","prime",""
"BAE Systems","BrassRing","Principal Production Engineering","Engineering & Technology","","Wayne, NJ","US (CONUS)","","","","","","https://sjobs.brassring.com/TGnewUI/Search/home/HomeWithPreLoad?PageType=JobDetails&partnerid=25771&siteid=5403&jobid=300074","prime",""
"BAE Systems","BrassRing","Senior Principal Reliability Engineer - Hybrid","Engineering & Technology","","Wayne, NJ","US (CONUS)","","","","","","https://sjobs.brassring.com/TGnewUI/Search/home/HomeWithPreLoad?PageType=JobDetails&partnerid=25771&siteid=5403&jobid=302873","prime",""
"BAE Systems","BrassRing","Principal Software Engineer – Seeker Market Expansion","Engineering & Technology","","Huntsville, AL","US (CONUS)","","","","","","https://sjobs.brassring.com/TGnewUI/Search/home/HomeWithPreLoad?PageType=JobDetails&partnerid=25771&siteid=5403&jobid=301645","prime",""
"BAE Systems","BrassRing","Senior Training Specialist - Talent Development","Other Professionals","","Broomfield, CO","US (CONUS)","","","","","","https://sjobs.brassring.com/TGnewUI/Search/home/HomeWithPreLoad?PageType=JobDetails&partnerid=25771&siteid=5403&jobid=302631","prime",""
"BAE Systems","BrassRing","Principal Contract Administrator - Hybrid","Other Professionals","","Merrimack, NH","US (CONUS)","","","","","","https://sjobs.brassring.com/TGnewUI/Search/home/HomeWithPreLoad?PageType=JobDetails&partnerid=25771&siteid=5403&jobid=301308","prime",""
"BAE Systems","BrassRing","Microwave Tech II (Weekend Days)","Manufacturing & Maintenance","","Nashua, NH","US (CONUS)","","","","","","https://sjobs.brassring.com/TGnewUI/Search/home/HomeWithPreLoad?PageType=JobDetails&partnerid=25771&siteid=5403&jobid=299991","prime",""
"BAE Systems","BrassRing","Microelectronics Assembly Inspector","Manufacturing & Maintenance","","Manassas, VA","US (CONUS)","","","","","","https://sjobs.brassring.com/TGnewUI/Search/home/HomeWithPreLoad?PageType=JobDetails&partnerid=25771&siteid=5403&jobid=301942","prime",""
"BAE Systems","BrassRing","Process Engineer","Manufacturing & Maintenance","","Nashua, NH","US (CONUS)","","","","","","https://sjobs.brassring.com/TGnewUI/Search/home/HomeWithPreLoad?PageType=JobDetails&partnerid=25771&siteid=5403&jobid=301969","prime",""
"BAE Systems","BrassRing","Receiving Inspection Manager","Engineering & Technology","","Austin, TX","US (CONUS)","","","","","","https://sjobs.brassring.com/TGnewUI/Search/home/HomeWithPreLoad?PageType=JobDetails&partnerid=25771&siteid=5403&jobid=301987","prime",""
"BAE Systems","BrassRing","Operation Program Manager I","Project & Program Management","","Wayne, NJ","US (CONUS)","","","","","","https://sjobs.brassring.com/TGnewUI/Search/home/HomeWithPreLoad?PageType=JobDetails&partnerid=25771&siteid=5403&jobid=301992","prime",""
"BAE Systems","BrassRing","Operations Program Manager III","Project & Program Management","","Merrimack, NH","US (CONUS)","","","","","","https://sjobs.brassring.com/TGnewUI/Search/home/HomeWithPreLoad?PageType=JobDetails&partnerid=25771&siteid=5403&jobid=302003","prime",""
"BAE Systems","BrassRing","Director, Us Army Programs and Requirements","Business Development, Strategy & Planning","","Arlington, VA","US (CONUS)","","","","","","https://sjobs.brassring.com/TGnewUI/Search/home/HomeWithPreLoad?PageType=JobDetails&partnerid=25771&siteid=5403&jobid=303474","prime",""
"BAE Systems","BrassRing","Cyber Security, Information Systems Security Officer (ISSO)","Other Professionals","","Merrimack, NH","US (CONUS)","","","","","","https://sjobs.brassring.com/TGnewUI/Search/home/HomeWithPreLoad?PageType=JobDetails&partnerid=25771&siteid=5403&jobid=300581","prime",""
"BAE Systems","BrassRing","Air Systems Analyst - Senior","Other Professionals","","Quantico, VA","US (CONUS)","","","","","","https://sjobs.brassring.com/TGnewUI/Search/home/HomeWithPreLoad?PageType=JobDetails&partnerid=25771&siteid=5403&jobid=300605","prime",""
"BAE Systems","BrassRing","Acoustics Production Program Manager","Project & Program Management","","Hudson, NH","US (CONUS)","","","","","","https://sjobs.brassring.com/TGnewUI/Search/home/HomeWithPreLoad?PageType=JobDetails&partnerid=25771&siteid=5403&jobid=300616","prime",""
"BAE Systems","BrassRing","Finisher 1st Shift","Manufacturing & Maintenance","","Nashua, NH","US (CONUS)","","","","","","https://sjobs.brassring.com/TGnewUI/Search/home/HomeWithPreLoad?PageType=JobDetails&partnerid=25771&siteid=5403&jobid=303340","prime",""
"BAE Systems","BrassRing","Systems Engineer","Engineering & Technology","","Manchester, NH","US (CONUS)","","","","","","https://sjobs.brassring.com/TGnewUI/Search/home/HomeWithPreLoad?PageType=JobDetails&partnerid=25771&siteid=5403&jobid=300649","prime",""
"BAE Systems","BrassRing","System Security Engineer - Principal","Engineering & Technology","","Broomfield, CO","US (CONUS)","","","","","","https://sjobs.brassring.com/TGnewUI/Search/home/HomeWithPreLoad?PageType=JobDetails&partnerid=25771&siteid=5403&jobid=302460","prime",""
"BAE Systems","BrassRing","Chief Engineer (ON-SITE)","Engineering & Technology","","Nashua, NH","US (CONUS)","","","","","","https://sjobs.brassring.com/TGnewUI/Search/home/HomeWithPreLoad?PageType=JobDetails&partnerid=25771&siteid=5403&jobid=302462","prime",""
"BAE Systems","BrassRing","BAE Systems - Principal Reliability Engineer","Engineering & Technology","","Wayne, NJ","US (CONUS)","","","","","","https://sjobs.brassring.com/TGnewUI/Search/home/HomeWithPreLoad?PageType=JobDetails&partnerid=25771&siteid=5403&jobid=300675","prime",""
"BAE Systems","BrassRing","Deputy Director, Platform Engineering","Engineering & Technology","","Merrimack, NH","US (CONUS)","","","","","","https://sjobs.brassring.com/TGnewUI/Search/home/HomeWithPreLoad?PageType=JobDetails&partnerid=25771&siteid=5403&jobid=301772","prime",""
"BAE Systems","BrassRing","Electronic Support Measures Senior Principal Systems Engineer II - Functional Manager","Engineering & Technology","","Totowa, NJ","US (CONUS)","","","","","","https://sjobs.brassring.com/TGnewUI/Search/home/HomeWithPreLoad?PageType=JobDetails&partnerid=25771&siteid=5403&jobid=299212","prime",""
"BAE Systems","BrassRing","Principal Software Engineer","Engineering & Technology","","Nashua, NH","US (CONUS)","","","","","","https://sjobs.brassring.com/TGnewUI/Search/home/HomeWithPreLoad?PageType=JobDetails&partnerid=25771&siteid=5403&jobid=300842","prime",""
"BAE Systems","BrassRing","Structural Fabricator- Submarine Program (UTI-Houston)","Manufacturing & Maintenance","","Jacksonville, FL","US (CONUS)","","","","","","https://sjobs.brassring.com/TGnewUI/Search/home/HomeWithPreLoad?PageType=JobDetails&partnerid=25771&siteid=5403&jobid=303711","prime",""
"BAE Systems","BrassRing","Principal PCB Design Specialist","Engineering & Technology","","Fort Wayne, IN","US (CONUS)","","","","","","https://sjobs.brassring.com/TGnewUI/Search/home/HomeWithPreLoad?PageType=JobDetails&partnerid=25771&siteid=5403&jobid=302677","prime",""
"BAE Systems","BrassRing","Sr. Learning Experience Designer and Analyst","Other Professionals","","Nashua, NH","US (CONUS)","","","","","","https://sjobs.brassring.com/TGnewUI/Search/home/HomeWithPreLoad?PageType=JobDetails&partnerid=25771&siteid=5403&jobid=301143","prime",""
"BAE Systems","BrassRing","Test Development Engineer","Engineering & Technology","","Endicott, NY","US (CONUS)","","","","","","https://sjobs.brassring.com/TGnewUI/Search/home/HomeWithPreLoad?PageType=JobDetails&partnerid=25771&siteid=5403&jobid=303309","prime",""
"BAE Systems","BrassRing","Operations Program Manager II - TacAir","Project & Program Management","","Nashua, NH","US (CONUS)","","","","","","https://sjobs.brassring.com/TGnewUI/Search/home/HomeWithPreLoad?PageType=JobDetails&partnerid=25771&siteid=5403&jobid=301708","prime",""
"BAE Systems","BrassRing","Engineer Senior Principal - Mission Integration - $10K Sign-On Bonus","Engineering & Technology","","Aurora, CO","US (CONUS)","","","","","","https://sjobs.brassring.com/TGnewUI/Search/home/HomeWithPreLoad?PageType=JobDetails&partnerid=25771&siteid=5403&jobid=303047","prime",""
"BAE Systems","BrassRing","Manufacturing Quality Manager II","Other Professionals","","Fort Wayne, IN","US (CONUS)","","","","","","https://sjobs.brassring.com/TGnewUI/Search/home/HomeWithPreLoad?PageType=JobDetails&partnerid=25771&siteid=5403&jobid=301720","prime",""
"BAE Systems","BrassRing","Master Planner (Scheduler) Senior","Finance & Accounting","","Broomfield, CO","US (CONUS)","","","","","","https://sjobs.brassring.com/TGnewUI/Search/home/HomeWithPreLoad?PageType=JobDetails&partnerid=25771&siteid=5403&jobid=303048","prime",""
"BAE Systems","BrassRing","Project Lead, Test Equipment- Hybrid","Engineering & Technology","","Endicott, NY","US (CONUS)","","","","","","https://sjobs.brassring.com/TGnewUI/Search/home/HomeWithPreLoad?PageType=JobDetails&partnerid=25771&siteid=5403&jobid=303053","prime",""
"BAE Systems","BrassRing","Drafter III","Engineering & Technology","","Merrimack, NH","US (CONUS)","","","","","","https://sjobs.brassring.com/TGnewUI/Search/home/HomeWithPreLoad?PageType=JobDetails&partnerid=25771&siteid=5403&jobid=294309","prime",""
"BAE Systems","BrassRing","Senior Principal Test Engineer","Engineering & Technology","","Totowa, NJ","US (CONUS)","","","","","","https://sjobs.brassring.com/TGnewUI/Search/home/HomeWithPreLoad?PageType=JobDetails&partnerid=25771&siteid=5403&jobid=302747","prime",""
"BAE Systems","BrassRing","JAMA Suite Assistant","Engineering & Technology","","Endicott, NY","US (CONUS)","","","","","","https://sjobs.brassring.com/TGnewUI/Search/home/HomeWithPreLoad?PageType=JobDetails&partnerid=25771&siteid=5403&jobid=301248","prime",""
"BAE Systems","BrassRing","Senior Program Control Analyst (Hybrid)","Finance & Accounting","","Nashua, NH","US (CONUS)","","","","","","https://sjobs.brassring.com/TGnewUI/Search/home/HomeWithPreLoad?PageType=JobDetails&partnerid=25771&siteid=5403&jobid=303042","prime",""
"BAE Systems","BrassRing","Operations Program Specialist II","Project & Program Management","","Greenlawn, NY","US (CONUS)","","","","","","https://sjobs.brassring.com/TGnewUI/Search/home/HomeWithPreLoad?PageType=JobDetails&partnerid=25771&siteid=5403&jobid=300174","prime",""
"BAE Systems","BrassRing","Facilities Engineer II","Other Professionals","","Fort Wayne, IN","US (CONUS)","","","","","","https://sjobs.brassring.com/TGnewUI/Search/home/HomeWithPreLoad?PageType=JobDetails&partnerid=25771&siteid=5403&jobid=302502","prime",""
"BAE Systems","BrassRing","Principal Systems Engineer - EOIR","Engineering & Technology","","Merrimack, NH","US (CONUS)","","","","","","https://sjobs.brassring.com/TGnewUI/Search/home/HomeWithPreLoad?PageType=JobDetails&partnerid=25771&siteid=5403&jobid=302895","prime",""
"BAE Systems","BrassRing","Contracts Manager I","Other Professionals","","Hudson, NH","US (CONUS)","","","","","","https://sjobs.brassring.com/TGnewUI/Search/home/HomeWithPreLoad?PageType=JobDetails&partnerid=25771&siteid=5403&jobid=299198","prime",""
"BAE Systems","BrassRing","Engineer Senior Principal II – Systems - RADAR - $15K Sign On Bonus","Engineering & Technology","","Westminster, CO","US (CONUS)","","","","","","https://sjobs.brassring.com/TGnewUI/Search/home/HomeWithPreLoad?PageType=JobDetails&partnerid=25771&siteid=5403&jobid=303145","prime",""
"BAE Systems","BrassRing","Project Engineer I - Mechanical","Engineering & Technology","","Boulder, CO","US (CONUS)","","","","","","https://sjobs.brassring.com/TGnewUI/Search/home/HomeWithPreLoad?PageType=JobDetails&partnerid=25771&siteid=5403&jobid=302901","prime",""
"BAE Systems","BrassRing","Contracts Leadership Development Program - AMS","Other Professionals","","Nashua, NH","US (CONUS)","","","","","","https://sjobs.brassring.com/TGnewUI/Search/home/HomeWithPreLoad?PageType=JobDetails&partnerid=25771&siteid=5403&jobid=302536","prime",""
"BAE Systems","BrassRing","Manager I, Program Control","Finance & Accounting","","Nashua, NH","US (CONUS)","","","","","","https://sjobs.brassring.com/TGnewUI/Search/home/HomeWithPreLoad?PageType=JobDetails&partnerid=25771&siteid=5403&jobid=299868","prime",""
"BAE Systems","BrassRing","Senior Principal Mechanical Engineer, Development (Sign On Bonus Available)","Engineering & Technology","","Nashua, NH","US (CONUS)","","","","","","https://sjobs.brassring.com/TGnewUI/Search/home/HomeWithPreLoad?PageType=JobDetails&partnerid=25771&siteid=5403&jobid=302296","prime",""
"BAE Systems","BrassRing","Systems Engineer II – Model-Based Systems & Digital Engineering","Engineering & Technology","","Broomfield, CO","US (CONUS)","","","","","","https://sjobs.brassring.com/TGnewUI/Search/home/HomeWithPreLoad?PageType=JobDetails&partnerid=25771&siteid=5403&jobid=303304","prime",""
"BAE Systems","BrassRing","Program Engineering Mgr I","Engineering & Technology","","Nashua, NH","US (CONUS)","","","","","","https://sjobs.brassring.com/TGnewUI/Search/home/HomeWithPreLoad?PageType=JobDetails&partnerid=25771&siteid=5403&jobid=302301","prime",""
"BAE Systems","BrassRing","Product Test Engineer II - Engine System Unit Integration","Engineering & Technology","","Fort Wayne, IN","US (CONUS)","","","","","","https://sjobs.brassring.com/TGnewUI/Search/home/HomeWithPreLoad?PageType=JobDetails&partnerid=25771&siteid=5403&jobid=299874","prime",""
"BAE Systems","BrassRing","Technician IV – Vibration Test","Manufacturing & Maintenance","","Boulder, CO","US (CONUS)","","","","","","https://sjobs.brassring.com/TGnewUI/Search/home/HomeWithPreLoad?PageType=JobDetails&partnerid=25771&siteid=5403&jobid=303142","prime",""
"BAE Systems","BrassRing","Program Manager II","Project & Program Management","","Manchester, NH","US (CONUS)","","","","","","https://sjobs.brassring.com/TGnewUI/Search/home/HomeWithPreLoad?PageType=JobDetails&partnerid=25771&siteid=5403&jobid=296702","prime",""
"BAE Systems","BrassRing","Tactical Data Link Program Engineering Manager (PEM) II","Engineering & Technology","","Wayne, NJ","US (CONUS)","","","","","","https://sjobs.brassring.com/TGnewUI/Search/home/HomeWithPreLoad?PageType=JobDetails&partnerid=25771&siteid=5403&jobid=302963","prime",""
"BAE Systems","BrassRing","Director of Commercial Contracts","Other Professionals","","Endicott, NY","US (CONUS)","","","","","","https://sjobs.brassring.com/TGnewUI/Search/home/HomeWithPreLoad?PageType=JobDetails&partnerid=25771&siteid=5403&jobid=302474","prime",""
"BAE Systems","BrassRing","Principal Contract Administrator - National Space","Other Professionals","","Boulder, CO","US (CONUS)","","","","","","https://sjobs.brassring.com/TGnewUI/Search/home/HomeWithPreLoad?PageType=JobDetails&partnerid=25771&siteid=5403&jobid=302916","prime",""
"BAE Systems","BrassRing","Contracts Administrator Principal - Onsite","Other Professionals","","Manchester, NH","US (CONUS)","","","","","","https://sjobs.brassring.com/TGnewUI/Search/home/HomeWithPreLoad?PageType=JobDetails&partnerid=25771&siteid=5403&jobid=300858","prime",""
"BAE Systems","BrassRing","Senior Principal RF Systems Engineer","Engineering & Technology","","Merrimack, NH","US (CONUS)","","","","","","https://sjobs.brassring.com/TGnewUI/Search/home/HomeWithPreLoad?PageType=JobDetails&partnerid=25771&siteid=5403&jobid=303347","prime",""
"BAE Systems","BrassRing","Stockroom Clerk","Supply Chain & Logistics","","Greenlawn, NY","US (CONUS)","","","","","","https://sjobs.brassring.com/TGnewUI/Search/home/HomeWithPreLoad?PageType=JobDetails&partnerid=25771&siteid=5403&jobid=303345","prime",""
"BAE Systems","BrassRing","Mechanical Technician II- Warrior Integration Program","Manufacturing & Maintenance","","Nashua, NH","US (CONUS)","","","","","","https://sjobs.brassring.com/TGnewUI/Search/home/HomeWithPreLoad?PageType=JobDetails&partnerid=25771&siteid=5403&jobid=301935","prime",""
"BAE Systems","BrassRing","Entry Level Software Engineer","Engineering & Technology","","Hudson, NH","US (CONUS)","","","","","","https://sjobs.brassring.com/TGnewUI/Search/home/HomeWithPreLoad?PageType=JobDetails&partnerid=25771&siteid=5403&jobid=303350","prime",""
"BAE Systems","BrassRing","CAS Aftermarket Ops Program Manager (OPM)","Manufacturing & Maintenance","","Endicott, NY","US (CONUS)","","","","","","https://sjobs.brassring.com/TGnewUI/Search/home/HomeWithPreLoad?PageType=JobDetails&partnerid=25771&siteid=5403&jobid=302552","prime",""
"BAE Systems","BrassRing","Manufacturing Engineering Manager","Manufacturing & Maintenance","","Hudson, NH","US (CONUS)","","","","","","https://sjobs.brassring.com/TGnewUI/Search/home/HomeWithPreLoad?PageType=JobDetails&partnerid=25771&siteid=5403&jobid=300896","prime",""
"BAE Systems","BrassRing","Technician III - Autoclaves - 2nd Shift","Manufacturing & Maintenance","","Westminster, CO","US (CONUS)","","","","","","https://sjobs.brassring.com/TGnewUI/Search/home/HomeWithPreLoad?PageType=JobDetails&partnerid=25771&siteid=5403&jobid=302435","prime",""
"BAE Systems","BrassRing","Logistics Representative I","Supply Chain & Logistics","","Westminster, CO","US (CONUS)","","","","","","https://sjobs.brassring.com/TGnewUI/Search/home/HomeWithPreLoad?PageType=JobDetails&partnerid=25771&siteid=5403&jobid=303359","prime",""
"BAE Systems","BrassRing","Program Engineering Manager I (ON-SITE)","Engineering & Technology","","Hudson, NH","US (CONUS)","","","","","","https://sjobs.brassring.com/TGnewUI/Search/home/HomeWithPreLoad?PageType=JobDetails&partnerid=25771&siteid=5403&jobid=301938","prime",""
"BAE Systems","BrassRing","Senior FPGA Design Engineer","Engineering & Technology","","Nashua, NH","US (CONUS)","","","","","","https://sjobs.brassring.com/TGnewUI/Search/home/HomeWithPreLoad?PageType=JobDetails&partnerid=25771&siteid=5403&jobid=298753","prime",""
"BAE Systems","BrassRing","Engineer Principal - Space Vehicle Systems Test (AI&T)","Engineering & Technology","","Boulder, CO","US (CONUS)","","","","","","https://sjobs.brassring.com/TGnewUI/Search/home/HomeWithPreLoad?PageType=JobDetails&partnerid=25771&siteid=5403&jobid=302194","prime",""
"BAE Systems","BrassRing","Real Estate Manager II","Other Professionals","","Broomfield, CO","US (CONUS)","","","","","","https://sjobs.brassring.com/TGnewUI/Search/home/HomeWithPreLoad?PageType=JobDetails&partnerid=25771&siteid=5403&jobid=302165","prime",""
"BAE Systems","BrassRing","Senior Engineer - Space Vehicle System Test (AI&T)","Engineering & Technology","","Boulder, CO","US (CONUS)","","","","","","https://sjobs.brassring.com/TGnewUI/Search/home/HomeWithPreLoad?PageType=JobDetails&partnerid=25771&siteid=5403&jobid=302014","prime",""
"BAE Systems","BrassRing","Hardware Lead (Senior Principal Engineer) - Hybrid","Engineering & Technology","","Merrimack, NH","US (CONUS)","","","","","","https://sjobs.brassring.com/TGnewUI/Search/home/HomeWithPreLoad?PageType=JobDetails&partnerid=25771&siteid=5403&jobid=302791","prime",""
"BAE Systems","BrassRing","Software Engineering Manager I (Sign-on bonus available)","Engineering & Technology","","Nashua, NH","US (CONUS)","","","","","","https://sjobs.brassring.com/TGnewUI/Search/home/HomeWithPreLoad?PageType=JobDetails&partnerid=25771&siteid=5403&jobid=300973","prime",""
"BAE Systems","BrassRing","2nd Shift - Customer Compliance Representative","Project & Program Management","","Fort Wayne, IN","US (CONUS)","","","","","","https://sjobs.brassring.com/TGnewUI/Search/home/HomeWithPreLoad?PageType=JobDetails&partnerid=25771&siteid=5403&jobid=299481","prime",""
"BAE Systems","BrassRing","Electrical Engineering Coop (Summer/Fall 2027), Onsite","Engineering & Technology","","Cedar Rapids, IA","US (CONUS)","","","","","","https://sjobs.brassring.com/TGnewUI/Search/home/HomeWithPreLoad?PageType=JobDetails&partnerid=25771&siteid=5403&jobid=301763","prime",""
"BAE Systems","BrassRing","Systems Engineer – Airborne PNT","Engineering & Technology","","Cedar Rapids, IA","US (CONUS)","","","","","","https://sjobs.brassring.com/TGnewUI/Search/home/HomeWithPreLoad?PageType=JobDetails&partnerid=25771&siteid=5403&jobid=303371","prime",""
"BAE Systems","BrassRing","Microwave Technician IV","Manufacturing & Maintenance","","Nashua, NH","US (CONUS)","","","","","","https://sjobs.brassring.com/TGnewUI/Search/home/HomeWithPreLoad?PageType=JobDetails&partnerid=25771&siteid=5403&jobid=301771","prime",""
"BAE Systems","BrassRing","Senior Principal Electrical Engineer (Hybrid)","Engineering & Technology","","Cedar Rapids, IA","US (CONUS)","","","","","","https://sjobs.brassring.com/TGnewUI/Search/home/HomeWithPreLoad?PageType=JobDetails&partnerid=25771&siteid=5403&jobid=302971","prime",""
"BAE Systems","BrassRing","Senior Manufacturing Engineer","Manufacturing & Maintenance","","Austin, TX","US (CONUS)","","","","","","https://sjobs.brassring.com/TGnewUI/Search/home/HomeWithPreLoad?PageType=JobDetails&partnerid=25771&siteid=5403&jobid=302601","prime",""
"BAE Systems","BrassRing","Failure Analyst","Engineering & Technology","","Fort Wayne, IN","US (CONUS)","","","","","","https://sjobs.brassring.com/TGnewUI/Search/home/HomeWithPreLoad?PageType=JobDetails&partnerid=25771&siteid=5403&jobid=300579","prime",""
"BAE Systems","BrassRing","Principal Software Engineer","Engineering & Technology","","Austin, TX","US (CONUS)","","","","","","https://sjobs.brassring.com/TGnewUI/Search/home/HomeWithPreLoad?PageType=JobDetails&partnerid=25771&siteid=5403&jobid=303215","prime",""
"BAE Systems","BrassRing","Corporate Legal Intern IV, Fall 2026 (Hybrid)","Other Professionals","","Arlington, VA","US (CONUS)","","","","","","https://sjobs.brassring.com/TGnewUI/Search/home/HomeWithPreLoad?PageType=JobDetails&partnerid=25771&siteid=5403&jobid=302861","prime",""
"BAE Systems","BrassRing","Sustainment Hardware Lead - Senior Principal Hardware Engineer","Engineering & Technology","","Merrimack, NH","US (CONUS)","","","","","","https://sjobs.brassring.com/TGnewUI/Search/home/HomeWithPreLoad?PageType=JobDetails&partnerid=25771&siteid=5403&jobid=300016","prime",""
"BAE Systems","BrassRing","2nd Shift - Customer Compliance Representative II","Project & Program Management","","Fort Wayne, IN","US (CONUS)","","","","","","https://sjobs.brassring.com/TGnewUI/Search/home/HomeWithPreLoad?PageType=JobDetails&partnerid=25771&siteid=5403&jobid=299482","prime",""
"BAE Systems","BrassRing","Sr. Principal Mechanical Engineer (Thermal Analysis SME)","Engineering & Technology","","Nashua, NH","US (CONUS)","","","","","","https://sjobs.brassring.com/TGnewUI/Search/home/HomeWithPreLoad?PageType=JobDetails&partnerid=25771&siteid=5403&jobid=303385","prime",""
"BAE Systems","BrassRing","Director of Contracts for Aftermarket & Joint Ventures","Other Professionals","","Endicott, NY","US (CONUS)","","","","","","https://sjobs.brassring.com/TGnewUI/Search/home/HomeWithPreLoad?PageType=JobDetails&partnerid=25771&siteid=5403&jobid=302473","prime",""
"BAE Systems","BrassRing","Principal Electrical Engineer (Hybrid)","Engineering & Technology","","Cedar Rapids, IA","US (CONUS)","","","","","","https://sjobs.brassring.com/TGnewUI/Search/home/HomeWithPreLoad?PageType=JobDetails&partnerid=25771&siteid=5403&jobid=302576","prime",""
"BAE Systems","BrassRing","EMI/EMC Senior Principal Engineer","Engineering & Technology","","Nashua, NH","US (CONUS)","","","","","","https://sjobs.brassring.com/TGnewUI/Search/home/HomeWithPreLoad?PageType=JobDetails&partnerid=25771&siteid=5403&jobid=302577","prime",""
"BAE Systems","BrassRing","FAST Labs - Senior Systems Engineer ($20K Sign On Bonus)","Engineering & Technology","","Merrimack, NH","US (CONUS)","","","","","","https://sjobs.brassring.com/TGnewUI/Search/home/HomeWithPreLoad?PageType=JobDetails&partnerid=25771&siteid=5403&jobid=302480","prime",""
"BAE Systems","BrassRing","System Security Engineer II","Engineering & Technology","","Broomfield, CO","US (CONUS)","","","","","","https://sjobs.brassring.com/TGnewUI/Search/home/HomeWithPreLoad?PageType=JobDetails&partnerid=25771&siteid=5403&jobid=302579","prime",""
"BAE Systems","BrassRing","Program Manager","Project & Program Management","","Nashua, NH","US (CONUS)","","","","","","https://sjobs.brassring.com/TGnewUI/Search/home/HomeWithPreLoad?PageType=JobDetails&partnerid=25771&siteid=5403&jobid=302486","prime",""
"BAE Systems","BrassRing","EOIR Systems Engineering Lead","Engineering & Technology","","Merrimack, NH","US (CONUS)","","","","","","https://sjobs.brassring.com/TGnewUI/Search/home/HomeWithPreLoad?PageType=JobDetails&partnerid=25771&siteid=5403&jobid=302701","prime",""
"BAE Systems","BrassRing","C4ISRS Strategic Programs Director","Project & Program Management","","Hudson, NH","US (CONUS)","","","","","","https://sjobs.brassring.com/TGnewUI/Search/home/HomeWithPreLoad?PageType=JobDetails&partnerid=25771&siteid=5403&jobid=302710","prime",""
"BAE Systems","BrassRing","Senior Principal Systems Engineer II - Systems Architect","Engineering & Technology","","Endicott, NY","US (CONUS)","","","","","","https://sjobs.brassring.com/TGnewUI/Search/home/HomeWithPreLoad?PageType=JobDetails&partnerid=25771&siteid=5403&jobid=301263","prime",""
"BAE Systems","BrassRing","HVAC IV – Facilities","Manufacturing & Maintenance","","Westminster, CO","US (CONUS)","","","","","","https://sjobs.brassring.com/TGnewUI/Search/home/HomeWithPreLoad?PageType=JobDetails&partnerid=25771&siteid=5403&jobid=302725","prime",""
"BAE Systems","BrassRing","Senior Principal Software Engineer","Engineering & Technology","","Totowa, NJ","US (CONUS)","","","","","","https://sjobs.brassring.com/TGnewUI/Search/home/HomeWithPreLoad?PageType=JobDetails&partnerid=25771&siteid=5403&jobid=301299","prime",""
"BAE Systems","BrassRing","Machinist IV - Horizontal Mill - 2nd Shift","Manufacturing & Maintenance","","Boulder, CO","US (CONUS)","","","","","","https://sjobs.brassring.com/TGnewUI/Search/home/HomeWithPreLoad?PageType=JobDetails&partnerid=25771&siteid=5403&jobid=302644","prime",""
"BAE Systems","BrassRing","Software Engineer II","Engineering & Technology","","Totowa, NJ","US (CONUS)","","","","","","https://sjobs.brassring.com/TGnewUI/Search/home/HomeWithPreLoad?PageType=JobDetails&partnerid=25771&siteid=5403&jobid=301301","prime",""
"BAE Systems","BrassRing","Test Technician III","Manufacturing & Maintenance","","Nashua, NH","US (CONUS)","","","","","","https://sjobs.brassring.com/TGnewUI/Search/home/HomeWithPreLoad?PageType=JobDetails&partnerid=25771&siteid=5403&jobid=301017","prime",""
"BAE Systems","BrassRing","FAST Labs - Microelectronics Program Manager","Engineering & Technology","","Nashua, NH","US (CONUS)","","","","","","https://sjobs.brassring.com/TGnewUI/Search/home/HomeWithPreLoad?PageType=JobDetails&partnerid=25771&siteid=5403&jobid=302497","prime",""
"BAE Systems","BrassRing","Undersea Programs Manager","Project & Program Management","","Hudson, NH","US (CONUS)","","","","","","https://sjobs.brassring.com/TGnewUI/Search/home/HomeWithPreLoad?PageType=JobDetails&partnerid=25771&siteid=5403&jobid=301062","prime",""
"BAE Systems","BrassRing","Radio-frequency (RF) Engineering Intern III, Summer 2027 (Hybrid)","Engineering & Technology","","Nashua, NH","US (CONUS)","","","","","","https://sjobs.brassring.com/TGnewUI/Search/home/HomeWithPreLoad?PageType=JobDetails&partnerid=25771&siteid=5403&jobid=301579","prime",""
"BAE Systems","BrassRing","Program Control Analyst, Grades 10 - 11 (Pipeline Requisition)","Finance & Accounting","","Nashua, NH","US (CONUS)","","","","","","https://sjobs.brassring.com/TGnewUI/Search/home/HomeWithPreLoad?PageType=JobDetails&partnerid=25771&siteid=5403&jobid=302537","prime",""
"BAE Systems","BrassRing","Electrical Assembler III","Manufacturing & Maintenance","","Nashua, NH","US (CONUS)","","","","","","https://sjobs.brassring.com/TGnewUI/Search/home/HomeWithPreLoad?PageType=JobDetails&partnerid=25771&siteid=5403&jobid=301072","prime",""
"BAE Systems","BrassRing","Systems Administrator Senior","Engineering & Technology","","Westminster, CO","US (CONUS)","","","","","","https://sjobs.brassring.com/TGnewUI/Search/home/HomeWithPreLoad?PageType=JobDetails&partnerid=25771&siteid=5403&jobid=302545","prime",""
"BAE Systems","BrassRing","Section Manager","Engineering & Technology","","Nashua, NH","US (CONUS)","","","","","","https://sjobs.brassring.com/TGnewUI/Search/home/HomeWithPreLoad?PageType=JobDetails&partnerid=25771&siteid=5403&jobid=301356","prime",""
"BAE Systems","BrassRing","Principal RF Systems Engineer (Onsite)","Engineering & Technology","","Merrimack, NH","US (CONUS)","","","","","","https://sjobs.brassring.com/TGnewUI/Search/home/HomeWithPreLoad?PageType=JobDetails&partnerid=25771&siteid=5403&jobid=303349","prime",""
"BAE Systems","BrassRing","Senior Process Engineer, MRSI","Engineering & Technology","","Nashua, NH","US (CONUS)","","","","","","https://sjobs.brassring.com/TGnewUI/Search/home/HomeWithPreLoad?PageType=JobDetails&partnerid=25771&siteid=5403&jobid=303273","prime",""
"BAE Systems","BrassRing","Program Manager - Controls and Avionics Solutions","Project & Program Management","","Endicott, NY","US (CONUS)","","","","","","https://sjobs.brassring.com/TGnewUI/Search/home/HomeWithPreLoad?PageType=JobDetails&partnerid=25771&siteid=5403&jobid=302408","prime",""
"BAE Systems","BrassRing","Test Tech II","Manufacturing & Maintenance","","Austin, TX","US (CONUS)","","","","","","https://sjobs.brassring.com/TGnewUI/Search/home/HomeWithPreLoad?PageType=JobDetails&partnerid=25771&siteid=5403&jobid=301611","prime",""
"BAE Systems","BrassRing","Process Engineer - Circuit Card","Engineering & Technology","","Austin, TX","US (CONUS)","","","","","","https://sjobs.brassring.com/TGnewUI/Search/home/HomeWithPreLoad?PageType=JobDetails&partnerid=25771&siteid=5403&jobid=303351","prime",""
"BAE Systems","BrassRing","Principal Supplier Quality Engineer, PWB- Electronics Category","Engineering & Technology","","Nashua, NH","US (CONUS)","","","","","","https://sjobs.brassring.com/TGnewUI/Search/home/HomeWithPreLoad?PageType=JobDetails&partnerid=25771&siteid=5403&jobid=300475","prime",""
"BAE Systems","BrassRing","CEMA Software Manager - Section Lead","Engineering & Technology","","Hudson, NH","US (CONUS)","","","","","","https://sjobs.brassring.com/TGnewUI/Search/home/HomeWithPreLoad?PageType=JobDetails&partnerid=25771&siteid=5403&jobid=302425","prime",""
"BAE Systems","BrassRing","Program Product Support Specialist (Onsite)","Engineering & Technology","","Nashua, NH","US (CONUS)","","","","","","https://sjobs.brassring.com/TGnewUI/Search/home/HomeWithPreLoad?PageType=JobDetails&partnerid=25771&siteid=5403&jobid=302432","prime",""
"BAE Systems","BrassRing","Industrial Engineer - Logistics","Supply Chain & Logistics","","Cedar Rapids, IA","US (CONUS)","","","","","","https://sjobs.brassring.com/TGnewUI/Search/home/HomeWithPreLoad?PageType=JobDetails&partnerid=25771&siteid=5403&jobid=300511","prime",""
"BAE Systems","BrassRing","Software Engineer II (On-Site)","Engineering & Technology","","Nashua, NH","US (CONUS)","","","","","","https://sjobs.brassring.com/TGnewUI/Search/home/HomeWithPreLoad?PageType=JobDetails&partnerid=25771&siteid=5403&jobid=297842","prime",""
"BAE Systems","BrassRing","Product Engineer","Manufacturing & Maintenance","","Austin, TX","US (CONUS)","","","","","","https://sjobs.brassring.com/TGnewUI/Search/home/HomeWithPreLoad?PageType=JobDetails&partnerid=25771&siteid=5403&jobid=299146","prime",""
"BAE Systems","BrassRing","New Product Engineer","Engineering & Technology","","Merrimack, NH","US (CONUS)","","","","","","https://sjobs.brassring.com/TGnewUI/Search/home/HomeWithPreLoad?PageType=JobDetails&partnerid=25771&siteid=5403&jobid=302633","prime",""
"BAE Systems","BrassRing","Principal FPGA Digital Design Engineer - Signing Bonus","Engineering & Technology","","Nashua, NH","US (CONUS)","","","","","","https://sjobs.brassring.com/TGnewUI/Search/home/HomeWithPreLoad?PageType=JobDetails&partnerid=25771&siteid=5403&jobid=303286","prime",""
"BAE Systems","BrassRing","Security Specialist II - Onsite","Other Professionals","","Nashua, NH","US (CONUS)","","","","","","https://sjobs.brassring.com/TGnewUI/Search/home/HomeWithPreLoad?PageType=JobDetails&partnerid=25771&siteid=5403&jobid=301993","prime",""
"BAE Systems","BrassRing","Principal Contracts Administrator","Other Professionals","","Hudson, NH","US (CONUS)","","","","","","https://sjobs.brassring.com/TGnewUI/Search/home/HomeWithPreLoad?PageType=JobDetails&partnerid=25771&siteid=5403&jobid=301995","prime",""
"BAE Systems","BrassRing","Senior Systems Engineer - Aviation Weapons Portfoliio","Engineering & Technology","","Hudson, NH","US (CONUS)","","","","","","https://sjobs.brassring.com/TGnewUI/Search/home/HomeWithPreLoad?PageType=JobDetails&partnerid=25771&siteid=5403&jobid=303056","prime",""
"BAE Systems","BrassRing","Electronic Test Tech 4th Shift","Manufacturing & Maintenance","","Nashua, NH","US (CONUS)","","","","","","https://sjobs.brassring.com/TGnewUI/Search/home/HomeWithPreLoad?PageType=JobDetails&partnerid=25771&siteid=5403&jobid=299875","prime",""
"BAE Systems","BrassRing","2027 Spring and Summer Mechanical Engineering Coop","Engineering & Technology","","Cedar Rapids, IA","US (CONUS)","","","","","","https://sjobs.brassring.com/TGnewUI/Search/home/HomeWithPreLoad?PageType=JobDetails&partnerid=25771&siteid=5403&jobid=299897","prime",""
"BAE Systems","BrassRing","Senior Manufacturing Engineer","Manufacturing & Maintenance","","Austin, TX","US (CONUS)","","","","","","https://sjobs.brassring.com/TGnewUI/Search/home/HomeWithPreLoad?PageType=JobDetails&partnerid=25771&siteid=5403&jobid=302938","prime",""
"BAE Systems","BrassRing","Senior Design Checker (Hybrid)","Engineering & Technology","","Merrimack, NH","US (CONUS)","","","","","","https://sjobs.brassring.com/TGnewUI/Search/home/HomeWithPreLoad?PageType=JobDetails&partnerid=25771&siteid=5403&jobid=263238","prime",""
"BAE Systems","BrassRing","Designer Senior","Engineering & Technology","","Merrimack, NH","US (CONUS)","","","","","","https://sjobs.brassring.com/TGnewUI/Search/home/HomeWithPreLoad?PageType=JobDetails&partnerid=25771&siteid=5403&jobid=303329","prime",""
"BAE Systems","BrassRing","Systems Engineer","Engineering & Technology","","Nashua, NH","US (CONUS)","","","","","","https://sjobs.brassring.com/TGnewUI/Search/home/HomeWithPreLoad?PageType=JobDetails&partnerid=25771&siteid=5403&jobid=297213","prime",""
"BAE Systems","BrassRing","FAST Labs - Senior Principal Engineer - EO/IR Systems ($10K Sign On Bonus)","Engineering & Technology","","Merrimack, NH","US (CONUS)","","","","","","https://sjobs.brassring.com/TGnewUI/Search/home/HomeWithPreLoad?PageType=JobDetails&partnerid=25771&siteid=5403&jobid=302481","prime",""
"BAE Systems","BrassRing","Program Area Director, Airborne Tactical Radios (ATR)","Project & Program Management","","Fort Wayne, IN","US (CONUS)","","","","","","https://sjobs.brassring.com/TGnewUI/Search/home/HomeWithPreLoad?PageType=JobDetails&partnerid=25771&siteid=5403&jobid=302541","prime",""
"BAE Systems","BrassRing","Collateral Program/Contracts Security Representative","Other Professionals","","Nashua, NH","US (CONUS)","","","","","","https://sjobs.brassring.com/TGnewUI/Search/home/HomeWithPreLoad?PageType=JobDetails&partnerid=25771&siteid=5403&jobid=302567","prime",""
"BAE Systems","BrassRing","Program Manager II","Project & Program Management","","Manassas, VA","US (CONUS)","","","","","","https://sjobs.brassring.com/TGnewUI/Search/home/HomeWithPreLoad?PageType=JobDetails&partnerid=25771&siteid=5403&jobid=300716","prime",""
"BAE Systems","BrassRing","FAST Labs - A3 Program Manager II","Project & Program Management","","Merrimack, NH","US (CONUS)","","","","","","https://sjobs.brassring.com/TGnewUI/Search/home/HomeWithPreLoad?PageType=JobDetails&partnerid=25771&siteid=5403&jobid=303177","prime",""
"BAE Systems","BrassRing","Director of Business Development - C4ISR/AC&S (Remote)","Business Development, Strategy & Planning","","Wayne, NJ","US (CONUS)","","","","","","https://sjobs.brassring.com/TGnewUI/Search/home/HomeWithPreLoad?PageType=JobDetails&partnerid=25771&siteid=5403&jobid=302163","prime",""
"BAE Systems","BrassRing","CEMA - Senior Software Engineer (Sign On Bonus Available)","Engineering & Technology","","Hudson, NH","US (CONUS)","","","","","","https://sjobs.brassring.com/TGnewUI/Search/home/HomeWithPreLoad?PageType=JobDetails&partnerid=25771&siteid=5403&jobid=302977","prime",""
"BAE Systems","BrassRing","Systems Engineer - Integration and Test Lead","Engineering & Technology","","Austin, TX","US (CONUS)","","","","","","https://sjobs.brassring.com/TGnewUI/Search/home/HomeWithPreLoad?PageType=JobDetails&partnerid=25771&siteid=5403&jobid=302798","prime",""
"BAE Systems","BrassRing","Program Engineering Manager II","Engineering & Technology","","Nashua, NH","US (CONUS)","","","","","","https://sjobs.brassring.com/TGnewUI/Search/home/HomeWithPreLoad?PageType=JobDetails&partnerid=25771&siteid=5403&jobid=298270","prime",""
"BAE Systems","BrassRing","Electrical Assembler II","Manufacturing & Maintenance","","Austin, TX","US (CONUS)","","","","","","https://sjobs.brassring.com/TGnewUI/Search/home/HomeWithPreLoad?PageType=JobDetails&partnerid=25771&siteid=5403&jobid=301615","prime",""
"BAE Systems","BrassRing","Mechanical Tech III 4th shift","Manufacturing & Maintenance","","Nashua, NH","US (CONUS)","","","","","","https://sjobs.brassring.com/TGnewUI/Search/home/HomeWithPreLoad?PageType=JobDetails&partnerid=25771&siteid=5403&jobid=301358","prime",""
"BAE Systems","BrassRing","New Hampshire Systems Engineering Intern III, (Summer 2027) Onsite","Engineering & Technology","","Nashua, NH","US (CONUS)","","","","","","https://sjobs.brassring.com/TGnewUI/Search/home/HomeWithPreLoad?PageType=JobDetails&partnerid=25771&siteid=5403&jobid=302217","prime",""
"BAE Systems","BrassRing","Program Engineering Manager II","Engineering & Technology","","Nashua, NH","US (CONUS)","","","","","","https://sjobs.brassring.com/TGnewUI/Search/home/HomeWithPreLoad?PageType=JobDetails&partnerid=25771&siteid=5403&jobid=302218","prime",""
"BAE Systems","BrassRing","Integrated Logistics Support (ILS) Engineer","Engineering & Technology","","Nashua, NH","US (CONUS)","","","","","","https://sjobs.brassring.com/TGnewUI/Search/home/HomeWithPreLoad?PageType=JobDetails&partnerid=25771&siteid=5403&jobid=299903","prime",""
"BAE Systems","BrassRing","Integrated Logistics Support (ILS) Engineering Lead","Engineering & Technology","","Greenlawn, NY","US (CONUS)","","","","","","https://sjobs.brassring.com/TGnewUI/Search/home/HomeWithPreLoad?PageType=JobDetails&partnerid=25771&siteid=5403&jobid=299905","prime",""
"BAE Systems","BrassRing","Subcontract Administrator Senior","Supply Chain & Logistics","","Westminster, CO","US (CONUS)","","","","","","https://sjobs.brassring.com/TGnewUI/Search/home/HomeWithPreLoad?PageType=JobDetails&partnerid=25771&siteid=5403&jobid=303461","prime",""
"BAE Systems","BrassRing","Production Planner III - Operations Engineering & Planning","Manufacturing & Maintenance","","Boulder, CO","US (CONUS)","","","","","","https://sjobs.brassring.com/TGnewUI/Search/home/HomeWithPreLoad?PageType=JobDetails&partnerid=25771&siteid=5403&jobid=303526","prime",""
"BAE Systems","BrassRing","Subcontract Program Mgr I","Supply Chain & Logistics","","Austin, TX","US (CONUS)","","","","","","https://sjobs.brassring.com/TGnewUI/Search/home/HomeWithPreLoad?PageType=JobDetails&partnerid=25771&siteid=5403&jobid=299998","prime",""
"BAE Systems","BrassRing","Facilities HVAC Specialist IV","Manufacturing & Maintenance","","Boulder, CO","US (CONUS)","","","","","","https://sjobs.brassring.com/TGnewUI/Search/home/HomeWithPreLoad?PageType=JobDetails&partnerid=25771&siteid=5403&jobid=303564","prime",""
"BAE Systems","BrassRing","Inspector I","Manufacturing & Maintenance","","Boulder, CO","US (CONUS)","","","","","","https://sjobs.brassring.com/TGnewUI/Search/home/HomeWithPreLoad?PageType=JobDetails&partnerid=25771&siteid=5403&jobid=303648","prime",""
"BAE Systems","BrassRing","Entry Level Environmental Technician- Electronics Manufacturing","Manufacturing & Maintenance","","Greenlawn, NY","US (CONUS)","","","","","","https://sjobs.brassring.com/TGnewUI/Search/home/HomeWithPreLoad?PageType=JobDetails&partnerid=25771&siteid=5403&jobid=302992","prime",""
"BAE Systems","BrassRing","Cyber Security, Information Systems Security Manager (ISSM) - Onsite","Other Professionals","","Merrimack, NH","US (CONUS)","","","","","","https://sjobs.brassring.com/TGnewUI/Search/home/HomeWithPreLoad?PageType=JobDetails&partnerid=25771&siteid=5403&jobid=302070","prime",""
"BAE Systems","BrassRing","Principal Systems Administrator","Engineering & Technology","","Westminster, CO","US (CONUS)","","","","","","https://sjobs.brassring.com/TGnewUI/Search/home/HomeWithPreLoad?PageType=JobDetails&partnerid=25771&siteid=5403&jobid=303019","prime",""
"BAE Systems","BrassRing","Project Engineering Manager III","Engineering & Technology","","Merrimack, NH","US (CONUS)","","","","","","https://sjobs.brassring.com/TGnewUI/Search/home/HomeWithPreLoad?PageType=JobDetails&partnerid=25771&siteid=5403&jobid=302082","prime",""
"BAE Systems","BrassRing","Production Planning Coordinator","Supply Chain & Logistics","","Greenlawn, NY","US (CONUS)","","","","","","https://sjobs.brassring.com/TGnewUI/Search/home/HomeWithPreLoad?PageType=JobDetails&partnerid=25771&siteid=5403&jobid=300437","prime",""
"BAE Systems","BrassRing","Cyber Security, Information Systems Security Officer (ISSO) - Onsite","Other Professionals","","Merrimack, NH","US (CONUS)","","","","","","https://sjobs.brassring.com/TGnewUI/Search/home/HomeWithPreLoad?PageType=JobDetails&partnerid=25771&siteid=5403&jobid=301802","prime",""
"BAE Systems","BrassRing","Program Manager III - New Products","Project & Program Management","","Wayne, NJ","US (CONUS)","","","","","","https://sjobs.brassring.com/TGnewUI/Search/home/HomeWithPreLoad?PageType=JobDetails&partnerid=25771&siteid=5403&jobid=301577","prime",""
"BAE Systems","BrassRing","Principal Software Engineer (Sign-on bonus available)","Engineering & Technology","","Nashua, NH","US (CONUS)","","","","","","https://sjobs.brassring.com/TGnewUI/Search/home/HomeWithPreLoad?PageType=JobDetails&partnerid=25771&siteid=5403&jobid=301811","prime",""
"BAE Systems","BrassRing","Embedded Principal Software Engineer - Advanced Signal Processing","Engineering & Technology","","Cedar Rapids, IA","US (CONUS)","","","","","","https://sjobs.brassring.com/TGnewUI/Search/home/HomeWithPreLoad?PageType=JobDetails&partnerid=25771&siteid=5403&jobid=303427","prime",""
"BAE Systems","BrassRing","Technical Director - Engine Controls Systems","Engineering & Technology","","Endicott, NY","US (CONUS)","","","","","","https://sjobs.brassring.com/TGnewUI/Search/home/HomeWithPreLoad?PageType=JobDetails&partnerid=25771&siteid=5403&jobid=297432","prime",""
"BAE Systems","BrassRing","ACES Operations Program Manager I","Project & Program Management","","Nashua, NH","US (CONUS)","","","","","","https://sjobs.brassring.com/TGnewUI/Search/home/HomeWithPreLoad?PageType=JobDetails&partnerid=25771&siteid=5403&jobid=300664","prime",""
"BAE Systems","BrassRing","Administrative Assistant IV","Engineering & Technology","","Nashua, NH","US (CONUS)","","","","","","https://sjobs.brassring.com/TGnewUI/Search/home/HomeWithPreLoad?PageType=JobDetails&partnerid=25771&siteid=5403&jobid=302903","prime",""
"BAE Systems","BrassRing","Senior Analog Circuit Design Engineer","Engineering & Technology","","Endicott, NY","US (CONUS)","","","","","","https://sjobs.brassring.com/TGnewUI/Search/home/HomeWithPreLoad?PageType=JobDetails&partnerid=25771&siteid=5403&jobid=296606","prime",""
"BAE Systems","BrassRing","Supply Chain Program Manager","Supply Chain & Logistics","","Fort Wayne, IN","US (CONUS)","","","","","","https://sjobs.brassring.com/TGnewUI/Search/home/HomeWithPreLoad?PageType=JobDetails&partnerid=25771&siteid=5403&jobid=302299","prime",""
"BAE Systems","BrassRing","Senior Power Electronics Circuit Design Engineer","Engineering & Technology","","Endicott, NY","US (CONUS)","","","","","","https://sjobs.brassring.com/TGnewUI/Search/home/HomeWithPreLoad?PageType=JobDetails&partnerid=25771&siteid=5403&jobid=296608","prime",""
"BAE Systems","BrassRing","Test Tech III - First Shift","Manufacturing & Maintenance","","Nashua, NH","US (CONUS)","","","","","","https://sjobs.brassring.com/TGnewUI/Search/home/HomeWithPreLoad?PageType=JobDetails&partnerid=25771&siteid=5403&jobid=302312","prime",""
"BAE Systems","BrassRing","Senior Power Electronics Circuit Design Engineer","Engineering & Technology","","Austin, TX","US (CONUS)","","","","","","https://sjobs.brassring.com/TGnewUI/Search/home/HomeWithPreLoad?PageType=JobDetails&partnerid=25771&siteid=5403&jobid=299517","prime",""
"BAE Systems","BrassRing","Senior Principal Battery Systems Engineer","Engineering & Technology","","Endicott, NY","US (CONUS)","","","","","","https://sjobs.brassring.com/TGnewUI/Search/home/HomeWithPreLoad?PageType=JobDetails&partnerid=25771&siteid=5403&jobid=299920","prime",""
"BAE Systems","BrassRing","Senior Principal Engineer - RF","Engineering & Technology","","Nashua, NH","US (CONUS)","","","","","","https://sjobs.brassring.com/TGnewUI/Search/home/HomeWithPreLoad?PageType=JobDetails&partnerid=25771&siteid=5403&jobid=299927","prime",""
"BAE Systems","BrassRing","Senior Principal II Optical Engineer","Engineering & Technology","","Merrimack, NH","US (CONUS)","","","","","","https://sjobs.brassring.com/TGnewUI/Search/home/HomeWithPreLoad?PageType=JobDetails&partnerid=25771&siteid=5403&jobid=303124","prime",""
"BAE Systems","BrassRing","Principal Electrical Engineer","Engineering & Technology","","Hudson, NH","US (CONUS)","","","","","","https://sjobs.brassring.com/TGnewUI/Search/home/HomeWithPreLoad?PageType=JobDetails&partnerid=25771&siteid=5403&jobid=303134","prime",""
"BAE Systems","BrassRing","Principal Mechanical Engineer - Sign On Bonus Available","Engineering & Technology","","Austin, TX","US (CONUS)","","","","","","https://sjobs.brassring.com/TGnewUI/Search/home/HomeWithPreLoad?PageType=JobDetails&partnerid=25771&siteid=5403&jobid=301960","prime",""
"BAE Systems","BrassRing","FAST Labs - A3 Program Manager I","Project & Program Management","","Merrimack, NH","US (CONUS)","","","","","","https://sjobs.brassring.com/TGnewUI/Search/home/HomeWithPreLoad?PageType=JobDetails&partnerid=25771&siteid=5403&jobid=303176","prime",""
"BAE Systems","BrassRing","Electronic Assembler II Second Shift","Manufacturing & Maintenance","","Wayne, NJ","US (CONUS)","","","","","","https://sjobs.brassring.com/TGnewUI/Search/home/HomeWithPreLoad?PageType=JobDetails&partnerid=25771&siteid=5403&jobid=299786","prime",""
"BAE Systems","BrassRing","Technician I – RF Ranges - 1st Shift","Engineering & Technology","","Westminster, CO","US (CONUS)","","","","","","https://sjobs.brassring.com/TGnewUI/Search/home/HomeWithPreLoad?PageType=JobDetails&partnerid=25771&siteid=5403&jobid=302807","prime",""
"BAE Systems","BrassRing","Manufacturing Principal Engineer – Optical","Engineering & Technology","","Boulder, CO","US (CONUS)","","","","","","https://sjobs.brassring.com/TGnewUI/Search/home/HomeWithPreLoad?PageType=JobDetails&partnerid=25771&siteid=5403&jobid=302767","prime",""
"BAE Systems","BrassRing","EOIR Algorithm Lead (Sign-on Bonus)","Engineering & Technology","","Merrimack, NH","US (CONUS)","","","","","","https://sjobs.brassring.com/TGnewUI/Search/home/HomeWithPreLoad?PageType=JobDetails&partnerid=25771&siteid=5403&jobid=302786","prime",""
"BAE Systems","BrassRing","Hardware Engineering Intern","Engineering & Technology","","Manassas, VA","US (CONUS)","","","","","","https://sjobs.brassring.com/TGnewUI/Search/home/HomeWithPreLoad?PageType=JobDetails&partnerid=25771&siteid=5403&jobid=302790","prime",""
"BAE Systems","BrassRing","Microwave Technician II - Weekend Shift","Manufacturing & Maintenance","","Nashua, NH","US (CONUS)","","","","","","https://sjobs.brassring.com/TGnewUI/Search/home/HomeWithPreLoad?PageType=JobDetails&partnerid=25771&siteid=5403&jobid=299846","prime",""
"BAE Systems","BrassRing","FAST Labs - Microelectronics Program Manager I","Project & Program Management","","Nashua, NH","US (CONUS)","","","","","","https://sjobs.brassring.com/TGnewUI/Search/home/HomeWithPreLoad?PageType=JobDetails&partnerid=25771&siteid=5403&jobid=303110","prime",""
"BAE Systems","BrassRing","Senior Test Engineer","Engineering & Technology","","Nashua, NH","US (CONUS)","","","","","","https://sjobs.brassring.com/TGnewUI/Search/home/HomeWithPreLoad?PageType=JobDetails&partnerid=25771&siteid=5403&jobid=301979","prime",""
"BAE Systems","BrassRing","Supply Chain Intern II, (Summer 2027) Hybrid","Supply Chain & Logistics","","Cedar Rapids, IA","US (CONUS)","","","","","","https://sjobs.brassring.com/TGnewUI/Search/home/HomeWithPreLoad?PageType=JobDetails&partnerid=25771&siteid=5403&jobid=301984","prime",""
"BAE Systems","BrassRing","Supplier Quality Manager","Engineering & Technology","","Austin, TX","US (CONUS)","","","","","","https://sjobs.brassring.com/TGnewUI/Search/home/HomeWithPreLoad?PageType=JobDetails&partnerid=25771&siteid=5403&jobid=301986","prime",""
"BAE Systems","BrassRing","Principal Systems Administrator - Hybrid","Engineering & Technology","","San Diego, CA","US (CONUS)","","","","","","https://sjobs.brassring.com/TGnewUI/Search/home/HomeWithPreLoad?PageType=JobDetails&partnerid=25771&siteid=5403&jobid=302141","prime",""
"BAE Systems","BrassRing","Subcontracts Program Manager II","Supply Chain & Logistics","","Broomfield, CO","US (CONUS)","","","","","","https://sjobs.brassring.com/TGnewUI/Search/home/HomeWithPreLoad?PageType=JobDetails&partnerid=25771&siteid=5403&jobid=302809","prime",""
"BAE Systems","BrassRing","Business Analyst Intern III, Summer 2027 (Remote)","Business Development, Strategy & Planning","","Endicott, NY","US (CONUS)","","","","","","https://sjobs.brassring.com/TGnewUI/Search/home/HomeWithPreLoad?PageType=JobDetails&partnerid=25771&siteid=5403&jobid=303250","prime",""
"BAE Systems","BrassRing","Subcontracts Program Manager III","Supply Chain & Logistics","","Broomfield, CO","US (CONUS)","","","","","","https://sjobs.brassring.com/TGnewUI/Search/home/HomeWithPreLoad?PageType=JobDetails&partnerid=25771&siteid=5403&jobid=302811","prime",""
"BAE Systems","BrassRing","Principal Electrical Engineer (Sign On Bonus Available)","Engineering & Technology","","Nashua, NH","US (CONUS)","","","","","","https://sjobs.brassring.com/TGnewUI/Search/home/HomeWithPreLoad?PageType=JobDetails&partnerid=25771&siteid=5403&jobid=302285","prime",""
"BAE Systems","BrassRing","Microwave Technician II - Weekend Nights","Manufacturing & Maintenance","","Nashua, NH","US (CONUS)","","","","","","https://sjobs.brassring.com/TGnewUI/Search/home/HomeWithPreLoad?PageType=JobDetails&partnerid=25771&siteid=5403&jobid=302824","prime",""
"BAE Systems","BrassRing","Senior Contract Administrator - Hybrid","Other Professionals","","Merrimack, NH","US (CONUS)","","","","","","https://sjobs.brassring.com/TGnewUI/Search/home/HomeWithPreLoad?PageType=JobDetails&partnerid=25771&siteid=5403&jobid=301151","prime",""
"BAE Systems","BrassRing","FAST Labs - NEXUS Technology Development Director","Engineering & Technology","","Merrimack, NH","US (CONUS)","","","","","","https://sjobs.brassring.com/TGnewUI/Search/home/HomeWithPreLoad?PageType=JobDetails&partnerid=25771&siteid=5403&jobid=303227","prime",""
"BAE Systems","BrassRing","APKWS Program Engineering Manager II","Engineering & Technology","","Hudson, NH","US (CONUS)","","","","","","https://sjobs.brassring.com/TGnewUI/Search/home/HomeWithPreLoad?PageType=JobDetails&partnerid=25771&siteid=5403&jobid=303232","prime",""
"BAE Systems","BrassRing","Deputy Director, Microelectronics Engineering","Engineering & Technology","","Nashua, NH","US (CONUS)","","","","","","https://sjobs.brassring.com/TGnewUI/Search/home/HomeWithPreLoad?PageType=JobDetails&partnerid=25771&siteid=5403&jobid=302463","prime",""
"BAE Systems","BrassRing","Entry Level Software Engineer","Engineering & Technology","","San Diego, CA","US (CONUS)","","","","","","https://sjobs.brassring.com/TGnewUI/Search/home/HomeWithPreLoad?PageType=JobDetails&partnerid=25771&siteid=5403&jobid=301511","prime",""
"BAE Systems","BrassRing","Hardware Section Lead (People Manager and Technical Leader)","Engineering & Technology","","Austin, TX","US (CONUS)","","","","","","https://sjobs.brassring.com/TGnewUI/Search/home/HomeWithPreLoad?PageType=JobDetails&partnerid=25771&siteid=5403&jobid=301157","prime",""
"BAE Systems","BrassRing","Aviation Weapons Portfolio Requirements Manager","Engineering & Technology","","Hudson, NH","US (CONUS)","","","","","","https://sjobs.brassring.com/TGnewUI/Search/home/HomeWithPreLoad?PageType=JobDetails&partnerid=25771&siteid=5403&jobid=301853","prime",""
"BAE Systems","BrassRing","Final Factory Test Engineer","Manufacturing & Maintenance","","Austin, TX","US (CONUS)","","","","","","https://sjobs.brassring.com/TGnewUI/Search/home/HomeWithPreLoad?PageType=JobDetails&partnerid=25771&siteid=5403&jobid=302961","prime",""
"BAE Systems","BrassRing","CAS Aftermarket Assembler II","Manufacturing & Maintenance","","Endicott, NY","US (CONUS)","","","","","","https://sjobs.brassring.com/TGnewUI/Search/home/HomeWithPreLoad?PageType=JobDetails&partnerid=25771&siteid=5403&jobid=302933","prime",""
"BAE Systems","BrassRing","RF Range Technician I – 3rd Shift","Engineering & Technology","","Westminster, CO","US (CONUS)","","","","","","https://sjobs.brassring.com/TGnewUI/Search/home/HomeWithPreLoad?PageType=JobDetails&partnerid=25771&siteid=5403&jobid=302969","prime",""
"BAE Systems","BrassRing","Field Service Engineer","Engineering & Technology","","Westminster, CO","US (CONUS)","","","","","","https://sjobs.brassring.com/TGnewUI/Search/home/HomeWithPreLoad?PageType=JobDetails&partnerid=25771&siteid=5403&jobid=302651","prime",""
"BAE Systems","BrassRing","Principal II Systems Engineer - EOIR (SEIT & IV&V Lead)","Engineering & Technology","","Austin, TX","US (CONUS)","","","","","","https://sjobs.brassring.com/TGnewUI/Search/home/HomeWithPreLoad?PageType=JobDetails&partnerid=25771&siteid=5403&jobid=302800","prime",""
"BAE Systems","BrassRing","Principal Software Engineer (Sign On Bonus Available)","Engineering & Technology","","Merrimack, NH","US (CONUS)","","","","","","https://sjobs.brassring.com/TGnewUI/Search/home/HomeWithPreLoad?PageType=JobDetails&partnerid=25771&siteid=5403&jobid=302975","prime",""
"BAE Systems","BrassRing","EMI/EMC Design and Test Engineer","Engineering & Technology","","Cedar Rapids, IA","US (CONUS)","","","","","","https://sjobs.brassring.com/TGnewUI/Search/home/HomeWithPreLoad?PageType=JobDetails&partnerid=25771&siteid=5403&jobid=300690","prime",""
"BAE Systems","BrassRing","Systems Engineering Lead - EOIR Development Programs","Engineering & Technology","","Huntsville, AL","US (CONUS)","","","","","","https://sjobs.brassring.com/TGnewUI/Search/home/HomeWithPreLoad?PageType=JobDetails&partnerid=25771&siteid=5403&jobid=301502","prime",""
"BAE Systems","BrassRing","IT Systems Administrator II","Engineering & Technology","","Merrimack, NH","US (CONUS)","","","","","","https://sjobs.brassring.com/TGnewUI/Search/home/HomeWithPreLoad?PageType=JobDetails&partnerid=25771&siteid=5403&jobid=302441","prime",""
"BAE Systems","BrassRing","System Security Engineer I","Engineering & Technology","","Broomfield, CO","US (CONUS)","","","","","","https://sjobs.brassring.com/TGnewUI/Search/home/HomeWithPreLoad?PageType=JobDetails&partnerid=25771&siteid=5403&jobid=302457","prime",""
"BAE Systems","BrassRing","EO/IR Pointing & Tracking - Systems Engineering Lead","Engineering & Technology","","Austin, TX","US (CONUS)","","","","","","https://sjobs.brassring.com/TGnewUI/Search/home/HomeWithPreLoad?PageType=JobDetails&partnerid=25771&siteid=5403&jobid=302797","prime",""
"BAE Systems","BrassRing","Supply Chain Program Lead Senior Principal II","Supply Chain & Logistics","","Broomfield, CO","US (CONUS)","","","","","","https://sjobs.brassring.com/TGnewUI/Search/home/HomeWithPreLoad?PageType=JobDetails&partnerid=25771&siteid=5403&jobid=302801","prime",""
"BAE Systems","BrassRing","Supply Chain Program Manager","Supply Chain & Logistics","","Nashua, NH","US (CONUS)","","","","","","https://sjobs.brassring.com/TGnewUI/Search/home/HomeWithPreLoad?PageType=JobDetails&partnerid=25771&siteid=5403&jobid=302802","prime",""
"BAE Systems","BrassRing","Systems Engineer - IV&V","Engineering & Technology","","Huntsville, AL","US (CONUS)","","","","","","https://sjobs.brassring.com/TGnewUI/Search/home/HomeWithPreLoad?PageType=JobDetails&partnerid=25771&siteid=5403&jobid=299605","prime",""
"BAE Systems","BrassRing","System Test Engineer II - Mechanisms and Test Scripts","Engineering & Technology","","Boulder, CO","US (CONUS)","","","","","","https://sjobs.brassring.com/TGnewUI/Search/home/HomeWithPreLoad?PageType=JobDetails&partnerid=25771&siteid=5403&jobid=302735","prime",""
"BAE Systems","BrassRing","Deputy SEIT Lead (System Engineering, Integration, and Test Lead)","Engineering & Technology","","Nashua, NH","US (CONUS)","","","","","","https://sjobs.brassring.com/TGnewUI/Search/home/HomeWithPreLoad?PageType=JobDetails&partnerid=25771&siteid=5403&jobid=302758","prime",""
"BAE Systems","BrassRing","System Engineer - Test","Engineering & Technology","","Fort Worth, TX","US (CONUS)","","","","","","https://sjobs.brassring.com/TGnewUI/Search/home/HomeWithPreLoad?PageType=JobDetails&partnerid=25771&siteid=5403&jobid=299182","prime",""
"BAE Systems","BrassRing","System Test – Ground Support Equipment (GSE) – 15K Sign on Bonus","Engineering & Technology","","Boulder, CO","US (CONUS)","","","","","","https://sjobs.brassring.com/TGnewUI/Search/home/HomeWithPreLoad?PageType=JobDetails&partnerid=25771&siteid=5403&jobid=301794","prime",""
"BAE Systems","BrassRing","Facilities Engineer Supervisor II","Other Professionals","","Fort Wayne, IN","US (CONUS)","","","","","","https://sjobs.brassring.com/TGnewUI/Search/home/HomeWithPreLoad?PageType=JobDetails&partnerid=25771&siteid=5403&jobid=299752","prime",""
"BAE Systems","BrassRing","Subcontract Administrator Principal","Supply Chain & Logistics","","Hudson, NH","US (CONUS)","","","","","","https://sjobs.brassring.com/TGnewUI/Search/home/HomeWithPreLoad?PageType=JobDetails&partnerid=25771&siteid=5403&jobid=302386","prime",""
"BAE Systems","BrassRing","Principal Software Engineer (Sign-on bonus available)","Engineering & Technology","","Nashua, NH","US (CONUS)","","","","","","https://sjobs.brassring.com/TGnewUI/Search/home/HomeWithPreLoad?PageType=JobDetails&partnerid=25771&siteid=5403&jobid=302046","prime",""
"BAE Systems","BrassRing","Configuration Analyst Senior","Engineering & Technology","","Boulder, CO","US (CONUS)","","","","","","https://sjobs.brassring.com/TGnewUI/Search/home/HomeWithPreLoad?PageType=JobDetails&partnerid=25771&siteid=5403&jobid=302857","prime",""
"BAE Systems","BrassRing","Software Engineer, React Focus","Engineering & Technology","","Nashua, NH","US (CONUS)","","","","","","https://sjobs.brassring.com/TGnewUI/Search/home/HomeWithPreLoad?PageType=JobDetails&partnerid=25771&siteid=5403&jobid=299748","prime",""
"BAE Systems","BrassRing","FAST Labs - Senior Principal Engineer II – Mission Effectiveness Lead","Engineering & Technology","","Merrimack, NH","US (CONUS)","","","","","","https://sjobs.brassring.com/TGnewUI/Search/home/HomeWithPreLoad?PageType=JobDetails&partnerid=25771&siteid=5403&jobid=303268","prime",""
"BAE Systems","BrassRing","Tactical Data Link Program Engineering Manager (PEM) I","Engineering & Technology","","Wayne, NJ","US (CONUS)","","","","","","https://sjobs.brassring.com/TGnewUI/Search/home/HomeWithPreLoad?PageType=JobDetails&partnerid=25771&siteid=5403&jobid=302507","prime",""
"BAE Systems","BrassRing","Contracts Manager I","Other Professionals","","Manchester, NH","US (CONUS)","","","","","","https://sjobs.brassring.com/TGnewUI/Search/home/HomeWithPreLoad?PageType=JobDetails&partnerid=25771&siteid=5403&jobid=299018","prime",""
"BAE Systems","BrassRing","Technical Manager III – Programs","Project & Program Management","","Broomfield, CO","US (CONUS)","","","","","","https://sjobs.brassring.com/TGnewUI/Search/home/HomeWithPreLoad?PageType=JobDetails&partnerid=25771&siteid=5403&jobid=303290","prime",""
"BAE Systems","BrassRing","Senior Systems Engineer – Aftermarket & Production Support","Engineering & Technology","","Endicott, NY","US (CONUS)","","","","","","https://sjobs.brassring.com/TGnewUI/Search/home/HomeWithPreLoad?PageType=JobDetails&partnerid=25771&siteid=5403&jobid=303366","prime",""
"BAE Systems","BrassRing","Systems Engineer II - Seeker Design","Engineering & Technology","","Huntsville, AL","US (CONUS)","","","","","","https://sjobs.brassring.com/TGnewUI/Search/home/HomeWithPreLoad?PageType=JobDetails&partnerid=25771&siteid=5403&jobid=303368","prime",""
"BAE Systems","BrassRing","Senior Principal Space Vehicle Systems Engineer - Operations Support","Engineering & Technology","","Aurora, CO","US (CONUS)","","","","","","https://sjobs.brassring.com/TGnewUI/Search/home/HomeWithPreLoad?PageType=JobDetails&partnerid=25771&siteid=5403&jobid=302921","prime",""
"BAE Systems","BrassRing","Competitive Intelligence Intern II, Summer 2027 (Remote)","Business Development, Strategy & Planning","","Endicott, NY","US (CONUS)","","","","","","https://sjobs.brassring.com/TGnewUI/Search/home/HomeWithPreLoad?PageType=JobDetails&partnerid=25771&siteid=5403&jobid=302917","prime",""
"BAE Systems","BrassRing","HVAC Repair & Maintenance Technician","Manufacturing & Maintenance","","Hudson, NH","US (CONUS)","","","","","","https://sjobs.brassring.com/TGnewUI/Search/home/HomeWithPreLoad?PageType=JobDetails&partnerid=25771&siteid=5403&jobid=301018","prime",""
"BAE Systems","BrassRing","FAST Labs - Software Manager - Section Lead ($20K Sign-on Bonus)","Engineering & Technology","","Merrimack, NH","US (CONUS)","","","","","","https://sjobs.brassring.com/TGnewUI/Search/home/HomeWithPreLoad?PageType=JobDetails&partnerid=25771&siteid=5403&jobid=302417","prime",""
"BAE Systems","BrassRing","FAST Labs Systems Engineering Product Line Discipline Lead","Engineering & Technology","","Merrimack, NH","US (CONUS)","","","","","","https://sjobs.brassring.com/TGnewUI/Search/home/HomeWithPreLoad?PageType=JobDetails&partnerid=25771&siteid=5403&jobid=302418","prime",""
"BAE Systems","BrassRing","FAST Lab Systems Engineering Section Lead - Mgr II","Engineering & Technology","","Merrimack, NH","US (CONUS)","","","","","","https://sjobs.brassring.com/TGnewUI/Search/home/HomeWithPreLoad?PageType=JobDetails&partnerid=25771&siteid=5403&jobid=302421","prime",""
"BAE Systems","BrassRing","Engineer Senior – Structural","Engineering & Technology","","Boulder, CO","US (CONUS)","","","","","","https://sjobs.brassring.com/TGnewUI/Search/home/HomeWithPreLoad?PageType=JobDetails&partnerid=25771&siteid=5403&jobid=302442","prime",""
"BAE Systems","BrassRing","PCB Design Engineering Section Lead","Engineering & Technology","","Hudson, NH","US (CONUS)","","","","","","https://sjobs.brassring.com/TGnewUI/Search/home/HomeWithPreLoad?PageType=JobDetails&partnerid=25771&siteid=5403&jobid=302682","prime",""
"BAE Systems","BrassRing","APKWS Production Program Manager","Project & Program Management","","Hudson, NH","US (CONUS)","","","","","","https://sjobs.brassring.com/TGnewUI/Search/home/HomeWithPreLoad?PageType=JobDetails&partnerid=25771&siteid=5403&jobid=302683","prime",""
"BAE Systems","BrassRing","Senior Systems Engineer - Weapons Systems","Engineering & Technology","","Cedar Rapids, IA","US (CONUS)","","","","","","https://sjobs.brassring.com/TGnewUI/Search/home/HomeWithPreLoad?PageType=JobDetails&partnerid=25771&siteid=5403&jobid=301191","prime",""
"BAE Systems","BrassRing","ECS TacAir Subcontracts Program Manager-II","Supply Chain & Logistics","","Nashua, NH","US (CONUS)","","","","","","https://sjobs.brassring.com/TGnewUI/Search/home/HomeWithPreLoad?PageType=JobDetails&partnerid=25771&siteid=5403&jobid=301864","prime",""
"BAE Systems","BrassRing","Machinist V - DMG DMU 75 - 2nd Shift","Manufacturing & Maintenance","","Boulder, CO","US (CONUS)","","","","","","https://sjobs.brassring.com/TGnewUI/Search/home/HomeWithPreLoad?PageType=JobDetails&partnerid=25771&siteid=5403&jobid=302646","prime",""
"BAE Systems","BrassRing","HVAC Technician V","Manufacturing & Maintenance","","Manchester, NH","US (CONUS)","","","","","","https://sjobs.brassring.com/TGnewUI/Search/home/HomeWithPreLoad?PageType=JobDetails&partnerid=25771&siteid=5403&jobid=303096","prime",""
"BAE Systems","BrassRing","Senior Digital Electrical Engineer","Engineering & Technology","","Nashua, NH","US (CONUS)","","","","","","https://sjobs.brassring.com/TGnewUI/Search/home/HomeWithPreLoad?PageType=JobDetails&partnerid=25771&siteid=5403&jobid=303325","prime",""
"BAE Systems","BrassRing","Senior Subcontract Administrator","Supply Chain & Logistics","","Nashua, NH","US (CONUS)","","","","","","https://sjobs.brassring.com/TGnewUI/Search/home/HomeWithPreLoad?PageType=JobDetails&partnerid=25771&siteid=5403&jobid=302583","prime",""
"BAE Systems","BrassRing","Test Technician IV","Manufacturing & Maintenance","","Nashua, NH","US (CONUS)","","","","","","https://sjobs.brassring.com/TGnewUI/Search/home/HomeWithPreLoad?PageType=JobDetails&partnerid=25771&siteid=5403&jobid=303357","prime",""
"BAE Systems","BrassRing","Mechanical Engineer - Sr. Principal - Facilities","Project & Program Management","","Merrimack, NH","US (CONUS)","","","","","","https://sjobs.brassring.com/TGnewUI/Search/home/HomeWithPreLoad?PageType=JobDetails&partnerid=25771&siteid=5403&jobid=298182","prime",""
"BAE Systems","BrassRing","Electrical Engineer - Sr Principal - Facilities","Project & Program Management","","Merrimack, NH","US (CONUS)","","","","","","https://sjobs.brassring.com/TGnewUI/Search/home/HomeWithPreLoad?PageType=JobDetails&partnerid=25771&siteid=5403&jobid=298179","prime",""
"BAE Systems","BrassRing","Systems Engineering Integration and Test (SEIT) Lead","Engineering & Technology","","Nashua, NH","US (CONUS)","","","","","","https://sjobs.brassring.com/TGnewUI/Search/home/HomeWithPreLoad?PageType=JobDetails&partnerid=25771&siteid=5403&jobid=298298","prime",""
"BAE Systems","BrassRing","Senior Principal Analog Electrical Engineer","Engineering & Technology","","Nashua, NH","US (CONUS)","","","","","","https://sjobs.brassring.com/TGnewUI/Search/home/HomeWithPreLoad?PageType=JobDetails&partnerid=25771&siteid=5403&jobid=298550","prime",""
"BAE Systems","BrassRing","Systems Engineer - IV&V Lead","Engineering & Technology","","Nashua, NH","US (CONUS)","","","","","","https://sjobs.brassring.com/TGnewUI/Search/home/HomeWithPreLoad?PageType=JobDetails&partnerid=25771&siteid=5403&jobid=302929","prime",""
"BAE Systems","BrassRing","THAAD Test Solutions IPT Technical Lead","Engineering & Technology","","Nashua, NH","US (CONUS)","","","","","","https://sjobs.brassring.com/TGnewUI/Search/home/HomeWithPreLoad?PageType=JobDetails&partnerid=25771&siteid=5403&jobid=302942","prime",""
"BAE Systems","BrassRing","CNC Machinist V","Manufacturing & Maintenance","","Hudson, NH","US (CONUS)","","","","","","https://sjobs.brassring.com/TGnewUI/Search/home/HomeWithPreLoad?PageType=JobDetails&partnerid=25771&siteid=5403&jobid=302965","prime",""
"BAE Systems","BrassRing","Counsel (Hybrid)","Other Professionals","","Nashua, NH","US (CONUS)","","","","","","https://sjobs.brassring.com/TGnewUI/Search/home/HomeWithPreLoad?PageType=JobDetails&partnerid=25771&siteid=5403&jobid=302799","prime",""
"BAE Systems","BrassRing","Senior Embedded Software Engineer, Navigation and Sensor Systems","Engineering & Technology","","Cedar Rapids, IA","US (CONUS)","","","","","","https://sjobs.brassring.com/TGnewUI/Search/home/HomeWithPreLoad?PageType=JobDetails&partnerid=25771&siteid=5403&jobid=303354","prime",""
"BAE Systems","BrassRing","Factory Supply Chain Planner - SAS Production","Supply Chain & Logistics","","Hudson, NH","US (CONUS)","","","","","","https://sjobs.brassring.com/TGnewUI/Search/home/HomeWithPreLoad?PageType=JobDetails&partnerid=25771&siteid=5403&jobid=303313","prime",""
"BAE Systems","BrassRing","Software Engineering Intern III, Summer 2027","Engineering & Technology","","Nashua, NH","US (CONUS)","","","","","","https://sjobs.brassring.com/TGnewUI/Search/home/HomeWithPreLoad?PageType=JobDetails&partnerid=25771&siteid=5403&jobid=301154","prime",""
"BAE Systems","BrassRing","Systems Engineer II","Engineering & Technology","","Hudson, NH","US (CONUS)","","","","","","https://sjobs.brassring.com/TGnewUI/Search/home/HomeWithPreLoad?PageType=JobDetails&partnerid=25771&siteid=5403&jobid=302142","prime",""
"BAE Systems","BrassRing","Sr Supplier Quality Engineer","Other Professionals","","Fort Wayne, IN","US (CONUS)","","","","","","https://sjobs.brassring.com/TGnewUI/Search/home/HomeWithPreLoad?PageType=JobDetails&partnerid=25771&siteid=5403&jobid=302820","prime",""
"BAE Systems","BrassRing","Principal Systems Engineer – MBSE & Digital Ecosystem Architecture","Engineering & Technology","","Broomfield, CO","US (CONUS)","","","","","","https://sjobs.brassring.com/TGnewUI/Search/home/HomeWithPreLoad?PageType=JobDetails&partnerid=25771&siteid=5403&jobid=303305","prime",""
"BAE Systems","BrassRing","Senior Principal Systems Engineer – Digital Ecosystem & Systems Engineering","Engineering & Technology","","Broomfield, CO","US (CONUS)","","","","","","https://sjobs.brassring.com/TGnewUI/Search/home/HomeWithPreLoad?PageType=JobDetails&partnerid=25771&siteid=5403&jobid=303306","prime",""
"BAE Systems","BrassRing","Principal Cyber Architect","Engineering & Technology","","Nashua, NH","US (CONUS)","","","","","","https://sjobs.brassring.com/TGnewUI/Search/home/HomeWithPreLoad?PageType=JobDetails&partnerid=25771&siteid=5403&jobid=303234","prime",""
"BAE Systems","BrassRing","Business Development Portfolio Lead - EO/IR Spectral Dominance","Business Development, Strategy & Planning","","Merrimack, NH","US (CONUS)","","","","","","https://sjobs.brassring.com/TGnewUI/Search/home/HomeWithPreLoad?PageType=JobDetails&partnerid=25771&siteid=5403&jobid=303242","prime",""
"BAE Systems","BrassRing","Principal Optical Engineer - EO/IR Systems","Engineering & Technology","","Merrimack, NH","US (CONUS)","","","","","","https://sjobs.brassring.com/TGnewUI/Search/home/HomeWithPreLoad?PageType=JobDetails&partnerid=25771&siteid=5403&jobid=303123","prime",""
"BAE Systems","BrassRing","Principal Mechanical Engineer","Engineering & Technology","","Hudson, NH","US (CONUS)","","","","","","https://sjobs.brassring.com/TGnewUI/Search/home/HomeWithPreLoad?PageType=JobDetails&partnerid=25771&siteid=5403&jobid=303140","prime",""
"BAE Systems","BrassRing","Software Engineering Manager 2","Engineering & Technology","","Nashua, NH","US (CONUS)","","","","","","https://sjobs.brassring.com/TGnewUI/Search/home/HomeWithPreLoad?PageType=JobDetails&partnerid=25771&siteid=5403&jobid=303127","prime",""
"BAE Systems","BrassRing","Production Manager","Manufacturing & Maintenance","","Cedar Rapids, IA","US (CONUS)","","","","","","https://sjobs.brassring.com/TGnewUI/Search/home/HomeWithPreLoad?PageType=JobDetails&partnerid=25771&siteid=5403&jobid=303138","prime",""
"BAE Systems","BrassRing","Engineer I – Ground Software","Engineering & Technology","","Fairborn, OH","US (CONUS)","","","","","","https://sjobs.brassring.com/TGnewUI/Search/home/HomeWithPreLoad?PageType=JobDetails&partnerid=25771&siteid=5403&jobid=303139","prime",""
"BAE Systems","BrassRing","Contractor SAP Security Officer (CSSO)","Other Professionals","","Hudson, NH","US (CONUS)","","","","","","https://sjobs.brassring.com/TGnewUI/Search/home/HomeWithPreLoad?PageType=JobDetails&partnerid=25771&siteid=5403&jobid=302727","prime",""
"BAE Systems","BrassRing","System Test Engineer II - Mechanisms and Test Scripts - $10K Sign on Bonus","Engineering & Technology","","Boulder, CO","US (CONUS)","","","","","","https://sjobs.brassring.com/TGnewUI/Search/home/HomeWithPreLoad?PageType=JobDetails&partnerid=25771&siteid=5403&jobid=302736","prime",""
"BAE Systems","BrassRing","Part-Time Mechanical Engineer - Hybrid","Engineering & Technology","","Merrimack, NH","US (CONUS)","","","","","","https://sjobs.brassring.com/TGnewUI/Search/home/HomeWithPreLoad?PageType=JobDetails&partnerid=25771&siteid=5403&jobid=302744","prime",""
"BAE Systems","BrassRing","Test Engineer II","Engineering & Technology","","Totowa, NJ","US (CONUS)","","","","","","https://sjobs.brassring.com/TGnewUI/Search/home/HomeWithPreLoad?PageType=JobDetails&partnerid=25771&siteid=5403&jobid=302745","prime",""
"BAE Systems","BrassRing","Manager III – Ground Development Program Manager","Project & Program Management","","Broomfield, CO","US (CONUS)","","","","","","https://sjobs.brassring.com/TGnewUI/Search/home/HomeWithPreLoad?PageType=JobDetails&partnerid=25771&siteid=5403&jobid=302092","prime",""
"BAE Systems","BrassRing","Technician III - Silicone Paint - 2nd Shift","Manufacturing & Maintenance","","Westminster, CO","US (CONUS)","","","","","","https://sjobs.brassring.com/TGnewUI/Search/home/HomeWithPreLoad?PageType=JobDetails&partnerid=25771&siteid=5403&jobid=302114","prime",""
"BAE Systems","BrassRing","Electrostatic Discharge (ESD) Assessment Technician II (Full Time - Onsite)","Manufacturing & Maintenance","","Nashua, NH","US (CONUS)","","","","","","https://sjobs.brassring.com/TGnewUI/Search/home/HomeWithPreLoad?PageType=JobDetails&partnerid=25771&siteid=5403&jobid=301912","prime",""
"BAE Systems","BrassRing","Program Manager I - Engine Systems (Hybrid)","Project & Program Management","","Fort Wayne, IN","US (CONUS)","","","","","","https://sjobs.brassring.com/TGnewUI/Search/home/HomeWithPreLoad?PageType=JobDetails&partnerid=25771&siteid=5403&jobid=299254","prime",""
"BAE Systems","BrassRing","Contractor SAP Security Office (CSSO)","Other Professionals","","Merrimack, NH","US (CONUS)","","","","","","https://sjobs.brassring.com/TGnewUI/Search/home/HomeWithPreLoad?PageType=JobDetails&partnerid=25771&siteid=5403&jobid=302690","prime",""
"BAE Systems","BrassRing","Conformal Coat Finisher","Manufacturing & Maintenance","","Nashua, NH","US (CONUS)","","","","","","https://sjobs.brassring.com/TGnewUI/Search/home/HomeWithPreLoad?PageType=JobDetails&partnerid=25771&siteid=5403&jobid=302707","prime",""
"BAE Systems","BrassRing","Director of Military Contracts","Other Professionals","","Endicott, NY","US (CONUS)","","","","","","https://sjobs.brassring.com/TGnewUI/Search/home/HomeWithPreLoad?PageType=JobDetails&partnerid=25771&siteid=5403&jobid=302475","prime",""
"BAE Systems","BrassRing","Operations Program Manager III - Radio Frequency Effects","Project & Program Management","","Merrimack, NH","US (CONUS)","","","","","","https://sjobs.brassring.com/TGnewUI/Search/home/HomeWithPreLoad?PageType=JobDetails&partnerid=25771&siteid=5403&jobid=301517","prime",""
"BAE Systems","BrassRing","Operations Excellence Director -Austin Texas","Manufacturing & Maintenance","","Austin, TX","US (CONUS)","","","","","","https://sjobs.brassring.com/TGnewUI/Search/home/HomeWithPreLoad?PageType=JobDetails&partnerid=25771&siteid=5403&jobid=301518","prime",""
"BAE Systems","BrassRing","EW High Performance SE Group Lead","Engineering & Technology","","Totowa, NJ","US (CONUS)","","","","","","https://sjobs.brassring.com/TGnewUI/Search/home/HomeWithPreLoad?PageType=JobDetails&partnerid=25771&siteid=5403&jobid=302107","prime",""
"BAE Systems","BrassRing","Senior Systems Engineer - IV&V","Engineering & Technology","","Nashua, NH","US (CONUS)","","","","","","https://sjobs.brassring.com/TGnewUI/Search/home/HomeWithPreLoad?PageType=JobDetails&partnerid=25771&siteid=5403&jobid=301894","prime",""
"BAE Systems","BrassRing","Technical Trainer IV - IPC Trainer","Manufacturing & Maintenance","","Austin, TX","US (CONUS)","","","","","","https://sjobs.brassring.com/TGnewUI/Search/home/HomeWithPreLoad?PageType=JobDetails&partnerid=25771&siteid=5403&jobid=302377","prime",""
"BAE Systems","BrassRing","Aftermarket FAA Repairman - Second Shift","Engineering & Technology","","Fort Wayne, IN","US (CONUS)","","","","","","https://sjobs.brassring.com/TGnewUI/Search/home/HomeWithPreLoad?PageType=JobDetails&partnerid=25771&siteid=5403&jobid=302383","prime",""
"BAE Systems","BrassRing","Deputy Hardware Engineering Lead for New Development Programs","Engineering & Technology","","Hudson, NH","US (CONUS)","","","","","","https://sjobs.brassring.com/TGnewUI/Search/home/HomeWithPreLoad?PageType=JobDetails&partnerid=25771&siteid=5403&jobid=302134","prime",""
"BAE Systems","BrassRing","Senior Administrative Assistant","Engineering & Technology","","Nashua, NH","US (CONUS)","","","","","","https://sjobs.brassring.com/TGnewUI/Search/home/HomeWithPreLoad?PageType=JobDetails&partnerid=25771&siteid=5403&jobid=302138","prime",""
"BAE Systems","BrassRing","Principal Test Equipment Design Engineer","Engineering & Technology","","Totowa, NJ","US (CONUS)","","","","","","https://sjobs.brassring.com/TGnewUI/Search/home/HomeWithPreLoad?PageType=JobDetails&partnerid=25771&siteid=5403&jobid=302505","prime",""
"BAE Systems","BrassRing","Contracts Manager I","Other Professionals","","Merrimack, NH","US (CONUS)","","","","","","https://sjobs.brassring.com/TGnewUI/Search/home/HomeWithPreLoad?PageType=JobDetails&partnerid=25771&siteid=5403&jobid=302388","prime",""
"BAE Systems","BrassRing","Cost Accountant (Hybrid)","Finance & Accounting","","Fort Wayne, IN","US (CONUS)","","","","","","https://sjobs.brassring.com/TGnewUI/Search/home/HomeWithPreLoad?PageType=JobDetails&partnerid=25771&siteid=5403&jobid=302514","prime",""
"BAE Systems","BrassRing","Configuration Control Rep","Engineering & Technology","","Endicott, NY","US (CONUS)","","","","","","https://sjobs.brassring.com/TGnewUI/Search/home/HomeWithPreLoad?PageType=JobDetails&partnerid=25771&siteid=5403&jobid=302007","prime",""
"BAE Systems","BrassRing","Test Engineer II","Engineering & Technology","","Nashua, NH","US (CONUS)","","","","","","https://sjobs.brassring.com/TGnewUI/Search/home/HomeWithPreLoad?PageType=JobDetails&partnerid=25771&siteid=5403&jobid=302023","prime",""
"BAE Systems","BrassRing","Senior ECS Program Engineering Manager","Engineering & Technology","","Totowa, NJ","US (CONUS)","","","","","","https://sjobs.brassring.com/TGnewUI/Search/home/HomeWithPreLoad?PageType=JobDetails&partnerid=25771&siteid=5403&jobid=302005","prime",""
"BAE Systems","BrassRing","Facilities Representative III – Custodial","Other Professionals","","Broomfield, CO","US (CONUS)","","","","","","https://sjobs.brassring.com/TGnewUI/Search/home/HomeWithPreLoad?PageType=JobDetails&partnerid=25771&siteid=5403&jobid=302559","prime",""
"BAE Systems","BrassRing","Senior Change Management Lead","Other Professionals","","Nashua, NH","US (CONUS)","","","","","","https://sjobs.brassring.com/TGnewUI/Search/home/HomeWithPreLoad?PageType=JobDetails&partnerid=25771&siteid=5403&jobid=302580","prime",""
"BAE Systems","BrassRing","Electrical System Engineer Principal – $40K Sign On Bonus","Engineering & Technology","","Westminster, CO","US (CONUS)","","","","","","https://sjobs.brassring.com/TGnewUI/Search/home/HomeWithPreLoad?PageType=JobDetails&partnerid=25771&siteid=5403&jobid=302582","prime",""
"BAE Systems","BrassRing","Maritime Communications Program Manager","Project & Program Management","","Hudson, NH","US (CONUS)","","","","","","https://sjobs.brassring.com/TGnewUI/Search/home/HomeWithPreLoad?PageType=JobDetails&partnerid=25771&siteid=5403&jobid=301066","prime",""
"BAE Systems","BrassRing","Senior Software Engineer - Space Applications - Sign-on Bonus","Engineering & Technology","","Merrimack, NH","US (CONUS)","","","","","","https://sjobs.brassring.com/TGnewUI/Search/home/HomeWithPreLoad?PageType=JobDetails&partnerid=25771&siteid=5403&jobid=302796","prime",""
"BAE Systems","BrassRing","Electrical Assembler II","Manufacturing & Maintenance","","Nashua, NH","US (CONUS)","","","","","","https://sjobs.brassring.com/TGnewUI/Search/home/HomeWithPreLoad?PageType=JobDetails&partnerid=25771&siteid=5403&jobid=301067","prime",""
"BAE Systems","BrassRing","Electronic Support Measures Senior Principal Systems Engineer II","Engineering & Technology","","Nashua, NH","US (CONUS)","","","","","","https://sjobs.brassring.com/TGnewUI/Search/home/HomeWithPreLoad?PageType=JobDetails&partnerid=25771&siteid=5403&jobid=301071","prime",""
"BAE Systems","BrassRing","Technical Support Analyst I","Engineering & Technology","","Reston, VA","US (CONUS)","","","","","","https://sjobs.brassring.com/TGnewUI/Search/home/HomeWithPreLoad?PageType=JobDetails&partnerid=25771&siteid=5403&jobid=303362","prime",""
"BAE Systems","BrassRing","EMI/EMC/Lightning Principal Engineer","Engineering & Technology","","Nashua, NH","US (CONUS)","","","","","","https://sjobs.brassring.com/TGnewUI/Search/home/HomeWithPreLoad?PageType=JobDetails&partnerid=25771&siteid=5403&jobid=289698","prime",""
"BAE Systems","BrassRing","Senior Manufacturing Engineer – Operational Engineering & Planning","Engineering & Technology","","Boulder, CO","US (CONUS)","","","","","","https://sjobs.brassring.com/TGnewUI/Search/home/HomeWithPreLoad?PageType=JobDetails&partnerid=25771&siteid=5403&jobid=303002","prime",""
"BAE Systems","BrassRing","Supplier Quality Technician","Other Professionals","","Fort Wayne, IN","US (CONUS)","","","","","","https://sjobs.brassring.com/TGnewUI/Search/home/HomeWithPreLoad?PageType=JobDetails&partnerid=25771&siteid=5403&jobid=301878","prime",""
"BAE Systems","BrassRing","Principal Networking Site Reliability Engineer (Hybrid)","Engineering & Technology","","Merrimack, NH","US (CONUS)","","","","","","https://sjobs.brassring.com/TGnewUI/Search/home/HomeWithPreLoad?PageType=JobDetails&partnerid=25771&siteid=5403&jobid=301888","prime",""
"BAE Systems","BrassRing","Platform Portfolio Manager/Project Engineering Manager – PEM II","Engineering & Technology","","Merrimack, NH","US (CONUS)","","","","","","https://sjobs.brassring.com/TGnewUI/Search/home/HomeWithPreLoad?PageType=JobDetails&partnerid=25771&siteid=5403&jobid=301890","prime",""
"BAE Systems","BrassRing","Systems Engineer","Engineering & Technology","","Nashua, NH","US (CONUS)","","","","","","https://sjobs.brassring.com/TGnewUI/Search/home/HomeWithPreLoad?PageType=JobDetails&partnerid=25771&siteid=5403&jobid=301895","prime",""
"BAE Systems","BrassRing","Test Software Developer","Engineering & Technology","","Nashua, NH","US (CONUS)","","","","","","https://sjobs.brassring.com/TGnewUI/Search/home/HomeWithPreLoad?PageType=JobDetails&partnerid=25771&siteid=5403&jobid=303249","prime",""
"BAE Systems","BrassRing","Process Engineer II - Wire and Ribbon Bonding","Engineering & Technology","","Nashua, NH","US (CONUS)","","","","","","https://sjobs.brassring.com/TGnewUI/Search/home/HomeWithPreLoad?PageType=JobDetails&partnerid=25771&siteid=5403&jobid=303104","prime",""
"BAE Systems","BrassRing","FAST Labs - Senior Systems Engineer","Engineering & Technology","","Merrimack, NH","US (CONUS)","","","","","","https://sjobs.brassring.com/TGnewUI/Search/home/HomeWithPreLoad?PageType=JobDetails&partnerid=25771&siteid=5403&jobid=302354","prime",""
"BAE Systems","BrassRing","Manager II – Facilities","Manufacturing & Maintenance","","Broomfield, CO","US (CONUS)","","","","","","https://sjobs.brassring.com/TGnewUI/Search/home/HomeWithPreLoad?PageType=JobDetails&partnerid=25771&siteid=5403&jobid=303253","prime",""
"BAE Systems","BrassRing","Finance Leadership Development Program - AMS - New Hampshire (Onsite)","Finance & Accounting","","Nashua, NH","US (CONUS)","","","","","","https://sjobs.brassring.com/TGnewUI/Search/home/HomeWithPreLoad?PageType=JobDetails&partnerid=25771&siteid=5403&jobid=302355","prime",""
"BAE Systems","BrassRing","Engineer Senior Principal - Mission Software Architect","Engineering & Technology","","Broomfield, CO","US (CONUS)","","","","","","https://sjobs.brassring.com/TGnewUI/Search/home/HomeWithPreLoad?PageType=JobDetails&partnerid=25771&siteid=5403&jobid=303260","prime",""
"BAE Systems","BrassRing","Senior Systems Engineer","Engineering & Technology","","Totowa, NJ","US (CONUS)","","","","","","https://sjobs.brassring.com/TGnewUI/Search/home/HomeWithPreLoad?PageType=JobDetails&partnerid=25771&siteid=5403&jobid=302716","prime",""
"BAE Systems","BrassRing","FAST Labs - Software Engineer II ($5K Sign On Bonus)","Engineering & Technology","","Merrimack, NH","US (CONUS)","","","","","","https://sjobs.brassring.com/TGnewUI/Search/home/HomeWithPreLoad?PageType=JobDetails&partnerid=25771&siteid=5403&jobid=302423","prime",""
"BAE Systems","BrassRing","FAST Labs - Principal Software Engineer ($20K Sign On Bonus)","Engineering & Technology","","Merrimack, NH","US (CONUS)","","","","","","https://sjobs.brassring.com/TGnewUI/Search/home/HomeWithPreLoad?PageType=JobDetails&partnerid=25771&siteid=5403&jobid=302427","prime",""
"BAE Systems","BrassRing","Senior Principal Software Engineer","Engineering & Technology","","Totowa, NJ","US (CONUS)","","","","","","https://sjobs.brassring.com/TGnewUI/Search/home/HomeWithPreLoad?PageType=JobDetails&partnerid=25771&siteid=5403&jobid=302719","prime",""
"BAE Systems","BrassRing","RF Systems Engineer","Engineering & Technology","","Hudson, NH","US (CONUS)","","","","","","https://sjobs.brassring.com/TGnewUI/Search/home/HomeWithPreLoad?PageType=JobDetails&partnerid=25771&siteid=5403&jobid=300266","prime",""
"BAE Systems","BrassRing","P&S Operations Leadership Development Program - Supply Chain/Ops Management","Supply Chain & Logistics","","York, PA","US (CONUS)","","","","","","https://sjobs.brassring.com/TGnewUI/Search/home/HomeWithPreLoad?PageType=JobDetails&partnerid=25771&siteid=5403&jobid=302671","prime",""
"BAE Systems","BrassRing","Senior Engineer – Full-Stack Ground Software Developer","Engineering & Technology","","Fairborn, OH","US (CONUS)","","","","","","https://sjobs.brassring.com/TGnewUI/Search/home/HomeWithPreLoad?PageType=JobDetails&partnerid=25771&siteid=5403&jobid=301164","prime",""
"BAE Systems","BrassRing","Principal Technical Mission Analyst / Architect – Future Capabilities","Business Development, Strategy & Planning","","Broomfield, CO","US (CONUS)","","","","","","https://sjobs.brassring.com/TGnewUI/Search/home/HomeWithPreLoad?PageType=JobDetails&partnerid=25771&siteid=5403&jobid=299829","prime",""
"BAE Systems","BrassRing","Principal Contract Administrator","Other Professionals","","Norfolk, VA","US (CONUS)","","","","","","https://sjobs.brassring.com/TGnewUI/Search/home/HomeWithPreLoad?PageType=JobDetails&partnerid=25771&siteid=5403&jobid=302593","prime",""
"BAE Systems","BrassRing","Test Technician III - 3rd Shift","Manufacturing & Maintenance","","Boulder, CO","US (CONUS)","","","","","","https://sjobs.brassring.com/TGnewUI/Search/home/HomeWithPreLoad?PageType=JobDetails&partnerid=25771&siteid=5403&jobid=301630","prime",""
"BAE Systems","BrassRing","Director II - Business Development","Business Development, Strategy & Planning","","Falls Church, VA","US (CONUS)","","","","","","https://sjobs.brassring.com/TGnewUI/Search/home/HomeWithPreLoad?PageType=JobDetails&partnerid=25771&siteid=5403&jobid=303000","prime",""
"BAE Systems","BrassRing","Principal Contracts Administrator","Other Professionals","","Maple Grove, MN","US (CONUS)","","","","","","https://sjobs.brassring.com/TGnewUI/Search/home/HomeWithPreLoad?PageType=JobDetails&partnerid=25771&siteid=5403&jobid=302145","prime",""
"BAE Systems","BrassRing","P&S Operations Leadership Development Program - Industrial Engineering","Project & Program Management","","York, PA","US (CONUS)","","","","","","https://sjobs.brassring.com/TGnewUI/Search/home/HomeWithPreLoad?PageType=JobDetails&partnerid=25771&siteid=5403&jobid=302672","prime",""
"BAE Systems","BrassRing","Construction Project Manager","Project & Program Management","","Kingsport, TN","US (CONUS)","","","","","","https://sjobs.brassring.com/TGnewUI/Search/home/HomeWithPreLoad?PageType=JobDetails&partnerid=25771&siteid=5403&jobid=298947","prime",""
"BAE Systems","BrassRing","Senior Engineer - Ground Systems","Engineering & Technology","","Aurora, CO","US (CONUS)","","","","","","https://sjobs.brassring.com/TGnewUI/Search/home/HomeWithPreLoad?PageType=JobDetails&partnerid=25771&siteid=5403&jobid=301492","prime",""
"BAE Systems","BrassRing","Marine Electrician - 1st Class Mechanic","Manufacturing & Maintenance","","Norfolk, VA","US (CONUS)","","","","","","https://sjobs.brassring.com/TGnewUI/Search/home/HomeWithPreLoad?PageType=JobDetails&partnerid=25771&siteid=5403&jobid=298582","prime",""
"BAE Systems","BrassRing","Senior Supplier Quality Engineer","Engineering & Technology","","York, PA","US (CONUS)","","","","","","https://sjobs.brassring.com/TGnewUI/Search/home/HomeWithPreLoad?PageType=JobDetails&partnerid=25771&siteid=5403&jobid=301116","prime",""
"BAE Systems","BrassRing","Temp Services / Tank Team Craft Supervisor","Manufacturing & Maintenance","","San Diego, CA","US (CONUS)","","","","","","https://sjobs.brassring.com/TGnewUI/Search/home/HomeWithPreLoad?PageType=JobDetails&partnerid=25771&siteid=5403&jobid=302590","prime",""
"BAE Systems","BrassRing","Engineer II - FPGA Verification","Engineering & Technology","","Westminster, CO","US (CONUS)","","","","","","https://sjobs.brassring.com/TGnewUI/Search/home/HomeWithPreLoad?PageType=JobDetails&partnerid=25771&siteid=5403&jobid=300660","prime",""
"BAE Systems","BrassRing","Fluid & Thermal Analyst","Engineering & Technology","","Maple Grove, MN","US (CONUS)","","","","","","https://sjobs.brassring.com/TGnewUI/Search/home/HomeWithPreLoad?PageType=JobDetails&partnerid=25771&siteid=5403&jobid=302080","prime",""
"BAE Systems","BrassRing","Quality Inspector IV","Other Professionals","","San Diego, CA","US (CONUS)","","","","","","https://sjobs.brassring.com/TGnewUI/Search/home/HomeWithPreLoad?PageType=JobDetails&partnerid=25771&siteid=5403&jobid=302333","prime",""
"BAE Systems","BrassRing","Program Manager III- PGM Basecamp","Project & Program Management","","Maple Grove, MN","US (CONUS)","","","","","","https://sjobs.brassring.com/TGnewUI/Search/home/HomeWithPreLoad?PageType=JobDetails&partnerid=25771&siteid=5403&jobid=302200","prime",""
"BAE Systems","BrassRing","Production Supervisor - 2nd Shift","Manufacturing & Maintenance","","Louisville, KY","US (CONUS)","","","","","","https://sjobs.brassring.com/TGnewUI/Search/home/HomeWithPreLoad?PageType=JobDetails&partnerid=25771&siteid=5403&jobid=300791","prime",""
"BAE Systems","BrassRing","Subcontract Administrator","Supply Chain & Logistics","","York, PA","US (CONUS)","","","","","","https://sjobs.brassring.com/TGnewUI/Search/home/HomeWithPreLoad?PageType=JobDetails&partnerid=25771&siteid=5403&jobid=300441","prime",""
"BAE Systems","BrassRing","Quality Analyst Sr","Other Professionals","","Norfolk, VA","US (CONUS)","","","","","","https://sjobs.brassring.com/TGnewUI/Search/home/HomeWithPreLoad?PageType=JobDetails&partnerid=25771&siteid=5403&jobid=302897","prime",""
"BAE Systems","BrassRing","Value Stream Supervisor","Manufacturing & Maintenance","","Maple Grove, MN","US (CONUS)","","","","","","https://sjobs.brassring.com/TGnewUI/Search/home/HomeWithPreLoad?PageType=JobDetails&partnerid=25771&siteid=5403&jobid=301010","prime",""
"BAE Systems","BrassRing","Engineer Senior - Signal & Image Processing","Engineering & Technology","","WP AFB, OH","US (CONUS)","","","","","","https://sjobs.brassring.com/TGnewUI/Search/home/HomeWithPreLoad?PageType=JobDetails&partnerid=25771&siteid=5403&jobid=298662","prime",""
"BAE Systems","BrassRing","Control Account Manager","Other Professionals","","York, PA","US (CONUS)","","","","","","https://sjobs.brassring.com/TGnewUI/Search/home/HomeWithPreLoad?PageType=JobDetails&partnerid=25771&siteid=5403&jobid=301958","prime",""
"BAE Systems","BrassRing","WAF Authorization Coordinator","Project & Program Management","","San Diego, CA","US (CONUS)","","","","","","https://sjobs.brassring.com/TGnewUI/Search/home/HomeWithPreLoad?PageType=JobDetails&partnerid=25771&siteid=5403&jobid=302277","prime",""
"BAE Systems","BrassRing","Manufacturing Process Work Instruction Author","Engineering & Technology","","Aiken, SC","US (CONUS)","","","","","","https://sjobs.brassring.com/TGnewUI/Search/home/HomeWithPreLoad?PageType=JobDetails&partnerid=25771&siteid=5403&jobid=302914","prime",""
"BAE Systems","BrassRing","Principal Engineer - Facilities","Engineering & Technology","","Kingsport, TN","US (CONUS)","","","","","","https://sjobs.brassring.com/TGnewUI/Search/home/HomeWithPreLoad?PageType=JobDetails&partnerid=25771&siteid=5403&jobid=297785","prime",""
"BAE Systems","BrassRing","Engineer Senior Principal - Mission Integration - $10K Sign-On Bonus","Engineering & Technology","","Broomfield, CO","US (CONUS)","","","","","","https://sjobs.brassring.com/TGnewUI/Search/home/HomeWithPreLoad?PageType=JobDetails&partnerid=25771&siteid=5403&jobid=301073","prime",""
"BAE Systems","BrassRing","Engineer II - Mission Operations Sustainment Systems Engineer","Engineering & Technology","","Broomfield, CO","US (CONUS)","","","","","","https://sjobs.brassring.com/TGnewUI/Search/home/HomeWithPreLoad?PageType=JobDetails&partnerid=25771&siteid=5403&jobid=298868","prime",""
"BAE Systems","BrassRing","Director - Contracts, Singapore","Business Development, Strategy & Planning","","Singapore, Singapore, Singapore","International","","","","","","https://sjobs.brassring.com/TGnewUI/Search/home/HomeWithPreLoad?PageType=JobDetails&partnerid=25771&siteid=5403&jobid=302177","prime",""
"BAE Systems","BrassRing","Director II - Programs - Campaign Lead","Project & Program Management","","Sterling Heights, MI","US (CONUS)","","","","","","https://sjobs.brassring.com/TGnewUI/Search/home/HomeWithPreLoad?PageType=JobDetails&partnerid=25771&siteid=5403&jobid=302720","prime",""
"BAE Systems","BrassRing","Sr. Quality Engineer","Engineering & Technology","","Louisville, KY","US (CONUS)","","","","","","https://sjobs.brassring.com/TGnewUI/Search/home/HomeWithPreLoad?PageType=JobDetails&partnerid=25771&siteid=5403&jobid=299563","prime",""
"BAE Systems","BrassRing","Senior Scheduler","Project & Program Management","","Norfolk, VA","US (CONUS)","","","","","","https://sjobs.brassring.com/TGnewUI/Search/home/HomeWithPreLoad?PageType=JobDetails&partnerid=25771&siteid=5403&jobid=301037","prime",""
"BAE Systems","BrassRing","Operations Specialist II - Mission Operations Sustainment","Engineering & Technology","","Broomfield, CO","US (CONUS)","","","","","","https://sjobs.brassring.com/TGnewUI/Search/home/HomeWithPreLoad?PageType=JobDetails&partnerid=25771&siteid=5403&jobid=300922","prime",""
"BAE Systems","BrassRing","Journeymen Pipefitter","Manufacturing & Maintenance","","Norfolk, VA","US (CONUS)","","","","","","https://sjobs.brassring.com/TGnewUI/Search/home/HomeWithPreLoad?PageType=JobDetails&partnerid=25771&siteid=5403&jobid=298613","prime",""
"BAE Systems","BrassRing","Submarine Products Welder & Fabricator - Weekend 1st shift","Manufacturing & Maintenance","","Louisville, KY","US (CONUS)","","","","","","https://sjobs.brassring.com/TGnewUI/Search/home/HomeWithPreLoad?PageType=JobDetails&partnerid=25771&siteid=5403&jobid=301320","prime",""
"BAE Systems","BrassRing","Outside Machinist","Manufacturing & Maintenance","","San Diego, CA","US (CONUS)","","","","","","https://sjobs.brassring.com/TGnewUI/Search/home/HomeWithPreLoad?PageType=JobDetails&partnerid=25771&siteid=5403&jobid=302839","prime",""
"BAE Systems","BrassRing","Engineer Principal – Systems – Sensor Model Development","Engineering & Technology","","Fairborn, OH","US (CONUS)","","","","","","https://sjobs.brassring.com/TGnewUI/Search/home/HomeWithPreLoad?PageType=JobDetails&partnerid=25771&siteid=5403&jobid=296563","prime",""
"BAE Systems","BrassRing","Sr Supply Chain Planner","Supply Chain & Logistics","","Louisville, KY","US (CONUS)","","","","","","https://sjobs.brassring.com/TGnewUI/Search/home/HomeWithPreLoad?PageType=JobDetails&partnerid=25771&siteid=5403&jobid=302347","prime",""
"BAE Systems","BrassRing","Senior Principal FPGA Verification Engineer - $15K Sign-On Bonus","Engineering & Technology","","Westminster, CO","US (CONUS)","","","","","","https://sjobs.brassring.com/TGnewUI/Search/home/HomeWithPreLoad?PageType=JobDetails&partnerid=25771&siteid=5403&jobid=301204","prime",""
"BAE Systems","BrassRing","Manager of Contracts - Singapore","Business Development, Strategy & Planning","","Singapore, Singapore, Singapore","International","","","","","","https://sjobs.brassring.com/TGnewUI/Search/home/HomeWithPreLoad?PageType=JobDetails&partnerid=25771&siteid=5403&jobid=302178","prime",""
"BAE Systems","BrassRing","Submarine Products Welder & Fabricator - Weekdays 1st Shift","Manufacturing & Maintenance","","Louisville, KY","US (CONUS)","","","","","","https://sjobs.brassring.com/TGnewUI/Search/home/HomeWithPreLoad?PageType=JobDetails&partnerid=25771&siteid=5403&jobid=301318","prime",""
"BAE Systems","BrassRing","Engineer II – Embedded Software","Engineering & Technology","","Westminster, CO","US (CONUS)","","","","","","https://sjobs.brassring.com/TGnewUI/Search/home/HomeWithPreLoad?PageType=JobDetails&partnerid=25771&siteid=5403&jobid=301529","prime",""
"BAE Systems","BrassRing","Engineer Senior Principal – Ground Systems","Engineering & Technology","","Aurora, CO","US (CONUS)","","","","","","https://sjobs.brassring.com/TGnewUI/Search/home/HomeWithPreLoad?PageType=JobDetails&partnerid=25771&siteid=5403&jobid=301494","prime",""
"BAE Systems","BrassRing","Navigation Technician","Manufacturing & Maintenance","","Wallops Island, VA","US (CONUS)","","","","","","https://sjobs.brassring.com/TGnewUI/Search/home/HomeWithPreLoad?PageType=JobDetails&partnerid=25771&siteid=5403&jobid=300830","prime",""
"BAE Systems","BrassRing","Imagery Analyst - 3 years of exp (Junior)","Intelligence","","Springfield, VA","US (CONUS)","","","","","","https://sjobs.brassring.com/TGnewUI/Search/home/HomeWithPreLoad?PageType=JobDetails&partnerid=25771&siteid=5403&jobid=303594","prime",""
"BAE Systems","BrassRing","Configuration Analyst","Engineering & Technology","","Rome, NY","US (CONUS)","","","","","","https://sjobs.brassring.com/TGnewUI/Search/home/HomeWithPreLoad?PageType=JobDetails&partnerid=25771&siteid=5403&jobid=302834","prime",""
"BAE Systems","BrassRing","Program Director","Project & Program Management","","California, MD","US (CONUS)","","","","","","https://sjobs.brassring.com/TGnewUI/Search/home/HomeWithPreLoad?PageType=JobDetails&partnerid=25771&siteid=5403&jobid=302863","prime",""
"BAE Systems","BrassRing","Lead Software & Data Architect Engineer","Engineering & Technology","","Fort Worth, TX","US (CONUS)","","","","","","https://sjobs.brassring.com/TGnewUI/Search/home/HomeWithPreLoad?PageType=JobDetails&partnerid=25771&siteid=5403&jobid=298777","prime",""
"BAE Systems","BrassRing","Network Engineer (SME)","Engineering & Technology","","Herndon, VA","US (CONUS)","","","","","","https://sjobs.brassring.com/TGnewUI/Search/home/HomeWithPreLoad?PageType=JobDetails&partnerid=25771&siteid=5403&jobid=296414","prime",""
"BAE Systems","BrassRing","Implementations Network Engineer II","Engineering & Technology","","Scott AFB, IL","US (CONUS)","","","","","","https://sjobs.brassring.com/TGnewUI/Search/home/HomeWithPreLoad?PageType=JobDetails&partnerid=25771&siteid=5403&jobid=301383","prime",""
"BAE Systems","BrassRing","VMware NSX | Networking and Security Virtualization Systems Engineer","Engineering & Technology","","Herndon, VA","US (CONUS)","","","","","","https://sjobs.brassring.com/TGnewUI/Search/home/HomeWithPreLoad?PageType=JobDetails&partnerid=25771&siteid=5403&jobid=302091","prime",""
"BAE Systems","BrassRing","Sr Imagery Analyst: Springfield, VA","Intelligence","","Springfield, VA","US (CONUS)","","","","","","https://sjobs.brassring.com/TGnewUI/Search/home/HomeWithPreLoad?PageType=JobDetails&partnerid=25771&siteid=5403&jobid=302925","prime",""
"BAE Systems","BrassRing","Software Engineer (Expert)","Engineering & Technology","","Herndon, VA","US (CONUS)","","","","","","https://sjobs.brassring.com/TGnewUI/Search/home/HomeWithPreLoad?PageType=JobDetails&partnerid=25771&siteid=5403&jobid=298574","prime",""
"BAE Systems","BrassRing","NATO Sea Sparrow Electronics Maintenance Tech","Manufacturing & Maintenance","","Wallops Island, VA","US (CONUS)","","","","","","https://sjobs.brassring.com/TGnewUI/Search/home/HomeWithPreLoad?PageType=JobDetails&partnerid=25771&siteid=5403&jobid=302678","prime",""
"BAE Systems","BrassRing","Systems Engineer","Engineering & Technology","","Herndon, VA","US (CONUS)","","","","","","https://sjobs.brassring.com/TGnewUI/Search/home/HomeWithPreLoad?PageType=JobDetails&partnerid=25771&siteid=5403&jobid=303229","prime",""
"BAE Systems","BrassRing","Director III, Product Lifecycle Applications","Engineering & Technology","","Falls Church, VA","US (CONUS)","","","","","","https://sjobs.brassring.com/TGnewUI/Search/home/HomeWithPreLoad?PageType=JobDetails&partnerid=25771&siteid=5403&jobid=302967","prime",""
"BAE Systems","BrassRing","Navigation System Test Engineer","Engineering & Technology","","Rockville, MD","US (CONUS)","","","","","","https://sjobs.brassring.com/TGnewUI/Search/home/HomeWithPreLoad?PageType=JobDetails&partnerid=25771&siteid=5403&jobid=302922","prime",""
"BAE Systems","BrassRing","PMO Planner / Scheduler","Project & Program Management","","Fort Walton Beach, FL","US (CONUS)","","","","","","https://sjobs.brassring.com/TGnewUI/Search/home/HomeWithPreLoad?PageType=JobDetails&partnerid=25771&siteid=5403&jobid=302101","prime",""
"BAE Systems","BrassRing","Senior Network Engineer","Engineering & Technology","","Sterling, VA","US (CONUS)","","","","","","https://sjobs.brassring.com/TGnewUI/Search/home/HomeWithPreLoad?PageType=JobDetails&partnerid=25771&siteid=5403&jobid=300989","prime",""
"BAE Systems","BrassRing","HR Business Partner Principal","Other Professionals","","Hill AFB, UT","US (CONUS)","","","","","","https://sjobs.brassring.com/TGnewUI/Search/home/HomeWithPreLoad?PageType=JobDetails&partnerid=25771&siteid=5403&jobid=296907","prime",""
"BAE Systems","BrassRing","Requirements Systems Engineer","Engineering & Technology","","Rockville, MD","US (CONUS)","","","","","","https://sjobs.brassring.com/TGnewUI/Search/home/HomeWithPreLoad?PageType=JobDetails&partnerid=25771&siteid=5403&jobid=300828","prime",""
"BAE Systems","BrassRing","Director II, IT Service Owner - Supply Chain & Procurement","Engineering & Technology","","Falls Church, VA","US (CONUS)","","","","","","https://sjobs.brassring.com/TGnewUI/Search/home/HomeWithPreLoad?PageType=JobDetails&partnerid=25771&siteid=5403&jobid=302071","prime",""
"BAE Systems","BrassRing","Language Enabled OSINT Collector (WMD Focused)","Intelligence","","Reston, VA","US (CONUS)","","","","","","https://sjobs.brassring.com/TGnewUI/Search/home/HomeWithPreLoad?PageType=JobDetails&partnerid=25771&siteid=5403&jobid=299213","prime",""
"BAE Systems","BrassRing","DoW SkillBridge Program - Facilities & Infrastructure Project Engineer - Hill AFB, UT","Engineering & Technology","","Hill AFB, UT","US (CONUS)","","","","","","https://sjobs.brassring.com/TGnewUI/Search/home/HomeWithPreLoad?PageType=JobDetails&partnerid=25771&siteid=5403&jobid=302153","prime",""
"BAE Systems","BrassRing","Director, Capture Management","Business Development, Strategy & Planning","","McLean, VA","US (CONUS)","","","","","","https://sjobs.brassring.com/TGnewUI/Search/home/HomeWithPreLoad?PageType=JobDetails&partnerid=25771&siteid=5403&jobid=299218","prime",""
"BAE Systems","BrassRing","Collection Manager - Mid","Intelligence","","Quantico, VA","US (CONUS)","","","","","","https://sjobs.brassring.com/TGnewUI/Search/home/HomeWithPreLoad?PageType=JobDetails&partnerid=25771&siteid=5403&jobid=300335","prime",""
"BAE Systems","BrassRing","Senior Technical Project Manager","Project & Program Management","","Rockville, MD","US (CONUS)","","","","","","https://sjobs.brassring.com/TGnewUI/Search/home/HomeWithPreLoad?PageType=JobDetails&partnerid=25771&siteid=5403&jobid=302700","prime",""
"BAE Systems","BrassRing","Compass Call Flight Line and Backshop FSR","Engineering & Technology","","Tucson, AZ","US (CONUS)","","","","","","https://sjobs.brassring.com/TGnewUI/Search/home/HomeWithPreLoad?PageType=JobDetails&partnerid=25771&siteid=5403&jobid=303565","prime",""
"BAE Systems","BrassRing","Java Software Engineer","Engineering & Technology","","Annapolis Junction, MD","US (CONUS)","","","","","","https://sjobs.brassring.com/TGnewUI/Search/home/HomeWithPreLoad?PageType=JobDetails&partnerid=25771&siteid=5403&jobid=301898","prime",""
"BAE Systems","BrassRing","Vice President, Employee & Executive Communications","Other Professionals","","Falls Church, VA","US (CONUS)","","","","","","https://sjobs.brassring.com/TGnewUI/Search/home/HomeWithPreLoad?PageType=JobDetails&partnerid=25771&siteid=5403&jobid=303091","prime",""
"BAE Systems","BrassRing","Linux Engineer (Expert)","Engineering & Technology","","Herndon, VA","US (CONUS)","","","","","","https://sjobs.brassring.com/TGnewUI/Search/home/HomeWithPreLoad?PageType=JobDetails&partnerid=25771&siteid=5403&jobid=303337","prime",""
"BAE Systems","BrassRing","Senior Mechanical Engineer – Space Systems","Engineering & Technology","","Hudson, NH","US (CONUS)","","","","","","https://sjobs.brassring.com/TGnewUI/Search/home/HomeWithPreLoad?PageType=JobDetails&partnerid=25771&siteid=5403&jobid=303422","prime",""
"BAE Systems","BrassRing","IT Program Manager","Project & Program Management","","Sterling, VA","US (CONUS)","","","","","","https://sjobs.brassring.com/TGnewUI/Search/home/HomeWithPreLoad?PageType=JobDetails&partnerid=25771&siteid=5403&jobid=302823","prime",""
"BAE Systems","BrassRing","Senior Principal Engineer - RF","Engineering & Technology","","Nashua, NH","US (CONUS)","","","","","","https://sjobs.brassring.com/TGnewUI/Search/home/HomeWithPreLoad?PageType=JobDetails&partnerid=25771&siteid=5403&jobid=303446","prime",""
"BAE Systems","BrassRing","Engineering Supervisor","Engineering & Technology","","Rockville, MD","US (CONUS)","","","","","","https://sjobs.brassring.com/TGnewUI/Search/home/HomeWithPreLoad?PageType=JobDetails&partnerid=25771&siteid=5403&jobid=303604","prime",""
"BAE Systems","BrassRing","Engineer Senior Principal II – Ground Systems Chief Engineer","Engineering & Technology","","Aurora, CO","US (CONUS)","","","","","","https://sjobs.brassring.com/TGnewUI/Search/home/HomeWithPreLoad?PageType=JobDetails&partnerid=25771&siteid=5403&jobid=302586","prime",""
"BAE Systems","BrassRing","Principal Quality Program Engineer","Engineering & Technology","","Westminster, CO","US (CONUS)","","","","","","https://sjobs.brassring.com/TGnewUI/Search/home/HomeWithPreLoad?PageType=JobDetails&partnerid=25771&siteid=5403&jobid=302116","prime",""
"BAE Systems","BrassRing","COMSEC Specialist (Onsite)","Engineering & Technology","","Tucson, AZ","US (CONUS)","","","","","","https://sjobs.brassring.com/TGnewUI/Search/home/HomeWithPreLoad?PageType=JobDetails&partnerid=25771&siteid=5403&jobid=297158","prime",""
"BAE Systems","BrassRing","Mechanical CAD Designer","Engineering & Technology","","Huntsville, AL","US (CONUS)","","","","","","https://sjobs.brassring.com/TGnewUI/Search/home/HomeWithPreLoad?PageType=JobDetails&partnerid=25771&siteid=5403&jobid=302313","prime",""
"BAE Systems","BrassRing","Quality Inspector II - Microelectronics - 1st Shift","Manufacturing & Maintenance","","Nashua, NH","US (CONUS)","","","","","","https://sjobs.brassring.com/TGnewUI/Search/home/HomeWithPreLoad?PageType=JobDetails&partnerid=25771&siteid=5403&jobid=302143","prime",""
"BAE Systems","BrassRing","Test Engineering Assistant","Engineering & Technology","","Nashua, NH","US (CONUS)","","","","","","https://sjobs.brassring.com/TGnewUI/Search/home/HomeWithPreLoad?PageType=JobDetails&partnerid=25771&siteid=5403&jobid=302605","prime",""
"BAE Systems","BrassRing","Supply Chain Program Manager - Hybrid (onsite)","Supply Chain & Logistics","","Fort Wayne, IN","US (CONUS)","","","","","","https://sjobs.brassring.com/TGnewUI/Search/home/HomeWithPreLoad?PageType=JobDetails&partnerid=25771&siteid=5403&jobid=301654","prime",""
"BAE Systems","BrassRing","Senior Component Engineer","Engineering & Technology","","Fort Wayne, IN","US (CONUS)","","","","","","https://sjobs.brassring.com/TGnewUI/Search/home/HomeWithPreLoad?PageType=JobDetails&partnerid=25771&siteid=5403&jobid=302228","prime",""
"BAE Systems","BrassRing","Finance Administrative Associate II","Other Professionals","","Broomfield, CO","US (CONUS)","","","","","","https://sjobs.brassring.com/TGnewUI/Search/home/HomeWithPreLoad?PageType=JobDetails&partnerid=25771&siteid=5403&jobid=303018","prime",""
"BAE Systems","BrassRing","Engineer Senior Principal II – Systems - RADAR - $15K Sign On Bonus (Part-Time)","Engineering & Technology","","Westminster, CO","US (CONUS)","","","","","","https://sjobs.brassring.com/TGnewUI/Search/home/HomeWithPreLoad?PageType=JobDetails&partnerid=25771&siteid=5403&jobid=303405","prime",""
"BAE Systems","BrassRing","Senior Reliability Engineer - Hybrid","Engineering & Technology","","Wayne, NJ","US (CONUS)","","","","","","https://sjobs.brassring.com/TGnewUI/Search/home/HomeWithPreLoad?PageType=JobDetails&partnerid=25771&siteid=5403&jobid=302871","prime",""
"BAE Systems","BrassRing","Master Planner II","Finance & Accounting","","Westminster, CO","US (CONUS)","","","","","","https://sjobs.brassring.com/TGnewUI/Search/home/HomeWithPreLoad?PageType=JobDetails&partnerid=25771&siteid=5403&jobid=302988","prime",""
"BAE Systems","BrassRing","Director of Supplier Quality","Other Professionals","","Fort Wayne, IN","US (CONUS)","","","","","","https://sjobs.brassring.com/TGnewUI/Search/home/HomeWithPreLoad?PageType=JobDetails&partnerid=25771&siteid=5403&jobid=298606","prime",""
"BAE Systems","BrassRing","Electronics Test Engineer","Manufacturing & Maintenance","","Fort Wayne, IN","US (CONUS)","","","","","","https://sjobs.brassring.com/TGnewUI/Search/home/HomeWithPreLoad?PageType=JobDetails&partnerid=25771&siteid=5403&jobid=300105","prime",""
"BAE Systems","BrassRing","Principal PCB Design Specialist","Engineering & Technology","","Fort Wayne, IN","US (CONUS)","","","","","","https://sjobs.brassring.com/TGnewUI/Search/home/HomeWithPreLoad?PageType=JobDetails&partnerid=25771&siteid=5403&jobid=299714","prime",""
"BAE Systems","BrassRing","Mechanical Inspector II - Quality","Other Professionals","","Nashua, NH","US (CONUS)","","","","","","https://sjobs.brassring.com/TGnewUI/Search/home/HomeWithPreLoad?PageType=JobDetails&partnerid=25771&siteid=5403&jobid=302353","prime",""
"BAE Systems","BrassRing","Senior Principal II Hardware Engineer - Hardware Development Lead","Engineering & Technology","","Nashua, NH","US (CONUS)","","","","","","https://sjobs.brassring.com/TGnewUI/Search/home/HomeWithPreLoad?PageType=JobDetails&partnerid=25771&siteid=5403&jobid=301098","prime",""
"BAE Systems","BrassRing","Senior Principal Program Quality NRE Lead – EPAWSS V2/TACAIR","Engineering & Technology","","Nashua, NH","US (CONUS)","","","","","","https://sjobs.brassring.com/TGnewUI/Search/home/HomeWithPreLoad?PageType=JobDetails&partnerid=25771&siteid=5403&jobid=299773","prime",""
"BAE Systems","BrassRing","Mechanical Engineer - Structural/Thermal Analysis","Engineering & Technology","","Hudson, NH","US (CONUS)","","","","","","https://sjobs.brassring.com/TGnewUI/Search/home/HomeWithPreLoad?PageType=JobDetails&partnerid=25771&siteid=5403&jobid=301187","prime",""
"BAE Systems","BrassRing","2027 Co-Op (Spring-Summer or Summer-Fall) Electrical Engineer (onsite)","Engineering & Technology","","Cedar Rapids, IA","US (CONUS)","","","","","","https://sjobs.brassring.com/TGnewUI/Search/home/HomeWithPreLoad?PageType=JobDetails&partnerid=25771&siteid=5403&jobid=299837","prime",""
"BAE Systems","BrassRing","Program Control Analyst II (Hybrid)","Finance & Accounting","","Nashua, NH","US (CONUS)","","","","","","https://sjobs.brassring.com/TGnewUI/Search/home/HomeWithPreLoad?PageType=JobDetails&partnerid=25771&siteid=5403&jobid=300826","prime",""
"BAE Systems","BrassRing","Senior Electrical Engineer","Engineering & Technology","","Cedar Rapids, IA","US (CONUS)","","","","","","https://sjobs.brassring.com/TGnewUI/Search/home/HomeWithPreLoad?PageType=JobDetails&partnerid=25771&siteid=5403&jobid=297011","prime",""
"BAE Systems","BrassRing","Senior Principal Design Verification Engineer - FPGA - (Sign-on Bonus)","Engineering & Technology","","San Diego, CA","US (CONUS)","","","","","","https://sjobs.brassring.com/TGnewUI/Search/home/HomeWithPreLoad?PageType=JobDetails&partnerid=25771&siteid=5403&jobid=300470","prime",""
"BAE Systems","BrassRing","Senior Systems Engineer - Engine Controls","Engineering & Technology","","Wyoming, OH","US (CONUS)","","","","","","https://sjobs.brassring.com/TGnewUI/Search/home/HomeWithPreLoad?PageType=JobDetails&partnerid=25771&siteid=5403&jobid=300529","prime",""
"BAE Systems","BrassRing","Supplier Quality Engineer - Interconnect Category - Remote in Chicago or Los Angeles","Engineering & Technology","","Chicago, IL","US (CONUS)","","","","","","https://sjobs.brassring.com/TGnewUI/Search/home/HomeWithPreLoad?PageType=JobDetails&partnerid=25771&siteid=5403&jobid=300381","prime",""
"BAE Systems","BrassRing","Business Development Manager","Business Development, Strategy & Planning","","Cedar Rapids, IA","US (CONUS)","","","","","","https://sjobs.brassring.com/TGnewUI/Search/home/HomeWithPreLoad?PageType=JobDetails&partnerid=25771&siteid=5403&jobid=298779","prime",""
"BAE Systems","BrassRing","Principal Program Quality Engineer","Engineering & Technology","","Merrimack, NH","US (CONUS)","","","","","","https://sjobs.brassring.com/TGnewUI/Search/home/HomeWithPreLoad?PageType=JobDetails&partnerid=25771&siteid=5403&jobid=300000","prime",""
"BAE Systems","BrassRing","Cost Analyst II","Finance & Accounting","","Nashua, NH","US (CONUS)","","","","","","https://sjobs.brassring.com/TGnewUI/Search/home/HomeWithPreLoad?PageType=JobDetails&partnerid=25771&siteid=5403&jobid=302603","prime",""
"BAE Systems","BrassRing","Mechanical Technician II","Manufacturing & Maintenance","","Nashua, NH","US (CONUS)","","","","","","https://sjobs.brassring.com/TGnewUI/Search/home/HomeWithPreLoad?PageType=JobDetails&partnerid=25771&siteid=5403&jobid=301079","prime",""
"BAE Systems","BrassRing","Hardware Section Lead (People Manager and Technical Leader)","Engineering & Technology","","Austin, TX","US (CONUS)","","","","","","https://sjobs.brassring.com/TGnewUI/Search/home/HomeWithPreLoad?PageType=JobDetails&partnerid=25771&siteid=5403&jobid=303420","prime",""
"BAE Systems","BrassRing","ACES Program Manager I","Project & Program Management","","Nashua, NH","US (CONUS)","","","","","","https://sjobs.brassring.com/TGnewUI/Search/home/HomeWithPreLoad?PageType=JobDetails&partnerid=25771&siteid=5403&jobid=301312","prime",""
"BAE Systems","BrassRing","Senior Systems Engineer (Onsite)","Engineering & Technology","","San Diego, CA","US (CONUS)","","","","","","https://sjobs.brassring.com/TGnewUI/Search/home/HomeWithPreLoad?PageType=JobDetails&partnerid=25771&siteid=5403&jobid=301666","prime",""
"BAE Systems","BrassRing","Principal EW Modeling & Simulation Engineer","Engineering & Technology","","Nashua, NH","US (CONUS)","","","","","","https://sjobs.brassring.com/TGnewUI/Search/home/HomeWithPreLoad?PageType=JobDetails&partnerid=25771&siteid=5403&jobid=302202","prime",""
"BAE Systems","BrassRing","Cyber Security, Information Systems Security Officer","Other Professionals","","San Diego, CA","US (CONUS)","","","","","","https://sjobs.brassring.com/TGnewUI/Search/home/HomeWithPreLoad?PageType=JobDetails&partnerid=25771&siteid=5403&jobid=302227","prime",""
"BAE Systems","BrassRing","Senior Principal Program Planner, THAAD (Hybrid Preferred, Remote Work Considered))","Project & Program Management","","Nashua, NH","US (CONUS)","","","","","","https://sjobs.brassring.com/TGnewUI/Search/home/HomeWithPreLoad?PageType=JobDetails&partnerid=25771&siteid=5403&jobid=300305","prime",""
"BAE Systems","BrassRing","Chief Engineer","Engineering & Technology","","Austin, TX","US (CONUS)","","","","","","https://sjobs.brassring.com/TGnewUI/Search/home/HomeWithPreLoad?PageType=JobDetails&partnerid=25771&siteid=5403&jobid=303191","prime",""
"BAE Systems","BrassRing","Senior RF Communications Engineer - Space Subsystems - $30K Sign On Bonus","Engineering & Technology","","Boulder, CO","US (CONUS)","","","","","","https://sjobs.brassring.com/TGnewUI/Search/home/HomeWithPreLoad?PageType=JobDetails&partnerid=25771&siteid=5403&jobid=303219","prime",""
"BAE Systems","BrassRing","Subcontracts Manager I","Supply Chain & Logistics","","Hudson, NH","US (CONUS)","","","","","","https://sjobs.brassring.com/TGnewUI/Search/home/HomeWithPreLoad?PageType=JobDetails&partnerid=25771&siteid=5403&jobid=299149","prime",""
"BAE Systems","BrassRing","Security Manager / CSSO","Other Professionals","","Merrimack, NH","US (CONUS)","","","","","","https://sjobs.brassring.com/TGnewUI/Search/home/HomeWithPreLoad?PageType=JobDetails&partnerid=25771&siteid=5403&jobid=303245","prime",""
"BAE Systems","BrassRing","Electronic Warfare Systems Engineer","Engineering & Technology","","Totowa, NJ","US (CONUS)","","","","","","https://sjobs.brassring.com/TGnewUI/Search/home/HomeWithPreLoad?PageType=JobDetails&partnerid=25771&siteid=5403&jobid=295770","prime",""
"BAE Systems","BrassRing","Senior Principal Systems Engineer - Integration & Test Lead","Engineering & Technology","","Hudson, NH","US (CONUS)","","","","","","https://sjobs.brassring.com/TGnewUI/Search/home/HomeWithPreLoad?PageType=JobDetails&partnerid=25771&siteid=5403&jobid=302235","prime",""
"BAE Systems","BrassRing","Program Engineering Manager III","Engineering & Technology","","Nashua, NH","US (CONUS)","","","","","","https://sjobs.brassring.com/TGnewUI/Search/home/HomeWithPreLoad?PageType=JobDetails&partnerid=25771&siteid=5403&jobid=296173","prime",""
"BAE Systems","BrassRing","Test Technician III -Weekend shift (Fri-Sun)","Manufacturing & Maintenance","","Nashua, NH","US (CONUS)","","","","","","https://sjobs.brassring.com/TGnewUI/Search/home/HomeWithPreLoad?PageType=JobDetails&partnerid=25771&siteid=5403&jobid=302231","prime",""
"BAE Systems","BrassRing","Assembler I- Clean Room","Manufacturing & Maintenance","","Endicott, NY","US (CONUS)","","","","","","https://sjobs.brassring.com/TGnewUI/Search/home/HomeWithPreLoad?PageType=JobDetails&partnerid=25771&siteid=5403&jobid=303163","prime",""
"BAE Systems","BrassRing","2nd Shift PCA Supervisor","Manufacturing & Maintenance","","Endicott, NY","US (CONUS)","","","","","","https://sjobs.brassring.com/TGnewUI/Search/home/HomeWithPreLoad?PageType=JobDetails&partnerid=25771&siteid=5403&jobid=303024","prime",""
"BAE Systems","BrassRing","Microwave Technician II - Weekend Days","Manufacturing & Maintenance","","Nashua, NH","US (CONUS)","","","","","","https://sjobs.brassring.com/TGnewUI/Search/home/HomeWithPreLoad?PageType=JobDetails&partnerid=25771&siteid=5403&jobid=303153","prime",""
"BAE Systems","BrassRing","Sr Principal II Software Engineer","Engineering & Technology","","Nashua, NH","US (CONUS)","","","","","","https://sjobs.brassring.com/TGnewUI/Search/home/HomeWithPreLoad?PageType=JobDetails&partnerid=25771&siteid=5403&jobid=303025","prime",""
"BAE Systems","BrassRing","Information System Security Engineer - Senior","Engineering & Technology","","Broomfield, CO","US (CONUS)","","","","","","https://sjobs.brassring.com/TGnewUI/Search/home/HomeWithPreLoad?PageType=JobDetails&partnerid=25771&siteid=5403&jobid=302464","prime",""
"BAE Systems","BrassRing","Production Supervisor I","Manufacturing & Maintenance","","Westminster, CO","US (CONUS)","","","","","","https://sjobs.brassring.com/TGnewUI/Search/home/HomeWithPreLoad?PageType=JobDetails&partnerid=25771&siteid=5403&jobid=303220","prime",""
"BAE Systems","BrassRing","Program Engineering Manager III (Hybrid)","Engineering & Technology","","Austin, TX","US (CONUS)","","","","","","https://sjobs.brassring.com/TGnewUI/Search/home/HomeWithPreLoad?PageType=JobDetails&partnerid=25771&siteid=5403&jobid=303222","prime",""
"BAE Systems","BrassRing","Space Systems, RFx Administrative Assistant IV","Other Professionals","","Merrimack, NH","US (CONUS)","","","","","","https://sjobs.brassring.com/TGnewUI/Search/home/HomeWithPreLoad?PageType=JobDetails&partnerid=25771&siteid=5403&jobid=302471","prime",""
"BAE Systems","BrassRing","Principal Subcontract Administrator","Supply Chain & Logistics","","Nashua, NH","US (CONUS)","","","","","","https://sjobs.brassring.com/TGnewUI/Search/home/HomeWithPreLoad?PageType=JobDetails&partnerid=25771&siteid=5403&jobid=303225","prime",""
"BAE Systems","BrassRing","Program Engineering Manager II","Engineering & Technology","","Nashua, NH","US (CONUS)","","","","","","https://sjobs.brassring.com/TGnewUI/Search/home/HomeWithPreLoad?PageType=JobDetails&partnerid=25771&siteid=5403&jobid=301253","prime",""
"BAE Systems","BrassRing","Technician III – Production","Manufacturing & Maintenance","","Westminster, CO","US (CONUS)","","","","","","https://sjobs.brassring.com/TGnewUI/Search/home/HomeWithPreLoad?PageType=JobDetails&partnerid=25771&siteid=5403&jobid=302751","prime",""
"BAE Systems","BrassRing","Principal Test Hardware Engineer","Engineering & Technology","","Nashua, NH","US (CONUS)","","","","","","https://sjobs.brassring.com/TGnewUI/Search/home/HomeWithPreLoad?PageType=JobDetails&partnerid=25771&siteid=5403&jobid=302490","prime",""
"BAE Systems","BrassRing","Senior Subcontract Program Manager - Space Systems","Supply Chain & Logistics","","Merrimack, NH","US (CONUS)","","","","","","https://sjobs.brassring.com/TGnewUI/Search/home/HomeWithPreLoad?PageType=JobDetails&partnerid=25771&siteid=5403&jobid=300114","prime",""
"BAE Systems","BrassRing","MMIC CAD/Layout Specialist","Engineering & Technology","","Nashua, NH","US (CONUS)","","","","","","https://sjobs.brassring.com/TGnewUI/Search/home/HomeWithPreLoad?PageType=JobDetails&partnerid=25771&siteid=5403&jobid=302689","prime",""
"BAE Systems","BrassRing","Senior Principal Radiation Effects Engineer","Engineering & Technology","","Manassas, VA","US (CONUS)","","","","","","https://sjobs.brassring.com/TGnewUI/Search/home/HomeWithPreLoad?PageType=JobDetails&partnerid=25771&siteid=5403&jobid=297072","prime",""
"BAE Systems","BrassRing","Contractor SAP Security Officer (CSSO)","Other Professionals","","Nashua, NH","US (CONUS)","","","","","","https://sjobs.brassring.com/TGnewUI/Search/home/HomeWithPreLoad?PageType=JobDetails&partnerid=25771&siteid=5403&jobid=302712","prime",""
"BAE Systems","BrassRing","FAST Labs - Microelectronics Chief Technologist","Engineering & Technology","","Merrimack, NH","US (CONUS)","","","","","","https://sjobs.brassring.com/TGnewUI/Search/home/HomeWithPreLoad?PageType=JobDetails&partnerid=25771&siteid=5403&jobid=300170","prime",""
"BAE Systems","BrassRing","Onboarding and Growth Program Manager - Onsite","Engineering & Technology","","Nashua, NH","US (CONUS)","","","","","","https://sjobs.brassring.com/TGnewUI/Search/home/HomeWithPreLoad?PageType=JobDetails&partnerid=25771&siteid=5403&jobid=301991","prime",""
"BAE Systems","BrassRing","Manager IV- Programs","Project & Program Management","","Westminster, CO","US (CONUS)","","","","","","https://sjobs.brassring.com/TGnewUI/Search/home/HomeWithPreLoad?PageType=JobDetails&partnerid=25771&siteid=5403&jobid=302899","prime",""
"BAE Systems","BrassRing","Engineer II - Mission Operations","Engineering & Technology","","Broomfield, CO","US (CONUS)","","","","","","https://sjobs.brassring.com/TGnewUI/Search/home/HomeWithPreLoad?PageType=JobDetails&partnerid=25771&siteid=5403&jobid=301869","prime",""
"BAE Systems","BrassRing","Manager IV - Technical Programs","Project & Program Management","","Broomfield, CO","US (CONUS)","","","","","","https://sjobs.brassring.com/TGnewUI/Search/home/HomeWithPreLoad?PageType=JobDetails&partnerid=25771&siteid=5403&jobid=303291","prime",""
"BAE Systems","BrassRing","FAST Labs - Software Engineer II","Engineering & Technology","","Merrimack, NH","US (CONUS)","","","","","","https://sjobs.brassring.com/TGnewUI/Search/home/HomeWithPreLoad?PageType=JobDetails&partnerid=25771&siteid=5403&jobid=303292","prime",""
"BAE Systems","BrassRing","Principal Space Vehicle Systems Engineer - Operations Support","Engineering & Technology","","Aurora, CO","US (CONUS)","","","","","","https://sjobs.brassring.com/TGnewUI/Search/home/HomeWithPreLoad?PageType=JobDetails&partnerid=25771&siteid=5403&jobid=302920","prime",""
"BAE Systems","BrassRing","Strategic Purchasing Analyst Senior - External Labor","Supply Chain & Logistics","","Westminster, CO","US (CONUS)","","","","","","https://sjobs.brassring.com/TGnewUI/Search/home/HomeWithPreLoad?PageType=JobDetails&partnerid=25771&siteid=5403&jobid=303299","prime",""
"BAE Systems","BrassRing","Supply Chain Intelligence Analyst","Supply Chain & Logistics","","Nashua, NH","US (CONUS)","","","","","","https://sjobs.brassring.com/TGnewUI/Search/home/HomeWithPreLoad?PageType=JobDetails&partnerid=25771&siteid=5403&jobid=303314","prime",""
"BAE Systems","BrassRing","Manager I - Engineering - Precision Optical Manufacturing","Engineering & Technology","","Boulder, CO","US (CONUS)","","","","","","https://sjobs.brassring.com/TGnewUI/Search/home/HomeWithPreLoad?PageType=JobDetails&partnerid=25771&siteid=5403&jobid=302927","prime",""
"BAE Systems","BrassRing","Senior Principal Program Quality Engineer – Customer & Program Excellence","Engineering & Technology","","Fort Wayne, IN","US (CONUS)","","","","","","https://sjobs.brassring.com/TGnewUI/Search/home/HomeWithPreLoad?PageType=JobDetails&partnerid=25771&siteid=5403&jobid=303188","prime",""
"BAE Systems","BrassRing","Senior Value Stream Specialist - Weekend Days - 4th Shift","Manufacturing & Maintenance","","Nashua, NH","US (CONUS)","","","","","","https://sjobs.brassring.com/TGnewUI/Search/home/HomeWithPreLoad?PageType=JobDetails&partnerid=25771&siteid=5403&jobid=299671","prime",""
"BAE Systems","BrassRing","Logistics Engineer","Engineering & Technology","","Endicott, NY","US (CONUS)","","","","","","https://sjobs.brassring.com/TGnewUI/Search/home/HomeWithPreLoad?PageType=JobDetails&partnerid=25771&siteid=5403&jobid=302830","prime",""
"BAE Systems","BrassRing","Program Manager, GFE Networks - Onsite","Project & Program Management","","Merrimack, NH","US (CONUS)","","","","","","https://sjobs.brassring.com/TGnewUI/Search/home/HomeWithPreLoad?PageType=JobDetails&partnerid=25771&siteid=5403&jobid=301440","prime",""
"BAE Systems","BrassRing","Procurement Analyst Principal","Supply Chain & Logistics","","Hudson, NH","US (CONUS)","","","","","","https://sjobs.brassring.com/TGnewUI/Search/home/HomeWithPreLoad?PageType=JobDetails&partnerid=25771&siteid=5403&jobid=302715","prime",""
"BAE Systems","BrassRing","GXP Sales Account Executive- Navy","Business Development, Strategy & Planning","","Reston, VA","US (CONUS)","","","","","","https://sjobs.brassring.com/TGnewUI/Search/home/HomeWithPreLoad?PageType=JobDetails&partnerid=25771&siteid=5403&jobid=303133","prime",""
"BAE Systems","BrassRing","CEMA Business Intel Analyst","Other Professionals","","Merrimack, NH","US (CONUS)","","","","","","https://sjobs.brassring.com/TGnewUI/Search/home/HomeWithPreLoad?PageType=JobDetails&partnerid=25771&siteid=5403&jobid=301411","prime",""
"BAE Systems","BrassRing","Systems Engineer I – Digital Engineering & Ecosystem","Engineering & Technology","","Broomfield, CO","US (CONUS)","","","","","","https://sjobs.brassring.com/TGnewUI/Search/home/HomeWithPreLoad?PageType=JobDetails&partnerid=25771&siteid=5403&jobid=303303","prime",""
"BAE Systems","BrassRing","Software Section Lead","Engineering & Technology","","Merrimack, NH","US (CONUS)","","","","","","https://sjobs.brassring.com/TGnewUI/Search/home/HomeWithPreLoad?PageType=JobDetails&partnerid=25771&siteid=5403&jobid=303144","prime",""
"BAE Systems","BrassRing","Embedded Software Engineer - All Levels","Engineering & Technology","","Endicott, NY","US (CONUS)","","","","","","https://sjobs.brassring.com/TGnewUI/Search/home/HomeWithPreLoad?PageType=JobDetails&partnerid=25771&siteid=5403&jobid=303159","prime",""
"BAE Systems","BrassRing","Senior Mechanical Designer / Mechanical Drafter","Engineering & Technology","","Nashua, NH","US (CONUS)","","","","","","https://sjobs.brassring.com/TGnewUI/Search/home/HomeWithPreLoad?PageType=JobDetails&partnerid=25771&siteid=5403&jobid=299954","prime",""
"BAE Systems","BrassRing","Senior Principal Electrical Engineer (Sign On Available)","Engineering & Technology","","Nashua, NH","US (CONUS)","","","","","","https://sjobs.brassring.com/TGnewUI/Search/home/HomeWithPreLoad?PageType=JobDetails&partnerid=25771&siteid=5403&jobid=302287","prime",""
"BAE Systems","BrassRing","Program Engineering Manager I","Engineering & Technology","","Merrimack, NH","US (CONUS)","","","","","","https://sjobs.brassring.com/TGnewUI/Search/home/HomeWithPreLoad?PageType=JobDetails&partnerid=25771&siteid=5403&jobid=302083","prime",""
"BAE Systems","BrassRing","Principal Software Engineer (Sign-on bonus available)","Engineering & Technology","","Nashua, NH","US (CONUS)","","","","","","https://sjobs.brassring.com/TGnewUI/Search/home/HomeWithPreLoad?PageType=JobDetails&partnerid=25771&siteid=5403&jobid=302045","prime",""
"BAE Systems","BrassRing","Program Manager IV - Proposal Team Manager","Business Development, Strategy & Planning","","Westminster, CO","US (CONUS)","","","","","","https://sjobs.brassring.com/TGnewUI/Search/home/HomeWithPreLoad?PageType=JobDetails&partnerid=25771&siteid=5403&jobid=302837","prime",""
"BAE Systems","BrassRing","Development Program Manager","Project & Program Management","","Wayne, NJ","US (CONUS)","","","","","","https://sjobs.brassring.com/TGnewUI/Search/home/HomeWithPreLoad?PageType=JobDetails&partnerid=25771&siteid=5403&jobid=302090","prime",""
"BAE Systems","BrassRing","Engineer Senior Principal – Systems – Part-Time","Engineering & Technology","","Broomfield, CO","US (CONUS)","","","","","","https://sjobs.brassring.com/TGnewUI/Search/home/HomeWithPreLoad?PageType=JobDetails&partnerid=25771&siteid=5403&jobid=302065","prime",""
"BAE Systems","BrassRing","Microwave Technician II Weekend Nights","Manufacturing & Maintenance","","Nashua, NH","US (CONUS)","","","","","","https://sjobs.brassring.com/TGnewUI/Search/home/HomeWithPreLoad?PageType=JobDetails&partnerid=25771&siteid=5403&jobid=299532","prime",""
"BAE Systems","BrassRing","F-35 Program Manager","Project & Program Management","","Nashua, NH","US (CONUS)","","","","","","https://sjobs.brassring.com/TGnewUI/Search/home/HomeWithPreLoad?PageType=JobDetails&partnerid=25771&siteid=5403&jobid=301553","prime",""
"BAE Systems","BrassRing","Platform Portfolio Manager/Project Engineering Manager – PEM II","Engineering & Technology","","Merrimack, NH","US (CONUS)","","","","","","https://sjobs.brassring.com/TGnewUI/Search/home/HomeWithPreLoad?PageType=JobDetails&partnerid=25771&siteid=5403&jobid=300721","prime",""
"BAE Systems","BrassRing","Principal Mechanical Engineer, Development","Engineering & Technology","","Merrimack, NH","US (CONUS)","","","","","","https://sjobs.brassring.com/TGnewUI/Search/home/HomeWithPreLoad?PageType=JobDetails&partnerid=25771&siteid=5403&jobid=298480","prime",""
"BAE Systems","BrassRing","Senior Software Engineer - Backend Python","Engineering & Technology","","Nashua, NH","US (CONUS)","","","","","","https://sjobs.brassring.com/TGnewUI/Search/home/HomeWithPreLoad?PageType=JobDetails&partnerid=25771&siteid=5403&jobid=301857","prime",""
"BAE Systems","BrassRing","Supply Chain Planner II","Supply Chain & Logistics","","Hudson, NH","US (CONUS)","","","","","","https://sjobs.brassring.com/TGnewUI/Search/home/HomeWithPreLoad?PageType=JobDetails&partnerid=25771&siteid=5403&jobid=298426","prime",""
"BAE Systems","BrassRing","Supplier Quality Engineer","Engineering & Technology","","Austin, TX","US (CONUS)","","","","","","https://sjobs.brassring.com/TGnewUI/Search/home/HomeWithPreLoad?PageType=JobDetails&partnerid=25771&siteid=5403&jobid=302030","prime",""
"BAE Systems","BrassRing","Senior Value Stream Specialist - Weekend Nights - 8th Shift","Manufacturing & Maintenance","","Nashua, NH","US (CONUS)","","","","","","https://sjobs.brassring.com/TGnewUI/Search/home/HomeWithPreLoad?PageType=JobDetails&partnerid=25771&siteid=5403&jobid=299670","prime",""
"BAE Systems","BrassRing","Assembler I","Manufacturing & Maintenance","","Endicott, NY","US (CONUS)","","","","","","https://sjobs.brassring.com/TGnewUI/Search/home/HomeWithPreLoad?PageType=JobDetails&partnerid=25771&siteid=5403&jobid=299943","prime",""
"BAE Systems","BrassRing","Multi-Domain DevSecOps Engineer","Engineering & Technology","","San Diego, CA","US (CONUS)","","","","","","https://sjobs.brassring.com/TGnewUI/Search/home/HomeWithPreLoad?PageType=JobDetails&partnerid=25771&siteid=5403&jobid=301934","prime",""
"BAE Systems","BrassRing","Microwave Technician II - Weekend Days","Manufacturing & Maintenance","","Nashua, NH","US (CONUS)","","","","","","https://sjobs.brassring.com/TGnewUI/Search/home/HomeWithPreLoad?PageType=JobDetails&partnerid=25771&siteid=5403&jobid=299672","prime",""
"BAE Systems","BrassRing","Senior Facilities Structural/Civil Engineer","Engineering & Technology","","Broomfield, CO","US (CONUS)","","","","","","https://sjobs.brassring.com/TGnewUI/Search/home/HomeWithPreLoad?PageType=JobDetails&partnerid=25771&siteid=5403&jobid=302024","prime",""
"BAE Systems","BrassRing","Electronic Test Tech 2nd Shift","Manufacturing & Maintenance","","Nashua, NH","US (CONUS)","","","","","","https://sjobs.brassring.com/TGnewUI/Search/home/HomeWithPreLoad?PageType=JobDetails&partnerid=25771&siteid=5403&jobid=301336","prime",""
"BAE Systems","BrassRing","Senior Principal Hardware Lead","Engineering & Technology","","Huntsville, AL","US (CONUS)","","","","","","https://sjobs.brassring.com/TGnewUI/Search/home/HomeWithPreLoad?PageType=JobDetails&partnerid=25771&siteid=5403&jobid=302608","prime",""
"BAE Systems","BrassRing","Senior Principal Component Engineer","Engineering & Technology","","Fort Wayne, IN","US (CONUS)","","","","","","https://sjobs.brassring.com/TGnewUI/Search/home/HomeWithPreLoad?PageType=JobDetails&partnerid=25771&siteid=5403&jobid=301386","prime",""
"BAE Systems","BrassRing","Mechanical Assembler II 2nd Shift","Manufacturing & Maintenance","","Nashua, NH","US (CONUS)","","","","","","https://sjobs.brassring.com/TGnewUI/Search/home/HomeWithPreLoad?PageType=JobDetails&partnerid=25771&siteid=5403&jobid=301338","prime",""
"BAE Systems","BrassRing","Optical Design Engineer","Engineering & Technology","","Merrimack, NH","US (CONUS)","","","","","","https://sjobs.brassring.com/TGnewUI/Search/home/HomeWithPreLoad?PageType=JobDetails&partnerid=25771&siteid=5403&jobid=303122","prime",""
"BAE Systems","BrassRing","FAST Labs - Systems Engineer - All Levels","Engineering & Technology","","Merrimack, NH","US (CONUS)","","","","","","https://sjobs.brassring.com/TGnewUI/Search/home/HomeWithPreLoad?PageType=JobDetails&partnerid=25771&siteid=5403&jobid=300643","prime",""
"BAE Systems","BrassRing","Senior Principal Antenna Engineer (Hybrid)","Engineering & Technology","","Merrimack, NH","US (CONUS)","","","","","","https://sjobs.brassring.com/TGnewUI/Search/home/HomeWithPreLoad?PageType=JobDetails&partnerid=25771&siteid=5403&jobid=302766","prime",""
"BAE Systems","BrassRing","FAST Labs Chief Software Architect","Engineering & Technology","","Merrimack, NH","US (CONUS)","","","","","","https://sjobs.brassring.com/TGnewUI/Search/home/HomeWithPreLoad?PageType=JobDetails&partnerid=25771&siteid=5403&jobid=302814","prime",""
"BAE Systems","BrassRing","FPGA Design Lead Electronic Combat Solutions","Engineering & Technology","","Nashua, NH","US (CONUS)","","","","","","https://sjobs.brassring.com/TGnewUI/Search/home/HomeWithPreLoad?PageType=JobDetails&partnerid=25771&siteid=5403&jobid=302247","prime",""
"BAE Systems","BrassRing","Systems Engineer (Onsite)","Engineering & Technology","","Nashua, NH","US (CONUS)","","","","","","https://sjobs.brassring.com/TGnewUI/Search/home/HomeWithPreLoad?PageType=JobDetails&partnerid=25771&siteid=5403&jobid=301330","prime",""
"BAE Systems","BrassRing","Principal Networking Site Reliability Engineer (Hybrid)","Engineering & Technology","","Merrimack, NH","US (CONUS)","","","","","","https://sjobs.brassring.com/TGnewUI/Search/home/HomeWithPreLoad?PageType=JobDetails&partnerid=25771&siteid=5403&jobid=301889","prime",""
"BAE Systems","BrassRing","Senior Systems Engineer - ATA/ATR Algorithms Lead","Engineering & Technology","","Huntsville, AL","US (CONUS)","","","","","","https://sjobs.brassring.com/TGnewUI/Search/home/HomeWithPreLoad?PageType=JobDetails&partnerid=25771&siteid=5403&jobid=301896","prime",""
"BAE Systems","BrassRing","Financial Analyst II, Program Control (Hybrid)","Finance & Accounting","","Manassas, VA","US (CONUS)","","","","","","https://sjobs.brassring.com/TGnewUI/Search/home/HomeWithPreLoad?PageType=JobDetails&partnerid=25771&siteid=5403&jobid=301919","prime",""
"BAE Systems","BrassRing","Project Engineer I - Mechanical","Engineering & Technology","","Boulder, CO","US (CONUS)","","","","","","https://sjobs.brassring.com/TGnewUI/Search/home/HomeWithPreLoad?PageType=JobDetails&partnerid=25771&siteid=5403&jobid=301909","prime",""
"BAE Systems","BrassRing","Principal Software Engineer – Production Support","Engineering & Technology","","Nashua, NH","US (CONUS)","","","","","","https://sjobs.brassring.com/TGnewUI/Search/home/HomeWithPreLoad?PageType=JobDetails&partnerid=25771&siteid=5403&jobid=301924","prime",""
"BAE Systems","BrassRing","Industrial Engineer","Manufacturing & Maintenance","","Hudson, NH","US (CONUS)","","","","","","https://sjobs.brassring.com/TGnewUI/Search/home/HomeWithPreLoad?PageType=JobDetails&partnerid=25771&siteid=5403&jobid=302334","prime",""
"BAE Systems","BrassRing","Building Automation Specialist","Other Professionals","","Nashua, NH","US (CONUS)","","","","","","https://sjobs.brassring.com/TGnewUI/Search/home/HomeWithPreLoad?PageType=JobDetails&partnerid=25771&siteid=5403&jobid=300894","prime",""
"BAE Systems","BrassRing","Design Specialist I","Engineering & Technology","","Fort Wayne, IN","US (CONUS)","","","","","","https://sjobs.brassring.com/TGnewUI/Search/home/HomeWithPreLoad?PageType=JobDetails&partnerid=25771&siteid=5403&jobid=303034","prime",""
"BAE Systems","BrassRing","Category Manager - Mechanical Fabrication","Supply Chain & Logistics","","Nashua, NH","US (CONUS)","","","","","","https://sjobs.brassring.com/TGnewUI/Search/home/HomeWithPreLoad?PageType=JobDetails&partnerid=25771&siteid=5403&jobid=300871","prime",""
"BAE Systems","BrassRing","Microwave Laser Seal and De-Lid Technician - Weekend Days","Manufacturing & Maintenance","","Nashua, NH","US (CONUS)","","","","","","https://sjobs.brassring.com/TGnewUI/Search/home/HomeWithPreLoad?PageType=JobDetails&partnerid=25771&siteid=5403&jobid=298418","prime",""
"BAE Systems","BrassRing","COMSEC Specialist (Onsite)","Engineering & Technology","","Tucson, AZ","US (CONUS)","","","","","","https://sjobs.brassring.com/TGnewUI/Search/home/HomeWithPreLoad?PageType=JobDetails&partnerid=25771&siteid=5403&jobid=302364","prime",""
"BAE Systems","BrassRing","Commodity Manager","Supply Chain & Logistics","","Greenlawn, NY","US (CONUS)","","","","","","https://sjobs.brassring.com/TGnewUI/Search/home/HomeWithPreLoad?PageType=JobDetails&partnerid=25771&siteid=5403&jobid=303036","prime",""
"BAE Systems","BrassRing","Senior Counsel","Other Professionals","","Arlington, VA","US (CONUS)","","","","","","https://sjobs.brassring.com/TGnewUI/Search/home/HomeWithPreLoad?PageType=JobDetails&partnerid=25771&siteid=5403&jobid=298475","prime",""
"BAE Systems","BrassRing","Vehicle Systems Engineer – Electric Vehicle Technology","Engineering & Technology","","Endicott, NY","US (CONUS)","","","","","","https://sjobs.brassring.com/TGnewUI/Search/home/HomeWithPreLoad?PageType=JobDetails&partnerid=25771&siteid=5403&jobid=302470","prime",""
"BAE Systems","BrassRing","Space Payload Prin Software Engineer - SIGN-ON BONUS","Engineering & Technology","","Manassas, VA","US (CONUS)","","","","","","https://sjobs.brassring.com/TGnewUI/Search/home/HomeWithPreLoad?PageType=JobDetails&partnerid=25771&siteid=5403&jobid=300941","prime",""
"BAE Systems","BrassRing","Principal Electrical Engineer","Engineering & Technology","","Dallas, TX","US (CONUS)","","","","","","https://sjobs.brassring.com/TGnewUI/Search/home/HomeWithPreLoad?PageType=JobDetails&partnerid=25771&siteid=5403&jobid=303280","prime",""
"BAE Systems","BrassRing","Technical Manual Developer","Engineering & Technology","","Hudson, NH","US (CONUS)","","","","","","https://sjobs.brassring.com/TGnewUI/Search/home/HomeWithPreLoad?PageType=JobDetails&partnerid=25771&siteid=5403&jobid=300915","prime",""
"BAE Systems","BrassRing","COMSEC Account Manager","Other Professionals","","Greenlawn, NY","US (CONUS)","","","","","","https://sjobs.brassring.com/TGnewUI/Search/home/HomeWithPreLoad?PageType=JobDetails&partnerid=25771&siteid=5403&jobid=300957","prime",""
"BAE Systems","BrassRing","Alternate Contractor Special Security Officer - Onsite","Other Professionals","","Nashua, NH","US (CONUS)","","","","","","https://sjobs.brassring.com/TGnewUI/Search/home/HomeWithPreLoad?PageType=JobDetails&partnerid=25771&siteid=5403&jobid=301313","prime",""
"BAE Systems","BrassRing","Integrated Logistics/Integrated Product Support Lead","Engineering & Technology","","Nashua, NH","US (CONUS)","","","","","","https://sjobs.brassring.com/TGnewUI/Search/home/HomeWithPreLoad?PageType=JobDetails&partnerid=25771&siteid=5403&jobid=302531","prime",""
"BAE Systems","BrassRing","Manager III - Technical Capture Management","Business Development, Strategy & Planning","","Broomfield, CO","US (CONUS)","","","","","","https://sjobs.brassring.com/TGnewUI/Search/home/HomeWithPreLoad?PageType=JobDetails&partnerid=25771&siteid=5403&jobid=303120","prime",""
"BAE Systems","BrassRing","Senior Principal Software Engineer","Engineering & Technology","","Fort Wayne, IN","US (CONUS)","","","","","","https://sjobs.brassring.com/TGnewUI/Search/home/HomeWithPreLoad?PageType=JobDetails&partnerid=25771&siteid=5403&jobid=302773","prime",""
"BAE Systems","BrassRing","Engineer II – Space Vehicle Propulsion","Engineering & Technology","","Boulder, CO","US (CONUS)","","","","","","https://sjobs.brassring.com/TGnewUI/Search/home/HomeWithPreLoad?PageType=JobDetails&partnerid=25771&siteid=5403&jobid=303181","prime",""
"BAE Systems","BrassRing","Principal Program Planner (Hybrid Preferred, Remote Work Considered)","Other Professionals","","Nashua, NH","US (CONUS)","","","","","","https://sjobs.brassring.com/TGnewUI/Search/home/HomeWithPreLoad?PageType=JobDetails&partnerid=25771&siteid=5403&jobid=300352","prime",""
"BAE Systems","BrassRing","Supplier Quality Engineer - Subcontracts & Special Processess","Other Professionals","","Endicott, NY","US (CONUS)","","","","","","https://sjobs.brassring.com/TGnewUI/Search/home/HomeWithPreLoad?PageType=JobDetails&partnerid=25771&siteid=5403&jobid=301276","prime",""
"BAE Systems","BrassRing","Quality Engineer - Microelectronics Manufacturing (2nd Shift)","Engineering & Technology","","Nashua, NH","US (CONUS)","","","","","","https://sjobs.brassring.com/TGnewUI/Search/home/HomeWithPreLoad?PageType=JobDetails&partnerid=25771&siteid=5403&jobid=301333","prime",""
"BAE Systems","BrassRing","Program Engineering Manager II","Engineering & Technology","","Nashua, NH","US (CONUS)","","","","","","https://sjobs.brassring.com/TGnewUI/Search/home/HomeWithPreLoad?PageType=JobDetails&partnerid=25771&siteid=5403&jobid=303049","prime",""
"BAE Systems","BrassRing","Maintenace HVAC & Facilities","Manufacturing & Maintenance","","Fort Wayne, IN","US (CONUS)","","","","","","https://sjobs.brassring.com/TGnewUI/Search/home/HomeWithPreLoad?PageType=JobDetails&partnerid=25771&siteid=5403&jobid=302527","prime",""
"BAE Systems","BrassRing","Junior Software Engineer","Engineering & Technology","","Greenlawn, NY","US (CONUS)","","","","","","https://sjobs.brassring.com/TGnewUI/Search/home/HomeWithPreLoad?PageType=JobDetails&partnerid=25771&siteid=5403&jobid=302953","prime",""
"BAE Systems","BrassRing","Test Technician III","Manufacturing & Maintenance","","Nashua, NH","US (CONUS)","","","","","","https://sjobs.brassring.com/TGnewUI/Search/home/HomeWithPreLoad?PageType=JobDetails&partnerid=25771&siteid=5403&jobid=303020","prime",""
"BAE Systems","BrassRing","Senior Program Control Analyst, CEMA ISS (Hybrid)","Finance & Accounting","","Merrimack, NH","US (CONUS)","","","","","","https://sjobs.brassring.com/TGnewUI/Search/home/HomeWithPreLoad?PageType=JobDetails&partnerid=25771&siteid=5403&jobid=303301","prime",""
"BAE Systems","BrassRing","Software Engineering Intern II, (Summer 2027) Onsite","Engineering & Technology","","Nashua, NH","US (CONUS)","","","","","","https://sjobs.brassring.com/TGnewUI/Search/home/HomeWithPreLoad?PageType=JobDetails&partnerid=25771&siteid=5403&jobid=302042","prime",""
"BAE Systems","BrassRing","Principal Software Quality Assurance Engineer","Other Professionals","","Merrimack, NH","US (CONUS)","","","","","","https://sjobs.brassring.com/TGnewUI/Search/home/HomeWithPreLoad?PageType=JobDetails&partnerid=25771&siteid=5403&jobid=301285","prime",""
"BAE Systems","BrassRing","Engineer Senior - Systems - RF Test","Engineering & Technology","","Westminster, CO","US (CONUS)","","","","","","https://sjobs.brassring.com/TGnewUI/Search/home/HomeWithPreLoad?PageType=JobDetails&partnerid=25771&siteid=5403&jobid=303487","prime",""
"BAE Systems","BrassRing","Systems Engineer Principal – Mission Performance","Engineering & Technology","","Aurora, CO","US (CONUS)","","","","","","https://sjobs.brassring.com/TGnewUI/Search/home/HomeWithPreLoad?PageType=JobDetails&partnerid=25771&siteid=5403&jobid=303022","prime",""
"BAE Systems","BrassRing","Program Engineering Manager II","Engineering & Technology","","Nashua, NH","US (CONUS)","","","","","","https://sjobs.brassring.com/TGnewUI/Search/home/HomeWithPreLoad?PageType=JobDetails&partnerid=25771&siteid=5403&jobid=303121","prime",""
"BAE Systems","BrassRing","Hardware Engineering Manager","Engineering & Technology","","Cedar Rapids, IA","US (CONUS)","","","","","","https://sjobs.brassring.com/TGnewUI/Search/home/HomeWithPreLoad?PageType=JobDetails&partnerid=25771&siteid=5403&jobid=302157","prime",""
"BAE Systems","BrassRing","Industrial Engineer","Engineering & Technology","","Endicott, NY","US (CONUS)","","","","","","https://sjobs.brassring.com/TGnewUI/Search/home/HomeWithPreLoad?PageType=JobDetails&partnerid=25771&siteid=5403&jobid=302180","prime",""
"BAE Systems","BrassRing","Program Engineering Manager III - C4ISR Advanced RF (ARF)","Engineering & Technology","","Hudson, NH","US (CONUS)","","","","","","https://sjobs.brassring.com/TGnewUI/Search/home/HomeWithPreLoad?PageType=JobDetails&partnerid=25771&siteid=5403&jobid=302763","prime",""
"BAE Systems","BrassRing","Technician II – Advance Manufacturing Operator","Manufacturing & Maintenance","","Westminster, CO","US (CONUS)","","","","","","https://sjobs.brassring.com/TGnewUI/Search/home/HomeWithPreLoad?PageType=JobDetails&partnerid=25771&siteid=5403&jobid=303180","prime",""
"BAE Systems","BrassRing","System Administrator II - Onsite","Engineering & Technology","","Nashua, NH","US (CONUS)","","","","","","https://sjobs.brassring.com/TGnewUI/Search/home/HomeWithPreLoad?PageType=JobDetails&partnerid=25771&siteid=5403&jobid=302324","prime",""
"BAE Systems","BrassRing","Engineering Assistant IV 1st Shift","Manufacturing & Maintenance","","Austin, TX","US (CONUS)","","","","","","https://sjobs.brassring.com/TGnewUI/Search/home/HomeWithPreLoad?PageType=JobDetails&partnerid=25771&siteid=5403&jobid=302318","prime",""
"BAE Systems","BrassRing","Principal Embedded Software Engineer","Engineering & Technology","","Endicott, NY","US (CONUS)","","","","","","https://sjobs.brassring.com/TGnewUI/Search/home/HomeWithPreLoad?PageType=JobDetails&partnerid=25771&siteid=5403&jobid=300400","prime",""
"BAE Systems","BrassRing","Supplier Manufacturing Engineer","Engineering & Technology","","Nashua, NH","US (CONUS)","","","","","","https://sjobs.brassring.com/TGnewUI/Search/home/HomeWithPreLoad?PageType=JobDetails&partnerid=25771&siteid=5403&jobid=301886","prime",""
"BAE Systems","BrassRing","Program Manager II","Project & Program Management","","Nashua, NH","US (CONUS)","","","","","","https://sjobs.brassring.com/TGnewUI/Search/home/HomeWithPreLoad?PageType=JobDetails&partnerid=25771&siteid=5403&jobid=301142","prime",""
"BAE Systems","BrassRing","Senior Subcontract Program manager","Supply Chain & Logistics","","Merrimack, NH","US (CONUS)","","","","","","https://sjobs.brassring.com/TGnewUI/Search/home/HomeWithPreLoad?PageType=JobDetails&partnerid=25771&siteid=5403&jobid=301177","prime",""
"BAE Systems","BrassRing","Subcontract Program Director","Supply Chain & Logistics","","Nashua, NH","US (CONUS)","","","","","","https://sjobs.brassring.com/TGnewUI/Search/home/HomeWithPreLoad?PageType=JobDetails&partnerid=25771&siteid=5403&jobid=299938","prime",""
"BAE Systems","BrassRing","Subcontract Program Manager","Supply Chain & Logistics","","Merrimack, NH","US (CONUS)","","","","","","https://sjobs.brassring.com/TGnewUI/Search/home/HomeWithPreLoad?PageType=JobDetails&partnerid=25771&siteid=5403&jobid=298757","prime",""
"BAE Systems","BrassRing","Senior Systems Engineer-Test","Engineering & Technology","","Nashua, NH","US (CONUS)","","","","","","https://sjobs.brassring.com/TGnewUI/Search/home/HomeWithPreLoad?PageType=JobDetails&partnerid=25771&siteid=5403&jobid=303105","prime",""
"BAE Systems","BrassRing","Systems Engineer Senior – MBSE","Engineering & Technology","","Westminster, CO","US (CONUS)","","","","","","https://sjobs.brassring.com/TGnewUI/Search/home/HomeWithPreLoad?PageType=JobDetails&partnerid=25771&siteid=5403&jobid=301927","prime",""
"BAE Systems","BrassRing","AEWS Program Manager","Project & Program Management","","Nashua, NH","US (CONUS)","","","","","","https://sjobs.brassring.com/TGnewUI/Search/home/HomeWithPreLoad?PageType=JobDetails&partnerid=25771&siteid=5403&jobid=302513","prime",""
"BAE Systems","BrassRing","Program Control Analyst II, AEWS (Hybrid)","Finance & Accounting","","Nashua, NH","US (CONUS)","","","","","","https://sjobs.brassring.com/TGnewUI/Search/home/HomeWithPreLoad?PageType=JobDetails&partnerid=25771&siteid=5403&jobid=299379","prime",""
"BAE Systems","BrassRing","Test Technician III- 20K Sign on! (1st & 2nd shifts)","Manufacturing & Maintenance","","Greenlawn, NY","US (CONUS)","","","","","","https://sjobs.brassring.com/TGnewUI/Search/home/HomeWithPreLoad?PageType=JobDetails&partnerid=25771&siteid=5403&jobid=299876","prime",""
"BAE Systems","BrassRing","Modeling, Simulation and Analysis Systems Engineer","Engineering & Technology","","Nashua, NH","US (CONUS)","","","","","","https://sjobs.brassring.com/TGnewUI/Search/home/HomeWithPreLoad?PageType=JobDetails&partnerid=25771&siteid=5403&jobid=301212","prime",""
"BAE Systems","BrassRing","Senior Mechanical Engineer (Design/Analysis)","Engineering & Technology","","Totowa, NJ","US (CONUS)","","","","","","https://sjobs.brassring.com/TGnewUI/Search/home/HomeWithPreLoad?PageType=JobDetails&partnerid=25771&siteid=5403&jobid=302406","prime",""
"BAE Systems","BrassRing","Senior Principal Power Electronics Circuit Design Engineer","Engineering & Technology","","Endicott, NY","US (CONUS)","","","","","","https://sjobs.brassring.com/TGnewUI/Search/home/HomeWithPreLoad?PageType=JobDetails&partnerid=25771&siteid=5403&jobid=299522","prime",""
"BAE Systems","BrassRing","Security Specialist II - Onsite","Other Professionals","","San Diego, CA","US (CONUS)","","","","","","https://sjobs.brassring.com/TGnewUI/Search/home/HomeWithPreLoad?PageType=JobDetails&partnerid=25771&siteid=5403&jobid=300483","prime",""
"BAE Systems","BrassRing","Senior Director of Supplier Quality","Other Professionals","","Nashua, NH","US (CONUS)","","","","","","https://sjobs.brassring.com/TGnewUI/Search/home/HomeWithPreLoad?PageType=JobDetails&partnerid=25771&siteid=5403&jobid=301936","prime",""
"BAE Systems","BrassRing","Systems Engineer - Integration and Test","Engineering & Technology","","Hudson, NH","US (CONUS)","","","","","","https://sjobs.brassring.com/TGnewUI/Search/home/HomeWithPreLoad?PageType=JobDetails&partnerid=25771&siteid=5403&jobid=303132","prime",""
"BAE Systems","BrassRing","Process Engineer II - Wire and Ribbon Bonding","Engineering & Technology","","Nashua, NH","US (CONUS)","","","","","","https://sjobs.brassring.com/TGnewUI/Search/home/HomeWithPreLoad?PageType=JobDetails&partnerid=25771&siteid=5403&jobid=303103","prime",""
"BAE Systems","BrassRing","Process Tech II","Manufacturing & Maintenance","","Austin, TX","US (CONUS)","","","","","","https://sjobs.brassring.com/TGnewUI/Search/home/HomeWithPreLoad?PageType=JobDetails&partnerid=25771&siteid=5403&jobid=302415","prime",""
"BAE Systems","BrassRing","CEMA - Software Engineer II (Onsite)","Engineering & Technology","","Hudson, NH","US (CONUS)","","","","","","https://sjobs.brassring.com/TGnewUI/Search/home/HomeWithPreLoad?PageType=JobDetails&partnerid=25771&siteid=5403&jobid=300872","prime",""
"BAE Systems","BrassRing","FAST Labs - Senior Principal II Software Engineer - C++ CUDA ($25K Sign-on Bonus)","Engineering & Technology","","Merrimack, NH","US (CONUS)","","","","","","https://sjobs.brassring.com/TGnewUI/Search/home/HomeWithPreLoad?PageType=JobDetails&partnerid=25771&siteid=5403&jobid=302424","prime",""
"BAE Systems","BrassRing","Entry‑Level Scrum Master – Digital Architecture Team (DAT)","Engineering & Technology","","Nashua, NH","US (CONUS)","","","","","","https://sjobs.brassring.com/TGnewUI/Search/home/HomeWithPreLoad?PageType=JobDetails&partnerid=25771&siteid=5403&jobid=301465","prime",""
"BAE Systems","BrassRing","Antenna/RCS Range Technician","Engineering & Technology","","Greenlawn, NY","US (CONUS)","","","","","","https://sjobs.brassring.com/TGnewUI/Search/home/HomeWithPreLoad?PageType=JobDetails&partnerid=25771&siteid=5403&jobid=297099","prime",""
"BAE Systems","BrassRing","Facilities Engineer Supervisor I","Manufacturing & Maintenance","","Austin, TX","US (CONUS)","","","","","","https://sjobs.brassring.com/TGnewUI/Search/home/HomeWithPreLoad?PageType=JobDetails&partnerid=25771&siteid=5403&jobid=301429","prime",""
"BAE Systems","BrassRing","Engineering Manager II - Engineering Ops Support","Engineering & Technology","","Boulder, CO","US (CONUS)","","","","","","https://sjobs.brassring.com/TGnewUI/Search/home/HomeWithPreLoad?PageType=JobDetails&partnerid=25771&siteid=5403&jobid=302175","prime",""
"BAE Systems","BrassRing","Mechanical Engineering Intern II, Summer 2027 (Onsite)","Engineering & Technology","","Nashua, NH","US (CONUS)","","","","","","https://sjobs.brassring.com/TGnewUI/Search/home/HomeWithPreLoad?PageType=JobDetails&partnerid=25771&siteid=5403&jobid=303200","prime",""
"BAE Systems","BrassRing","Senior Principal Engineer – Payload RF Technical Lead- $10K Sign-On Bonus","Engineering & Technology","","Boulder, CO","US (CONUS)","","","","","","https://sjobs.brassring.com/TGnewUI/Search/home/HomeWithPreLoad?PageType=JobDetails&partnerid=25771&siteid=5403&jobid=302186","prime",""
"BAE Systems","BrassRing","Financial Analyst Senior","Finance & Accounting","","Broomfield, CO","US (CONUS)","","","","","","https://sjobs.brassring.com/TGnewUI/Search/home/HomeWithPreLoad?PageType=JobDetails&partnerid=25771&siteid=5403&jobid=303246","prime",""
"BAE Systems","BrassRing","Principal Analog Electrical Engineer","Engineering & Technology","","Nashua, NH","US (CONUS)","","","","","","https://sjobs.brassring.com/TGnewUI/Search/home/HomeWithPreLoad?PageType=JobDetails&partnerid=25771&siteid=5403&jobid=300354","prime",""
"BAE Systems","BrassRing","Finance Leadership Development Program - ES - Endicott, NY (Hybrid)","Finance & Accounting","","Endicott, NY","US (CONUS)","","","","","","https://sjobs.brassring.com/TGnewUI/Search/home/HomeWithPreLoad?PageType=JobDetails&partnerid=25771&siteid=5403&jobid=301775","prime",""
"BAE Systems","BrassRing","Microwave Technician ll 2nd Shift","Manufacturing & Maintenance","","Nashua, NH","US (CONUS)","","","","","","https://sjobs.brassring.com/TGnewUI/Search/home/HomeWithPreLoad?PageType=JobDetails&partnerid=25771&siteid=5403&jobid=300370","prime",""
"BAE Systems","BrassRing","Senior Engineer – Ground/Application Software Integration","Engineering & Technology","","Broomfield, CO","US (CONUS)","","","","","","https://sjobs.brassring.com/TGnewUI/Search/home/HomeWithPreLoad?PageType=JobDetails&partnerid=25771&siteid=5403&jobid=301822","prime",""
"BAE Systems","BrassRing","Principal Systems Engineer","Engineering & Technology","","Merrimack, NH","US (CONUS)","","","","","","https://sjobs.brassring.com/TGnewUI/Search/home/HomeWithPreLoad?PageType=JobDetails&partnerid=25771&siteid=5403&jobid=302664","prime",""
"BAE Systems","BrassRing","Senior Principal Systems Engineer","Engineering & Technology","","Austin, TX","US (CONUS)","","","","","","https://sjobs.brassring.com/TGnewUI/Search/home/HomeWithPreLoad?PageType=JobDetails&partnerid=25771&siteid=5403&jobid=299171","prime",""
"BAE Systems","BrassRing","Safety Health and Environment Specialist","Other Professionals","","Hudson, NH","US (CONUS)","","","","","","https://sjobs.brassring.com/TGnewUI/Search/home/HomeWithPreLoad?PageType=JobDetails&partnerid=25771&siteid=5403&jobid=300315","prime",""
"BAE Systems","BrassRing","Engineer I – Paint - M&P","Engineering & Technology","","Boulder, CO","US (CONUS)","","","","","","https://sjobs.brassring.com/TGnewUI/Search/home/HomeWithPreLoad?PageType=JobDetails&partnerid=25771&siteid=5403&jobid=303369","prime",""
"BAE Systems","BrassRing","Senior Principal Software Engineer","Engineering & Technology","","Totowa, NJ","US (CONUS)","","","","","","https://sjobs.brassring.com/TGnewUI/Search/home/HomeWithPreLoad?PageType=JobDetails&partnerid=25771&siteid=5403&jobid=300460","prime",""
"BAE Systems","BrassRing","Senior Technical Recruiter","Other Professionals","","Fort Wayne, IN","US (CONUS)","","","","","","https://sjobs.brassring.com/TGnewUI/Search/home/HomeWithPreLoad?PageType=JobDetails&partnerid=25771&siteid=5403&jobid=303278","prime",""
"BAE Systems","BrassRing","Section Manager / Software Lead (Sign-on bonus available)","Engineering & Technology","","Nashua, NH","US (CONUS)","","","","","","https://sjobs.brassring.com/TGnewUI/Search/home/HomeWithPreLoad?PageType=JobDetails&partnerid=25771&siteid=5403&jobid=301812","prime",""
"BAE Systems","BrassRing","Actuation Systems Architect","Engineering & Technology","","Endicott, NY","US (CONUS)","","","","","","https://sjobs.brassring.com/TGnewUI/Search/home/HomeWithPreLoad?PageType=JobDetails&partnerid=25771&siteid=5403&jobid=301562","prime",""
"BAE Systems","BrassRing","Electronic Assembler II First Shift","Manufacturing & Maintenance","","Wayne, NJ","US (CONUS)","","","","","","https://sjobs.brassring.com/TGnewUI/Search/home/HomeWithPreLoad?PageType=JobDetails&partnerid=25771&siteid=5403&jobid=299144","prime",""
"BAE Systems","BrassRing","Automation Engineer","Engineering & Technology","","Nashua, NH","US (CONUS)","","","","","","https://sjobs.brassring.com/TGnewUI/Search/home/HomeWithPreLoad?PageType=JobDetails&partnerid=25771&siteid=5403&jobid=301847","prime",""
"BAE Systems","BrassRing","Model Based Engineering Section Manager","Engineering & Technology","","Hudson, NH","US (CONUS)","","","","","","https://sjobs.brassring.com/TGnewUI/Search/home/HomeWithPreLoad?PageType=JobDetails&partnerid=25771&siteid=5403&jobid=300515","prime",""
"BAE Systems","BrassRing","Senior Software Engineer – Seeker Market Expansion","Engineering & Technology","","Huntsville, AL","US (CONUS)","","","","","","https://sjobs.brassring.com/TGnewUI/Search/home/HomeWithPreLoad?PageType=JobDetails&partnerid=25771&siteid=5403&jobid=301446","prime",""
"BAE Systems","BrassRing","Engineer Senior Principal – Systems","Engineering & Technology","","Broomfield, CO","US (CONUS)","","","","","","https://sjobs.brassring.com/TGnewUI/Search/home/HomeWithPreLoad?PageType=JobDetails&partnerid=25771&siteid=5403&jobid=302095","prime",""
"BAE Systems","BrassRing","F-35 Program Manager","Project & Program Management","","Nashua, NH","US (CONUS)","","","","","","https://sjobs.brassring.com/TGnewUI/Search/home/HomeWithPreLoad?PageType=JobDetails&partnerid=25771&siteid=5403&jobid=301555","prime",""
"BAE Systems","BrassRing","Aftermarket Repair Quality Manager","Other Professionals","","Fort Wayne, IN","US (CONUS)","","","","","","https://sjobs.brassring.com/TGnewUI/Search/home/HomeWithPreLoad?PageType=JobDetails&partnerid=25771&siteid=5403&jobid=301561","prime",""
"BAE Systems","BrassRing","Electronic Test Tech 1st Shift","Manufacturing & Maintenance","","Nashua, NH","US (CONUS)","","","","","","https://sjobs.brassring.com/TGnewUI/Search/home/HomeWithPreLoad?PageType=JobDetails&partnerid=25771&siteid=5403&jobid=301589","prime",""
"BAE Systems","BrassRing","Linux System Administration, Senior - Linux Space Systems Support","Engineering & Technology","","Westminster, CO","US (CONUS)","","","","","","https://sjobs.brassring.com/TGnewUI/Search/home/HomeWithPreLoad?PageType=JobDetails&partnerid=25771&siteid=5403&jobid=302170","prime",""
"BAE Systems","BrassRing","Test Tech IV Weekend 4th shift Environmental Stress Screening (ESS)","Manufacturing & Maintenance","","Nashua, NH","US (CONUS)","","","","","","https://sjobs.brassring.com/TGnewUI/Search/home/HomeWithPreLoad?PageType=JobDetails&partnerid=25771&siteid=5403&jobid=301430","prime",""
"BAE Systems","BrassRing","Senior Software Engineer – Control Algorithm, Pointer Tracker or Gimbal experience","Engineering & Technology","","Merrimack, NH","US (CONUS)","","","","","","https://sjobs.brassring.com/TGnewUI/Search/home/HomeWithPreLoad?PageType=JobDetails&partnerid=25771&siteid=5403&jobid=302240","prime",""
"BAE Systems","BrassRing","Operations Supervisor - 2nd Shift","Manufacturing & Maintenance","","Austin, TX","US (CONUS)","","","","","","https://sjobs.brassring.com/TGnewUI/Search/home/HomeWithPreLoad?PageType=JobDetails&partnerid=25771&siteid=5403&jobid=303396","prime",""
"BAE Systems","BrassRing","Electronic Attack EW Systems Engineer","Engineering & Technology","","Nashua, NH","US (CONUS)","","","","","","https://sjobs.brassring.com/TGnewUI/Search/home/HomeWithPreLoad?PageType=JobDetails&partnerid=25771&siteid=5403&jobid=298827","prime",""
"BAE Systems","BrassRing","Senior Manufacturing Engineer","Manufacturing & Maintenance","","Cedar Rapids, IA","US (CONUS)","","","","","","https://sjobs.brassring.com/TGnewUI/Search/home/HomeWithPreLoad?PageType=JobDetails&partnerid=25771&siteid=5403&jobid=303398","prime",""
"BAE Systems","BrassRing","FPGA Design DSP Lead","Engineering & Technology","","Nashua, NH","US (CONUS)","","","","","","https://sjobs.brassring.com/TGnewUI/Search/home/HomeWithPreLoad?PageType=JobDetails&partnerid=25771&siteid=5403&jobid=298605","prime",""
"BAE Systems","BrassRing","Principal Mechanical Engineer","Engineering & Technology","","Dallas, TX","US (CONUS)","","","","","","https://sjobs.brassring.com/TGnewUI/Search/home/HomeWithPreLoad?PageType=JobDetails&partnerid=25771&siteid=5403&jobid=303355","prime",""
"BAE Systems","BrassRing","Senior Electrical Engineer","Engineering & Technology","","Nashua, NH","US (CONUS)","","","","","","https://sjobs.brassring.com/TGnewUI/Search/home/HomeWithPreLoad?PageType=JobDetails&partnerid=25771&siteid=5403&jobid=302179","prime",""
"BAE Systems","BrassRing","Systems Engineering Test Solutions Lead (Onsite)","Engineering & Technology","","Nashua, NH","US (CONUS)","","","","","","https://sjobs.brassring.com/TGnewUI/Search/home/HomeWithPreLoad?PageType=JobDetails&partnerid=25771&siteid=5403&jobid=299452","prime",""
"BAE Systems","BrassRing","Sr. Principal Systems Engineer – Airborne PNT","Engineering & Technology","","Cedar Rapids, IA","US (CONUS)","","","","","","https://sjobs.brassring.com/TGnewUI/Search/home/HomeWithPreLoad?PageType=JobDetails&partnerid=25771&siteid=5403&jobid=303372","prime",""
"BAE Systems","BrassRing","Systems Engineer - Test Automation (Onsite)","Engineering & Technology","","Nashua, NH","US (CONUS)","","","","","","https://sjobs.brassring.com/TGnewUI/Search/home/HomeWithPreLoad?PageType=JobDetails&partnerid=25771&siteid=5403&jobid=303382","prime",""
"BAE Systems","BrassRing","Senior Principal System Administrator","Engineering & Technology","","San Diego, CA","US (CONUS)","","","","","","https://sjobs.brassring.com/TGnewUI/Search/home/HomeWithPreLoad?PageType=JobDetails&partnerid=25771&siteid=5403&jobid=300347","prime",""
"BAE Systems","BrassRing","Maritime Task Manager","Project & Program Management","","Hudson, NH","US (CONUS)","","","","","","https://sjobs.brassring.com/TGnewUI/Search/home/HomeWithPreLoad?PageType=JobDetails&partnerid=25771&siteid=5403&jobid=301068","prime",""
"BAE Systems","BrassRing","MAS Final Assembly - Assembler II","Manufacturing & Maintenance","","Endicott, NY","US (CONUS)","","","","","","https://sjobs.brassring.com/TGnewUI/Search/home/HomeWithPreLoad?PageType=JobDetails&partnerid=25771&siteid=5403&jobid=300410","prime",""
"BAE Systems","BrassRing","Senior Digital Electrical Engineer","Engineering & Technology","","Nashua, NH","US (CONUS)","","","","","","https://sjobs.brassring.com/TGnewUI/Search/home/HomeWithPreLoad?PageType=JobDetails&partnerid=25771&siteid=5403&jobid=302162","prime",""
"BAE Systems","BrassRing","Senior Built-In-Test (BIT) Engineer","Engineering & Technology","","Nashua, NH","US (CONUS)","","","","","","https://sjobs.brassring.com/TGnewUI/Search/home/HomeWithPreLoad?PageType=JobDetails&partnerid=25771&siteid=5403&jobid=301605","prime",""
"BAE Systems","BrassRing","Design Quality Manager","Engineering & Technology","","Hudson, NH","US (CONUS)","","","","","","https://sjobs.brassring.com/TGnewUI/Search/home/HomeWithPreLoad?PageType=JobDetails&partnerid=25771&siteid=5403&jobid=302079","prime",""
"BAE Systems","BrassRing","Mechanical Engineering Intern III, Summer 2027 (Onsite)","Engineering & Technology","","Nashua, NH","US (CONUS)","","","","","","https://sjobs.brassring.com/TGnewUI/Search/home/HomeWithPreLoad?PageType=JobDetails&partnerid=25771&siteid=5403&jobid=303346","prime",""
"BAE Systems","BrassRing","Senior Software Development Engineer","Engineering & Technology","","Nashua, NH","US (CONUS)","","","","","","https://sjobs.brassring.com/TGnewUI/Search/home/HomeWithPreLoad?PageType=JobDetails&partnerid=25771&siteid=5403&jobid=300567","prime",""
"BAE Systems","BrassRing","Material Planning Coordinator II- Mon-Thur 2nd Shift (Full Onsite)","Supply Chain & Logistics","","Nashua, NH","US (CONUS)","","","","","","https://sjobs.brassring.com/TGnewUI/Search/home/HomeWithPreLoad?PageType=JobDetails&partnerid=25771&siteid=5403&jobid=302912","prime",""
"BAE Systems","BrassRing","Systems Engineer – RF Integration & Performance Modeling","Engineering & Technology","","Nashua, NH","US (CONUS)","","","","","","https://sjobs.brassring.com/TGnewUI/Search/home/HomeWithPreLoad?PageType=JobDetails&partnerid=25771&siteid=5403&jobid=302778","prime",""
"BAE Systems","BrassRing","Microwave Technician ll","Manufacturing & Maintenance","","Nashua, NH","US (CONUS)","","","","","","https://sjobs.brassring.com/TGnewUI/Search/home/HomeWithPreLoad?PageType=JobDetails&partnerid=25771&siteid=5403&jobid=300881","prime",""
"BAE Systems","BrassRing","Finance Manager I - AEWS (Hybrid)","Finance & Accounting","","Nashua, NH","US (CONUS)","","","","","","https://sjobs.brassring.com/TGnewUI/Search/home/HomeWithPreLoad?PageType=JobDetails&partnerid=25771&siteid=5403&jobid=302520","prime",""
"BAE Systems","BrassRing","TacAir EW Sustainment Program Manager","Project & Program Management","","Nashua, NH","US (CONUS)","","","","","","https://sjobs.brassring.com/TGnewUI/Search/home/HomeWithPreLoad?PageType=JobDetails&partnerid=25771&siteid=5403&jobid=303119","prime",""
"BAE Systems","BrassRing","ACES Program Manager","Project & Program Management","","Nashua, NH","US (CONUS)","","","","","","https://sjobs.brassring.com/TGnewUI/Search/home/HomeWithPreLoad?PageType=JobDetails&partnerid=25771&siteid=5403&jobid=302314","prime",""
"BAE Systems","BrassRing","Systems Engineer Sr Principal – Chief Systems Engineer - Sign On Bonus","Engineering & Technology","","Boulder, CO","US (CONUS)","","","","","","https://sjobs.brassring.com/TGnewUI/Search/home/HomeWithPreLoad?PageType=JobDetails&partnerid=25771&siteid=5403&jobid=302331","prime",""
"BAE Systems","BrassRing","Laboratory Tech III","Engineering & Technology","","Nashua, NH","US (CONUS)","","","","","","https://sjobs.brassring.com/TGnewUI/Search/home/HomeWithPreLoad?PageType=JobDetails&partnerid=25771&siteid=5403&jobid=301480","prime",""
"BAE Systems","BrassRing","Value Stream Specialist - 2nd Shift, Microwave","Manufacturing & Maintenance","","Nashua, NH","US (CONUS)","","","","","","https://sjobs.brassring.com/TGnewUI/Search/home/HomeWithPreLoad?PageType=JobDetails&partnerid=25771&siteid=5403&jobid=302395","prime",""
"BAE Systems","BrassRing","ACES Operations Program Manager III","Project & Program Management","","Nashua, NH","US (CONUS)","","","","","","https://sjobs.brassring.com/TGnewUI/Search/home/HomeWithPreLoad?PageType=JobDetails&partnerid=25771&siteid=5403&jobid=300663","prime",""
"BAE Systems","BrassRing","Program Control Analyst II","Finance & Accounting","","Broomfield, CO","US (CONUS)","","","","","","https://sjobs.brassring.com/TGnewUI/Search/home/HomeWithPreLoad?PageType=JobDetails&partnerid=25771&siteid=5403&jobid=302835","prime",""
"BAE Systems","BrassRing","Integrated Survivability Solutions (ISS) Software Architect","Engineering & Technology","","Merrimack, NH","US (CONUS)","","","","","","https://sjobs.brassring.com/TGnewUI/Search/home/HomeWithPreLoad?PageType=JobDetails&partnerid=25771&siteid=5403&jobid=301522","prime",""
"BAE Systems","BrassRing","Engineer II - Information System Security","Engineering & Technology","","Broomfield, CO","US (CONUS)","","","","","","https://sjobs.brassring.com/TGnewUI/Search/home/HomeWithPreLoad?PageType=JobDetails&partnerid=25771&siteid=5403&jobid=302469","prime",""
"BAE Systems","BrassRing","Program Engineering Manager II","Engineering & Technology","","Nashua, NH","US (CONUS)","","","","","","https://sjobs.brassring.com/TGnewUI/Search/home/HomeWithPreLoad?PageType=JobDetails&partnerid=25771&siteid=5403&jobid=299380","prime",""
"BAE Systems","BrassRing","Hardware Engineering Lead","Engineering & Technology","","Endicott, NY","US (CONUS)","","","","","","https://sjobs.brassring.com/TGnewUI/Search/home/HomeWithPreLoad?PageType=JobDetails&partnerid=25771&siteid=5403&jobid=301533","prime",""
"BAE Systems","BrassRing","Senior Test Engineer","Engineering & Technology","","Nashua, NH","US (CONUS)","","","","","","https://sjobs.brassring.com/TGnewUI/Search/home/HomeWithPreLoad?PageType=JobDetails&partnerid=25771&siteid=5403&jobid=301982","prime",""
"BAE Systems","BrassRing","IT Project Manager Expert","Project & Program Management","","Herndon, VA","US (CONUS)","","","","","","https://sjobs.brassring.com/TGnewUI/Search/home/HomeWithPreLoad?PageType=JobDetails&partnerid=25771&siteid=5403&jobid=302939","prime",""
"BAE Systems","BrassRing","COBOL Developer","Engineering & Technology","","Sterling, VA","US (CONUS)","","","","","","https://sjobs.brassring.com/TGnewUI/Search/home/HomeWithPreLoad?PageType=JobDetails&partnerid=25771&siteid=5403&jobid=302626","prime",""
"BAE Systems","BrassRing","Coating Specialist","Manufacturing & Maintenance","","Fort Walton Beach, FL","US (CONUS)","","","","","","https://sjobs.brassring.com/TGnewUI/Search/home/HomeWithPreLoad?PageType=JobDetails&partnerid=25771&siteid=5403&jobid=302220","prime",""
"BAE Systems","BrassRing","Senior Flight Test Engineer/Analyst","Engineering & Technology","","Hill AFB, UT","US (CONUS)","","","","","","https://sjobs.brassring.com/TGnewUI/Search/home/HomeWithPreLoad?PageType=JobDetails&partnerid=25771&siteid=5403&jobid=301929","prime",""
"BAE Systems","BrassRing","Systems Engineer","Engineering & Technology","","Clearfield, UT","US (CONUS)","","","","","","https://sjobs.brassring.com/TGnewUI/Search/home/HomeWithPreLoad?PageType=JobDetails&partnerid=25771&siteid=5403&jobid=303058","prime",""
"BAE Systems","BrassRing","Engineer Systems Test","Engineering & Technology","","Colorado Springs, CO","US (CONUS)","","","","","","https://sjobs.brassring.com/TGnewUI/Search/home/HomeWithPreLoad?PageType=JobDetails&partnerid=25771&siteid=5403&jobid=301527","prime",""
"BAE Systems","BrassRing","Cloud Pipeline Deployment Engineer (Expert)","Engineering & Technology","","Herndon, VA","US (CONUS)","","","","","","https://sjobs.brassring.com/TGnewUI/Search/home/HomeWithPreLoad?PageType=JobDetails&partnerid=25771&siteid=5403&jobid=300694","prime",""
"BAE Systems","BrassRing","Modeling and Simulation Architect","Engineering & Technology","","Rockville, MD","US (CONUS)","","","","","","https://sjobs.brassring.com/TGnewUI/Search/home/HomeWithPreLoad?PageType=JobDetails&partnerid=25771&siteid=5403&jobid=299201","prime",""
"BAE Systems","BrassRing","Senior Imagery / Order of Battle Analyst – AI/ML Mission Support","Intelligence","","Falls Church, VA","US (CONUS)","","","","","","https://sjobs.brassring.com/TGnewUI/Search/home/HomeWithPreLoad?PageType=JobDetails&partnerid=25771&siteid=5403&jobid=299262","prime",""
"BAE Systems","BrassRing","CV2 ISSO Customer Support","Engineering & Technology","","Hill AFB, UT","US (CONUS)","","","","","","https://sjobs.brassring.com/TGnewUI/Search/home/HomeWithPreLoad?PageType=JobDetails&partnerid=25771&siteid=5403&jobid=302658","prime",""
"BAE Systems","BrassRing","Senior DevSecOps Engineer","Engineering & Technology","","Sterling, VA","US (CONUS)","","","","","","https://sjobs.brassring.com/TGnewUI/Search/home/HomeWithPreLoad?PageType=JobDetails&partnerid=25771&siteid=5403&jobid=303193","prime",""
"BAE Systems","BrassRing","Cyber Targeting Officer","Intelligence","","McLean, VA","US (CONUS)","","","","","","https://sjobs.brassring.com/TGnewUI/Search/home/HomeWithPreLoad?PageType=JobDetails&partnerid=25771&siteid=5403&jobid=303450","prime",""
"BAE Systems","BrassRing","Maintenance Planning Specialist","Engineering & Technology","","Wallops Island, VA","US (CONUS)","","","","","","https://sjobs.brassring.com/TGnewUI/Search/home/HomeWithPreLoad?PageType=JobDetails&partnerid=25771&siteid=5403&jobid=303064","prime",""
"BAE Systems","BrassRing","Systems Verification Engineer I","Engineering & Technology","","Hill AFB, UT","US (CONUS)","","","","","","https://sjobs.brassring.com/TGnewUI/Search/home/HomeWithPreLoad?PageType=JobDetails&partnerid=25771&siteid=5403&jobid=303451","prime",""
"BAE Systems","BrassRing","Software Engineering Intern III, Summer 2027 (Onsite)","Engineering & Technology","","San Diego, CA","US (CONUS)","","","","","","https://sjobs.brassring.com/TGnewUI/Search/home/HomeWithPreLoad?PageType=JobDetails&partnerid=25771&siteid=5403&jobid=303611","prime",""
"BAE Systems","BrassRing","Sr. Employee Relations Partner (Sr. ERP)","Other Professionals","","Falls Church, VA","US (CONUS)","","","","","","https://sjobs.brassring.com/TGnewUI/Search/home/HomeWithPreLoad?PageType=JobDetails&partnerid=25771&siteid=5403&jobid=301951","prime",""
"BAE Systems","BrassRing","Network Engineer (Expert)","Engineering & Technology","","Herndon, VA","US (CONUS)","","","","","","https://sjobs.brassring.com/TGnewUI/Search/home/HomeWithPreLoad?PageType=JobDetails&partnerid=25771&siteid=5403&jobid=299408","prime",""
"BAE Systems","BrassRing","Test Automation Engineer","Engineering & Technology","","Sterling, VA","US (CONUS)","","","","","","https://sjobs.brassring.com/TGnewUI/Search/home/HomeWithPreLoad?PageType=JobDetails&partnerid=25771&siteid=5403&jobid=302276","prime",""
"BAE Systems","BrassRing","Deltek Costpoint Business Analyst","Engineering & Technology","","Falls Church, VA","US (CONUS)","","","","","","https://sjobs.brassring.com/TGnewUI/Search/home/HomeWithPreLoad?PageType=JobDetails&partnerid=25771&siteid=5403&jobid=302258","prime",""
"BAE Systems","BrassRing","Future Payloads Electrical Engineer","Engineering & Technology","","Hill AFB, UT","US (CONUS)","","","","","","https://sjobs.brassring.com/TGnewUI/Search/home/HomeWithPreLoad?PageType=JobDetails&partnerid=25771&siteid=5403&jobid=302694","prime",""
"BAE Systems","BrassRing","FMV Intelligence Analyst  - Training Offered","Intelligence","","Northern Virginia, VA","US (CONUS)","","","","","","https://sjobs.brassring.com/TGnewUI/Search/home/HomeWithPreLoad?PageType=JobDetails&partnerid=25771&siteid=5403&jobid=299393","prime",""
"BAE Systems","BrassRing","Strategic and Organizational Planning Specialist","Business Development, Strategy & Planning","","Sterling, VA","US (CONUS)","","","","","","https://sjobs.brassring.com/TGnewUI/Search/home/HomeWithPreLoad?PageType=JobDetails&partnerid=25771&siteid=5403&jobid=302665","prime",""
"BAE Systems","BrassRing","Senior ServiceNow Developer","Engineering & Technology","","Sterling, VA","US (CONUS)","","","","","","https://sjobs.brassring.com/TGnewUI/Search/home/HomeWithPreLoad?PageType=JobDetails&partnerid=25771&siteid=5403&jobid=302028","prime",""
"BAE Systems","BrassRing","Systems Engineer","Engineering & Technology","","Huntsville, AL","US (CONUS)","","","","","","https://sjobs.brassring.com/TGnewUI/Search/home/HomeWithPreLoad?PageType=JobDetails&partnerid=25771&siteid=5403&jobid=301283","prime",""
"BAE Systems","BrassRing","MM III Weapon System Analyst","Engineering & Technology","","Lompoc, CA","US (CONUS)","","","","","","https://sjobs.brassring.com/TGnewUI/Search/home/HomeWithPreLoad?PageType=JobDetails&partnerid=25771&siteid=5403&jobid=210142","prime",""
"BAE Systems","BrassRing","Software Developer, Senior","Engineering & Technology","","Herndon, VA","US (CONUS)","","","","","","https://sjobs.brassring.com/TGnewUI/Search/home/HomeWithPreLoad?PageType=JobDetails&partnerid=25771&siteid=5403&jobid=302282","prime",""
"BAE Systems","BrassRing","Senior Platform/Tier3 Engineer","Engineering & Technology","","Sterling, VA","US (CONUS)","","","","","","https://sjobs.brassring.com/TGnewUI/Search/home/HomeWithPreLoad?PageType=JobDetails&partnerid=25771&siteid=5403&jobid=299289","prime",""
"BAE Systems","BrassRing","Senior Electrical Engineer","Engineering & Technology","","Hill AFB, UT","US (CONUS)","","","","","","https://sjobs.brassring.com/TGnewUI/Search/home/HomeWithPreLoad?PageType=JobDetails&partnerid=25771&siteid=5403&jobid=302542","prime",""
"BAE Systems","BrassRing","Systems Administrator","Engineering & Technology","","Pyeongtaek City, APO, Korea, South","International","","","","","","https://sjobs.brassring.com/TGnewUI/Search/home/HomeWithPreLoad?PageType=JobDetails&partnerid=25771&siteid=5403&jobid=299302","prime",""
"BAE Systems","BrassRing","Intelligence Analyst – Full Motion Video (FMV) Training Provided","Intelligence","","Northern, VA","US (CONUS)","","","","","","https://sjobs.brassring.com/TGnewUI/Search/home/HomeWithPreLoad?PageType=JobDetails&partnerid=25771&siteid=5403&jobid=303532","prime",""
"BAE Systems","BrassRing","Senior Software Engineer - SIGN-ON BONUS","Engineering & Technology","","Merrimack, NH","US (CONUS)","","","","","","https://sjobs.brassring.com/TGnewUI/Search/home/HomeWithPreLoad?PageType=JobDetails&partnerid=25771&siteid=5403&jobid=303536","prime",""
"BAE Systems","BrassRing","Mechanical Tech","Manufacturing & Maintenance","","Nashua, NH","US (CONUS)","","","","","","https://sjobs.brassring.com/TGnewUI/Search/home/HomeWithPreLoad?PageType=JobDetails&partnerid=25771&siteid=5403&jobid=303486","prime",""
"BAE Systems","BrassRing","Technical Editor","Intelligence","","Reston, VA","US (CONUS)","","","","","","https://sjobs.brassring.com/TGnewUI/Search/home/HomeWithPreLoad?PageType=JobDetails&partnerid=25771&siteid=5403&jobid=299104","prime",""
"BAE Systems","BrassRing","SME level Full Stack Application Developer","Engineering & Technology","","Sterling, VA","US (CONUS)","","","","","","https://sjobs.brassring.com/TGnewUI/Search/home/HomeWithPreLoad?PageType=JobDetails&partnerid=25771&siteid=5403&jobid=299163","prime",""
"BAE Systems","BrassRing","Senior Systems Engineer (Electrical Focus)","Engineering & Technology","","Rockville, MD","US (CONUS)","","","","","","https://sjobs.brassring.com/TGnewUI/Search/home/HomeWithPreLoad?PageType=JobDetails&partnerid=25771&siteid=5403&jobid=299741","prime",""
"BAE Systems","BrassRing","Senior Platform/Tier3 Engineer","Engineering & Technology","","Sterling, VA","US (CONUS)","","","","","","https://sjobs.brassring.com/TGnewUI/Search/home/HomeWithPreLoad?PageType=JobDetails&partnerid=25771&siteid=5403&jobid=303189","prime",""
"BAE Systems","BrassRing","Program Director, Global Trade Technology","Project & Program Management","","Falls Church, VA","US (CONUS)","","","","","","https://sjobs.brassring.com/TGnewUI/Search/home/HomeWithPreLoad?PageType=JobDetails&partnerid=25771&siteid=5403&jobid=302984","prime",""
"BAE Systems","BrassRing","Project Integrator - Senior","Engineering & Technology","","Sterling, VA","US (CONUS)","","","","","","https://sjobs.brassring.com/TGnewUI/Search/home/HomeWithPreLoad?PageType=JobDetails&partnerid=25771&siteid=5403&jobid=303343","prime",""
"BAE Systems","BrassRing","Electrical Engineer - Digital, Analog, & Power Supply","Engineering & Technology","","Austin, TX","US (CONUS)","","","","","","https://sjobs.brassring.com/TGnewUI/Search/home/HomeWithPreLoad?PageType=JobDetails&partnerid=25771&siteid=5403&jobid=303441","prime",""
"BAE Systems","BrassRing","Senior Principal Systems Engineer","Engineering & Technology","","Totowa, NJ","US (CONUS)","","","","","","https://sjobs.brassring.com/TGnewUI/Search/home/HomeWithPreLoad?PageType=JobDetails&partnerid=25771&siteid=5403&jobid=302717","prime",""
"BAE Systems","BrassRing","Microwave Technician III","Manufacturing & Maintenance","","Nashua, NH","US (CONUS)","","","","","","https://sjobs.brassring.com/TGnewUI/Search/home/HomeWithPreLoad?PageType=JobDetails&partnerid=25771&siteid=5403&jobid=298519","prime",""
"BAE Systems","BrassRing","Senior Principal Systems Engineer (Onsite)","Engineering & Technology","","Honolulu, HI","US (non-CONUS)","","","","","","https://sjobs.brassring.com/TGnewUI/Search/home/HomeWithPreLoad?PageType=JobDetails&partnerid=25771&siteid=5403&jobid=298532","prime",""
"BAE Systems","BrassRing","Product Line Integratioin Verification & Validation Lead Engineer","Engineering & Technology","","Nashua, NH","US (CONUS)","","","","","","https://sjobs.brassring.com/TGnewUI/Search/home/HomeWithPreLoad?PageType=JobDetails&partnerid=25771&siteid=5403&jobid=298586","prime",""
"BAE Systems","BrassRing","Electrical Engineer (Hybrid)","Engineering & Technology","","Cedar Rapids, IA","US (CONUS)","","","","","","https://sjobs.brassring.com/TGnewUI/Search/home/HomeWithPreLoad?PageType=JobDetails&partnerid=25771&siteid=5403&jobid=298824","prime",""
"BAE Systems","BrassRing","Test Engineering Assistant - C4ISR","Engineering & Technology","","Wayne, NJ","US (CONUS)","","","","","","https://sjobs.brassring.com/TGnewUI/Search/home/HomeWithPreLoad?PageType=JobDetails&partnerid=25771&siteid=5403&jobid=303062","prime",""
"BAE Systems","BrassRing","Electronic Support Measures Principal Systems Engineer","Engineering & Technology","","Nashua, NH","US (CONUS)","","","","","","https://sjobs.brassring.com/TGnewUI/Search/home/HomeWithPreLoad?PageType=JobDetails&partnerid=25771&siteid=5403&jobid=301053","prime",""
"BAE Systems","BrassRing","Hardware Section Lead (People Manager and Hardware Lead)","Engineering & Technology","","Fort Wayne, IN","US (CONUS)","","","","","","https://sjobs.brassring.com/TGnewUI/Search/home/HomeWithPreLoad?PageType=JobDetails&partnerid=25771&siteid=5403&jobid=302668","prime",""
"BAE Systems","BrassRing","Microwave Technician Weekend Day Shift - Bonding","Manufacturing & Maintenance","","Nashua, NH","US (CONUS)","","","","","","https://sjobs.brassring.com/TGnewUI/Search/home/HomeWithPreLoad?PageType=JobDetails&partnerid=25771&siteid=5403&jobid=298416","prime",""
"BAE Systems","BrassRing","Test Technician III- 5k Sign on!","Engineering & Technology","","Wayne, NJ","US (CONUS)","","","","","","https://sjobs.brassring.com/TGnewUI/Search/home/HomeWithPreLoad?PageType=JobDetails&partnerid=25771&siteid=5403&jobid=299515","prime",""
"BAE Systems","BrassRing","Program Manager - Controls and Avionics Solutions","Project & Program Management","","Endicott, NY","US (CONUS)","","","","","","https://sjobs.brassring.com/TGnewUI/Search/home/HomeWithPreLoad?PageType=JobDetails&partnerid=25771&siteid=5403&jobid=303067","prime",""
"BAE Systems","BrassRing","RF Test Engineer","Manufacturing & Maintenance","","Austin, TX","US (CONUS)","","","","","","https://sjobs.brassring.com/TGnewUI/Search/home/HomeWithPreLoad?PageType=JobDetails&partnerid=25771&siteid=5403&jobid=301835","prime",""
"BAE Systems","BrassRing","EO/IR Systems Engineering Lead","Engineering & Technology","","Merrimack, NH","US (CONUS)","","","","","","https://sjobs.brassring.com/TGnewUI/Search/home/HomeWithPreLoad?PageType=JobDetails&partnerid=25771&siteid=5403&jobid=302674","prime",""
"BAE Systems","BrassRing","Procurement Analyst Senior","Supply Chain & Logistics","","Fort Worth, TX","US (CONUS)","","","","","","https://sjobs.brassring.com/TGnewUI/Search/home/HomeWithPreLoad?PageType=JobDetails&partnerid=25771&siteid=5403&jobid=301755","prime",""
"BAE Systems","BrassRing","Space Payload Prin Software Engineer - SIGN-ON BONUS","Engineering & Technology","","Manassas, VA","US (CONUS)","","","","","","https://sjobs.brassring.com/TGnewUI/Search/home/HomeWithPreLoad?PageType=JobDetails&partnerid=25771&siteid=5403&jobid=300987","prime",""
"BAE Systems","BrassRing","Laser and EOIR Systems Engineer","Engineering & Technology","","Merrimack, NH","US (CONUS)","","","","","","https://sjobs.brassring.com/TGnewUI/Search/home/HomeWithPreLoad?PageType=JobDetails&partnerid=25771&siteid=5403&jobid=303342","prime",""
"BAE Systems","BrassRing","Mechanical Engineer - Principal","Engineering & Technology","","Greenlawn, NY","US (CONUS)","","","","","","https://sjobs.brassring.com/TGnewUI/Search/home/HomeWithPreLoad?PageType=JobDetails&partnerid=25771&siteid=5403&jobid=303089","prime",""
"BAE Systems","BrassRing","Senior Operations Program Manager","Project & Program Management","","Greenlawn, NY","US (CONUS)","","","","","","https://sjobs.brassring.com/TGnewUI/Search/home/HomeWithPreLoad?PageType=JobDetails&partnerid=25771&siteid=5403&jobid=300302","prime",""
