Company,ATS,Title,Field,Team,Location,Region,Employment,PayMin,PayMax,PayInterval,Education,URL
BAE Systems,Phenom,Software Engineering Lead (SWEL),Engineering & Technology,,"Huntsville, AL",US (CONUS),Full-time,,,,,https://sjobs.brassring.com/TGnewUI/Search/home/HomeWithPreLoad?PageType=JobDetails&partnerid=25771&siteid=5403&jobid=300062
BAE Systems,Phenom,Geospatial Data Scientist,Intelligence,,"Fort Gordon, GA",US (CONUS),Full-time,,,,,https://sjobs.brassring.com/TGnewUI/Search/home/HomeWithPreLoad?PageType=JobDetails&partnerid=25771&siteid=5403&jobid=294230
BAE Systems,Phenom,Radio Communication Systems Training Specialist,Engineering & Technology,,"Saint Inigoes, MD",US (CONUS),Full-time,,,,,https://sjobs.brassring.com/TGnewUI/Search/home/HomeWithPreLoad?PageType=JobDetails&partnerid=25771&siteid=5403&jobid=300255
BAE Systems,Phenom,Microwave Technician II Weekend Nights,Manufacturing & Maintenance,,"Nashua, NH",US (CONUS),Full-time,,,,,https://sjobs.brassring.com/TGnewUI/Search/home/HomeWithPreLoad?PageType=JobDetails&partnerid=25771&siteid=5403&jobid=299675
BAE Systems,Phenom,Windows Systems Administrator,Intelligence,,"Reston, VA",US (CONUS),Full-time,,,,,https://sjobs.brassring.com/TGnewUI/Search/home/HomeWithPreLoad?PageType=JobDetails&partnerid=25771&siteid=5403&jobid=299169
BAE Systems,Phenom,All Source ISR Analyst - Mid,Other Professionals,,"Quantico, VA",US (CONUS),Full-time,,,,,https://sjobs.brassring.com/TGnewUI/Search/home/HomeWithPreLoad?PageType=JobDetails&partnerid=25771&siteid=5403&jobid=300330
BAE Systems,Phenom,Technical Editor,Intelligence,,"Reston, VA",US (CONUS),Full-time,,,,,https://sjobs.brassring.com/TGnewUI/Search/home/HomeWithPreLoad?PageType=JobDetails&partnerid=25771&siteid=5403&jobid=299104
BAE Systems,Phenom,All Source Naval/Maritime/Naval Infantry Analyst - Mid,Other Professionals,,"Quantico, VA",US (CONUS),Full-time,,,,,https://sjobs.brassring.com/TGnewUI/Search/home/HomeWithPreLoad?PageType=JobDetails&partnerid=25771&siteid=5403&jobid=300332
BAE Systems,Phenom,Operations Program Manager II,Project & Program Management,,"Hudson, NH",US (CONUS),Full-time,,,,,https://sjobs.brassring.com/TGnewUI/Search/home/HomeWithPreLoad?PageType=JobDetails&partnerid=25771&siteid=5403&jobid=300544
BAE Systems,Phenom,Senior Principal II Engineer – FPGA Design - $20K Sign On Bonus,Engineering & Technology,,"Chantilly, VA",US (CONUS),Full-time,,,,,https://sjobs.brassring.com/TGnewUI/Search/home/HomeWithPreLoad?PageType=JobDetails&partnerid=25771&siteid=5403&jobid=298878
BAE Systems,Phenom,Principal Mechanical Engineer (Design/Analysis),Engineering & Technology,,"Nashua, NH",US (CONUS),Full-time,,,,,https://sjobs.brassring.com/TGnewUI/Search/home/HomeWithPreLoad?PageType=JobDetails&partnerid=25771&siteid=5403&jobid=300250
BAE Systems,Phenom,"Senior Mechanical Engineer, Production / Sustainment",Engineering & Technology,,"Nashua, NH",US (CONUS),Full-time,,,,,https://sjobs.brassring.com/TGnewUI/Search/home/HomeWithPreLoad?PageType=JobDetails&partnerid=25771&siteid=5403&jobid=300180
BAE Systems,Phenom,Senior Modeling and Simulations Software Developer,Engineering & Technology,,"Huntsville, AL",US (CONUS),Full-time,,,,,https://sjobs.brassring.com/TGnewUI/Search/home/HomeWithPreLoad?PageType=JobDetails&partnerid=25771&siteid=5403&jobid=300956
BAE Systems,Phenom,Engineer Senior Principal II – Ground Systems,Engineering & Technology,,"Boulder, CO",US (CONUS),Full-time,,,,,https://sjobs.brassring.com/TGnewUI/Search/home/HomeWithPreLoad?PageType=JobDetails&partnerid=25771&siteid=5403&jobid=300364
BAE Systems,Phenom,Manufacturing Engineer,Engineering & Technology,,"Anniston, AL",US (CONUS),Full-time,,,,,https://sjobs.brassring.com/TGnewUI/Search/home/HomeWithPreLoad?PageType=JobDetails&partnerid=25771&siteid=5403&jobid=300011
BAE Systems,Phenom,Geospatial Analyst - Expert,Intelligence,,"Fort Gordon, GA",US (CONUS),Full-time,,,,,https://sjobs.brassring.com/TGnewUI/Search/home/HomeWithPreLoad?PageType=JobDetails&partnerid=25771&siteid=5403&jobid=294228
BAE Systems,Phenom,Microwave Technician ll,Manufacturing & Maintenance,,"Nashua, NH",US (CONUS),Full-time,,,,,https://sjobs.brassring.com/TGnewUI/Search/home/HomeWithPreLoad?PageType=JobDetails&partnerid=25771&siteid=5403&jobid=300881
BAE Systems,Phenom,"Engineer Senior Principal – Systems – Guidance, Navigation, and Controls (GN&C)",Engineering & Technology,,"Boulder, CO",US (CONUS),Full-time,,,,,https://sjobs.brassring.com/TGnewUI/Search/home/HomeWithPreLoad?PageType=JobDetails&partnerid=25771&siteid=5403&jobid=299839
BAE Systems,Phenom,Project Engineer I - Power Systems,Engineering & Technology,,"Boulder, CO",US (CONUS),Full-time,,,,,https://sjobs.brassring.com/TGnewUI/Search/home/HomeWithPreLoad?PageType=JobDetails&partnerid=25771&siteid=5403&jobid=300222
BAE Systems,Phenom,Quality Analyst Drafter,Engineering & Technology,,"Hill AFB, UT",US (CONUS),Full-time,,,,,https://sjobs.brassring.com/TGnewUI/Search/home/HomeWithPreLoad?PageType=JobDetails&partnerid=25771&siteid=5403&jobid=299613
BAE Systems,Phenom,Microwave Technician II - Weekend Shift,Manufacturing & Maintenance,,"Nashua, NH",US (CONUS),Full-time,,,,,https://sjobs.brassring.com/TGnewUI/Search/home/HomeWithPreLoad?PageType=JobDetails&partnerid=25771&siteid=5403&jobid=299846
BAE Systems,Phenom,Flight Test Engineering Analyst/Manager,Engineering & Technology,,"Hill AFB, UT",US (CONUS),Full-time,,,,,https://sjobs.brassring.com/TGnewUI/Search/home/HomeWithPreLoad?PageType=JobDetails&partnerid=25771&siteid=5403&jobid=299698
BAE Systems,Phenom,Senior FPGA Verification Engineer - $30K Sign On Bonus,Engineering & Technology,,"Westminster, CO",US (CONUS),Full-time,,,,,https://sjobs.brassring.com/TGnewUI/Search/home/HomeWithPreLoad?PageType=JobDetails&partnerid=25771&siteid=5403&jobid=300256
BAE Systems,Phenom,Targeting Analyst - Senior,Intelligence,,"Springfield, VA",US (CONUS),Full-time,,,,,https://sjobs.brassring.com/TGnewUI/Search/home/HomeWithPreLoad?PageType=JobDetails&partnerid=25771&siteid=5403&jobid=294227
BAE Systems,Phenom,Program Manager I,Project & Program Management,,"Fort Worth, TX",US (CONUS),Full-time,,,,,https://sjobs.brassring.com/TGnewUI/Search/home/HomeWithPreLoad?PageType=JobDetails&partnerid=25771&siteid=5403&jobid=300391
BAE Systems,Phenom,Machinery - Senior Labor Estimator,Finance & Accounting,,"San Diego, CA",US (CONUS),Full-time,,,,,https://sjobs.brassring.com/TGnewUI/Search/home/HomeWithPreLoad?PageType=JobDetails&partnerid=25771&siteid=5403&jobid=300985
BAE Systems,Phenom,Counterterrorism Watchlist Analyst - Junior and Mid-Level Open,Intelligence,,"McLean, VA",US (CONUS),Full-time,,,,,https://sjobs.brassring.com/TGnewUI/Search/home/HomeWithPreLoad?PageType=JobDetails&partnerid=25771&siteid=5403&jobid=299909
BAE Systems,Phenom,Electrical/Mechanical Technician (B1 Weekend),Manufacturing & Maintenance,,"Louisville, KY",US (CONUS),Full-time,,,,,https://sjobs.brassring.com/TGnewUI/Search/home/HomeWithPreLoad?PageType=JobDetails&partnerid=25771&siteid=5403&jobid=299513
BAE Systems,Phenom,CEMA Procurement Analyst II- Hybrid- Hudson/Austin,Supply Chain & Logistics,,"Hudson, NH",US (CONUS),Full-time,,,,,https://sjobs.brassring.com/TGnewUI/Search/home/HomeWithPreLoad?PageType=JobDetails&partnerid=25771&siteid=5403&jobid=300698
BAE Systems,Phenom,Senior Principal Engineer – Fault Management Systems Engineer-$10K Sign on Bonus,Engineering & Technology,,"Boulder, CO",US (CONUS),Full-time,,,,,https://sjobs.brassring.com/TGnewUI/Search/home/HomeWithPreLoad?PageType=JobDetails&partnerid=25771&siteid=5403&jobid=300299
BAE Systems,Phenom,IMINT Analyst - Expert,Intelligence,,"Fort Gordon, GA",US (CONUS),Full-time,,,,,https://sjobs.brassring.com/TGnewUI/Search/home/HomeWithPreLoad?PageType=JobDetails&partnerid=25771&siteid=5403&jobid=294177
BAE Systems,Phenom,Material Handler II,Supply Chain & Logistics,,"Phoenix, AZ",US (CONUS),Full-time,,,,,https://sjobs.brassring.com/TGnewUI/Search/home/HomeWithPreLoad?PageType=JobDetails&partnerid=25771&siteid=5403&jobid=300219
BAE Systems,Phenom,CNC MILLING OPERATOR 3,Manufacturing & Maintenance,,"Aiken, SC",US (CONUS),Full-time,,,,,https://sjobs.brassring.com/TGnewUI/Search/home/HomeWithPreLoad?PageType=JobDetails&partnerid=25771&siteid=5403&jobid=299724
BAE Systems,Phenom,Senior HUMINT Collection Manager,Intelligence,,"Fort Meade, MD",US (CONUS),Full-time,,,,,https://sjobs.brassring.com/TGnewUI/Search/home/HomeWithPreLoad?PageType=JobDetails&partnerid=25771&siteid=5403&jobid=300059
BAE Systems,Phenom,Submarine Products Welder & Fabricator - 2nd Shift,Manufacturing & Maintenance,,"Louisville, KY",US (CONUS),Full-time,,,,,https://sjobs.brassring.com/TGnewUI/Search/home/HomeWithPreLoad?PageType=JobDetails&partnerid=25771&siteid=5403&jobid=300762
BAE Systems,Phenom,Subcontracts Manager,Supply Chain & Logistics,,"Hudson, NH",US (CONUS),Full-time,,,,,https://sjobs.brassring.com/TGnewUI/Search/home/HomeWithPreLoad?PageType=JobDetails&partnerid=25771&siteid=5403&jobid=300523
BAE Systems,Phenom,Program Manager: EA-37B Compass Call,Project & Program Management,,"Hudson, NH",US (CONUS),Full-time,,,,,https://sjobs.brassring.com/TGnewUI/Search/home/HomeWithPreLoad?PageType=JobDetails&partnerid=25771&siteid=5403&jobid=299278
BAE Systems,Phenom,Sr. Director of Strategic Partnerships,Engineering & Technology,,"McLean, VA",US (CONUS),Full-time,,,,,https://sjobs.brassring.com/TGnewUI/Search/home/HomeWithPreLoad?PageType=JobDetails&partnerid=25771&siteid=5403&jobid=300214
BAE Systems,Phenom,Collection Manager - Mid,Other Professionals,,"Quantico, VA",US (CONUS),Full-time,,,,,https://sjobs.brassring.com/TGnewUI/Search/home/HomeWithPreLoad?PageType=JobDetails&partnerid=25771&siteid=5403&jobid=300335
BAE Systems,Phenom,Manufacturing Operations Program Manager I,Manufacturing & Maintenance,,"Westminster, CO",US (CONUS),Full-time,,,,,https://sjobs.brassring.com/TGnewUI/Search/home/HomeWithPreLoad?PageType=JobDetails&partnerid=25771&siteid=5403&jobid=301858
BAE Systems,Phenom,Category Manager - Mechanical Fabrication,Supply Chain & Logistics,,"Nashua, NH",US (CONUS),Full-time,,,,,https://sjobs.brassring.com/TGnewUI/Search/home/HomeWithPreLoad?PageType=JobDetails&partnerid=25771&siteid=5403&jobid=300871
BAE Systems,Phenom,Engineer II - Mission Operations Sustainment Systems Engineer,Engineering & Technology,,"Broomfield, CO",US (CONUS),Full-time,,,,,https://sjobs.brassring.com/TGnewUI/Search/home/HomeWithPreLoad?PageType=JobDetails&partnerid=25771&siteid=5403&jobid=298868
BAE Systems,Phenom,Chief Engineer,Engineering & Technology,,"Totowa, NJ",US (CONUS),Full-time,,,,,https://sjobs.brassring.com/TGnewUI/Search/home/HomeWithPreLoad?PageType=JobDetails&partnerid=25771&siteid=5403&jobid=298937
BAE Systems,Phenom,"Program Control Analyst II, AEWS (Hybrid)",Finance & Accounting,,"Nashua, NH",US (CONUS),Full-time,,,,,https://sjobs.brassring.com/TGnewUI/Search/home/HomeWithPreLoad?PageType=JobDetails&partnerid=25771&siteid=5403&jobid=299379
BAE Systems,Phenom,Engineer Senior Principal - FPGA Design - $20K Sign On Bonus,Engineering & Technology,,"Chantilly, VA",US (CONUS),Full-time,,,,,https://sjobs.brassring.com/TGnewUI/Search/home/HomeWithPreLoad?PageType=JobDetails&partnerid=25771&siteid=5403&jobid=298880
BAE Systems,Phenom,Full-stack Software Engineer I,Engineering & Technology,,"Nashua, NH",US (CONUS),Full-time,,,,,https://sjobs.brassring.com/TGnewUI/Search/home/HomeWithPreLoad?PageType=JobDetails&partnerid=25771&siteid=5403&jobid=299696
BAE Systems,Phenom,Weekend Days Test Engineer,Engineering & Technology,,"Nashua, NH",US (CONUS),Full-time,,,,,https://sjobs.brassring.com/TGnewUI/Search/home/HomeWithPreLoad?PageType=JobDetails&partnerid=25771&siteid=5403&jobid=299363
BAE Systems,Phenom,Senior Contract Administrator - Hybrid,Other Professionals,,"Merrimack, NH",US (CONUS),Full-time,,,,,https://sjobs.brassring.com/TGnewUI/Search/home/HomeWithPreLoad?PageType=JobDetails&partnerid=25771&siteid=5403&jobid=299054
BAE Systems,Phenom,Sr. Mechanical Engineer,Engineering & Technology,,"Louisville, KY",US (CONUS),Full-time,,,,,https://sjobs.brassring.com/TGnewUI/Search/home/HomeWithPreLoad?PageType=JobDetails&partnerid=25771&siteid=5403&jobid=299489
BAE Systems,Phenom,Project Engineer I - Electrical Harness,Project & Program Management,,"Westminster, CO",US (CONUS),Full-time,,,,,https://sjobs.brassring.com/TGnewUI/Search/home/HomeWithPreLoad?PageType=JobDetails&partnerid=25771&siteid=5403&jobid=299066
BAE Systems,Phenom,"Director, Capture Management","Business Development, Strategy & Planning",,"McLean, VA",US (CONUS),Full-time,,,,,https://sjobs.brassring.com/TGnewUI/Search/home/HomeWithPreLoad?PageType=JobDetails&partnerid=25771&siteid=5403&jobid=300087
BAE Systems,Phenom,Engineering Technician III (Cable Fabrication and Integration),Engineering & Technology,,"Chesapeake, VA",US (CONUS),Full-time,,,,,https://sjobs.brassring.com/TGnewUI/Search/home/HomeWithPreLoad?PageType=JobDetails&partnerid=25771&siteid=5403&jobid=299867
BAE Systems,Phenom,"Engineer Principal – Systems – Guidance, Navigation, and Controls (GN&C)",Engineering & Technology,,"Boulder, CO",US (CONUS),Full-time,,,,,https://sjobs.brassring.com/TGnewUI/Search/home/HomeWithPreLoad?PageType=JobDetails&partnerid=25771&siteid=5403&jobid=299838
BAE Systems,Phenom,Paint and Coatings Specialist,Manufacturing & Maintenance,,"Fort Walton Beach, FL",US (CONUS),Full-time,,,,,https://sjobs.brassring.com/TGnewUI/Search/home/HomeWithPreLoad?PageType=JobDetails&partnerid=25771&siteid=5403&jobid=299895
BAE Systems,Phenom,Senior Systems Test Engineer (Hybrid),Engineering & Technology,,"Wayne, NJ",US (CONUS),Full-time,,,,,https://sjobs.brassring.com/TGnewUI/Search/home/HomeWithPreLoad?PageType=JobDetails&partnerid=25771&siteid=5403&jobid=300503
BAE Systems,Phenom,"Manager I, Program Control",Finance & Accounting,,"Nashua, NH",US (CONUS),Full-time,,,,,https://sjobs.brassring.com/TGnewUI/Search/home/HomeWithPreLoad?PageType=JobDetails&partnerid=25771&siteid=5403&jobid=299868
BAE Systems,Phenom,Air Systems Analyst - Senior,Other Professionals,,"Quantico, VA",US (CONUS),Full-time,,,,,https://sjobs.brassring.com/TGnewUI/Search/home/HomeWithPreLoad?PageType=JobDetails&partnerid=25771&siteid=5403&jobid=300605
BAE Systems,Phenom,Principal Systems Engineer (Onsite),Engineering & Technology,,"Springfield, VA",US (CONUS),Full-time,,,,,https://sjobs.brassring.com/TGnewUI/Search/home/HomeWithPreLoad?PageType=JobDetails&partnerid=25771&siteid=5403&jobid=300732
BAE Systems,Phenom,Software Engineer Principal II,Engineering & Technology,,"Fort Meade, MD",US (CONUS),Full-time,,,,,https://sjobs.brassring.com/TGnewUI/Search/home/HomeWithPreLoad?PageType=JobDetails&partnerid=25771&siteid=5403&jobid=300478
BAE Systems,Phenom,Principal Power Systems Engineer - Sign on Bonus and Relocation,Engineering & Technology,,"Endicott, NY",US (CONUS),Full-time,,,,,https://sjobs.brassring.com/TGnewUI/Search/home/HomeWithPreLoad?PageType=JobDetails&partnerid=25771&siteid=5403&jobid=298047
BAE Systems,Phenom,Geospatial Data Scientist,Intelligence,,"Sterling, VA",US (CONUS),Full-time,,,,,https://sjobs.brassring.com/TGnewUI/Search/home/HomeWithPreLoad?PageType=JobDetails&partnerid=25771&siteid=5403&jobid=298856
BAE Systems,Phenom,Program Manager I - Air Transport (Development),Project & Program Management,,"Endicott, NY",US (CONUS),Full-time,,,,,https://sjobs.brassring.com/TGnewUI/Search/home/HomeWithPreLoad?PageType=JobDetails&partnerid=25771&siteid=5403&jobid=300186
BAE Systems,Phenom,BAE Systems - Principal Reliability Engineer,Engineering & Technology,,"Wayne, NJ",US (CONUS),Full-time,,,,,https://sjobs.brassring.com/TGnewUI/Search/home/HomeWithPreLoad?PageType=JobDetails&partnerid=25771&siteid=5403&jobid=300675
BAE Systems,Phenom,Section Manager / Software Lead (Sign-on bonus available),Engineering & Technology,,"Nashua, NH",US (CONUS),Full-time,,,,,https://sjobs.brassring.com/TGnewUI/Search/home/HomeWithPreLoad?PageType=JobDetails&partnerid=25771&siteid=5403&jobid=298508
BAE Systems,Phenom,Procurement Analyst II,Supply Chain & Logistics,,"Nashua, NH",US (CONUS),Full-time,,,,,https://sjobs.brassring.com/TGnewUI/Search/home/HomeWithPreLoad?PageType=JobDetails&partnerid=25771&siteid=5403&jobid=300840
BAE Systems,Phenom,Principal Engineer - Full-Stack Ground Software Developer,Engineering & Technology,,"Fairborn, OH",US (CONUS),Full-time,,,,,https://sjobs.brassring.com/TGnewUI/Search/home/HomeWithPreLoad?PageType=JobDetails&partnerid=25771&siteid=5403&jobid=301166
BAE Systems,Phenom,Journeymen Pipefitter,Manufacturing & Maintenance,,"Norfolk, VA",US (CONUS),Full-time,,,,,https://sjobs.brassring.com/TGnewUI/Search/home/HomeWithPreLoad?PageType=JobDetails&partnerid=25771&siteid=5403&jobid=298613
BAE Systems,Phenom,Principal Manufacturing Engineer - Machining,Manufacturing & Maintenance,,"Louisville, KY",US (CONUS),Full-time,,,,,https://sjobs.brassring.com/TGnewUI/Search/home/HomeWithPreLoad?PageType=JobDetails&partnerid=25771&siteid=5403&jobid=301829
BAE Systems,Phenom,Business Development Director,"Business Development, Strategy & Planning",,"Sterling, VA",US (CONUS),Full-time,,,,,https://sjobs.brassring.com/TGnewUI/Search/home/HomeWithPreLoad?PageType=JobDetails&partnerid=25771&siteid=5403&jobid=299776
BAE Systems,Phenom,Cloud Developer/Software Engineer (Expert),Engineering & Technology,,"Herndon, VA",US (CONUS),Full-time,,,,,https://sjobs.brassring.com/TGnewUI/Search/home/HomeWithPreLoad?PageType=JobDetails&partnerid=25771&siteid=5403&jobid=301041
BAE Systems,Phenom,Experienced Software Engineer with Hardware Background (Hybrid),Engineering & Technology,,"Fort Worth, TX",US (CONUS),Full-time,,,,,https://sjobs.brassring.com/TGnewUI/Search/home/HomeWithPreLoad?PageType=JobDetails&partnerid=25771&siteid=5403&jobid=298220
BAE Systems,Phenom,2nd Shift - Customer Compliance Representative,Project & Program Management,,"Fort Wayne, IN",US (CONUS),Full-time,,,,,https://sjobs.brassring.com/TGnewUI/Search/home/HomeWithPreLoad?PageType=JobDetails&partnerid=25771&siteid=5403&jobid=299481
BAE Systems,Phenom,Engineer Senior - Electrical Hardware Lead,Engineering & Technology,,"Westminster, CO",US (CONUS),Full-time,,,,,https://sjobs.brassring.com/TGnewUI/Search/home/HomeWithPreLoad?PageType=JobDetails&partnerid=25771&siteid=5403&jobid=299657
BAE Systems,Phenom,Senior Operations Program Manager,Project & Program Management,,"Greenlawn, NY",US (CONUS),Full-time,,,,,https://sjobs.brassring.com/TGnewUI/Search/home/HomeWithPreLoad?PageType=JobDetails&partnerid=25771&siteid=5403&jobid=300302
BAE Systems,Phenom,Senior Systems Engineer,Engineering & Technology,,"Endicott, NY",US (CONUS),Full-time,,,,,https://sjobs.brassring.com/TGnewUI/Search/home/HomeWithPreLoad?PageType=JobDetails&partnerid=25771&siteid=5403&jobid=299230
BAE Systems,Phenom,Environmental Engineer II,Other Professionals,,"Radford, VA",US (CONUS),Full-time,,,,,https://sjobs.brassring.com/TGnewUI/Search/home/HomeWithPreLoad?PageType=JobDetails&partnerid=25771&siteid=5403&jobid=302232
BAE Systems,Phenom,Software Configuration Manager,Engineering & Technology,,"Nashua, NH",US (CONUS),Full-time,,,,,https://sjobs.brassring.com/TGnewUI/Search/home/HomeWithPreLoad?PageType=JobDetails&partnerid=25771&siteid=5403&jobid=302096
BAE Systems,Phenom,Program Planner,Project & Program Management,,"Nashua, NH",US (CONUS),Full-time,,,,,https://sjobs.brassring.com/TGnewUI/Search/home/HomeWithPreLoad?PageType=JobDetails&partnerid=25771&siteid=5403&jobid=302494
BAE Systems,Phenom,Program Quality Engineer | APKWS,Other Professionals,,"Hudson, NH",US (CONUS),Full-time,,,,,https://sjobs.brassring.com/TGnewUI/Search/home/HomeWithPreLoad?PageType=JobDetails&partnerid=25771&siteid=5403&jobid=301976
BAE Systems,Phenom,Engineering Section Lead - Signal Exploitation Capability Group,Engineering & Technology,,"Hudson, NH",US (CONUS),Full-time,,,,,https://sjobs.brassring.com/TGnewUI/Search/home/HomeWithPreLoad?PageType=JobDetails&partnerid=25771&siteid=5403&jobid=302063
BAE Systems,Phenom,Facilities Representative III – Custodial,Other Professionals,,"Broomfield, CO",US (CONUS),Full-time,,,,,https://sjobs.brassring.com/TGnewUI/Search/home/HomeWithPreLoad?PageType=JobDetails&partnerid=25771&siteid=5403&jobid=302559
BAE Systems,Phenom,Program Manager III,Project & Program Management,,"Louisville, KY",US (CONUS),Full-time,,,,,https://sjobs.brassring.com/TGnewUI/Search/home/HomeWithPreLoad?PageType=JobDetails&partnerid=25771&siteid=5403&jobid=302365
BAE Systems,Phenom,Manufacturing Technician,Manufacturing & Maintenance,,"Phoenix, AZ",US (CONUS),Full-time,,,,,https://sjobs.brassring.com/TGnewUI/Search/home/HomeWithPreLoad?PageType=JobDetails&partnerid=25771&siteid=5403&jobid=302412
BAE Systems,Phenom,Program Engineering Manager II,Engineering & Technology,,"Nashua, NH",US (CONUS),Full-time,,,,,https://sjobs.brassring.com/TGnewUI/Search/home/HomeWithPreLoad?PageType=JobDetails&partnerid=25771&siteid=5403&jobid=302218
BAE Systems,Phenom,Space Payload Prin Software Engineer - SIGN-ON BONUS,Engineering & Technology,,"Merrimack, NH",US (CONUS),Full-time,,,,,https://sjobs.brassring.com/TGnewUI/Search/home/HomeWithPreLoad?PageType=JobDetails&partnerid=25771&siteid=5403&jobid=300788
BAE Systems,Phenom,Electrical Engineering Technician,Manufacturing & Maintenance,,"Nashua, NH",US (CONUS),Full-time,,,,,https://sjobs.brassring.com/TGnewUI/Search/home/HomeWithPreLoad?PageType=JobDetails&partnerid=25771&siteid=5403&jobid=300843
BAE Systems,Phenom,Principal Software Engineer,Engineering & Technology,,"Hudson, NH",US (CONUS),Full-time,,,,,https://sjobs.brassring.com/TGnewUI/Search/home/HomeWithPreLoad?PageType=JobDetails&partnerid=25771&siteid=5403&jobid=300841
BAE Systems,Phenom,Air Systems Analyst - Mid,Other Professionals,,"Quantico, VA",US (CONUS),Full-time,,,,,https://sjobs.brassring.com/TGnewUI/Search/home/HomeWithPreLoad?PageType=JobDetails&partnerid=25771&siteid=5403&jobid=300323
BAE Systems,Phenom,Sr. Principal II Software Engineer,Engineering & Technology,,"Totowa, NJ",US (CONUS),Full-time,,,,,https://sjobs.brassring.com/TGnewUI/Search/home/HomeWithPreLoad?PageType=JobDetails&partnerid=25771&siteid=5403&jobid=299710
BAE Systems,Phenom,Sr Imagery Analyst- St Louis,Intelligence,,"St. Louis, MO",US (CONUS),Full-time,,,,,https://sjobs.brassring.com/TGnewUI/Search/home/HomeWithPreLoad?PageType=JobDetails&partnerid=25771&siteid=5403&jobid=301136
BAE Systems,Phenom,ISSO / ISSM AFGSC Task Force Detachment 11,Engineering & Technology,,"Malmstrom AFB, MT",US (CONUS),Full-time,,,,,https://sjobs.brassring.com/TGnewUI/Search/home/HomeWithPreLoad?PageType=JobDetails&partnerid=25771&siteid=5403&jobid=300613
BAE Systems,Phenom,"Deputy Director, Platform Engineering",Engineering & Technology,,"Merrimack, NH",US (CONUS),Full-time,,,,,https://sjobs.brassring.com/TGnewUI/Search/home/HomeWithPreLoad?PageType=JobDetails&partnerid=25771&siteid=5403&jobid=301772
BAE Systems,Phenom,Supplier Quality Engineer - Subcontracts & Special Processess,Other Professionals,,"Endicott, NY",US (CONUS),Full-time,,,,,https://sjobs.brassring.com/TGnewUI/Search/home/HomeWithPreLoad?PageType=JobDetails&partnerid=25771&siteid=5403&jobid=301276
BAE Systems,Phenom,Contract Administrator,Other Professionals,,"Greenlawn, NY",US (CONUS),Full-time,,,,,https://sjobs.brassring.com/TGnewUI/Search/home/HomeWithPreLoad?PageType=JobDetails&partnerid=25771&siteid=5403&jobid=302433
BAE Systems,Phenom,Space Payload Prin Software Engineer - SIGN-ON BONUS,Engineering & Technology,,"Manassas, VA",US (CONUS),Full-time,,,,,https://sjobs.brassring.com/TGnewUI/Search/home/HomeWithPreLoad?PageType=JobDetails&partnerid=25771&siteid=5403&jobid=300941
BAE Systems,Phenom,Test Technician III- 5k Sign on!,Engineering & Technology,,"Wayne, NJ",US (CONUS),Full-time,,,,,https://sjobs.brassring.com/TGnewUI/Search/home/HomeWithPreLoad?PageType=JobDetails&partnerid=25771&siteid=5403&jobid=299515
BAE Systems,Phenom,Automation Engineer,Engineering & Technology,,"Nashua, NH",US (CONUS),Full-time,,,,,https://sjobs.brassring.com/TGnewUI/Search/home/HomeWithPreLoad?PageType=JobDetails&partnerid=25771&siteid=5403&jobid=301847
BAE Systems,Phenom,"Electrical Engineering Coop (Spring/Summer 2027), Onsite",Engineering & Technology,,"Cedar Rapids, IA",US (CONUS),Full-time,,,,,https://sjobs.brassring.com/TGnewUI/Search/home/HomeWithPreLoad?PageType=JobDetails&partnerid=25771&siteid=5403&jobid=301761
BAE Systems,Phenom,Environmental Program Manager,Project & Program Management,,"Malmstrom AFB, MT",US (CONUS),Full-time,,,,,https://sjobs.brassring.com/TGnewUI/Search/home/HomeWithPreLoad?PageType=JobDetails&partnerid=25771&siteid=5403&jobid=302002
BAE Systems,Phenom,Technical Specialist I - Mechanical & Machining,Manufacturing & Maintenance,,"Boulder, CO",US (CONUS),Full-time,,,,,https://sjobs.brassring.com/TGnewUI/Search/home/HomeWithPreLoad?PageType=JobDetails&partnerid=25771&siteid=5403&jobid=302246
BAE Systems,Phenom,Imagery Analyst: St Louis,Intelligence,,"St. Louis, MO",US (CONUS),Full-time,,,,,https://sjobs.brassring.com/TGnewUI/Search/home/HomeWithPreLoad?PageType=JobDetails&partnerid=25771&siteid=5403&jobid=302924
BAE Systems,Phenom,Senior DevSecOps Engineer/Software Engineer,Engineering & Technology,,"Sterling, VA",US (CONUS),Full-time,,,,,https://sjobs.brassring.com/TGnewUI/Search/home/HomeWithPreLoad?PageType=JobDetails&partnerid=25771&siteid=5403&jobid=302027
BAE Systems,Phenom,PCB Design Engineering Section Lead,Engineering & Technology,,"Hudson, NH",US (CONUS),Full-time,,,,,https://sjobs.brassring.com/TGnewUI/Search/home/HomeWithPreLoad?PageType=JobDetails&partnerid=25771&siteid=5403&jobid=302682
BAE Systems,Phenom,Software Engineering Lead (Hybrid),Engineering & Technology,,"Hudson, NH",US (CONUS),Full-time,,,,,https://sjobs.brassring.com/TGnewUI/Search/home/HomeWithPreLoad?PageType=JobDetails&partnerid=25771&siteid=5403&jobid=299758
BAE Systems,Phenom,Import Export Analyst,Other Professionals,,"McLean, VA",US (CONUS),Full-time,,,,,https://sjobs.brassring.com/TGnewUI/Search/home/HomeWithPreLoad?PageType=JobDetails&partnerid=25771&siteid=5403&jobid=299409
BAE Systems,Phenom,Principal PCB Design Specialist,Engineering & Technology,,"Fort Wayne, IN",US (CONUS),Full-time,,,,,https://sjobs.brassring.com/TGnewUI/Search/home/HomeWithPreLoad?PageType=JobDetails&partnerid=25771&siteid=5403&jobid=299714
BAE Systems,Phenom,Principal Systems Engineer for Capital Projects,Engineering & Technology,,"Kingsport, TN",US (CONUS),Full-time,,,,,https://sjobs.brassring.com/TGnewUI/Search/home/HomeWithPreLoad?PageType=JobDetails&partnerid=25771&siteid=5403&jobid=299754
BAE Systems,Phenom,SCA Electronic Technician I (IFF Antenna Overhaul),Engineering & Technology,,"California, MD",US (CONUS),Full-time,,,,,https://sjobs.brassring.com/TGnewUI/Search/home/HomeWithPreLoad?PageType=JobDetails&partnerid=25771&siteid=5403&jobid=300184
BAE Systems,Phenom,Engineer Senior – RF Systems Analyst,Engineering & Technology,,"Boulder, CO",US (CONUS),Full-time,,,,,https://sjobs.brassring.com/TGnewUI/Search/home/HomeWithPreLoad?PageType=JobDetails&partnerid=25771&siteid=5403&jobid=299726
BAE Systems,Phenom,Senior Principal Power Electronics Circuit Design Engineer,Engineering & Technology,,"Endicott, NY",US (CONUS),Full-time,,,,,https://sjobs.brassring.com/TGnewUI/Search/home/HomeWithPreLoad?PageType=JobDetails&partnerid=25771&siteid=5403&jobid=299522
BAE Systems,Phenom,Network Engineer (Expert),Engineering & Technology,,"Sterling, VA",US (CONUS),Full-time,,,,,https://sjobs.brassring.com/TGnewUI/Search/home/HomeWithPreLoad?PageType=JobDetails&partnerid=25771&siteid=5403&jobid=300027
BAE Systems,Phenom,"Director, Government Relations",Other Professionals,,"Falls Church, VA",US (CONUS),Full-time,,,,,https://sjobs.brassring.com/TGnewUI/Search/home/HomeWithPreLoad?PageType=JobDetails&partnerid=25771&siteid=5403&jobid=300672
BAE Systems,Phenom,Senior Principal Program Control Analyst (Hybrid),Finance & Accounting,,"Manchester, NH",US (CONUS),Full-time,,,,,https://sjobs.brassring.com/TGnewUI/Search/home/HomeWithPreLoad?PageType=JobDetails&partnerid=25771&siteid=5403&jobid=301514
BAE Systems,Phenom,Production Hardware Engineering Lead,Engineering & Technology,,"Fort Wayne, IN",US (CONUS),Full-time,,,,,https://sjobs.brassring.com/TGnewUI/Search/home/HomeWithPreLoad?PageType=JobDetails&partnerid=25771&siteid=5403&jobid=301368
BAE Systems,Phenom,"Cyber Security, Information Systems Security Officer (ISSO) - Onsite",Other Professionals,,"Merrimack, NH",US (CONUS),Full-time,,,,,https://sjobs.brassring.com/TGnewUI/Search/home/HomeWithPreLoad?PageType=JobDetails&partnerid=25771&siteid=5403&jobid=301802
BAE Systems,Phenom,Office Manager / Business Ops Analyst,Other Professionals,,"Hill AFB, UT",US (CONUS),Full-time,,,,,https://sjobs.brassring.com/TGnewUI/Search/home/HomeWithPreLoad?PageType=JobDetails&partnerid=25771&siteid=5403&jobid=301084
BAE Systems,Phenom,RF Test Engineer,Manufacturing & Maintenance,,"Austin, TX",US (CONUS),Full-time,,,,,https://sjobs.brassring.com/TGnewUI/Search/home/HomeWithPreLoad?PageType=JobDetails&partnerid=25771&siteid=5403&jobid=301835
BAE Systems,Phenom,Senior Principal II Hardware Engineer - Hardware Development Lead,Engineering & Technology,,"Nashua, NH",US (CONUS),Full-time,,,,,https://sjobs.brassring.com/TGnewUI/Search/home/HomeWithPreLoad?PageType=JobDetails&partnerid=25771&siteid=5403&jobid=301098
BAE Systems,Phenom,Mechanical Engineer - Structural/Thermal Analysis,Engineering & Technology,,"Hudson, NH",US (CONUS),Full-time,,,,,https://sjobs.brassring.com/TGnewUI/Search/home/HomeWithPreLoad?PageType=JobDetails&partnerid=25771&siteid=5403&jobid=301187
BAE Systems,Phenom,Systems Engineering Manager (Hybrid),Engineering & Technology,,"Greenlawn, NY",US (CONUS),Full-time,,,,,https://sjobs.brassring.com/TGnewUI/Search/home/HomeWithPreLoad?PageType=JobDetails&partnerid=25771&siteid=5403&jobid=301445
BAE Systems,Phenom,Maritime Task Manager,Project & Program Management,,"Hudson, NH",US (CONUS),Full-time,,,,,https://sjobs.brassring.com/TGnewUI/Search/home/HomeWithPreLoad?PageType=JobDetails&partnerid=25771&siteid=5403&jobid=301068
BAE Systems,Phenom,HVAC Repair & Maintenance Technician,Manufacturing & Maintenance,,"Hudson, NH",US (CONUS),Full-time,,,,,https://sjobs.brassring.com/TGnewUI/Search/home/HomeWithPreLoad?PageType=JobDetails&partnerid=25771&siteid=5403&jobid=301018
BAE Systems,Phenom,Engineer Principal – Ground Systems,Engineering & Technology,,"Aurora, CO",US (CONUS),Full-time,,,,,https://sjobs.brassring.com/TGnewUI/Search/home/HomeWithPreLoad?PageType=JobDetails&partnerid=25771&siteid=5403&jobid=301493
BAE Systems,Phenom,Hardware Section Lead (People Manager and Technical Leader),Engineering & Technology,,"Austin, TX",US (CONUS),Full-time,,,,,https://sjobs.brassring.com/TGnewUI/Search/home/HomeWithPreLoad?PageType=JobDetails&partnerid=25771&siteid=5403&jobid=301155
BAE Systems,Phenom,FAST Labs - Software Engineer - All Levels - Secret,Engineering & Technology,,"Merrimack, NH",US (CONUS),Full-time,,,,,https://sjobs.brassring.com/TGnewUI/Search/home/HomeWithPreLoad?PageType=JobDetails&partnerid=25771&siteid=5403&jobid=301410
BAE Systems,Phenom,Systems Engineer (Expert),Engineering & Technology,,"Herndon, VA",US (CONUS),Full-time,,,,,https://sjobs.brassring.com/TGnewUI/Search/home/HomeWithPreLoad?PageType=JobDetails&partnerid=25771&siteid=5403&jobid=300834
BAE Systems,Phenom,Principal Optical Engineer - Airborne Payloads,Engineering & Technology,,"Westminster, CO",US (CONUS),Full-time,,,,,https://sjobs.brassring.com/TGnewUI/Search/home/HomeWithPreLoad?PageType=JobDetails&partnerid=25771&siteid=5403&jobid=301585
BAE Systems,Phenom,Senior Procurement & Logistics Analyst,Supply Chain & Logistics,,"Fort Wayne, IN",US (CONUS),Full-time,,,,,https://sjobs.brassring.com/TGnewUI/Search/home/HomeWithPreLoad?PageType=JobDetails&partnerid=25771&siteid=5403&jobid=301884
BAE Systems,Phenom,Eng Sr Prin - SW,Engineering & Technology,,"Nashua, NH",US (CONUS),Full-time,,,,,https://sjobs.brassring.com/TGnewUI/Search/home/HomeWithPreLoad?PageType=JobDetails&partnerid=25771&siteid=5403&jobid=301370
BAE Systems,Phenom,"Director II, IT Service Owner - HR & Communication Services",Engineering & Technology,,"Falls Church, VA",US (CONUS),Full-time,,,,,https://sjobs.brassring.com/TGnewUI/Search/home/HomeWithPreLoad?PageType=JobDetails&partnerid=25771&siteid=5403&jobid=302072
BAE Systems,Phenom,Senior Software Engineer - Backend Python,Engineering & Technology,,"Nashua, NH",US (CONUS),Full-time,,,,,https://sjobs.brassring.com/TGnewUI/Search/home/HomeWithPreLoad?PageType=JobDetails&partnerid=25771&siteid=5403&jobid=301857
BAE Systems,Phenom,Operations Program Manager II,Project & Program Management,,"Merrimack, NH",US (CONUS),Full-time,,,,,https://sjobs.brassring.com/TGnewUI/Search/home/HomeWithPreLoad?PageType=JobDetails&partnerid=25771&siteid=5403&jobid=300771
BAE Systems,Phenom,Principal Software Engineer – Production Support,Engineering & Technology,,"Nashua, NH",US (CONUS),Full-time,,,,,https://sjobs.brassring.com/TGnewUI/Search/home/HomeWithPreLoad?PageType=JobDetails&partnerid=25771&siteid=5403&jobid=301925
BAE Systems,Phenom,Modeling and Simulations Specialist,Engineering & Technology,,"Huntsville, AL",US (CONUS),Full-time,,,,,https://sjobs.brassring.com/TGnewUI/Search/home/HomeWithPreLoad?PageType=JobDetails&partnerid=25771&siteid=5403&jobid=300962
BAE Systems,Phenom,Engineering Governance and Process Director,Engineering & Technology,,"Merrimack, NH",US (CONUS),Full-time,,,,,https://sjobs.brassring.com/TGnewUI/Search/home/HomeWithPreLoad?PageType=JobDetails&partnerid=25771&siteid=5403&jobid=302284
BAE Systems,Phenom,Senior Component Engineer,Engineering & Technology,,"Fort Wayne, IN",US (CONUS),Full-time,,,,,https://sjobs.brassring.com/TGnewUI/Search/home/HomeWithPreLoad?PageType=JobDetails&partnerid=25771&siteid=5403&jobid=302228
BAE Systems,Phenom,CEMA Software Manager - Section Lead,Engineering & Technology,,"Hudson, NH",US (CONUS),Full-time,,,,,https://sjobs.brassring.com/TGnewUI/Search/home/HomeWithPreLoad?PageType=JobDetails&partnerid=25771&siteid=5403&jobid=302425
BAE Systems,Phenom,Electrical Engineering and Prototyping Lab Manager,Engineering & Technology,,"Maple Grove, MN",US (CONUS),Full-time,,,,,https://sjobs.brassring.com/TGnewUI/Search/home/HomeWithPreLoad?PageType=JobDetails&partnerid=25771&siteid=5403&jobid=300007
BAE Systems,Phenom,Zero Trust Architect (Expert),Engineering & Technology,,"Herndon, VA",US (CONUS),Full-time,,,,,https://sjobs.brassring.com/TGnewUI/Search/home/HomeWithPreLoad?PageType=JobDetails&partnerid=25771&siteid=5403&jobid=300696
BAE Systems,Phenom,Systems Engineering Discipline Manager,Engineering & Technology,,"Austin, TX",US (CONUS),Full-time,,,,,https://sjobs.brassring.com/TGnewUI/Search/home/HomeWithPreLoad?PageType=JobDetails&partnerid=25771&siteid=5403&jobid=299783
BAE Systems,Phenom,Principal Software Engineer (Sign-on bonus available),Engineering & Technology,,"Nashua, NH",US (CONUS),Full-time,,,,,https://sjobs.brassring.com/TGnewUI/Search/home/HomeWithPreLoad?PageType=JobDetails&partnerid=25771&siteid=5403&jobid=301811
BAE Systems,Phenom,Technical Manual Developer,Engineering & Technology,,"Hudson, NH",US (CONUS),Full-time,,,,,https://sjobs.brassring.com/TGnewUI/Search/home/HomeWithPreLoad?PageType=JobDetails&partnerid=25771&siteid=5403&jobid=300915
BAE Systems,Phenom,EW High Performance SE Group Lead,Engineering & Technology,,"Totowa, NJ",US (CONUS),Full-time,,,,,https://sjobs.brassring.com/TGnewUI/Search/home/HomeWithPreLoad?PageType=JobDetails&partnerid=25771&siteid=5403&jobid=302107
BAE Systems,Phenom,Systems Engineer II,Engineering & Technology,,"Hudson, NH",US (CONUS),Full-time,,,,,https://sjobs.brassring.com/TGnewUI/Search/home/HomeWithPreLoad?PageType=JobDetails&partnerid=25771&siteid=5403&jobid=302142
BAE Systems,Phenom,Systems Admin SR,Engineering & Technology,,"Merrimack, NH",US (CONUS),Full-time,,,,,https://sjobs.brassring.com/TGnewUI/Search/home/HomeWithPreLoad?PageType=JobDetails&partnerid=25771&siteid=5403&jobid=300789
BAE Systems,Phenom,Senior Systems Engineer (Onsite),Engineering & Technology,,"San Diego, CA",US (CONUS),Full-time,,,,,https://sjobs.brassring.com/TGnewUI/Search/home/HomeWithPreLoad?PageType=JobDetails&partnerid=25771&siteid=5403&jobid=301666
BAE Systems,Phenom,Supplier Quality Manager,Engineering & Technology,,"Austin, TX",US (CONUS),Full-time,,,,,https://sjobs.brassring.com/TGnewUI/Search/home/HomeWithPreLoad?PageType=JobDetails&partnerid=25771&siteid=5403&jobid=301986
BAE Systems,Phenom,Full Motion Video Analyst,Intelligence,,"Northern Virginia, VA",US (CONUS),Full-time,,,,,https://sjobs.brassring.com/TGnewUI/Search/home/HomeWithPreLoad?PageType=JobDetails&partnerid=25771&siteid=5403&jobid=299792
BAE Systems,Phenom,Sr. Contract Administrator - Hybrid,Other Professionals,,"Hudson, NH",US (CONUS),Full-time,,,,,https://sjobs.brassring.com/TGnewUI/Search/home/HomeWithPreLoad?PageType=JobDetails&partnerid=25771&siteid=5403&jobid=301915
BAE Systems,Phenom,Senior PWB Designer,Engineering & Technology,,"Endicott, NY",US (CONUS),Full-time,,,,,https://sjobs.brassring.com/TGnewUI/Search/home/HomeWithPreLoad?PageType=JobDetails&partnerid=25771&siteid=5403&jobid=301908
BAE Systems,Phenom,Java Software Engineer,Engineering & Technology,,"Annapolis Junction, MD",US (CONUS),Full-time,,,,,https://sjobs.brassring.com/TGnewUI/Search/home/HomeWithPreLoad?PageType=JobDetails&partnerid=25771&siteid=5403&jobid=301898
BAE Systems,Phenom,Weapons Systems Analyst - Mid,Other Professionals,,"Quantico, VA",US (CONUS),Full-time,,,,,https://sjobs.brassring.com/TGnewUI/Search/home/HomeWithPreLoad?PageType=JobDetails&partnerid=25771&siteid=5403&jobid=300327
BAE Systems,Phenom,Operations Program Manager I,Project & Program Management,,"Nashua, NH",US (CONUS),Full-time,,,,,https://sjobs.brassring.com/TGnewUI/Search/home/HomeWithPreLoad?PageType=JobDetails&partnerid=25771&siteid=5403&jobid=300249
BAE Systems,Phenom,DNS & Infrastructure Engineer (Senior),Engineering & Technology,,"Herndon, VA",US (CONUS),Full-time,,,,,https://sjobs.brassring.com/TGnewUI/Search/home/HomeWithPreLoad?PageType=JobDetails&partnerid=25771&siteid=5403&jobid=300162
BAE Systems,Phenom,Senior Contracts Admin - Hybrid,Other Professionals,,"Manchester, NH",US (CONUS),Full-time,,,,,https://sjobs.brassring.com/TGnewUI/Search/home/HomeWithPreLoad?PageType=JobDetails&partnerid=25771&siteid=5403&jobid=300490
BAE Systems,Phenom,Operations Master Scheduler - MRO,Manufacturing & Maintenance,,"Fort Wayne, IN",US (CONUS),Full-time,,,,,https://sjobs.brassring.com/TGnewUI/Search/home/HomeWithPreLoad?PageType=JobDetails&partnerid=25771&siteid=5403&jobid=301834
BAE Systems,Phenom,Senior Platform/Infrastructure Systems Engineer (Citrix VDI focus),Engineering & Technology,,"Sterling, VA",US (CONUS),Full-time,,,,,https://sjobs.brassring.com/TGnewUI/Search/home/HomeWithPreLoad?PageType=JobDetails&partnerid=25771&siteid=5403&jobid=301011
BAE Systems,Phenom,Test Engineer II - Microwave,Engineering & Technology,,"Nashua, NH",US (CONUS),Full-time,,,,,https://sjobs.brassring.com/TGnewUI/Search/home/HomeWithPreLoad?PageType=JobDetails&partnerid=25771&siteid=5403&jobid=301435
BAE Systems,Phenom,Hardware Engineering Lead,Engineering & Technology,,"Endicott, NY",US (CONUS),Full-time,,,,,https://sjobs.brassring.com/TGnewUI/Search/home/HomeWithPreLoad?PageType=JobDetails&partnerid=25771&siteid=5403&jobid=301533
BAE Systems,Phenom,FAST Labs - Senior Principal II RF Systems Research Engineer ($10K Sign On Bonus),Engineering & Technology,,"Merrimack, NH",US (CONUS),Full-time,,,,,https://sjobs.brassring.com/TGnewUI/Search/home/HomeWithPreLoad?PageType=JobDetails&partnerid=25771&siteid=5403&jobid=302479
BAE Systems,Phenom,Software Engineer II,Engineering & Technology,,"Totowa, NJ",US (CONUS),Full-time,,,,,https://sjobs.brassring.com/TGnewUI/Search/home/HomeWithPreLoad?PageType=JobDetails&partnerid=25771&siteid=5403&jobid=301301
BAE Systems,Phenom,Principal Software Engineer (MS&A),Engineering & Technology,,"Hill AFB, UT",US (CONUS),Full-time,,,,,https://sjobs.brassring.com/TGnewUI/Search/home/HomeWithPreLoad?PageType=JobDetails&partnerid=25771&siteid=5403&jobid=301364
BAE Systems,Phenom,Rigging Supervisor,Manufacturing & Maintenance,,"Norfolk, VA",US (CONUS),Full-time,,,,,https://sjobs.brassring.com/TGnewUI/Search/home/HomeWithPreLoad?PageType=JobDetails&partnerid=25771&siteid=5403&jobid=301045
BAE Systems,Phenom,Pr. Subcontracts Administrator,Supply Chain & Logistics,,"Merrimack, NH",US (CONUS),Full-time,,,,,https://sjobs.brassring.com/TGnewUI/Search/home/HomeWithPreLoad?PageType=JobDetails&partnerid=25771&siteid=5403&jobid=301268
BAE Systems,Phenom,F-35 Production Task Manager,Project & Program Management,,"Nashua, NH",US (CONUS),Full-time,,,,,https://sjobs.brassring.com/TGnewUI/Search/home/HomeWithPreLoad?PageType=JobDetails&partnerid=25771&siteid=5403&jobid=302731
BAE Systems,Phenom,Undersea Programs Manager,Project & Program Management,,"Hudson, NH",US (CONUS),Full-time,,,,,https://sjobs.brassring.com/TGnewUI/Search/home/HomeWithPreLoad?PageType=JobDetails&partnerid=25771&siteid=5403&jobid=301062
BAE Systems,Phenom,Principal Electrical Engineer (Sign On Bonus Available),Engineering & Technology,,"Nashua, NH",US (CONUS),Full-time,,,,,https://sjobs.brassring.com/TGnewUI/Search/home/HomeWithPreLoad?PageType=JobDetails&partnerid=25771&siteid=5403&jobid=302285
BAE Systems,Phenom,Master Black Belt Shainin Red X,Engineering & Technology,,"Aiken, SC",US (CONUS),Full-time,,,,,https://sjobs.brassring.com/TGnewUI/Search/home/HomeWithPreLoad?PageType=JobDetails&partnerid=25771&siteid=5403&jobid=301175
BAE Systems,Phenom,Network Engineer (SME),Engineering & Technology,,"Herndon, VA",US (CONUS),Full-time,,,,,https://sjobs.brassring.com/TGnewUI/Search/home/HomeWithPreLoad?PageType=JobDetails&partnerid=25771&siteid=5403&jobid=302259
BAE Systems,Phenom,Lead Modeling and Simulations Software Developer,Engineering & Technology,,"Huntsville, AL",US (CONUS),Full-time,,,,,https://sjobs.brassring.com/TGnewUI/Search/home/HomeWithPreLoad?PageType=JobDetails&partnerid=25771&siteid=5403&jobid=301090
BAE Systems,Phenom,Finance Manager I - AEWS (Hybrid),Finance & Accounting,,"Nashua, NH",US (CONUS),Full-time,,,,,https://sjobs.brassring.com/TGnewUI/Search/home/HomeWithPreLoad?PageType=JobDetails&partnerid=25771&siteid=5403&jobid=302520
BAE Systems,Phenom,Systems Engineer (Onsite),Engineering & Technology,,"Nashua, NH",US (CONUS),Full-time,,,,,https://sjobs.brassring.com/TGnewUI/Search/home/HomeWithPreLoad?PageType=JobDetails&partnerid=25771&siteid=5403&jobid=301330
BAE Systems,Phenom,"Finance Manager, Independent Cost Evaluation (ICE) (Hybrid)",Finance & Accounting,,"Nashua, NH",US (CONUS),Full-time,,,,,https://sjobs.brassring.com/TGnewUI/Search/home/HomeWithPreLoad?PageType=JobDetails&partnerid=25771&siteid=5403&jobid=300569
BAE Systems,Phenom,Program Controls Manager,Project & Program Management,,"Mount Laurel, NJ",US (CONUS),Full-time,,,,,https://sjobs.brassring.com/TGnewUI/Search/home/HomeWithPreLoad?PageType=JobDetails&partnerid=25771&siteid=5403&jobid=302229
BAE Systems,Phenom,Engineer Senior Principal – Systems,Engineering & Technology,,"Broomfield, CO",US (CONUS),Full-time,,,,,https://sjobs.brassring.com/TGnewUI/Search/home/HomeWithPreLoad?PageType=JobDetails&partnerid=25771&siteid=5403&jobid=299068
BAE Systems,Phenom,Engineer II - Mission Operations Sustainment Systems Engineer-10k Sign-On Bonus,Engineering & Technology,,"Broomfield, CO",US (CONUS),Full-time,,,,,https://sjobs.brassring.com/TGnewUI/Search/home/HomeWithPreLoad?PageType=JobDetails&partnerid=25771&siteid=5403&jobid=298699
BAE Systems,Phenom,"Sr Principal Program Planner, (Hybrid Preferred, Remote Considered) - Award Contingent",Project & Program Management,,"Nashua, NH",US (CONUS),Full-time,,,,,https://sjobs.brassring.com/TGnewUI/Search/home/HomeWithPreLoad?PageType=JobDetails&partnerid=25771&siteid=5403&jobid=301714
BAE Systems,Phenom,Disclosure Representative (FDO),Intelligence,,"Reston, VA",US (CONUS),Full-time,,,,,https://sjobs.brassring.com/TGnewUI/Search/home/HomeWithPreLoad?PageType=JobDetails&partnerid=25771&siteid=5403&jobid=293315
BAE Systems,Phenom,Senior SAR Imagery Analyst / Scientist,Intelligence,,"Sterling, VA",US (CONUS),Full-time,,,,,https://sjobs.brassring.com/TGnewUI/Search/home/HomeWithPreLoad?PageType=JobDetails&partnerid=25771&siteid=5403&jobid=298846
BAE Systems,Phenom,APKWS Program Engineering Manager II,Engineering & Technology,,"Hudson, NH",US (CONUS),Full-time,,,,,https://sjobs.brassring.com/TGnewUI/Search/home/HomeWithPreLoad?PageType=JobDetails&partnerid=25771&siteid=5403&jobid=301702
BAE Systems,Phenom,Lead Engineer,Engineering & Technology,,"Fort Worth, TX",US (CONUS),Full-time,,,,,https://sjobs.brassring.com/TGnewUI/Search/home/HomeWithPreLoad?PageType=JobDetails&partnerid=25771&siteid=5403&jobid=300101
BAE Systems,Phenom,1st Class Handyperson,Manufacturing & Maintenance,,"Norfolk, VA",US (CONUS),Full-time,,,,,https://sjobs.brassring.com/TGnewUI/Search/home/HomeWithPreLoad?PageType=JobDetails&partnerid=25771&siteid=5403&jobid=301877
BAE Systems,Phenom,Microwave Technician II - Weekend Night Shift,Manufacturing & Maintenance,,"Nashua, NH",US (CONUS),Full-time,,,,,https://sjobs.brassring.com/TGnewUI/Search/home/HomeWithPreLoad?PageType=JobDetails&partnerid=25771&siteid=5403&jobid=298833
BAE Systems,Phenom,Alternate Contractor Special Security Officer (ACSSO),Other Professionals,,"San Diego, CA",US (CONUS),Full-time,,,,,https://sjobs.brassring.com/TGnewUI/Search/home/HomeWithPreLoad?PageType=JobDetails&partnerid=25771&siteid=5403&jobid=301246
BAE Systems,Phenom,Senior Software Engineer,Engineering & Technology,,"Endicott, NY",US (CONUS),Full-time,,,,,https://sjobs.brassring.com/TGnewUI/Search/home/HomeWithPreLoad?PageType=JobDetails&partnerid=25771&siteid=5403&jobid=301297
BAE Systems,Phenom,Chemical Engineering Co-Op Student - Year Round,Manufacturing & Maintenance,,"Kingsport, TN",US (CONUS),Full-time,,,,,https://sjobs.brassring.com/TGnewUI/Search/home/HomeWithPreLoad?PageType=JobDetails&partnerid=25771&siteid=5403&jobid=301243
BAE Systems,Phenom,Finance Leadership Development Program - AMS - New Hampshire (Onsite),Finance & Accounting,,"Nashua, NH",US (CONUS),Full-time,,,,,https://sjobs.brassring.com/TGnewUI/Search/home/HomeWithPreLoad?PageType=JobDetails&partnerid=25771&siteid=5403&jobid=302355
BAE Systems,Phenom,Principal Quality Program Engineer,Engineering & Technology,,"Westminster, CO",US (CONUS),Full-time,,,,,https://sjobs.brassring.com/TGnewUI/Search/home/HomeWithPreLoad?PageType=JobDetails&partnerid=25771&siteid=5403&jobid=302116
BAE Systems,Phenom,Windows Systems Administrator II,Engineering & Technology,,"Broomfield, CO",US (CONUS),Full-time,,,,,https://sjobs.brassring.com/TGnewUI/Search/home/HomeWithPreLoad?PageType=JobDetails&partnerid=25771&siteid=5403&jobid=301019
BAE Systems,Phenom,Engineer I – Multi Layer Insulation (MLI),Engineering & Technology,,"Boulder, CO",US (CONUS),Full-time,,,,,https://sjobs.brassring.com/TGnewUI/Search/home/HomeWithPreLoad?PageType=JobDetails&partnerid=25771&siteid=5403&jobid=302516
BAE Systems,Phenom,Future Payloads Electrical Engineer,Engineering & Technology,,"Hill AFB, UT",US (CONUS),Full-time,,,,,https://sjobs.brassring.com/TGnewUI/Search/home/HomeWithPreLoad?PageType=JobDetails&partnerid=25771&siteid=5403&jobid=302693
BAE Systems,Phenom,"Director, Leadership & Change Communications",Other Professionals,,"Falls Church, VA",US (CONUS),Full-time,,,,,https://sjobs.brassring.com/TGnewUI/Search/home/HomeWithPreLoad?PageType=JobDetails&partnerid=25771&siteid=5403&jobid=301574
BAE Systems,Phenom,Sr. Computer Hardware Engineer,Engineering & Technology,,"Rome, NY",US (CONUS),Full-time,,,,,https://sjobs.brassring.com/TGnewUI/Search/home/HomeWithPreLoad?PageType=JobDetails&partnerid=25771&siteid=5403&jobid=301012
BAE Systems,Phenom,Logistics Analyst,Engineering & Technology,,"Endicott, NY",US (CONUS),Full-time,,,,,https://sjobs.brassring.com/TGnewUI/Search/home/HomeWithPreLoad?PageType=JobDetails&partnerid=25771&siteid=5403&jobid=300968
BAE Systems,Phenom,Software Engineering Lead / Subject Matter Expert for Space Payloads - SIGN-ON BONUS,Engineering & Technology,,"Merrimack, NH",US (CONUS),Full-time,,,,,https://sjobs.brassring.com/TGnewUI/Search/home/HomeWithPreLoad?PageType=JobDetails&partnerid=25771&siteid=5403&jobid=302382
BAE Systems,Phenom,Environmental Manager,Other Professionals,,"San Diego, CA",US (CONUS),Full-time,,,,,https://sjobs.brassring.com/TGnewUI/Search/home/HomeWithPreLoad?PageType=JobDetails&partnerid=25771&siteid=5403&jobid=298883
BAE Systems,Phenom,Senior Director of Operations,Manufacturing & Maintenance,,"Hudson, NH",US (CONUS),Full-time,,,,,https://sjobs.brassring.com/TGnewUI/Search/home/HomeWithPreLoad?PageType=JobDetails&partnerid=25771&siteid=5403&jobid=301977
BAE Systems,Phenom,CNC Machinist,Manufacturing & Maintenance,,"Fort Walton Beach, FL",US (CONUS),Full-time,,,,,https://sjobs.brassring.com/TGnewUI/Search/home/HomeWithPreLoad?PageType=JobDetails&partnerid=25771&siteid=5403&jobid=298989
BAE Systems,Phenom,Senior Program Quality Engineer,Engineering & Technology,,"Merrimack, NH",US (CONUS),Full-time,,,,,https://sjobs.brassring.com/TGnewUI/Search/home/HomeWithPreLoad?PageType=JobDetails&partnerid=25771&siteid=5403&jobid=301467
BAE Systems,Phenom,FAST Labs - Senior Systems Engineer ($20K Sign On Bonus),Engineering & Technology,,"Merrimack, NH",US (CONUS),Full-time,,,,,https://sjobs.brassring.com/TGnewUI/Search/home/HomeWithPreLoad?PageType=JobDetails&partnerid=25771&siteid=5403&jobid=302480
BAE Systems,Phenom,Hardware Engineering Intern,Engineering & Technology,,"Manassas, VA",US (CONUS),Full-time,,,,,https://sjobs.brassring.com/TGnewUI/Search/home/HomeWithPreLoad?PageType=JobDetails&partnerid=25771&siteid=5403&jobid=302790
BAE Systems,Phenom,Senior Electrical Engineer,Engineering & Technology,,"Cedar Rapids, IA",US (CONUS),Full-time,,,,,https://sjobs.brassring.com/TGnewUI/Search/home/HomeWithPreLoad?PageType=JobDetails&partnerid=25771&siteid=5403&jobid=297011
BAE Systems,Phenom,Mechanical Tech V,Engineering & Technology,,"Nashua, NH",US (CONUS),Full-time,,,,,https://sjobs.brassring.com/TGnewUI/Search/home/HomeWithPreLoad?PageType=JobDetails&partnerid=25771&siteid=5403&jobid=301745
BAE Systems,Phenom,SAR Imagery Analyst / Scientist (mid-level),Intelligence,,"Sterling, VA",US (CONUS),Full-time,,,,,https://sjobs.brassring.com/TGnewUI/Search/home/HomeWithPreLoad?PageType=JobDetails&partnerid=25771&siteid=5403&jobid=298847
BAE Systems,Phenom,Senior Engineering Manager,Engineering & Technology,,"Sterling, VA",US (CONUS),Full-time,,,,,https://sjobs.brassring.com/TGnewUI/Search/home/HomeWithPreLoad?PageType=JobDetails&partnerid=25771&siteid=5403&jobid=299294
BAE Systems,Phenom,Program Manager III - Software Programs of Record (CONTINGENT),Project & Program Management,,"WP AFB, OH",US (CONUS),Full-time,,,,,https://sjobs.brassring.com/TGnewUI/Search/home/HomeWithPreLoad?PageType=JobDetails&partnerid=25771&siteid=5403&jobid=299496
BAE Systems,Phenom,Program Quality Engineer II,Engineering & Technology,,"Nashua, NH",US (CONUS),Full-time,,,,,https://sjobs.brassring.com/TGnewUI/Search/home/HomeWithPreLoad?PageType=JobDetails&partnerid=25771&siteid=5403&jobid=301499
BAE Systems,Phenom,Microelectronics Applications Engineering Manager,Engineering & Technology,,"Nashua, NH",US (CONUS),Full-time,,,,,https://sjobs.brassring.com/TGnewUI/Search/home/HomeWithPreLoad?PageType=JobDetails&partnerid=25771&siteid=5403&jobid=295096
BAE Systems,Phenom,Principal Energy Engineer,Other Professionals,,"Nashua, NH",US (CONUS),Full-time,,,,,https://sjobs.brassring.com/TGnewUI/Search/home/HomeWithPreLoad?PageType=JobDetails&partnerid=25771&siteid=5403&jobid=301147
BAE Systems,Phenom,Sentinel Mission Thread Lead,Engineering & Technology,,"Hill AFB, UT",US (CONUS),Full-time,,,,,https://sjobs.brassring.com/TGnewUI/Search/home/HomeWithPreLoad?PageType=JobDetails&partnerid=25771&siteid=5403&jobid=302057
BAE Systems,Phenom,Senior Embedded Software Security Engineer,Engineering & Technology,,"Totowa, NJ",US (CONUS),Full-time,,,,,https://sjobs.brassring.com/TGnewUI/Search/home/HomeWithPreLoad?PageType=JobDetails&partnerid=25771&siteid=5403&jobid=301237
BAE Systems,Phenom,FAST Labs - Senior Principal RF Systems Research Engineer ($10K Sign On Bonus),Engineering & Technology,,"Merrimack, NH",US (CONUS),Full-time,,,,,https://sjobs.brassring.com/TGnewUI/Search/home/HomeWithPreLoad?PageType=JobDetails&partnerid=25771&siteid=5403&jobid=302478
BAE Systems,Phenom,Electrical Assembler I,Manufacturing & Maintenance,,"Austin, TX",US (CONUS),Full-time,,,,,https://sjobs.brassring.com/TGnewUI/Search/home/HomeWithPreLoad?PageType=JobDetails&partnerid=25771&siteid=5403&jobid=301613
BAE Systems,Phenom,Systems Engineering Integration and Test (SEIT) Lead,Engineering & Technology,,"Nashua, NH",US (CONUS),Full-time,,,,,https://sjobs.brassring.com/TGnewUI/Search/home/HomeWithPreLoad?PageType=JobDetails&partnerid=25771&siteid=5403&jobid=298298
BAE Systems,Phenom,Product Line Integratioin Verification & Validation Lead Engineer,Engineering & Technology,,"Nashua, NH",US (CONUS),Full-time,,,,,https://sjobs.brassring.com/TGnewUI/Search/home/HomeWithPreLoad?PageType=JobDetails&partnerid=25771&siteid=5403&jobid=298586
BAE Systems,Phenom,Principal Compass Call Field Service Representative,Engineering & Technology,,"Waco, TX",US (CONUS),Full-time,,,,,https://sjobs.brassring.com/TGnewUI/Search/home/HomeWithPreLoad?PageType=JobDetails&partnerid=25771&siteid=5403&jobid=297040
BAE Systems,Phenom,FAST Labs - Senior Principal Engineer - EO/IR Systems ($10K Sign On Bonus),Engineering & Technology,,"Merrimack, NH",US (CONUS),Full-time,,,,,https://sjobs.brassring.com/TGnewUI/Search/home/HomeWithPreLoad?PageType=JobDetails&partnerid=25771&siteid=5403&jobid=302481
BAE Systems,Phenom,"Principal Mechanical Engineer, Development",Engineering & Technology,,"Merrimack, NH",US (CONUS),Full-time,,,,,https://sjobs.brassring.com/TGnewUI/Search/home/HomeWithPreLoad?PageType=JobDetails&partnerid=25771&siteid=5403&jobid=298480
BAE Systems,Phenom,Flight Test Engineer/Analyst,Engineering & Technology,,"Hill AFB, UT",US (CONUS),Full-time,,,,,https://sjobs.brassring.com/TGnewUI/Search/home/HomeWithPreLoad?PageType=JobDetails&partnerid=25771&siteid=5403&jobid=301930
BAE Systems,Phenom,SSBN Systems Engineer,Engineering & Technology,,"Rockville, MD",US (CONUS),Full-time,,,,,https://sjobs.brassring.com/TGnewUI/Search/home/HomeWithPreLoad?PageType=JobDetails&partnerid=25771&siteid=5403&jobid=301795
BAE Systems,Phenom,Strategic Factory Manager- Sign on bonus!,Manufacturing & Maintenance,,"Austin, TX",US (CONUS),Full-time,,,,,https://sjobs.brassring.com/TGnewUI/Search/home/HomeWithPreLoad?PageType=JobDetails&partnerid=25771&siteid=5403&jobid=299968
BAE Systems,Phenom,Sr Principal Software Engineer,Engineering & Technology,,"Nashua, NH",US (CONUS),Full-time,,,,,https://sjobs.brassring.com/TGnewUI/Search/home/HomeWithPreLoad?PageType=JobDetails&partnerid=25771&siteid=5403&jobid=301808
BAE Systems,Phenom,Test Tech II,Manufacturing & Maintenance,,"Austin, TX",US (CONUS),Full-time,,,,,https://sjobs.brassring.com/TGnewUI/Search/home/HomeWithPreLoad?PageType=JobDetails&partnerid=25771&siteid=5403&jobid=301610
BAE Systems,Phenom,Manager II - Capture Management - Tactical Mission Systems,"Business Development, Strategy & Planning",,"Westminster, CO",US (CONUS),Full-time,,,,,https://sjobs.brassring.com/TGnewUI/Search/home/HomeWithPreLoad?PageType=JobDetails&partnerid=25771&siteid=5403&jobid=298629
BAE Systems,Phenom,System Engineering Section Manager,Engineering & Technology,,"Totowa, NJ",US (CONUS),Full-time,,,,,https://sjobs.brassring.com/TGnewUI/Search/home/HomeWithPreLoad?PageType=JobDetails&partnerid=25771&siteid=5403&jobid=296592
BAE Systems,Phenom,Senior Principal Cyber Architect,Engineering & Technology,,"Hudson, NH",US (CONUS),Full-time,,,,,https://sjobs.brassring.com/TGnewUI/Search/home/HomeWithPreLoad?PageType=JobDetails&partnerid=25771&siteid=5403&jobid=300084
BAE Systems,Phenom,"Principal RF Test Software Engineer (Hybrid, Sign On Bonus Available)",Engineering & Technology,,"Nashua, NH",US (CONUS),Full-time,,,,,https://sjobs.brassring.com/TGnewUI/Search/home/HomeWithPreLoad?PageType=JobDetails&partnerid=25771&siteid=5403&jobid=299049
BAE Systems,Phenom,Lead Software Manager,Engineering & Technology,,"Nashua, NH",US (CONUS),Full-time,,,,,https://sjobs.brassring.com/TGnewUI/Search/home/HomeWithPreLoad?PageType=JobDetails&partnerid=25771&siteid=5403&jobid=300434
BAE Systems,Phenom,IMINT Analyst - Senior,Intelligence,,"Fort Gordon, GA",US (CONUS),Full-time,,,,,https://sjobs.brassring.com/TGnewUI/Search/home/HomeWithPreLoad?PageType=JobDetails&partnerid=25771&siteid=5403&jobid=294181
BAE Systems,Phenom,Principal Backplane Design Engineer - Hardware Engineering,Engineering & Technology,,"Nashua, NH",US (CONUS),Full-time,,,,,https://sjobs.brassring.com/TGnewUI/Search/home/HomeWithPreLoad?PageType=JobDetails&partnerid=25771&siteid=5403&jobid=300856
BAE Systems,Phenom,Senior Principal Hardware Design Engineer,Engineering & Technology,,"Austin, TX",US (CONUS),Full-time,,,,,https://sjobs.brassring.com/TGnewUI/Search/home/HomeWithPreLoad?PageType=JobDetails&partnerid=25771&siteid=5403&jobid=298888
BAE Systems,Phenom,"YRK USW Boring Mill / CNC Operator $34.22 + $1.25 shift differential ***$10,000 Sign on bonus***",Manufacturing & Maintenance,,"York, PA",US (CONUS),Full-time,,,,,https://sjobs.brassring.com/TGnewUI/Search/home/HomeWithPreLoad?PageType=JobDetails&partnerid=25771&siteid=5403&jobid=299055
BAE Systems,Phenom,Principal Laser Engineer,Engineering & Technology,,"Merrimack, NH",US (CONUS),Full-time,,,,,https://sjobs.brassring.com/TGnewUI/Search/home/HomeWithPreLoad?PageType=JobDetails&partnerid=25771&siteid=5403&jobid=295594
BAE Systems,Phenom,FAST Labs - Systems Engineer - All Levels,Engineering & Technology,,"Merrimack, NH",US (CONUS),Full-time,,,,,https://sjobs.brassring.com/TGnewUI/Search/home/HomeWithPreLoad?PageType=JobDetails&partnerid=25771&siteid=5403&jobid=300643
BAE Systems,Phenom,Sheet Metal Mechanic,Manufacturing & Maintenance,,"Norfolk, VA",US (CONUS),Full-time,,,,,https://sjobs.brassring.com/TGnewUI/Search/home/HomeWithPreLoad?PageType=JobDetails&partnerid=25771&siteid=5403&jobid=298706
BAE Systems,Phenom,Contracts Manager I,Other Professionals,,"Manchester, NH",US (CONUS),Full-time,,,,,https://sjobs.brassring.com/TGnewUI/Search/home/HomeWithPreLoad?PageType=JobDetails&partnerid=25771&siteid=5403&jobid=299018
BAE Systems,Phenom,Lead Infrastructure Engineer,Engineering & Technology,,"Sterling, VA",US (CONUS),Full-time,,,,,https://sjobs.brassring.com/TGnewUI/Search/home/HomeWithPreLoad?PageType=JobDetails&partnerid=25771&siteid=5403&jobid=296201
BAE Systems,Phenom,Principal Program Control Analyst (Hybrid),Finance & Accounting,,"Merrimack, NH",US (CONUS),Full-time,,,,,https://sjobs.brassring.com/TGnewUI/Search/home/HomeWithPreLoad?PageType=JobDetails&partnerid=25771&siteid=5403&jobid=300622
BAE Systems,Phenom,AMOC Senior Database Administrator,Engineering & Technology,,"March Air Reserve Base, CA",US (CONUS),Full-time,,,,,https://sjobs.brassring.com/TGnewUI/Search/home/HomeWithPreLoad?PageType=JobDetails&partnerid=25771&siteid=5403&jobid=295762
BAE Systems,Phenom,Customer Compliance Representative II,Project & Program Management,,"Fort Wayne, IN",US (CONUS),Full-time,,,,,https://sjobs.brassring.com/TGnewUI/Search/home/HomeWithPreLoad?PageType=JobDetails&partnerid=25771&siteid=5403&jobid=299479
BAE Systems,Phenom,Microwave Technician 8th Shift (Weekend Nights) - Bonding,Manufacturing & Maintenance,,"Nashua, NH",US (CONUS),Full-time,,,,,https://sjobs.brassring.com/TGnewUI/Search/home/HomeWithPreLoad?PageType=JobDetails&partnerid=25771&siteid=5403&jobid=296626
BAE Systems,Phenom,Senior Proposal Analyst,"Business Development, Strategy & Planning",,"York, PA",US (CONUS),Full-time,,,,,https://sjobs.brassring.com/TGnewUI/Search/home/HomeWithPreLoad?PageType=JobDetails&partnerid=25771&siteid=5403&jobid=301363
BAE Systems,Phenom,Contracts Manager II - Hybrid,Other Professionals,,"Manchester, NH",US (CONUS),Full-time,,,,,https://sjobs.brassring.com/TGnewUI/Search/home/HomeWithPreLoad?PageType=JobDetails&partnerid=25771&siteid=5403&jobid=301456
BAE Systems,Phenom,Program Engineering Manager I (ON-SITE),Engineering & Technology,,"Hudson, NH",US (CONUS),Full-time,,,,,https://sjobs.brassring.com/TGnewUI/Search/home/HomeWithPreLoad?PageType=JobDetails&partnerid=25771&siteid=5403&jobid=301938
BAE Systems,Phenom,Embedded Software Engineer – Hybrid Work Opportunity - Sign on bonus,Engineering & Technology,,"Austin, TX",US (CONUS),Full-time,,,,,https://sjobs.brassring.com/TGnewUI/Search/home/HomeWithPreLoad?PageType=JobDetails&partnerid=25771&siteid=5403&jobid=301455
BAE Systems,Phenom,Project Engineer I - Mechanical,Engineering & Technology,,"Boulder, CO",US (CONUS),Full-time,,,,,https://sjobs.brassring.com/TGnewUI/Search/home/HomeWithPreLoad?PageType=JobDetails&partnerid=25771&siteid=5403&jobid=301909
BAE Systems,Phenom,Mechanical Tech III 4th shift,Manufacturing & Maintenance,,"Nashua, NH",US (CONUS),Full-time,,,,,https://sjobs.brassring.com/TGnewUI/Search/home/HomeWithPreLoad?PageType=JobDetails&partnerid=25771&siteid=5403&jobid=301358
BAE Systems,Phenom,Cybersecurity Specialist,Intelligence,,"Reston, VA",US (CONUS),Full-time,,,,,https://sjobs.brassring.com/TGnewUI/Search/home/HomeWithPreLoad?PageType=JobDetails&partnerid=25771&siteid=5403&jobid=293308
BAE Systems,Phenom,Test TEchnican III 2nd Shift,Manufacturing & Maintenance,,"Nashua, NH",US (CONUS),Full-time,,,,,https://sjobs.brassring.com/TGnewUI/Search/home/HomeWithPreLoad?PageType=JobDetails&partnerid=25771&siteid=5403&jobid=301339
BAE Systems,Phenom,Principal Reliability Engineer,Engineering & Technology,,"Nashua, NH",US (CONUS),Full-time,,,,,https://sjobs.brassring.com/TGnewUI/Search/home/HomeWithPreLoad?PageType=JobDetails&partnerid=25771&siteid=5403&jobid=298971
BAE Systems,Phenom,Senior IT Program Manager,Project & Program Management,,"Fort Walton Beach, FL",US (CONUS),Full-time,,,,,https://sjobs.brassring.com/TGnewUI/Search/home/HomeWithPreLoad?PageType=JobDetails&partnerid=25771&siteid=5403&jobid=297018
BAE Systems,Phenom,GXP Sales Account Executive,"Business Development, Strategy & Planning",,"Reston, VA",US (CONUS),Full-time,,,,,https://sjobs.brassring.com/TGnewUI/Search/home/HomeWithPreLoad?PageType=JobDetails&partnerid=25771&siteid=5403&jobid=295287
BAE Systems,Phenom,Engineer Principal - Systems - Mission Operations Sustainment-10k Sign-On Bonus,Engineering & Technology,,"Broomfield, CO",US (CONUS),Full-time,,,,,https://sjobs.brassring.com/TGnewUI/Search/home/HomeWithPreLoad?PageType=JobDetails&partnerid=25771&siteid=5403&jobid=298702
BAE Systems,Phenom,Mechanical Engineering Manager / Section Lead,Engineering & Technology,,"Merrimack, NH",US (CONUS),Full-time,,,,,https://sjobs.brassring.com/TGnewUI/Search/home/HomeWithPreLoad?PageType=JobDetails&partnerid=25771&siteid=5403&jobid=300920
BAE Systems,Phenom,Subcontract Program Mgr I,Supply Chain & Logistics,,"Hudson, NH",US (CONUS),Full-time,,,,,https://sjobs.brassring.com/TGnewUI/Search/home/HomeWithPreLoad?PageType=JobDetails&partnerid=25771&siteid=5403&jobid=297833
BAE Systems,Phenom,Capture Manager IV - Capture Management - Tactical Mission Systems,"Business Development, Strategy & Planning",,"Westminster, CO",US (CONUS),Full-time,,,,,https://sjobs.brassring.com/TGnewUI/Search/home/HomeWithPreLoad?PageType=JobDetails&partnerid=25771&siteid=5403&jobid=298633
BAE Systems,Phenom,"Senior Digital Forensics Analyst ( Python, Splunk, Arcsight)",Engineering & Technology,,"Falls Church, VA",US (CONUS),Full-time,,,,,https://sjobs.brassring.com/TGnewUI/Search/home/HomeWithPreLoad?PageType=JobDetails&partnerid=25771&siteid=5403&jobid=298363
BAE Systems,Phenom,Product Test Engineer,Engineering & Technology,,"Fort Wayne, IN",US (CONUS),Full-time,,,,,https://sjobs.brassring.com/TGnewUI/Search/home/HomeWithPreLoad?PageType=JobDetails&partnerid=25771&siteid=5403&jobid=300576
BAE Systems,Phenom,OSINT Policy & Governance Specialist,Intelligence,,"Reston, VA",US (CONUS),Full-time,,,,,https://sjobs.brassring.com/TGnewUI/Search/home/HomeWithPreLoad?PageType=JobDetails&partnerid=25771&siteid=5403&jobid=293331
BAE Systems,Phenom,Embedded Software Engineer – Hybrid Work Opportunity - Sign on bonus,Engineering & Technology,,"Austin, TX",US (CONUS),Full-time,,,,,https://sjobs.brassring.com/TGnewUI/Search/home/HomeWithPreLoad?PageType=JobDetails&partnerid=25771&siteid=5403&jobid=296625
BAE Systems,Phenom,AMOC Senior Scientist,Engineering & Technology,,"March Air Reserve Base, CA",US (CONUS),Full-time,,,,,https://sjobs.brassring.com/TGnewUI/Search/home/HomeWithPreLoad?PageType=JobDetails&partnerid=25771&siteid=5403&jobid=295761
BAE Systems,Phenom,Microwave Technician II Weekend Nights,Manufacturing & Maintenance,,"Nashua, NH",US (CONUS),Full-time,,,,,https://sjobs.brassring.com/TGnewUI/Search/home/HomeWithPreLoad?PageType=JobDetails&partnerid=25771&siteid=5403&jobid=299532
BAE Systems,Phenom,Lead Mission & IT Architect,Intelligence,,"Reston, VA",US (CONUS),Full-time,,,,,https://sjobs.brassring.com/TGnewUI/Search/home/HomeWithPreLoad?PageType=JobDetails&partnerid=25771&siteid=5403&jobid=301331
BAE Systems,Phenom,Structural Maintenance Person (Carpenter) 2nd & 3rd shift **$34.22 + $1.25 Shift Differential**,Manufacturing & Maintenance,,"York, PA",US (CONUS),Full-time,,,,,https://sjobs.brassring.com/TGnewUI/Search/home/HomeWithPreLoad?PageType=JobDetails&partnerid=25771&siteid=5403&jobid=301384
BAE Systems,Phenom,Network Systems Engineer,Engineering & Technology,,"Chantilly, VA",US (CONUS),Full-time,,,,,https://sjobs.brassring.com/TGnewUI/Search/home/HomeWithPreLoad?PageType=JobDetails&partnerid=25771&siteid=5403&jobid=301470
BAE Systems,Phenom,Mechanical Assembler II,Manufacturing & Maintenance,,"Nashua, NH",US (CONUS),Full-time,,,,,https://sjobs.brassring.com/TGnewUI/Search/home/HomeWithPreLoad?PageType=JobDetails&partnerid=25771&siteid=5403&jobid=301337
BAE Systems,Phenom,Tech Project Manager (Fleet Support IFF Radar Systems),Project & Program Management,,"Saint Inigoes, MD",US (CONUS),Full-time,,,,,https://sjobs.brassring.com/TGnewUI/Search/home/HomeWithPreLoad?PageType=JobDetails&partnerid=25771&siteid=5403&jobid=301639
BAE Systems,Phenom,Subcontract Administrator II,Supply Chain & Logistics,,"Greenlawn, NY",US (CONUS),Full-time,,,,,https://sjobs.brassring.com/TGnewUI/Search/home/HomeWithPreLoad?PageType=JobDetails&partnerid=25771&siteid=5403&jobid=298991
BAE Systems,Phenom,Senior Principal Software Engineer,Engineering & Technology,,"Totowa, NJ",US (CONUS),Full-time,,,,,https://sjobs.brassring.com/TGnewUI/Search/home/HomeWithPreLoad?PageType=JobDetails&partnerid=25771&siteid=5403&jobid=300460
BAE Systems,Phenom,Manufacturing/Production Controller 3,Supply Chain & Logistics,,"Nashua, NH",US (CONUS),Full-time,,,,,https://sjobs.brassring.com/TGnewUI/Search/home/HomeWithPreLoad?PageType=JobDetails&partnerid=25771&siteid=5403&jobid=300940
BAE Systems,Phenom,Systems Engineer,Engineering & Technology,,"Nashua, NH",US (CONUS),Full-time,,,,,https://sjobs.brassring.com/TGnewUI/Search/home/HomeWithPreLoad?PageType=JobDetails&partnerid=25771&siteid=5403&jobid=298612
BAE Systems,Phenom,Senior Principal Program Quality NRE Lead – EPAWSS V2/TACAIR,Engineering & Technology,,"Nashua, NH",US (CONUS),Full-time,,,,,https://sjobs.brassring.com/TGnewUI/Search/home/HomeWithPreLoad?PageType=JobDetails&partnerid=25771&siteid=5403&jobid=299773
BAE Systems,Phenom,Program Engineering Manager II (ON-SITE),Engineering & Technology,,"Nashua, NH",US (CONUS),Full-time,,,,,https://sjobs.brassring.com/TGnewUI/Search/home/HomeWithPreLoad?PageType=JobDetails&partnerid=25771&siteid=5403&jobid=299136
BAE Systems,Phenom,Senior Supplier Quality Engineer,Engineering & Technology,,"York, PA",US (CONUS),Full-time,,,,,https://sjobs.brassring.com/TGnewUI/Search/home/HomeWithPreLoad?PageType=JobDetails&partnerid=25771&siteid=5403&jobid=301116
BAE Systems,Phenom,"Engineer Principal - Systems Test - Space Vehicle Assembly, Test and Launch Operations (AI&T / ATLO) - $15K Sign On Bonus",Engineering & Technology,,"Boulder, CO",US (CONUS),Full-time,,,,,https://sjobs.brassring.com/TGnewUI/Search/home/HomeWithPreLoad?PageType=JobDetails&partnerid=25771&siteid=5403&jobid=301572
BAE Systems,Phenom,Receiving Quality Inspector III,Other Professionals,,"Greenlawn, NY",US (CONUS),Full-time,,,,,https://sjobs.brassring.com/TGnewUI/Search/home/HomeWithPreLoad?PageType=JobDetails&partnerid=25771&siteid=5403&jobid=300339
BAE Systems,Phenom,Principal Systems Engineer,Engineering & Technology,,"Merrimack, NH",US (CONUS),Full-time,,,,,https://sjobs.brassring.com/TGnewUI/Search/home/HomeWithPreLoad?PageType=JobDetails&partnerid=25771&siteid=5403&jobid=302664
BAE Systems,Phenom,Linux Administrator,Engineering & Technology,,"Sterling, VA",US (CONUS),Full-time,,,,,https://sjobs.brassring.com/TGnewUI/Search/home/HomeWithPreLoad?PageType=JobDetails&partnerid=25771&siteid=5403&jobid=298365
BAE Systems,Phenom,Electro-Mechanical Technician-$2500 Sign on!,Manufacturing & Maintenance,,"Greenlawn, NY",US (CONUS),Full-time,,,,,https://sjobs.brassring.com/TGnewUI/Search/home/HomeWithPreLoad?PageType=JobDetails&partnerid=25771&siteid=5403&jobid=301238
BAE Systems,Phenom,NJBC F-35 Solution Program Engineering Manager I,Engineering & Technology,,"Totowa, NJ",US (CONUS),Full-time,,,,,https://sjobs.brassring.com/TGnewUI/Search/home/HomeWithPreLoad?PageType=JobDetails&partnerid=25771&siteid=5403&jobid=302004
BAE Systems,Phenom,Antenna/RCS Range Technician,Engineering & Technology,,"Greenlawn, NY",US (CONUS),Full-time,,,,,https://sjobs.brassring.com/TGnewUI/Search/home/HomeWithPreLoad?PageType=JobDetails&partnerid=25771&siteid=5403&jobid=297099
BAE Systems,Phenom,Targeting Analyst - Expert,Intelligence,,"Springfield, VA",US (CONUS),Full-time,,,,,https://sjobs.brassring.com/TGnewUI/Search/home/HomeWithPreLoad?PageType=JobDetails&partnerid=25771&siteid=5403&jobid=294225
BAE Systems,Phenom,Navy Air Traffic Control Systems Technician III/IV,Engineering & Technology,,"Saint Inigoes, MD",US (CONUS),Full-time,,,,,https://sjobs.brassring.com/TGnewUI/Search/home/HomeWithPreLoad?PageType=JobDetails&partnerid=25771&siteid=5403&jobid=294288
BAE Systems,Phenom,FMV Intelligence Analyst  - Training Offered,Intelligence,,"Northern Virginia, VA",US (CONUS),Full-time,,,,,https://sjobs.brassring.com/TGnewUI/Search/home/HomeWithPreLoad?PageType=JobDetails&partnerid=25771&siteid=5403&jobid=299393
BAE Systems,Phenom,Senior Principal Design Verification Engineer - FPGA - (Sign-on Bonus),Engineering & Technology,,"Nashua, NH",US (CONUS),Full-time,,,,,https://sjobs.brassring.com/TGnewUI/Search/home/HomeWithPreLoad?PageType=JobDetails&partnerid=25771&siteid=5403&jobid=299314
BAE Systems,Phenom,Electrician Journeyperson - 2nd Shift,Manufacturing & Maintenance,,"San Diego, CA",US (CONUS),Full-time,,,,,https://sjobs.brassring.com/TGnewUI/Search/home/HomeWithPreLoad?PageType=JobDetails&partnerid=25771&siteid=5403&jobid=299531
BAE Systems,Phenom,"Finance Leadership Development Program - ES - Endicott, NY (Hybrid)",Finance & Accounting,,"Endicott, NY",US (CONUS),Full-time,,,,,https://sjobs.brassring.com/TGnewUI/Search/home/HomeWithPreLoad?PageType=JobDetails&partnerid=25771&siteid=5403&jobid=301775
BAE Systems,Phenom,Engineer Senior - Signal & Image Processing,Engineering & Technology,,"WP AFB, OH",US (CONUS),Full-time,,,,,https://sjobs.brassring.com/TGnewUI/Search/home/HomeWithPreLoad?PageType=JobDetails&partnerid=25771&siteid=5403&jobid=298662
BAE Systems,Phenom,IMINT Analyst - Mid,Intelligence,,"Fort Gordon, GA",US (CONUS),Full-time,,,,,https://sjobs.brassring.com/TGnewUI/Search/home/HomeWithPreLoad?PageType=JobDetails&partnerid=25771&siteid=5403&jobid=294182
BAE Systems,Phenom,Welder II,Manufacturing & Maintenance,,"Aiken, SC",US (CONUS),Full-time,,,,,https://sjobs.brassring.com/TGnewUI/Search/home/HomeWithPreLoad?PageType=JobDetails&partnerid=25771&siteid=5403&jobid=291973
BAE Systems,Phenom,Senior Platform/Tier3 Engineer,Engineering & Technology,,"Sterling, VA",US (CONUS),Full-time,,,,,https://sjobs.brassring.com/TGnewUI/Search/home/HomeWithPreLoad?PageType=JobDetails&partnerid=25771&siteid=5403&jobid=299289
BAE Systems,Phenom,Microwave Test Technician Weekend Shift,Manufacturing & Maintenance,,"Nashua, NH",US (CONUS),Full-time,,,,,https://sjobs.brassring.com/TGnewUI/Search/home/HomeWithPreLoad?PageType=JobDetails&partnerid=25771&siteid=5403&jobid=300648
BAE Systems,Phenom,Technical Support Analyst I,Engineering & Technology,,"Reston, VA",US (CONUS),Full-time,,,,,https://sjobs.brassring.com/TGnewUI/Search/home/HomeWithPreLoad?PageType=JobDetails&partnerid=25771&siteid=5403&jobid=303362
BAE Systems,Phenom,Senior FPGA Design Engineer,Engineering & Technology,,"Nashua, NH",US (CONUS),Full-time,,,,,https://sjobs.brassring.com/TGnewUI/Search/home/HomeWithPreLoad?PageType=JobDetails&partnerid=25771&siteid=5403&jobid=298753
BAE Systems,Phenom,Senior Supplier Quality Engineer,Engineering & Technology,,"Anniston, AL",US (CONUS),Full-time,,,,,https://sjobs.brassring.com/TGnewUI/Search/home/HomeWithPreLoad?PageType=JobDetails&partnerid=25771&siteid=5403&jobid=299092
BAE Systems,Phenom,Senior Facilities Mechanical Engineer,Engineering & Technology,,"Broomfield, CO",US (CONUS),Full-time,,,,,https://sjobs.brassring.com/TGnewUI/Search/home/HomeWithPreLoad?PageType=JobDetails&partnerid=25771&siteid=5403&jobid=299506
BAE Systems,Phenom,Test Technician III- 20K Sign on! (1st & 2nd shifts),Manufacturing & Maintenance,,"Greenlawn, NY",US (CONUS),Full-time,,,,,https://sjobs.brassring.com/TGnewUI/Search/home/HomeWithPreLoad?PageType=JobDetails&partnerid=25771&siteid=5403&jobid=299876
BAE Systems,Phenom,2027 Co-Op (Spring-Summer or Summer-Fall) Electrical Engineer (onsite),Engineering & Technology,,"Cedar Rapids, IA",US (CONUS),Full-time,,,,,https://sjobs.brassring.com/TGnewUI/Search/home/HomeWithPreLoad?PageType=JobDetails&partnerid=25771&siteid=5403&jobid=299837
BAE Systems,Phenom,Microwave Technician ll 2nd Shift,Manufacturing & Maintenance,,"Nashua, NH",US (CONUS),Full-time,,,,,https://sjobs.brassring.com/TGnewUI/Search/home/HomeWithPreLoad?PageType=JobDetails&partnerid=25771&siteid=5403&jobid=300370
BAE Systems,Phenom,Principal Program Quality Engineer,Engineering & Technology,,"Nashua, NH",US (CONUS),Full-time,,,,,https://sjobs.brassring.com/TGnewUI/Search/home/HomeWithPreLoad?PageType=JobDetails&partnerid=25771&siteid=5403&jobid=298900
BAE Systems,Phenom,Electronic Support Measures Senior Principal Systems Engineer II - Functional Manager,Engineering & Technology,,"Totowa, NJ",US (CONUS),Full-time,,,,,https://sjobs.brassring.com/TGnewUI/Search/home/HomeWithPreLoad?PageType=JobDetails&partnerid=25771&siteid=5403&jobid=299212
BAE Systems,Phenom,Instructional Designer,Engineering & Technology,,"Annapolis Junction, MD",US (CONUS),Full-time,,,,,https://sjobs.brassring.com/TGnewUI/Search/home/HomeWithPreLoad?PageType=JobDetails&partnerid=25771&siteid=5403&jobid=300139
BAE Systems,Phenom,Mid-Level Language-Enabled OSINT Collector (NCR),Intelligence,,"Reston, VA",US (CONUS),Full-time,,,,,https://sjobs.brassring.com/TGnewUI/Search/home/HomeWithPreLoad?PageType=JobDetails&partnerid=25771&siteid=5403&jobid=299083
BAE Systems,Phenom,Program Quality Manager (F-22 Sustainment),Engineering & Technology,,"Merrimack, NH",US (CONUS),Full-time,,,,,https://sjobs.brassring.com/TGnewUI/Search/home/HomeWithPreLoad?PageType=JobDetails&partnerid=25771&siteid=5403&jobid=299442
BAE Systems,Phenom,Principal Program Quality Engineer,Engineering & Technology,,"Merrimack, NH",US (CONUS),Full-time,,,,,https://sjobs.brassring.com/TGnewUI/Search/home/HomeWithPreLoad?PageType=JobDetails&partnerid=25771&siteid=5403&jobid=300000
BAE Systems,Phenom,Systems Engineer – Airborne PNT,Engineering & Technology,,"Cedar Rapids, IA",US (CONUS),Full-time,,,,,https://sjobs.brassring.com/TGnewUI/Search/home/HomeWithPreLoad?PageType=JobDetails&partnerid=25771&siteid=5403&jobid=303371
BAE Systems,Phenom,Entry Level Software Engineer,Engineering & Technology,,"Hudson, NH",US (CONUS),Full-time,,,,,https://sjobs.brassring.com/TGnewUI/Search/home/HomeWithPreLoad?PageType=JobDetails&partnerid=25771&siteid=5403&jobid=303350
BAE Systems,Phenom,Sr. Principal Systems Engineer – Airborne PNT,Engineering & Technology,,"Cedar Rapids, IA",US (CONUS),Full-time,,,,,https://sjobs.brassring.com/TGnewUI/Search/home/HomeWithPreLoad?PageType=JobDetails&partnerid=25771&siteid=5403&jobid=303372
BAE Systems,Phenom,Engineer II – Ground Systems,Engineering & Technology,,"Aurora, CO",US (CONUS),Full-time,,,,,https://sjobs.brassring.com/TGnewUI/Search/home/HomeWithPreLoad?PageType=JobDetails&partnerid=25771&siteid=5403&jobid=301433
BAE Systems,Phenom,Electronics Test Technician- Warrior Integration Program,Engineering & Technology,,"Endicott, NY",US (CONUS),Full-time,,,,,https://sjobs.brassring.com/TGnewUI/Search/home/HomeWithPreLoad?PageType=JobDetails&partnerid=25771&siteid=5403&jobid=300240
BAE Systems,Phenom,Engineer II - RF Systems Analyst,Engineering & Technology,,"Broomfield, CO",US (CONUS),Full-time,,,,,https://sjobs.brassring.com/TGnewUI/Search/home/HomeWithPreLoad?PageType=JobDetails&partnerid=25771&siteid=5403&jobid=296645
BAE Systems,Phenom,Technical Specialist Senior,Engineering & Technology,,"Boulder, CO",US (CONUS),Full-time,,,,,https://sjobs.brassring.com/TGnewUI/Search/home/HomeWithPreLoad?PageType=JobDetails&partnerid=25771&siteid=5403&jobid=300564
BAE Systems,Phenom,Weekend Shift - Customer Compliance Representative II,Project & Program Management,,"Fort Wayne, IN",US (CONUS),Full-time,,,,,https://sjobs.brassring.com/TGnewUI/Search/home/HomeWithPreLoad?PageType=JobDetails&partnerid=25771&siteid=5403&jobid=299483
BAE Systems,Phenom,Intelligence FMV Analyst / Training Offered,Intelligence,,"Northern Virginia, VA",US (CONUS),Full-time,,,,,https://sjobs.brassring.com/TGnewUI/Search/home/HomeWithPreLoad?PageType=JobDetails&partnerid=25771&siteid=5403&jobid=300468
BAE Systems,Phenom,Test Technician III - Weekend Night Shift,Manufacturing & Maintenance,,"Nashua, NH",US (CONUS),Full-time,,,,,https://sjobs.brassring.com/TGnewUI/Search/home/HomeWithPreLoad?PageType=JobDetails&partnerid=25771&siteid=5403&jobid=300948
BAE Systems,Phenom,Quality Engineer,Other Professionals,,"Nashua, NH",US (CONUS),Full-time,,,,,https://sjobs.brassring.com/TGnewUI/Search/home/HomeWithPreLoad?PageType=JobDetails&partnerid=25771&siteid=5403&jobid=299310
BAE Systems,Phenom,Field Service Tech III,Engineering & Technology,,"Hudson, NH",US (CONUS),Full-time,,,,,https://sjobs.brassring.com/TGnewUI/Search/home/HomeWithPreLoad?PageType=JobDetails&partnerid=25771&siteid=5403&jobid=297187
BAE Systems,Phenom,SCA Engineering Technician III (Cable Assembly / Fabrication),Engineering & Technology,,"California, MD",US (CONUS),Full-time,,,,,https://sjobs.brassring.com/TGnewUI/Search/home/HomeWithPreLoad?PageType=JobDetails&partnerid=25771&siteid=5403&jobid=298008
BAE Systems,Phenom,Facilities Engineer Senior - Architect,Engineering & Technology,,"Broomfield, CO",US (CONUS),Full-time,,,,,https://sjobs.brassring.com/TGnewUI/Search/home/HomeWithPreLoad?PageType=JobDetails&partnerid=25771&siteid=5403&jobid=299507
BAE Systems,Phenom,Building Automation Technician IV,Engineering & Technology,,"Greenlawn, NY",US (CONUS),Full-time,,,,,https://sjobs.brassring.com/TGnewUI/Search/home/HomeWithPreLoad?PageType=JobDetails&partnerid=25771&siteid=5403&jobid=300546
BAE Systems,Phenom,Semiconductor Process Technician,Engineering & Technology,,"Nashua, NH",US (CONUS),Full-time,,,,,https://sjobs.brassring.com/TGnewUI/Search/home/HomeWithPreLoad?PageType=JobDetails&partnerid=25771&siteid=5403&jobid=297189
BAE Systems,Phenom,Engineer Senior - Launch Systems,Engineering & Technology,,"Boulder, CO",US (CONUS),Full-time,,,,,https://sjobs.brassring.com/TGnewUI/Search/home/HomeWithPreLoad?PageType=JobDetails&partnerid=25771&siteid=5403&jobid=301076
BAE Systems,Phenom,Systems Engineering Integration and Test (SEIT) Lead,Engineering & Technology,,"Nashua, NH",US (CONUS),Full-time,,,,,https://sjobs.brassring.com/TGnewUI/Search/home/HomeWithPreLoad?PageType=JobDetails&partnerid=25771&siteid=5403&jobid=299490
BAE Systems,Phenom,AMPV Fabrication Manufacturing Engineering Manager,Manufacturing & Maintenance,,"York, PA",US (CONUS),Full-time,,,,,https://sjobs.brassring.com/TGnewUI/Search/home/HomeWithPreLoad?PageType=JobDetails&partnerid=25771&siteid=5403&jobid=300912
BAE Systems,Phenom,Principal FPGA Digital Design Engineer - Sign-on Bonus,Engineering & Technology,,"Nashua, NH",US (CONUS),Full-time,,,,,https://sjobs.brassring.com/TGnewUI/Search/home/HomeWithPreLoad?PageType=JobDetails&partnerid=25771&siteid=5403&jobid=300652
BAE Systems,Phenom,CEMA Procurement Analyst II - Hybrid - Hudson/Austin,Supply Chain & Logistics,,"Hudson, NH",US (CONUS),Full-time,,,,,https://sjobs.brassring.com/TGnewUI/Search/home/HomeWithPreLoad?PageType=JobDetails&partnerid=25771&siteid=5403&jobid=300705
BAE Systems,Phenom,Senior Power Electronics Circuit Design Engineer,Engineering & Technology,,"Endicott, NY",US (CONUS),Full-time,,,,,https://sjobs.brassring.com/TGnewUI/Search/home/HomeWithPreLoad?PageType=JobDetails&partnerid=25771&siteid=5403&jobid=296608
BAE Systems,Phenom,Emergency Medical Technician (EMT) / EMT-Paramedic,Other Professionals,,"San Diego, CA",US (CONUS),Full-time,,,,,https://sjobs.brassring.com/TGnewUI/Search/home/HomeWithPreLoad?PageType=JobDetails&partnerid=25771&siteid=5403&jobid=300508
BAE Systems,Phenom,EO Imagery Analyst / Scientist (mid-level),Intelligence,,"Sterling, VA",US (CONUS),Full-time,,,,,https://sjobs.brassring.com/TGnewUI/Search/home/HomeWithPreLoad?PageType=JobDetails&partnerid=25771&siteid=5403&jobid=298850
BAE Systems,Phenom,Capture Manager I - Weapons Technology,"Business Development, Strategy & Planning",,"Westminster, CO",US (CONUS),Full-time,,,,,https://sjobs.brassring.com/TGnewUI/Search/home/HomeWithPreLoad?PageType=JobDetails&partnerid=25771&siteid=5403&jobid=300621
BAE Systems,Phenom,Imagery/Order of Battle Analyst,Intelligence,,"Falls Church, VA",US (CONUS),Full-time,,,,,https://sjobs.brassring.com/TGnewUI/Search/home/HomeWithPreLoad?PageType=JobDetails&partnerid=25771&siteid=5403&jobid=300397
BAE Systems,Phenom,Principal Contract Administrator - Hybrid,Other Professionals,,"Merrimack, NH",US (CONUS),Full-time,,,,,https://sjobs.brassring.com/TGnewUI/Search/home/HomeWithPreLoad?PageType=JobDetails&partnerid=25771&siteid=5403&jobid=301308
BAE Systems,Phenom,Senior Principal Engineer – Electrical Power Systems - $20K Sign On Bonus,Engineering & Technology,,"Boulder, CO",US (CONUS),Full-time,,,,,https://sjobs.brassring.com/TGnewUI/Search/home/HomeWithPreLoad?PageType=JobDetails&partnerid=25771&siteid=5403&jobid=301291
BAE Systems,Phenom,Microwave Technician III,Manufacturing & Maintenance,,"Nashua, NH",US (CONUS),Full-time,,,,,https://sjobs.brassring.com/TGnewUI/Search/home/HomeWithPreLoad?PageType=JobDetails&partnerid=25771&siteid=5403&jobid=298519
BAE Systems,Phenom,MAS Final Assembly - Assembler II,Manufacturing & Maintenance,,"Endicott, NY",US (CONUS),Full-time,,,,,https://sjobs.brassring.com/TGnewUI/Search/home/HomeWithPreLoad?PageType=JobDetails&partnerid=25771&siteid=5403&jobid=300410
BAE Systems,Phenom,FPGA Design DSP Lead,Engineering & Technology,,"Nashua, NH",US (CONUS),Full-time,,,,,https://sjobs.brassring.com/TGnewUI/Search/home/HomeWithPreLoad?PageType=JobDetails&partnerid=25771&siteid=5403&jobid=298605
BAE Systems,Phenom,Operations Program Specialist II,Project & Program Management,,"Greenlawn, NY",US (CONUS),Full-time,,,,,https://sjobs.brassring.com/TGnewUI/Search/home/HomeWithPreLoad?PageType=JobDetails&partnerid=25771&siteid=5403&jobid=300174
BAE Systems,Phenom,Senior Principal Systems Security Engineer,Engineering & Technology,,"Totowa, NJ",US (CONUS),Full-time,,,,,https://sjobs.brassring.com/TGnewUI/Search/home/HomeWithPreLoad?PageType=JobDetails&partnerid=25771&siteid=5403&jobid=301251
BAE Systems,Phenom,Hardware Design Quality Engineer,Engineering & Technology,,"Nashua, NH",US (CONUS),Full-time,,,,,https://sjobs.brassring.com/TGnewUI/Search/home/HomeWithPreLoad?PageType=JobDetails&partnerid=25771&siteid=5403&jobid=300580
BAE Systems,Phenom,"Engineer Senior - EMI/EMC - $10,000 Sign-On Bonus",Engineering & Technology,,"Westminster, CO",US (CONUS),Full-time,,,,,https://sjobs.brassring.com/TGnewUI/Search/home/HomeWithPreLoad?PageType=JobDetails&partnerid=25771&siteid=5403&jobid=295286
BAE Systems,Phenom,RF Engineer II - First shift,Engineering & Technology,,"Nashua, NH",US (CONUS),Full-time,,,,,https://sjobs.brassring.com/TGnewUI/Search/home/HomeWithPreLoad?PageType=JobDetails&partnerid=25771&siteid=5403&jobid=300731
BAE Systems,Phenom,Inspector III,Manufacturing & Maintenance,,"Wayne, NJ",US (CONUS),Full-time,,,,,https://sjobs.brassring.com/TGnewUI/Search/home/HomeWithPreLoad?PageType=JobDetails&partnerid=25771&siteid=5403&jobid=298195
BAE Systems,Phenom,Principal Systems Engineer Software Integration,Engineering & Technology,,"Rockville, MD",US (CONUS),Full-time,,,,,https://sjobs.brassring.com/TGnewUI/Search/home/HomeWithPreLoad?PageType=JobDetails&partnerid=25771&siteid=5403&jobid=299660
BAE Systems,Phenom,Safety Specialist,Other Professionals,,"Radford, VA",US (CONUS),Full-time,,,,,https://sjobs.brassring.com/TGnewUI/Search/home/HomeWithPreLoad?PageType=JobDetails&partnerid=25771&siteid=5403&jobid=300812
BAE Systems,Phenom,Network Engineer (SME),Engineering & Technology,,"Herndon, VA",US (CONUS),Full-time,,,,,https://sjobs.brassring.com/TGnewUI/Search/home/HomeWithPreLoad?PageType=JobDetails&partnerid=25771&siteid=5403&jobid=296414
BAE Systems,Phenom,Senior Principal Electrical Hardware Engineer II,Engineering & Technology,,"Huntsville, AL",US (CONUS),Full-time,,,,,https://sjobs.brassring.com/TGnewUI/Search/home/HomeWithPreLoad?PageType=JobDetails&partnerid=25771&siteid=5403&jobid=298739
BAE Systems,Phenom,Program Engineering Manager II,Engineering & Technology,,"Manchester, NH",US (CONUS),Full-time,,,,,https://sjobs.brassring.com/TGnewUI/Search/home/HomeWithPreLoad?PageType=JobDetails&partnerid=25771&siteid=5403&jobid=301918
BAE Systems,Phenom,Network/Systems Principal Engineer,Engineering & Technology,,"Offutt AFB, NE",US (CONUS),Full-time,,,,,https://sjobs.brassring.com/TGnewUI/Search/home/HomeWithPreLoad?PageType=JobDetails&partnerid=25771&siteid=5403&jobid=301058
BAE Systems,Phenom,Digital Hardware Engineer,Engineering & Technology,,"Nashua, NH",US (CONUS),Full-time,,,,,https://sjobs.brassring.com/TGnewUI/Search/home/HomeWithPreLoad?PageType=JobDetails&partnerid=25771&siteid=5403&jobid=298641
BAE Systems,Phenom,Senior Model-Based Systems Engineer,Engineering & Technology,,"Huntsville, AL",US (CONUS),Full-time,,,,,https://sjobs.brassring.com/TGnewUI/Search/home/HomeWithPreLoad?PageType=JobDetails&partnerid=25771&siteid=5403&jobid=300963
BAE Systems,Phenom,Industrial Engineer - Logistics,Supply Chain & Logistics,,"Cedar Rapids, IA",US (CONUS),Full-time,,,,,https://sjobs.brassring.com/TGnewUI/Search/home/HomeWithPreLoad?PageType=JobDetails&partnerid=25771&siteid=5403&jobid=300511
BAE Systems,Phenom,FAST Labs - Systems Engineer - Early Career Levels,Engineering & Technology,,"Merrimack, NH",US (CONUS),Full-time,,,,,https://sjobs.brassring.com/TGnewUI/Search/home/HomeWithPreLoad?PageType=JobDetails&partnerid=25771&siteid=5403&jobid=300655
BAE Systems,Phenom,Program Director,Project & Program Management,,"Falls Church, VA",US (CONUS),Full-time,,,,,https://sjobs.brassring.com/TGnewUI/Search/home/HomeWithPreLoad?PageType=JobDetails&partnerid=25771&siteid=5403&jobid=301620
BAE Systems,Phenom,Quality Engineering Assistant,Engineering & Technology,,"Endicott, NY",US (CONUS),Full-time,,,,,https://sjobs.brassring.com/TGnewUI/Search/home/HomeWithPreLoad?PageType=JobDetails&partnerid=25771&siteid=5403&jobid=301008
BAE Systems,Phenom,Citrix NetScaler Engineer (Expert),Engineering & Technology,,"Herndon, VA",US (CONUS),Full-time,,,,,https://sjobs.brassring.com/TGnewUI/Search/home/HomeWithPreLoad?PageType=JobDetails&partnerid=25771&siteid=5403&jobid=300297
BAE Systems,Phenom,Supply Chain Program Manager - Hybrid (onsite),Supply Chain & Logistics,,"Fort Wayne, IN",US (CONUS),Full-time,,,,,https://sjobs.brassring.com/TGnewUI/Search/home/HomeWithPreLoad?PageType=JobDetails&partnerid=25771&siteid=5403&jobid=301655
BAE Systems,Phenom,Implementations/Activations Network Engineer II,Engineering & Technology,,"Scott AFB, IL",US (CONUS),Full-time,,,,,https://sjobs.brassring.com/TGnewUI/Search/home/HomeWithPreLoad?PageType=JobDetails&partnerid=25771&siteid=5403&jobid=301388
BAE Systems,Phenom,M365 OneDrive Migration Engineer (SME),Engineering & Technology,,"Herndon, VA",US (CONUS),Full-time,,,,,https://sjobs.brassring.com/TGnewUI/Search/home/HomeWithPreLoad?PageType=JobDetails&partnerid=25771&siteid=5403&jobid=300166
BAE Systems,Phenom,Cyber Analyst Senior - ISSO,Other Professionals,,"Broomfield, CO",US (CONUS),Full-time,,,,,https://sjobs.brassring.com/TGnewUI/Search/home/HomeWithPreLoad?PageType=JobDetails&partnerid=25771&siteid=5403&jobid=301405
BAE Systems,Phenom,Contracts Administrator Principal - Onsite,Other Professionals,,"Manchester, NH",US (CONUS),Full-time,,,,,https://sjobs.brassring.com/TGnewUI/Search/home/HomeWithPreLoad?PageType=JobDetails&partnerid=25771&siteid=5403&jobid=300858
BAE Systems,Phenom,F35 Senior Air Vehicle Engineer,Engineering & Technology,,"Patuxent River, MD",US (CONUS),Full-time,,,,,https://sjobs.brassring.com/TGnewUI/Search/home/HomeWithPreLoad?PageType=JobDetails&partnerid=25771&siteid=5403&jobid=301329
BAE Systems,Phenom,Principal Analog Electrical Engineer,Engineering & Technology,,"Nashua, NH",US (CONUS),Full-time,,,,,https://sjobs.brassring.com/TGnewUI/Search/home/HomeWithPreLoad?PageType=JobDetails&partnerid=25771&siteid=5403&jobid=300354
BAE Systems,Phenom,Mechanical Technician II,Manufacturing & Maintenance,,"Nashua, NH",US (CONUS),Full-time,,,,,https://sjobs.brassring.com/TGnewUI/Search/home/HomeWithPreLoad?PageType=JobDetails&partnerid=25771&siteid=5403&jobid=301079
BAE Systems,Phenom,"Software Engineering Intern I, Summer 2027",Engineering & Technology,,"Nashua, NH",US (CONUS),Full-time,,,,,https://sjobs.brassring.com/TGnewUI/Search/home/HomeWithPreLoad?PageType=JobDetails&partnerid=25771&siteid=5403&jobid=301262
BAE Systems,Phenom,Modeling & Simulation Engineer - SLCM-N,Engineering & Technology,,"Rockville, MD",US (CONUS),Full-time,,,,,https://sjobs.brassring.com/TGnewUI/Search/home/HomeWithPreLoad?PageType=JobDetails&partnerid=25771&siteid=5403&jobid=300794
BAE Systems,Phenom,Senior Mechanical Designer / Mechanical Drafter,Engineering & Technology,,"Nashua, NH",US (CONUS),Full-time,,,,,https://sjobs.brassring.com/TGnewUI/Search/home/HomeWithPreLoad?PageType=JobDetails&partnerid=25771&siteid=5403&jobid=299954
BAE Systems,Phenom,CEMA - Software Engineer II (Onsite),Engineering & Technology,,"Hudson, NH",US (CONUS),Full-time,,,,,https://sjobs.brassring.com/TGnewUI/Search/home/HomeWithPreLoad?PageType=JobDetails&partnerid=25771&siteid=5403&jobid=300872
BAE Systems,Phenom,Manager III - Supply Chain Program Management - Subcontracts,Supply Chain & Logistics,,"Broomfield, CO",US (CONUS),Full-time,,,,,https://sjobs.brassring.com/TGnewUI/Search/home/HomeWithPreLoad?PageType=JobDetails&partnerid=25771&siteid=5403&jobid=298122
BAE Systems,Phenom,Engineer Senior Principal  – Ground and Application Software,Engineering & Technology,,"Aurora, CO",US (CONUS),Full-time,,,,,https://sjobs.brassring.com/TGnewUI/Search/home/HomeWithPreLoad?PageType=JobDetails&partnerid=25771&siteid=5403&jobid=301509
BAE Systems,Phenom,Senior Systems Engineer - Engine Controls,Engineering & Technology,,"Wyoming, OH",US (CONUS),Full-time,,,,,https://sjobs.brassring.com/TGnewUI/Search/home/HomeWithPreLoad?PageType=JobDetails&partnerid=25771&siteid=5403&jobid=300529
BAE Systems,Phenom,Future Payload Capabilities Configuration Manager (CM) / Data Manager (DM),Project & Program Management,,"Hill AFB, UT",US (CONUS),Full-time,,,,,https://sjobs.brassring.com/TGnewUI/Search/home/HomeWithPreLoad?PageType=JobDetails&partnerid=25771&siteid=5403&jobid=301450
BAE Systems,Phenom,F-35 Program Manager,Project & Program Management,,"Nashua, NH",US (CONUS),Full-time,,,,,https://sjobs.brassring.com/TGnewUI/Search/home/HomeWithPreLoad?PageType=JobDetails&partnerid=25771&siteid=5403&jobid=301555
BAE Systems,Phenom,Principal Engineer - Mission Operations Systems Engineer,Engineering & Technology,,"Broomfield, CO",US (CONUS),Full-time,,,,,https://sjobs.brassring.com/TGnewUI/Search/home/HomeWithPreLoad?PageType=JobDetails&partnerid=25771&siteid=5403&jobid=301134
BAE Systems,Phenom,Program Manager II,Project & Program Management,,"Manassas, VA",US (CONUS),Full-time,,,,,https://sjobs.brassring.com/TGnewUI/Search/home/HomeWithPreLoad?PageType=JobDetails&partnerid=25771&siteid=5403&jobid=300714
BAE Systems,Phenom,Senior Principal FPGA Verification Engineer - $15K Sign-On Bonus,Engineering & Technology,,"Westminster, CO",US (CONUS),Full-time,,,,,https://sjobs.brassring.com/TGnewUI/Search/home/HomeWithPreLoad?PageType=JobDetails&partnerid=25771&siteid=5403&jobid=301204
BAE Systems,Phenom,Network Engineer (SME),Engineering & Technology,,"Herndon, VA",US (CONUS),Full-time,,,,,https://sjobs.brassring.com/TGnewUI/Search/home/HomeWithPreLoad?PageType=JobDetails&partnerid=25771&siteid=5403&jobid=301469
BAE Systems,Phenom,Intelligence Analyst (FMV),Intelligence,,"Northern Virginia, VA",US (CONUS),Full-time,,,,,https://sjobs.brassring.com/TGnewUI/Search/home/HomeWithPreLoad?PageType=JobDetails&partnerid=25771&siteid=5403&jobid=301660
BAE Systems,Phenom,Security Specialist II - Onsite,Other Professionals,,"Nashua, NH",US (CONUS),Full-time,,,,,https://sjobs.brassring.com/TGnewUI/Search/home/HomeWithPreLoad?PageType=JobDetails&partnerid=25771&siteid=5403&jobid=301993
BAE Systems,Phenom,Senior Systems Engineer - Integration and Test,Engineering & Technology,,"Hudson, NH",US (CONUS),Full-time,,,,,https://sjobs.brassring.com/TGnewUI/Search/home/HomeWithPreLoad?PageType=JobDetails&partnerid=25771&siteid=5403&jobid=301475
BAE Systems,Phenom,"Engineer Principal - Systems - Space Vehicle Assembly, Test and Launch Operations (AI&T / ATLO)",Engineering & Technology,,"Boulder, CO",US (CONUS),Full-time,,,,,https://sjobs.brassring.com/TGnewUI/Search/home/HomeWithPreLoad?PageType=JobDetails&partnerid=25771&siteid=5403&jobid=301609
BAE Systems,Phenom,Microwave Tech II - Eighth Shift,Manufacturing & Maintenance,,"Nashua, NH",US (CONUS),Full-time,,,,,https://sjobs.brassring.com/TGnewUI/Search/home/HomeWithPreLoad?PageType=JobDetails&partnerid=25771&siteid=5403&jobid=301623
BAE Systems,Phenom,Principal Mechanical Engineer (Sign On Bonus Available),Engineering & Technology,,"Austin, TX",US (CONUS),Full-time,,,,,https://sjobs.brassring.com/TGnewUI/Search/home/HomeWithPreLoad?PageType=JobDetails&partnerid=25771&siteid=5403&jobid=302740
BAE Systems,Phenom,F-35 Operations Center Specialist,Engineering & Technology,,"Miamisburg, OH",US (CONUS),Full-time,,,,,https://sjobs.brassring.com/TGnewUI/Search/home/HomeWithPreLoad?PageType=JobDetails&partnerid=25771&siteid=5403&jobid=302348
BAE Systems,Phenom,Principal Optical Hardware Engineer,Engineering & Technology,,"Boulder, CO",US (CONUS),Full-time,,,,,https://sjobs.brassring.com/TGnewUI/Search/home/HomeWithPreLoad?PageType=JobDetails&partnerid=25771&siteid=5403&jobid=301566
BAE Systems,Phenom,Principal Contracts Administrator,Other Professionals,,"Nashua, NH",US (CONUS),Full-time,,,,,https://sjobs.brassring.com/TGnewUI/Search/home/HomeWithPreLoad?PageType=JobDetails&partnerid=25771&siteid=5403&jobid=302675
BAE Systems,Phenom,Intelligence FMV Analyst - Training Offered,Intelligence,,"Northern Virginia, VA",US (CONUS),Full-time,,,,,https://sjobs.brassring.com/TGnewUI/Search/home/HomeWithPreLoad?PageType=JobDetails&partnerid=25771&siteid=5403&jobid=301567
BAE Systems,Phenom,"Deputy Director, Microelectronics Engineering",Engineering & Technology,,"Nashua, NH",US (CONUS),Full-time,,,,,https://sjobs.brassring.com/TGnewUI/Search/home/HomeWithPreLoad?PageType=JobDetails&partnerid=25771&siteid=5403&jobid=302463
BAE Systems,Phenom,Information System Security Officer - (ISSO),Engineering & Technology,,"Vicksburg, MS",US (CONUS),Full-time,,,,,https://sjobs.brassring.com/TGnewUI/Search/home/HomeWithPreLoad?PageType=JobDetails&partnerid=25771&siteid=5403&jobid=301954
BAE Systems,Phenom,Strategic and Organizational Planning Specialist,"Business Development, Strategy & Planning",,"Sterling, VA",US (CONUS),Full-time,,,,,https://sjobs.brassring.com/TGnewUI/Search/home/HomeWithPreLoad?PageType=JobDetails&partnerid=25771&siteid=5403&jobid=302665
BAE Systems,Phenom,Director of Contracts for Aftermarket & Joint Ventures,Other Professionals,,"Endicott, NY",US (CONUS),Full-time,,,,,https://sjobs.brassring.com/TGnewUI/Search/home/HomeWithPreLoad?PageType=JobDetails&partnerid=25771&siteid=5403&jobid=302473
BAE Systems,Phenom,FAST Labs - Principal Software Engineer ($20K Sign On Bonus),Engineering & Technology,,"Merrimack, NH",US (CONUS),Full-time,,,,,https://sjobs.brassring.com/TGnewUI/Search/home/HomeWithPreLoad?PageType=JobDetails&partnerid=25771&siteid=5403&jobid=302427
BAE Systems,Phenom,"Sr Imagery Analyst: Springfield, VA",Intelligence,,"Springfield, VA",US (CONUS),Full-time,,,,,https://sjobs.brassring.com/TGnewUI/Search/home/HomeWithPreLoad?PageType=JobDetails&partnerid=25771&siteid=5403&jobid=302925
BAE Systems,Phenom,Electronic Warfare Stimulator Technician,Engineering & Technology,,"Nashua, NH",US (CONUS),Full-time,,,,,https://sjobs.brassring.com/TGnewUI/Search/home/HomeWithPreLoad?PageType=JobDetails&partnerid=25771&siteid=5403&jobid=302492
BAE Systems,Phenom,FAST Labs - Software Manager - Section Lead ($20K Sign-on Bonus),Engineering & Technology,,"Merrimack, NH",US (CONUS),Full-time,,,,,https://sjobs.brassring.com/TGnewUI/Search/home/HomeWithPreLoad?PageType=JobDetails&partnerid=25771&siteid=5403&jobid=302417
BAE Systems,Phenom,Hardware Lead,Engineering & Technology,,"Nashua, NH",US (CONUS),Full-time,,,,,https://sjobs.brassring.com/TGnewUI/Search/home/HomeWithPreLoad?PageType=JobDetails&partnerid=25771&siteid=5403&jobid=302829
BAE Systems,Phenom,Hardware Engineering Lead - EO/IR Products (Sign On Bonus Available),Engineering & Technology,,"Austin, TX",US (CONUS),Full-time,,,,,https://sjobs.brassring.com/TGnewUI/Search/home/HomeWithPreLoad?PageType=JobDetails&partnerid=25771&siteid=5403&jobid=302741
BAE Systems,Phenom,Contracts Manager II,Other Professionals,,"Nashua, NH",US (CONUS),Full-time,,,,,https://sjobs.brassring.com/TGnewUI/Search/home/HomeWithPreLoad?PageType=JobDetails&partnerid=25771&siteid=5403&jobid=301975
BAE Systems,Phenom,Senior Principal Antenna Engineer (Hybrid),Engineering & Technology,,"Merrimack, NH",US (CONUS),Full-time,,,,,https://sjobs.brassring.com/TGnewUI/Search/home/HomeWithPreLoad?PageType=JobDetails&partnerid=25771&siteid=5403&jobid=302766
BAE Systems,Phenom,Network Engineer,Engineering & Technology,,"Sterling, VA",US (CONUS),Full-time,,,,,https://sjobs.brassring.com/TGnewUI/Search/home/HomeWithPreLoad?PageType=JobDetails&partnerid=25771&siteid=5403&jobid=300151
BAE Systems,Phenom,Electronic Attack EW Systems Engineer,Engineering & Technology,,"Nashua, NH",US (CONUS),Full-time,,,,,https://sjobs.brassring.com/TGnewUI/Search/home/HomeWithPreLoad?PageType=JobDetails&partnerid=25771&siteid=5403&jobid=298827
BAE Systems,Phenom,Senior Principal Systems Engineer - EO/IR,Engineering & Technology,,"Huntsville, AL",US (CONUS),Full-time,,,,,https://sjobs.brassring.com/TGnewUI/Search/home/HomeWithPreLoad?PageType=JobDetails&partnerid=25771&siteid=5403&jobid=299436
BAE Systems,Phenom,Senior DNS & Infrastructure Engineer (SME),Engineering & Technology,,"Herndon, VA",US (CONUS),Full-time,,,,,https://sjobs.brassring.com/TGnewUI/Search/home/HomeWithPreLoad?PageType=JobDetails&partnerid=25771&siteid=5403&jobid=300163
BAE Systems,Phenom,System Engineer - Test,Engineering & Technology,,"Fort Worth, TX",US (CONUS),Full-time,,,,,https://sjobs.brassring.com/TGnewUI/Search/home/HomeWithPreLoad?PageType=JobDetails&partnerid=25771&siteid=5403&jobid=299182
BAE Systems,Phenom,Engineer Principal – Electric Space – Avionics Component Radiation Effects,Engineering & Technology,,"Boulder, CO",US (CONUS),Full-time,,,,,https://sjobs.brassring.com/TGnewUI/Search/home/HomeWithPreLoad?PageType=JobDetails&partnerid=25771&siteid=5403&jobid=300143
BAE Systems,Phenom,Senior Software Engineer for Embedded Development (Sign-on bonus available),Engineering & Technology,,"Nashua, NH",US (CONUS),Full-time,,,,,https://sjobs.brassring.com/TGnewUI/Search/home/HomeWithPreLoad?PageType=JobDetails&partnerid=25771&siteid=5403&jobid=299502
BAE Systems,Phenom,Shipfitter,Manufacturing & Maintenance,,"Norfolk, VA",US (CONUS),Full-time,,,,,https://sjobs.brassring.com/TGnewUI/Search/home/HomeWithPreLoad?PageType=JobDetails&partnerid=25771&siteid=5403&jobid=298843
BAE Systems,Phenom,Product Engineer,Manufacturing & Maintenance,,"Austin, TX",US (CONUS),Full-time,,,,,https://sjobs.brassring.com/TGnewUI/Search/home/HomeWithPreLoad?PageType=JobDetails&partnerid=25771&siteid=5403&jobid=299146
BAE Systems,Phenom,SSDS Electronics Maintenance Tech,Manufacturing & Maintenance,,"Wallops Island, VA",US (CONUS),Full-time,,,,,https://sjobs.brassring.com/TGnewUI/Search/home/HomeWithPreLoad?PageType=JobDetails&partnerid=25771&siteid=5403&jobid=288599
BAE Systems,Phenom,Electronic Warfare Systems Engineer,Engineering & Technology,,"Totowa, NJ",US (CONUS),Full-time,,,,,https://sjobs.brassring.com/TGnewUI/Search/home/HomeWithPreLoad?PageType=JobDetails&partnerid=25771&siteid=5403&jobid=295770
BAE Systems,Phenom,Engineer Senior Principal - Spacecraft Mechanical Design Lead,Engineering & Technology,,"Boulder, CO",US (CONUS),Full-time,,,,,https://sjobs.brassring.com/TGnewUI/Search/home/HomeWithPreLoad?PageType=JobDetails&partnerid=25771&siteid=5403&jobid=298750
BAE Systems,Phenom,Software Engineer (Expert),Engineering & Technology,,"Herndon, VA",US (CONUS),Full-time,,,,,https://sjobs.brassring.com/TGnewUI/Search/home/HomeWithPreLoad?PageType=JobDetails&partnerid=25771&siteid=5403&jobid=298574
BAE Systems,Phenom,CNC/Conventional Machinist,Manufacturing & Maintenance,,"Norfolk, VA",US (CONUS),Full-time,,,,,https://sjobs.brassring.com/TGnewUI/Search/home/HomeWithPreLoad?PageType=JobDetails&partnerid=25771&siteid=5403&jobid=298614
BAE Systems,Phenom,Mechanical Technician-1st shift,Manufacturing & Maintenance,,"Nashua, NH",US (CONUS),Full-time,,,,,https://sjobs.brassring.com/TGnewUI/Search/home/HomeWithPreLoad?PageType=JobDetails&partnerid=25771&siteid=5403&jobid=298799
BAE Systems,Phenom,Systems Engineering Test Solutions Lead (Onsite),Engineering & Technology,,"Nashua, NH",US (CONUS),Full-time,,,,,https://sjobs.brassring.com/TGnewUI/Search/home/HomeWithPreLoad?PageType=JobDetails&partnerid=25771&siteid=5403&jobid=299452
BAE Systems,Phenom,Software Engineer II - Data Engineer,Engineering & Technology,,"Nashua, NH",US (CONUS),Full-time,,,,,https://sjobs.brassring.com/TGnewUI/Search/home/HomeWithPreLoad?PageType=JobDetails&partnerid=25771&siteid=5403&jobid=299732
BAE Systems,Phenom,Program Manager,Project & Program Management,,"Fort Gordon, GA",US (CONUS),Full-time,,,,,https://sjobs.brassring.com/TGnewUI/Search/home/HomeWithPreLoad?PageType=JobDetails&partnerid=25771&siteid=5403&jobid=291219
BAE Systems,Phenom,Senior Contracts Administrator,Other Professionals,,"Nashua, NH",US (CONUS),Full-time,,,,,https://sjobs.brassring.com/TGnewUI/Search/home/HomeWithPreLoad?PageType=JobDetails&partnerid=25771&siteid=5403&jobid=298980
BAE Systems,Phenom,Business Development Manager,"Business Development, Strategy & Planning",,"Cedar Rapids, IA",US (CONUS),Full-time,,,,,https://sjobs.brassring.com/TGnewUI/Search/home/HomeWithPreLoad?PageType=JobDetails&partnerid=25771&siteid=5403&jobid=298779
BAE Systems,Phenom,Integrated Logistics Support (ILS) Engineer,Engineering & Technology,,"Nashua, NH",US (CONUS),Full-time,,,,,https://sjobs.brassring.com/TGnewUI/Search/home/HomeWithPreLoad?PageType=JobDetails&partnerid=25771&siteid=5403&jobid=299903
BAE Systems,Phenom,Microwave Technician II Weekend Days,Manufacturing & Maintenance,,"Nashua, NH",US (CONUS),Full-time,,,,,https://sjobs.brassring.com/TGnewUI/Search/home/HomeWithPreLoad?PageType=JobDetails&partnerid=25771&siteid=5403&jobid=300425
BAE Systems,Phenom,Cisco Voice Engineers (Expert),Engineering & Technology,,"Herndon, VA",US (CONUS),Full-time,,,,,https://sjobs.brassring.com/TGnewUI/Search/home/HomeWithPreLoad?PageType=JobDetails&partnerid=25771&siteid=5403&jobid=300052
BAE Systems,Phenom,Senior Power Electronics Circuit Design Engineer,Engineering & Technology,,"Austin, TX",US (CONUS),Full-time,,,,,https://sjobs.brassring.com/TGnewUI/Search/home/HomeWithPreLoad?PageType=JobDetails&partnerid=25771&siteid=5403&jobid=299517
BAE Systems,Phenom,Platform Portfolio Manager/Project Engineering Manager – PEM II,Engineering & Technology,,"Merrimack, NH",US (CONUS),Full-time,,,,,https://sjobs.brassring.com/TGnewUI/Search/home/HomeWithPreLoad?PageType=JobDetails&partnerid=25771&siteid=5403&jobid=300721
BAE Systems,Phenom,Senior API Systems Engineer,Engineering & Technology,,"Sterling, VA",US (CONUS),Full-time,,,,,https://sjobs.brassring.com/TGnewUI/Search/home/HomeWithPreLoad?PageType=JobDetails&partnerid=25771&siteid=5403&jobid=299293
BAE Systems,Phenom,Mid-Level Language-Enabled OSINT Collector (CONUS),Intelligence,,"Patrick Space Force Base, FL",US (CONUS),Full-time,,,,,https://sjobs.brassring.com/TGnewUI/Search/home/HomeWithPreLoad?PageType=JobDetails&partnerid=25771&siteid=5403&jobid=300329
BAE Systems,Phenom,Program Manager II,Project & Program Management,,"Endicott, NY",US (CONUS),Full-time,,,,,https://sjobs.brassring.com/TGnewUI/Search/home/HomeWithPreLoad?PageType=JobDetails&partnerid=25771&siteid=5403&jobid=289873
BAE Systems,Phenom,Supplier Quality Engineer - PWB- Electronics Category (remote in NH or CA),Engineering & Technology,,"San Diego, CA",US (CONUS),Full-time,,,,,https://sjobs.brassring.com/TGnewUI/Search/home/HomeWithPreLoad?PageType=JobDetails&partnerid=25771&siteid=5403&jobid=301195
BAE Systems,Phenom,Inspector II,Manufacturing & Maintenance,,"Boulder, CO",US (CONUS),Full-time,,,,,https://sjobs.brassring.com/TGnewUI/Search/home/HomeWithPreLoad?PageType=JobDetails&partnerid=25771&siteid=5403&jobid=300583
BAE Systems,Phenom,Program Engineering Manager III,Engineering & Technology,,"Nashua, NH",US (CONUS),Full-time,,,,,https://sjobs.brassring.com/TGnewUI/Search/home/HomeWithPreLoad?PageType=JobDetails&partnerid=25771&siteid=5403&jobid=296173
BAE Systems,Phenom,OSINT Collector (WMD Focused),Intelligence,,"Reston, VA",US (CONUS),Full-time,,,,,https://sjobs.brassring.com/TGnewUI/Search/home/HomeWithPreLoad?PageType=JobDetails&partnerid=25771&siteid=5403&jobid=299213
BAE Systems,Phenom,Geospatial Data Engineer,Intelligence,,"Fort Gordon, GA",US (CONUS),Full-time,,,,,https://sjobs.brassring.com/TGnewUI/Search/home/HomeWithPreLoad?PageType=JobDetails&partnerid=25771&siteid=5403&jobid=294231
BAE Systems,Phenom,Facilities Mechanic 1,Manufacturing & Maintenance,,"Austin, TX",US (CONUS),Full-time,,,,,https://sjobs.brassring.com/TGnewUI/Search/home/HomeWithPreLoad?PageType=JobDetails&partnerid=25771&siteid=5403&jobid=300563
BAE Systems,Phenom,Deputy Program Manager,Project & Program Management,,"Fort Gordon, GA",US (CONUS),Full-time,,,,,https://sjobs.brassring.com/TGnewUI/Search/home/HomeWithPreLoad?PageType=JobDetails&partnerid=25771&siteid=5403&jobid=291218
BAE Systems,Phenom,Network Engineer (Expert),Engineering & Technology,,"Herndon, VA",US (CONUS),Full-time,,,,,https://sjobs.brassring.com/TGnewUI/Search/home/HomeWithPreLoad?PageType=JobDetails&partnerid=25771&siteid=5403&jobid=299408
BAE Systems,Phenom,Engineer Principal - FPGA Design - $20K Sign On Bonus,Engineering & Technology,,"Chantilly, VA",US (CONUS),Full-time,,,,,https://sjobs.brassring.com/TGnewUI/Search/home/HomeWithPreLoad?PageType=JobDetails&partnerid=25771&siteid=5403&jobid=298879
BAE Systems,Phenom,Sr. Quality Engineer,Engineering & Technology,,"Louisville, KY",US (CONUS),Full-time,,,,,https://sjobs.brassring.com/TGnewUI/Search/home/HomeWithPreLoad?PageType=JobDetails&partnerid=25771&siteid=5403&jobid=299563
BAE Systems,Phenom,Engineer II – Launch Systems Integration,Engineering & Technology,,"Broomfield, CO",US (CONUS),Full-time,,,,,https://sjobs.brassring.com/TGnewUI/Search/home/HomeWithPreLoad?PageType=JobDetails&partnerid=25771&siteid=5403&jobid=299101
BAE Systems,Phenom,Technician Equipment Assembly / Machinist,Engineering & Technology,,"Maple Grove, MN",US (CONUS),Full-time,,,,,https://sjobs.brassring.com/TGnewUI/Search/home/HomeWithPreLoad?PageType=JobDetails&partnerid=25771&siteid=5403&jobid=300353
BAE Systems,Phenom,Engineer Senior – Spacecraft Mechanical Design,Engineering & Technology,,"Boulder, CO",US (CONUS),Full-time,,,,,https://sjobs.brassring.com/TGnewUI/Search/home/HomeWithPreLoad?PageType=JobDetails&partnerid=25771&siteid=5403&jobid=300594
BAE Systems,Phenom,"Manager I, Program Control (Hybrid)",Finance & Accounting,,"Nashua, NH",US (CONUS),Full-time,,,,,https://sjobs.brassring.com/TGnewUI/Search/home/HomeWithPreLoad?PageType=JobDetails&partnerid=25771&siteid=5403&jobid=300310
BAE Systems,Phenom,Systems Engineer,Engineering & Technology,,"Clearfield, UT",US (CONUS),Full-time,,,,,https://sjobs.brassring.com/TGnewUI/Search/home/HomeWithPreLoad?PageType=JobDetails&partnerid=25771&siteid=5403&jobid=300814
BAE Systems,Phenom,Principal Test Engineer,Engineering & Technology,,"Nashua, NH",US (CONUS),Full-time,,,,,https://sjobs.brassring.com/TGnewUI/Search/home/HomeWithPreLoad?PageType=JobDetails&partnerid=25771&siteid=5403&jobid=297947
BAE Systems,Phenom,FAST Labs - Software Engineer - Early Career Levels - Top Secret,Engineering & Technology,,"Merrimack, NH",US (CONUS),Full-time,,,,,https://sjobs.brassring.com/TGnewUI/Search/home/HomeWithPreLoad?PageType=JobDetails&partnerid=25771&siteid=5403&jobid=300658
BAE Systems,Phenom,Senior AV/VTC Programmer,Engineering & Technology,,"Lexington Park, MD",US (CONUS),Full-time,,,,,https://sjobs.brassring.com/TGnewUI/Search/home/HomeWithPreLoad?PageType=JobDetails&partnerid=25771&siteid=5403&jobid=300662
BAE Systems,Phenom,FAST Labs - Microelectronics Chief Technologist,Engineering & Technology,,"Merrimack, NH",US (CONUS),Full-time,,,,,https://sjobs.brassring.com/TGnewUI/Search/home/HomeWithPreLoad?PageType=JobDetails&partnerid=25771&siteid=5403&jobid=300170
BAE Systems,Phenom,Sr. Program Manager II,Project & Program Management,,"Kingsport, TN",US (CONUS),Full-time,,,,,https://sjobs.brassring.com/TGnewUI/Search/home/HomeWithPreLoad?PageType=JobDetails&partnerid=25771&siteid=5403&jobid=300412
BAE Systems,Phenom,Manager III - Capture Management - Tactical Mission Systems,"Business Development, Strategy & Planning",,"Westminster, CO",US (CONUS),Full-time,,,,,https://sjobs.brassring.com/TGnewUI/Search/home/HomeWithPreLoad?PageType=JobDetails&partnerid=25771&siteid=5403&jobid=298630
BAE Systems,Phenom,Production Planning Coordinator,Supply Chain & Logistics,,"Greenlawn, NY",US (CONUS),Full-time,,,,,https://sjobs.brassring.com/TGnewUI/Search/home/HomeWithPreLoad?PageType=JobDetails&partnerid=25771&siteid=5403&jobid=300437
BAE Systems,Phenom,Field Service Tech IV,Engineering & Technology,,"Boulder, CO",US (CONUS),Full-time,,,,,https://sjobs.brassring.com/TGnewUI/Search/home/HomeWithPreLoad?PageType=JobDetails&partnerid=25771&siteid=5403&jobid=300807
BAE Systems,Phenom,Sustainment Hardware Lead - Senior Principal Hardware Engineer,Engineering & Technology,,"Merrimack, NH",US (CONUS),Full-time,,,,,https://sjobs.brassring.com/TGnewUI/Search/home/HomeWithPreLoad?PageType=JobDetails&partnerid=25771&siteid=5403&jobid=300016
BAE Systems,Phenom,Microwave Technician IV,Manufacturing & Maintenance,,"Nashua, NH",US (CONUS),Full-time,,,,,https://sjobs.brassring.com/TGnewUI/Search/home/HomeWithPreLoad?PageType=JobDetails&partnerid=25771&siteid=5403&jobid=301771
BAE Systems,Phenom,Field Service Tech III (Classified),Engineering & Technology,,"Broomfield, CO",US (CONUS),Full-time,,,,,https://sjobs.brassring.com/TGnewUI/Search/home/HomeWithPreLoad?PageType=JobDetails&partnerid=25771&siteid=5403&jobid=300880
BAE Systems,Phenom,Engineer Senior Principal - Optical - Focal Plane Systems,Engineering & Technology,,"Boulder, CO",US (CONUS),Full-time,,,,,https://sjobs.brassring.com/TGnewUI/Search/home/HomeWithPreLoad?PageType=JobDetails&partnerid=25771&siteid=5403&jobid=298562
BAE Systems,Phenom,"Quality Engineering Technologist, Sr / CWI",Engineering & Technology,,"Anniston, AL",US (CONUS),Full-time,,,,,https://sjobs.brassring.com/TGnewUI/Search/home/HomeWithPreLoad?PageType=JobDetails&partnerid=25771&siteid=5403&jobid=301173
BAE Systems,Phenom,Electrical/Electronic Engineering Technician,Engineering & Technology,,"Rockville, MD",US (CONUS),Full-time,,,,,https://sjobs.brassring.com/TGnewUI/Search/home/HomeWithPreLoad?PageType=JobDetails&partnerid=25771&siteid=5403&jobid=301448
BAE Systems,Phenom,Lead Software Engineer,Engineering & Technology,,"Maple Grove, MN",US (CONUS),Full-time,,,,,https://sjobs.brassring.com/TGnewUI/Search/home/HomeWithPreLoad?PageType=JobDetails&partnerid=25771&siteid=5403&jobid=300010
BAE Systems,Phenom,Microwave Technician Weekend Day Shift - Bonding,Manufacturing & Maintenance,,"Nashua, NH",US (CONUS),Full-time,,,,,https://sjobs.brassring.com/TGnewUI/Search/home/HomeWithPreLoad?PageType=JobDetails&partnerid=25771&siteid=5403&jobid=298416
BAE Systems,Phenom,Model Based Engineering Section Manager,Engineering & Technology,,"Hudson, NH",US (CONUS),Full-time,,,,,https://sjobs.brassring.com/TGnewUI/Search/home/HomeWithPreLoad?PageType=JobDetails&partnerid=25771&siteid=5403&jobid=300515
BAE Systems,Phenom,"Principal Financial Analyst, ECS FP&A",Finance & Accounting,,"Nashua, NH",US (CONUS),Full-time,,,,,https://sjobs.brassring.com/TGnewUI/Search/home/HomeWithPreLoad?PageType=JobDetails&partnerid=25771&siteid=5403&jobid=301454
BAE Systems,Phenom,Program Quality Engineer | APKWS,Engineering & Technology,,"Hudson, NH",US (CONUS),Full-time,,,,,https://sjobs.brassring.com/TGnewUI/Search/home/HomeWithPreLoad?PageType=JobDetails&partnerid=25771&siteid=5403&jobid=301209
BAE Systems,Phenom,AMOC Senior Systems Engineer,Engineering & Technology,,"March Air Reserve Base, CA",US (CONUS),Full-time,,,,,https://sjobs.brassring.com/TGnewUI/Search/home/HomeWithPreLoad?PageType=JobDetails&partnerid=25771&siteid=5403&jobid=295758
BAE Systems,Phenom,CEMA Procurement Analyst II- Hybrid- Hudson/Austin,Supply Chain & Logistics,,"Hudson, NH",US (CONUS),Full-time,,,,,https://sjobs.brassring.com/TGnewUI/Search/home/HomeWithPreLoad?PageType=JobDetails&partnerid=25771&siteid=5403&jobid=301773
BAE Systems,Phenom,SCA Drafter / CAD Operator III / IV,Engineering & Technology,,"Saint Inigoes, MD",US (CONUS),Full-time,,,,,https://sjobs.brassring.com/TGnewUI/Search/home/HomeWithPreLoad?PageType=JobDetails&partnerid=25771&siteid=5403&jobid=301219
BAE Systems,Phenom,Modeling and Simulations Software Developer,Engineering & Technology,,"Huntsville, AL",US (CONUS),Full-time,,,,,https://sjobs.brassring.com/TGnewUI/Search/home/HomeWithPreLoad?PageType=JobDetails&partnerid=25771&siteid=5403&jobid=300955
BAE Systems,Phenom,DevSecOps Lead (Hybrid) - Sign-on Bonus Eligible,Engineering & Technology,,"San Diego, CA",US (CONUS),Full-time,,,,,https://sjobs.brassring.com/TGnewUI/Search/home/HomeWithPreLoad?PageType=JobDetails&partnerid=25771&siteid=5403&jobid=300417
BAE Systems,Phenom,Senior Principal Design Verification Engineer - FPGA - (Sign-on Bonus),Engineering & Technology,,"San Diego, CA",US (CONUS),Full-time,,,,,https://sjobs.brassring.com/TGnewUI/Search/home/HomeWithPreLoad?PageType=JobDetails&partnerid=25771&siteid=5403&jobid=300470
BAE Systems,Phenom,Systems Engineer - production programs,Engineering & Technology,,"Nashua, NH",US (CONUS),Full-time,,,,,https://sjobs.brassring.com/TGnewUI/Search/home/HomeWithPreLoad?PageType=JobDetails&partnerid=25771&siteid=5403&jobid=300706
BAE Systems,Phenom,Intelligence Analyst (FMV),Intelligence,,"Northern Virginia, VA",US (CONUS),Full-time,,,,,https://sjobs.brassring.com/TGnewUI/Search/home/HomeWithPreLoad?PageType=JobDetails&partnerid=25771&siteid=5403&jobid=300802
BAE Systems,Phenom,Senior Global IT Category Manager,Supply Chain & Logistics,,"Fort Walton Beach, FL",US (CONUS),Full-time,,,,,https://sjobs.brassring.com/TGnewUI/Search/home/HomeWithPreLoad?PageType=JobDetails&partnerid=25771&siteid=5403&jobid=300464
BAE Systems,Phenom,Principal Cyber Analyst,Engineering & Technology,,"Offutt AFB, NE",US (CONUS),Full-time,,,,,https://sjobs.brassring.com/TGnewUI/Search/home/HomeWithPreLoad?PageType=JobDetails&partnerid=25771&siteid=5403&jobid=301065
BAE Systems,Phenom,FAST Labs - Software Engineer - All Levels - Top Secret,Engineering & Technology,,"Merrimack, NH",US (CONUS),Full-time,,,,,https://sjobs.brassring.com/TGnewUI/Search/home/HomeWithPreLoad?PageType=JobDetails&partnerid=25771&siteid=5403&jobid=300497
BAE Systems,Phenom,Supplier Quality Engineer - Electronics Category - Remote in the New England Region,Engineering & Technology,,"Nashua, NH",US (CONUS),Full-time,,,,,https://sjobs.brassring.com/TGnewUI/Search/home/HomeWithPreLoad?PageType=JobDetails&partnerid=25771&siteid=5403&jobid=301231
BAE Systems,Phenom,Procurement Analyst Senior,Supply Chain & Logistics,,"Nashua, NH",US (CONUS),Full-time,,,,,https://sjobs.brassring.com/TGnewUI/Search/home/HomeWithPreLoad?PageType=JobDetails&partnerid=25771&siteid=5403&jobid=300836
BAE Systems,Phenom,Infrastructure/Hardware Technology Program Manager,Project & Program Management,,"Nashua, NH",US (CONUS),Full-time,,,,,https://sjobs.brassring.com/TGnewUI/Search/home/HomeWithPreLoad?PageType=JobDetails&partnerid=25771&siteid=5403&jobid=299796
BAE Systems,Phenom,Engineer II - FPGA Verification,Engineering & Technology,,"Westminster, CO",US (CONUS),Full-time,,,,,https://sjobs.brassring.com/TGnewUI/Search/home/HomeWithPreLoad?PageType=JobDetails&partnerid=25771&siteid=5403&jobid=300660
BAE Systems,Phenom,Engineer Principal  – Ground/Application Software,Engineering & Technology,,"Aurora, CO",US (CONUS),Full-time,,,,,https://sjobs.brassring.com/TGnewUI/Search/home/HomeWithPreLoad?PageType=JobDetails&partnerid=25771&siteid=5403&jobid=301507
BAE Systems,Phenom,Senior Principal Engineer – Ground/Application Software,Engineering & Technology,,"Broomfield, CO",US (CONUS),Full-time,,,,,https://sjobs.brassring.com/TGnewUI/Search/home/HomeWithPreLoad?PageType=JobDetails&partnerid=25771&siteid=5403&jobid=300368
BAE Systems,Phenom,Electronic Support Measures Senior Principal Systems Engineer II,Engineering & Technology,,"Nashua, NH",US (CONUS),Full-time,,,,,https://sjobs.brassring.com/TGnewUI/Search/home/HomeWithPreLoad?PageType=JobDetails&partnerid=25771&siteid=5403&jobid=301071
BAE Systems,Phenom,Senior Principal Systems Engineer - Radar,Engineering & Technology,,"Huntsville, AL",US (CONUS),Full-time,,,,,https://sjobs.brassring.com/TGnewUI/Search/home/HomeWithPreLoad?PageType=JobDetails&partnerid=25771&siteid=5403&jobid=298958
BAE Systems,Phenom,Technical Editor,Intelligence,,"Reston, VA",US (CONUS),Full-time,,,,,https://sjobs.brassring.com/TGnewUI/Search/home/HomeWithPreLoad?PageType=JobDetails&partnerid=25771&siteid=5403&jobid=293333
BAE Systems,Phenom,Engineering Discipline Manager,Engineering & Technology,,"Endicott, NY",US (CONUS),Full-time,,,,,https://sjobs.brassring.com/TGnewUI/Search/home/HomeWithPreLoad?PageType=JobDetails&partnerid=25771&siteid=5403&jobid=296378
BAE Systems,Phenom,Shipfitter (Trade School),Manufacturing & Maintenance,,"Norfolk, VA",US (CONUS),Full-time,,,,,https://sjobs.brassring.com/TGnewUI/Search/home/HomeWithPreLoad?PageType=JobDetails&partnerid=25771&siteid=5403&jobid=299812
BAE Systems,Phenom,Test Tech III ESS,Manufacturing & Maintenance,,"Nashua, NH",US (CONUS),Full-time,,,,,https://sjobs.brassring.com/TGnewUI/Search/home/HomeWithPreLoad?PageType=JobDetails&partnerid=25771&siteid=5403&jobid=301362
BAE Systems,Phenom,Embedded Software Security Engineer,Engineering & Technology,,"Totowa, NJ",US (CONUS),Full-time,,,,,https://sjobs.brassring.com/TGnewUI/Search/home/HomeWithPreLoad?PageType=JobDetails&partnerid=25771&siteid=5403&jobid=301239
BAE Systems,Phenom,Senior Fixed Equipment Inspector,Engineering & Technology,,"Radford, VA",US (CONUS),Full-time,,,,,https://sjobs.brassring.com/TGnewUI/Search/home/HomeWithPreLoad?PageType=JobDetails&partnerid=25771&siteid=5403&jobid=301061
BAE Systems,Phenom,Network Engineer - Senior,Engineering & Technology,,"Sterling, VA",US (CONUS),Full-time,,,,,https://sjobs.brassring.com/TGnewUI/Search/home/HomeWithPreLoad?PageType=JobDetails&partnerid=25771&siteid=5403&jobid=301542
BAE Systems,Phenom,IT Operations Systems Admin Sr 9/80B - Onsite,Engineering & Technology,,"Manchester, NH",US (CONUS),Full-time,,,,,https://sjobs.brassring.com/TGnewUI/Search/home/HomeWithPreLoad?PageType=JobDetails&partnerid=25771&siteid=5403&jobid=301396
BAE Systems,Phenom,Senior Engineer – Full-Stack Ground Software Developer,Engineering & Technology,,"Fairborn, OH",US (CONUS),Full-time,,,,,https://sjobs.brassring.com/TGnewUI/Search/home/HomeWithPreLoad?PageType=JobDetails&partnerid=25771&siteid=5403&jobid=301164
BAE Systems,Phenom,Implementations Network Engineer II,Engineering & Technology,,"Scott AFB, IL",US (CONUS),Full-time,,,,,https://sjobs.brassring.com/TGnewUI/Search/home/HomeWithPreLoad?PageType=JobDetails&partnerid=25771&siteid=5403&jobid=301383
BAE Systems,Phenom,Expert Systems Architect (Storage),Engineering & Technology,,"Herndon, VA",US (CONUS),Full-time,,,,,https://sjobs.brassring.com/TGnewUI/Search/home/HomeWithPreLoad?PageType=JobDetails&partnerid=25771&siteid=5403&jobid=301420
BAE Systems,Phenom,Test Technician IV,Engineering & Technology,,"Nashua, NH",US (CONUS),Full-time,,,,,https://sjobs.brassring.com/TGnewUI/Search/home/HomeWithPreLoad?PageType=JobDetails&partnerid=25771&siteid=5403&jobid=301501
BAE Systems,Phenom,Manufacturing Floor Support Engineer,Manufacturing & Maintenance,,"Austin, TX",US (CONUS),Full-time,,,,,https://sjobs.brassring.com/TGnewUI/Search/home/HomeWithPreLoad?PageType=JobDetails&partnerid=25771&siteid=5403&jobid=301449
BAE Systems,Phenom,Contracts Manager I,Other Professionals,,"Merrimack, NH",US (CONUS),Full-time,,,,,https://sjobs.brassring.com/TGnewUI/Search/home/HomeWithPreLoad?PageType=JobDetails&partnerid=25771&siteid=5403&jobid=302388
BAE Systems,Phenom,ACES Program Manager,Project & Program Management,,"Nashua, NH",US (CONUS),Full-time,,,,,https://sjobs.brassring.com/TGnewUI/Search/home/HomeWithPreLoad?PageType=JobDetails&partnerid=25771&siteid=5403&jobid=302314
BAE Systems,Phenom,Machinist III,Manufacturing & Maintenance,,"Broomfield, CO",US (CONUS),Full-time,,,,,https://sjobs.brassring.com/TGnewUI/Search/home/HomeWithPreLoad?PageType=JobDetails&partnerid=25771&siteid=5403&jobid=301569
BAE Systems,Phenom,Onboarding and Growth Program Manager - Onsite,Engineering & Technology,,"Nashua, NH",US (CONUS),Full-time,,,,,https://sjobs.brassring.com/TGnewUI/Search/home/HomeWithPreLoad?PageType=JobDetails&partnerid=25771&siteid=5403&jobid=301991
BAE Systems,Phenom,Senior Software Test Engineer,Engineering & Technology,,"Hill AFB, UT",US (CONUS),Full-time,,,,,https://sjobs.brassring.com/TGnewUI/Search/home/HomeWithPreLoad?PageType=JobDetails&partnerid=25771&siteid=5403&jobid=302500
BAE Systems,Phenom,Maintenace HVAC & Facilities,Manufacturing & Maintenance,,"Fort Wayne, IN",US (CONUS),Full-time,,,,,https://sjobs.brassring.com/TGnewUI/Search/home/HomeWithPreLoad?PageType=JobDetails&partnerid=25771&siteid=5403&jobid=302535
BAE Systems,Phenom,Engineer Principal - RF Payload Calibration,Engineering & Technology,,"Broomfield, CO",US (CONUS),Full-time,,,,,https://sjobs.brassring.com/TGnewUI/Search/home/HomeWithPreLoad?PageType=JobDetails&partnerid=25771&siteid=5403&jobid=302615
BAE Systems,Phenom,Cyber Security Systems Engineer - ISSE (Expert),Engineering & Technology,,"Herndon, VA",US (CONUS),Full-time,,,,,https://sjobs.brassring.com/TGnewUI/Search/home/HomeWithPreLoad?PageType=JobDetails&partnerid=25771&siteid=5403&jobid=302654
BAE Systems,Phenom,System Security Engineer - Principal,Engineering & Technology,,"Broomfield, CO",US (CONUS),Full-time,,,,,https://sjobs.brassring.com/TGnewUI/Search/home/HomeWithPreLoad?PageType=JobDetails&partnerid=25771&siteid=5403&jobid=302460
BAE Systems,Phenom,Software Engineer II,Engineering & Technology,,"Totowa, NJ",US (CONUS),Full-time,,,,,https://sjobs.brassring.com/TGnewUI/Search/home/HomeWithPreLoad?PageType=JobDetails&partnerid=25771&siteid=5403&jobid=302392
BAE Systems,Phenom,Senior Principal Mechanical Engineer,Engineering & Technology,,"Westminster, CO",US (CONUS),Full-time,,,,,https://sjobs.brassring.com/TGnewUI/Search/home/HomeWithPreLoad?PageType=JobDetails&partnerid=25771&siteid=5403&jobid=302512
BAE Systems,Phenom,Senior Accountant (Full-time Remote Considered),Finance & Accounting,,"Nashua, NH",US (CONUS),Full-time,,,,,https://sjobs.brassring.com/TGnewUI/Search/home/HomeWithPreLoad?PageType=JobDetails&partnerid=25771&siteid=5403&jobid=302669
BAE Systems,Phenom,Systems Integrator (Senior),Engineering & Technology,,"Herndon, VA",US (CONUS),Full-time,,,,,https://sjobs.brassring.com/TGnewUI/Search/home/HomeWithPreLoad?PageType=JobDetails&partnerid=25771&siteid=5403&jobid=302130
BAE Systems,Phenom,Systems Engineer – RF Integration & Performance Modeling,Engineering & Technology,,"Nashua, NH",US (CONUS),Full-time,,,,,https://sjobs.brassring.com/TGnewUI/Search/home/HomeWithPreLoad?PageType=JobDetails&partnerid=25771&siteid=5403&jobid=302778
BAE Systems,Phenom,Precision Strike and Sensing Solutions Business Development Manager,"Business Development, Strategy & Planning",,"Huntsville, AL",US (CONUS),Full-time,,,,,https://sjobs.brassring.com/TGnewUI/Search/home/HomeWithPreLoad?PageType=JobDetails&partnerid=25771&siteid=5403&jobid=302416
BAE Systems,Phenom,Configuration Control Rep – VI Team Lead,Engineering & Technology,,"Endicott, NY",US (CONUS),Full-time,,,,,https://sjobs.brassring.com/TGnewUI/Search/home/HomeWithPreLoad?PageType=JobDetails&partnerid=25771&siteid=5403&jobid=302011
BAE Systems,Phenom,Program Lead EQT/ EMI Systems Engineer,Engineering & Technology,,"Nashua, NH",US (CONUS),Full-time,,,,,https://sjobs.brassring.com/TGnewUI/Search/home/HomeWithPreLoad?PageType=JobDetails&partnerid=25771&siteid=5403&jobid=302697
BAE Systems,Phenom,Program Manager II - Air Force and Intelligence Programs,Project & Program Management,,"WP AFB, OH",US (CONUS),Full-time,,,,,https://sjobs.brassring.com/TGnewUI/Search/home/HomeWithPreLoad?PageType=JobDetails&partnerid=25771&siteid=5403&jobid=299500
BAE Systems,Phenom,Crane Operator,Manufacturing & Maintenance,,"Norfolk, VA",US (CONUS),Full-time,,,,,https://sjobs.brassring.com/TGnewUI/Search/home/HomeWithPreLoad?PageType=JobDetails&partnerid=25771&siteid=5403&jobid=296911
BAE Systems,Phenom,Senior EO Imagery Analyst / Scientist,Intelligence,,"Sterling, VA",US (CONUS),Full-time,,,,,https://sjobs.brassring.com/TGnewUI/Search/home/HomeWithPreLoad?PageType=JobDetails&partnerid=25771&siteid=5403&jobid=298849
BAE Systems,Phenom,Master Program Planner Senior - Program Scheduler,Finance & Accounting,,"Westminster, CO",US (CONUS),Full-time,,,,,https://sjobs.brassring.com/TGnewUI/Search/home/HomeWithPreLoad?PageType=JobDetails&partnerid=25771&siteid=5403&jobid=298540
BAE Systems,Phenom,FAST Labs Hardware Engineering Lead,Engineering & Technology,,"Merrimack, NH",US (CONUS),Full-time,,,,,https://sjobs.brassring.com/TGnewUI/Search/home/HomeWithPreLoad?PageType=JobDetails&partnerid=25771&siteid=5403&jobid=300128
BAE Systems,Phenom,Senior Principal Analog Electrical Engineer,Engineering & Technology,,"Nashua, NH",US (CONUS),Full-time,,,,,https://sjobs.brassring.com/TGnewUI/Search/home/HomeWithPreLoad?PageType=JobDetails&partnerid=25771&siteid=5403&jobid=298550
BAE Systems,Phenom,Test Tech III,Manufacturing & Maintenance,,"Nashua, NH",US (CONUS),Full-time,,,,,https://sjobs.brassring.com/TGnewUI/Search/home/HomeWithPreLoad?PageType=JobDetails&partnerid=25771&siteid=5403&jobid=299543
BAE Systems,Phenom,Senior Facility Engineer,Engineering & Technology,,"Maple Grove, MN",US (CONUS),Full-time,,,,,https://sjobs.brassring.com/TGnewUI/Search/home/HomeWithPreLoad?PageType=JobDetails&partnerid=25771&siteid=5403&jobid=298559
BAE Systems,Phenom,"Automation Technician, Electronics",Engineering & Technology,,"Richmond, VA",US (CONUS),Full-time,,,,,https://sjobs.brassring.com/TGnewUI/Search/home/HomeWithPreLoad?PageType=JobDetails&partnerid=25771&siteid=5403&jobid=299725
BAE Systems,Phenom,Engineer Principal - FPGA Design - $10K Sign On Bonus,Engineering & Technology,,"Chantilly, VA",US (CONUS),Full-time,,,,,https://sjobs.brassring.com/TGnewUI/Search/home/HomeWithPreLoad?PageType=JobDetails&partnerid=25771&siteid=5403&jobid=298874
BAE Systems,Phenom,Engineer Principal – Systems,Engineering & Technology,,"Broomfield, CO",US (CONUS),Full-time,,,,,https://sjobs.brassring.com/TGnewUI/Search/home/HomeWithPreLoad?PageType=JobDetails&partnerid=25771&siteid=5403&jobid=298855
BAE Systems,Phenom,Engineer Senior – Core Systems Engineering,Engineering & Technology,,"Broomfield, CO",US (CONUS),Full-time,,,,,https://sjobs.brassring.com/TGnewUI/Search/home/HomeWithPreLoad?PageType=JobDetails&partnerid=25771&siteid=5403&jobid=298854
BAE Systems,Phenom,Ship Superintendent / Area Manager,Manufacturing & Maintenance,,"San Diego, CA",US (CONUS),Full-time,,,,,https://sjobs.brassring.com/TGnewUI/Search/home/HomeWithPreLoad?PageType=JobDetails&partnerid=25771&siteid=5403&jobid=298066
BAE Systems,Phenom,Design/Construction Project Engineer,Project & Program Management,,"Hill AFB, UT",US (CONUS),Full-time,,,,,https://sjobs.brassring.com/TGnewUI/Search/home/HomeWithPreLoad?PageType=JobDetails&partnerid=25771&siteid=5403&jobid=299967
BAE Systems,Phenom,Engineer Principal – Systems – Sensor Model Development,Engineering & Technology,,"Fairborn, OH",US (CONUS),Full-time,,,,,https://sjobs.brassring.com/TGnewUI/Search/home/HomeWithPreLoad?PageType=JobDetails&partnerid=25771&siteid=5403&jobid=296563
BAE Systems,Phenom,"Craft Supervisor, Insulation - 3rd shift",Manufacturing & Maintenance,,"San Diego, CA",US (CONUS),Full-time,,,,,https://sjobs.brassring.com/TGnewUI/Search/home/HomeWithPreLoad?PageType=JobDetails&partnerid=25771&siteid=5403&jobid=299110
BAE Systems,Phenom,Engineering Project Team Lead -Hybrid- Sign on Bonus,Project & Program Management,,"Endicott, NY",US (CONUS),Full-time,,,,,https://sjobs.brassring.com/TGnewUI/Search/home/HomeWithPreLoad?PageType=JobDetails&partnerid=25771&siteid=5403&jobid=299239
BAE Systems,Phenom,Senior International Trade Analyst (Hybrid),Other Professionals,,"Greenlawn, NY",US (CONUS),Full-time,,,,,https://sjobs.brassring.com/TGnewUI/Search/home/HomeWithPreLoad?PageType=JobDetails&partnerid=25771&siteid=5403&jobid=299275
BAE Systems,Phenom,Principal Software Engineer – Seeker Market Expansion,Engineering & Technology,,"Huntsville, AL",US (CONUS),Full-time,,,,,https://sjobs.brassring.com/TGnewUI/Search/home/HomeWithPreLoad?PageType=JobDetails&partnerid=25771&siteid=5403&jobid=301645
BAE Systems,Phenom,"Radio-frequency (RF) Engineering Intern III, Summer 2027 (Hybrid)",Engineering & Technology,,"Nashua, NH",US (CONUS),Full-time,,,,,https://sjobs.brassring.com/TGnewUI/Search/home/HomeWithPreLoad?PageType=JobDetails&partnerid=25771&siteid=5403&jobid=301579
BAE Systems,Phenom,"Engineering Intern (EE/CE/RF) III, Summer 2027 (Hybrid)",Engineering & Technology,,"Nashua, NH",US (CONUS),Full-time,,,,,https://sjobs.brassring.com/TGnewUI/Search/home/HomeWithPreLoad?PageType=JobDetails&partnerid=25771&siteid=5403&jobid=301582
BAE Systems,Phenom,"Mechanical Engineering Intern III, Summer 2027 (Hybrid)",Engineering & Technology,,"Nashua, NH",US (CONUS),Full-time,,,,,https://sjobs.brassring.com/TGnewUI/Search/home/HomeWithPreLoad?PageType=JobDetails&partnerid=25771&siteid=5403&jobid=301599
BAE Systems,Phenom,Program Manager- Weapon Systems Program Execution,Project & Program Management,,"Louisville, KY",US (CONUS),Full-time,,,,,https://sjobs.brassring.com/TGnewUI/Search/home/HomeWithPreLoad?PageType=JobDetails&partnerid=25771&siteid=5403&jobid=301621
BAE Systems,Phenom,"Program Control Analyst, Grades 10 - 11 (Pipeline Requisition)",Finance & Accounting,,"Nashua, NH",US (CONUS),Full-time,,,,,https://sjobs.brassring.com/TGnewUI/Search/home/HomeWithPreLoad?PageType=JobDetails&partnerid=25771&siteid=5403&jobid=302537
BAE Systems,Phenom,Welder II ($29.80),Manufacturing & Maintenance,,"Anniston, AL",US (CONUS),Full-time,,,,,https://sjobs.brassring.com/TGnewUI/Search/home/HomeWithPreLoad?PageType=JobDetails&partnerid=25771&siteid=5403&jobid=298990
BAE Systems,Phenom,Semiconductor Equipment Maintenance Technician IV,Engineering & Technology,,"Nashua, NH",US (CONUS),Full-time,,,,,https://sjobs.brassring.com/TGnewUI/Search/home/HomeWithPreLoad?PageType=JobDetails&partnerid=25771&siteid=5403&jobid=302040
BAE Systems,Phenom,Project Engineering Manager III,Engineering & Technology,,"Merrimack, NH",US (CONUS),Full-time,,,,,https://sjobs.brassring.com/TGnewUI/Search/home/HomeWithPreLoad?PageType=JobDetails&partnerid=25771&siteid=5403&jobid=302082
BAE Systems,Phenom,Systems Engineer - Principal,Engineering & Technology,,"Cedar Rapids, IA",US (CONUS),Full-time,,,,,https://sjobs.brassring.com/TGnewUI/Search/home/HomeWithPreLoad?PageType=JobDetails&partnerid=25771&siteid=5403&jobid=301723
BAE Systems,Phenom,Senior Administrative Assistant,Engineering & Technology,,"Nashua, NH",US (CONUS),Full-time,,,,,https://sjobs.brassring.com/TGnewUI/Search/home/HomeWithPreLoad?PageType=JobDetails&partnerid=25771&siteid=5403&jobid=302138
BAE Systems,Phenom,Chief Engineer (ON-SITE),Engineering & Technology,,"Nashua, NH",US (CONUS),Full-time,,,,,https://sjobs.brassring.com/TGnewUI/Search/home/HomeWithPreLoad?PageType=JobDetails&partnerid=25771&siteid=5403&jobid=302462
BAE Systems,Phenom,Senior Engineer - Advanced Test Software,Engineering & Technology,,"Westminster, CO",US (CONUS),Full-time,,,,,https://sjobs.brassring.com/TGnewUI/Search/home/HomeWithPreLoad?PageType=JobDetails&partnerid=25771&siteid=5403&jobid=302016
BAE Systems,Phenom,Hardware Engineering Manager,Engineering & Technology,,"Hudson, NH",US (CONUS),Full-time,,,,,https://sjobs.brassring.com/TGnewUI/Search/home/HomeWithPreLoad?PageType=JobDetails&partnerid=25771&siteid=5403&jobid=302344
BAE Systems,Phenom,Electrician,Engineering & Technology,,"Wallops Island, VA",US (CONUS),Full-time,,,,,https://sjobs.brassring.com/TGnewUI/Search/home/HomeWithPreLoad?PageType=JobDetails&partnerid=25771&siteid=5403&jobid=295429
BAE Systems,Phenom,Data Engineer,Intelligence,,"Reston, VA",US (CONUS),Full-time,,,,,https://sjobs.brassring.com/TGnewUI/Search/home/HomeWithPreLoad?PageType=JobDetails&partnerid=25771&siteid=5403&jobid=300386
BAE Systems,Phenom,Principal Electrical Engineer (Hybrid),Engineering & Technology,,"Cedar Rapids, IA",US (CONUS),Full-time,,,,,https://sjobs.brassring.com/TGnewUI/Search/home/HomeWithPreLoad?PageType=JobDetails&partnerid=25771&siteid=5403&jobid=302576
BAE Systems,Phenom,IT Systems Administrator II,Engineering & Technology,,"Manchester, NH",US (CONUS),Full-time,,,,,https://sjobs.brassring.com/TGnewUI/Search/home/HomeWithPreLoad?PageType=JobDetails&partnerid=25771&siteid=5403&jobid=300454
BAE Systems,Phenom,International Trade Analyst II (Hybrid),Other Professionals,,"Greenlawn, NY",US (CONUS),Full-time,,,,,https://sjobs.brassring.com/TGnewUI/Search/home/HomeWithPreLoad?PageType=JobDetails&partnerid=25771&siteid=5403&jobid=300829
BAE Systems,Phenom,Data Scientist,Intelligence,,"Reston, VA",US (CONUS),Full-time,,,,,https://sjobs.brassring.com/TGnewUI/Search/home/HomeWithPreLoad?PageType=JobDetails&partnerid=25771&siteid=5403&jobid=300472
BAE Systems,Phenom,Mid-Level OSINT Training Instructor,Intelligence,,"Reston, VA",US (CONUS),Full-time,,,,,https://sjobs.brassring.com/TGnewUI/Search/home/HomeWithPreLoad?PageType=JobDetails&partnerid=25771&siteid=5403&jobid=301082
BAE Systems,Phenom,Senior Systems Engineer - Weapons Systems,Engineering & Technology,,"Cedar Rapids, IA",US (CONUS),Full-time,,,,,https://sjobs.brassring.com/TGnewUI/Search/home/HomeWithPreLoad?PageType=JobDetails&partnerid=25771&siteid=5403&jobid=301191
BAE Systems,Phenom,Operations Specialist II - Mission Operations Sustainment,Engineering & Technology,,"Broomfield, CO",US (CONUS),Full-time,,,,,https://sjobs.brassring.com/TGnewUI/Search/home/HomeWithPreLoad?PageType=JobDetails&partnerid=25771&siteid=5403&jobid=300922
BAE Systems,Phenom,Sr. Data Engineer,Intelligence,,"Reston, VA",US (CONUS),Full-time,,,,,https://sjobs.brassring.com/TGnewUI/Search/home/HomeWithPreLoad?PageType=JobDetails&partnerid=25771&siteid=5403&jobid=300387
BAE Systems,Phenom,"Cyber Security, Information Systems Security Officer (ISSO)",Other Professionals,,"Nashua, NH",US (CONUS),Full-time,,,,,https://sjobs.brassring.com/TGnewUI/Search/home/HomeWithPreLoad?PageType=JobDetails&partnerid=25771&siteid=5403&jobid=300590
BAE Systems,Phenom,Senior Director of Software Engineering,Engineering & Technology,,"Merrimack, NH",US (CONUS),Full-time,,,,,https://sjobs.brassring.com/TGnewUI/Search/home/HomeWithPreLoad?PageType=JobDetails&partnerid=25771&siteid=5403&jobid=300779
BAE Systems,Phenom,Program Control Analyst II (Hybrid),Finance & Accounting,,"Nashua, NH",US (CONUS),Full-time,,,,,https://sjobs.brassring.com/TGnewUI/Search/home/HomeWithPreLoad?PageType=JobDetails&partnerid=25771&siteid=5403&jobid=300826
BAE Systems,Phenom,Product Test Engineer II - Engine System Unit Integration,Engineering & Technology,,"Fort Wayne, IN",US (CONUS),Full-time,,,,,https://sjobs.brassring.com/TGnewUI/Search/home/HomeWithPreLoad?PageType=JobDetails&partnerid=25771&siteid=5403&jobid=299874
BAE Systems,Phenom,Industrial Engineer - Semiconductor Operations,Engineering & Technology,,"Nashua, NH",US (CONUS),Full-time,,,,,https://sjobs.brassring.com/TGnewUI/Search/home/HomeWithPreLoad?PageType=JobDetails&partnerid=25771&siteid=5403&jobid=299602
BAE Systems,Phenom,Test Engineer II,Engineering & Technology,,"Nashua, NH",US (CONUS),Full-time,,,,,https://sjobs.brassring.com/TGnewUI/Search/home/HomeWithPreLoad?PageType=JobDetails&partnerid=25771&siteid=5403&jobid=302023
BAE Systems,Phenom,Technician I – RF Ranges – 1st Shift,Engineering & Technology,,"Westminster, CO",US (CONUS),Full-time,,,,,https://sjobs.brassring.com/TGnewUI/Search/home/HomeWithPreLoad?PageType=JobDetails&partnerid=25771&siteid=5403&jobid=300780
BAE Systems,Phenom,Senior Full Stack Developer,Engineering & Technology,,"Nashua, NH",US (CONUS),Full-time,,,,,https://sjobs.brassring.com/TGnewUI/Search/home/HomeWithPreLoad?PageType=JobDetails&partnerid=25771&siteid=5403&jobid=300440
BAE Systems,Phenom,"Director III, Business Applications",Engineering & Technology,,"Falls Church, VA",US (CONUS),Full-time,,,,,https://sjobs.brassring.com/TGnewUI/Search/home/HomeWithPreLoad?PageType=JobDetails&partnerid=25771&siteid=5403&jobid=302966
BAE Systems,Phenom,Software Engineering Manager 2,Engineering & Technology,,"Nashua, NH",US (CONUS),Full-time,,,,,https://sjobs.brassring.com/TGnewUI/Search/home/HomeWithPreLoad?PageType=JobDetails&partnerid=25771&siteid=5403&jobid=303127
BAE Systems,Phenom,"Director III, Product Lifecycle Applications",Engineering & Technology,,"Falls Church, VA",US (CONUS),Full-time,,,,,https://sjobs.brassring.com/TGnewUI/Search/home/HomeWithPreLoad?PageType=JobDetails&partnerid=25771&siteid=5403&jobid=302967
BAE Systems,Phenom,Program Control Analyst II,Finance & Accounting,,"Broomfield, CO",US (CONUS),Full-time,,,,,https://sjobs.brassring.com/TGnewUI/Search/home/HomeWithPreLoad?PageType=JobDetails&partnerid=25771&siteid=5403&jobid=302835
BAE Systems,Phenom,Switch Technician,Manufacturing & Maintenance,,"Wallops Island, VA",US (CONUS),Full-time,,,,,https://sjobs.brassring.com/TGnewUI/Search/home/HomeWithPreLoad?PageType=JobDetails&partnerid=25771&siteid=5403&jobid=299570
BAE Systems,Phenom,Information Systems Technician (GCCS/CANES),Intelligence,,"Wallops Island, VA",US (CONUS),Full-time,,,,,https://sjobs.brassring.com/TGnewUI/Search/home/HomeWithPreLoad?PageType=JobDetails&partnerid=25771&siteid=5403&jobid=299550
BAE Systems,Phenom,Navy Combat Systems Computer/ Network Technician,Engineering & Technology,,"Wallops Island, VA",US (CONUS),Full-time,,,,,https://sjobs.brassring.com/TGnewUI/Search/home/HomeWithPreLoad?PageType=JobDetails&partnerid=25771&siteid=5403&jobid=299551
BAE Systems,Phenom,Technical Library Aid,Intelligence,,"Wallops Island, VA",US (CONUS),Full-time,,,,,https://sjobs.brassring.com/TGnewUI/Search/home/HomeWithPreLoad?PageType=JobDetails&partnerid=25771&siteid=5403&jobid=299547
BAE Systems,Phenom,AEGIS Test Director,Engineering & Technology,,"Wallops Island, VA",US (CONUS),Full-time,,,,,https://sjobs.brassring.com/TGnewUI/Search/home/HomeWithPreLoad?PageType=JobDetails&partnerid=25771&siteid=5403&jobid=299625
BAE Systems,Phenom,SPY/FCS Radar Technician,Other Professionals,,"Wallops Island, VA",US (CONUS),Full-time,,,,,https://sjobs.brassring.com/TGnewUI/Search/home/HomeWithPreLoad?PageType=JobDetails&partnerid=25771&siteid=5403&jobid=299552
BAE Systems,Phenom,Architecture Systems Engineer II,Engineering & Technology,,"Hill AFB, UT",US (CONUS),Full-time,,,,,https://sjobs.brassring.com/TGnewUI/Search/home/HomeWithPreLoad?PageType=JobDetails&partnerid=25771&siteid=5403&jobid=302648
BAE Systems,Phenom,Electrical System Engineer Principal – Payloads - $10K Sign On Bonus,Engineering & Technology,,"Westminster, CO",US (CONUS),Full-time,,,,,https://sjobs.brassring.com/TGnewUI/Search/home/HomeWithPreLoad?PageType=JobDetails&partnerid=25771&siteid=5403&jobid=296840
BAE Systems,Phenom,Material Planning Coordinator II- Mon-Thur 2nd Shift (Full Onsite),Supply Chain & Logistics,,"Nashua, NH",US (CONUS),Full-time,,,,,https://sjobs.brassring.com/TGnewUI/Search/home/HomeWithPreLoad?PageType=JobDetails&partnerid=25771&siteid=5403&jobid=302912
BAE Systems,Phenom,Documentation Control Specialist,Engineering & Technology,,"Merrimack, NH",US (CONUS),Full-time,,,,,https://sjobs.brassring.com/TGnewUI/Search/home/HomeWithPreLoad?PageType=JobDetails&partnerid=25771&siteid=5403&jobid=303026
BAE Systems,Phenom,Manufacturing Engineer - 3rd Shift,Engineering & Technology,,"York, PA",US (CONUS),Full-time,,,,,https://sjobs.brassring.com/TGnewUI/Search/home/HomeWithPreLoad?PageType=JobDetails&partnerid=25771&siteid=5403&jobid=302806
BAE Systems,Phenom,Principal Program Control Analyst (Hybrid),Finance & Accounting,,"Nashua, NH",US (CONUS),Full-time,,,,,https://sjobs.brassring.com/TGnewUI/Search/home/HomeWithPreLoad?PageType=JobDetails&partnerid=25771&siteid=5403&jobid=303061
BAE Systems,Phenom,"Corporate Legal Intern IV, Fall 2026 (Hybrid)",Other Professionals,,"Arlington, VA",US (CONUS),Part-time,,,,,https://sjobs.brassring.com/TGnewUI/Search/home/HomeWithPreLoad?PageType=JobDetails&partnerid=25771&siteid=5403&jobid=302861
BAE Systems,Phenom,Manager I - Engineering - Precision Optical Manufacturing,Engineering & Technology,,"Boulder, CO",US (CONUS),Full-time,,,,,https://sjobs.brassring.com/TGnewUI/Search/home/HomeWithPreLoad?PageType=JobDetails&partnerid=25771&siteid=5403&jobid=302927
BAE Systems,Phenom,Senior ISSE,Engineering & Technology,,"Annapolis Junction, MD",US (CONUS),Full-time,,,,,https://sjobs.brassring.com/TGnewUI/Search/home/HomeWithPreLoad?PageType=JobDetails&partnerid=25771&siteid=5403&jobid=303126
BAE Systems,Phenom,Subcontracts Program Manager II,Supply Chain & Logistics,,"Broomfield, CO",US (CONUS),Full-time,,,,,https://sjobs.brassring.com/TGnewUI/Search/home/HomeWithPreLoad?PageType=JobDetails&partnerid=25771&siteid=5403&jobid=302809
BAE Systems,Phenom,HVAC IV – Facilities,Manufacturing & Maintenance,,"Westminster, CO",US (CONUS),Full-time,,,,,https://sjobs.brassring.com/TGnewUI/Search/home/HomeWithPreLoad?PageType=JobDetails&partnerid=25771&siteid=5403&jobid=302725
BAE Systems,Phenom,Subcontracts Program Manager III,Supply Chain & Logistics,,"Broomfield, CO",US (CONUS),Full-time,,,,,https://sjobs.brassring.com/TGnewUI/Search/home/HomeWithPreLoad?PageType=JobDetails&partnerid=25771&siteid=5403&jobid=302811
BAE Systems,Phenom,Mid Level ServiceNow Developer,Engineering & Technology,,"Sterling, VA",US (CONUS),Full-time,,,,,https://sjobs.brassring.com/TGnewUI/Search/home/HomeWithPreLoad?PageType=JobDetails&partnerid=25771&siteid=5403&jobid=303192
BAE Systems,Phenom,Contract TA Sourcing Specialist,Other Professionals,,"Nashua, NH",US (CONUS),Full-time,,,,,https://sjobs.brassring.com/TGnewUI/Search/home/HomeWithPreLoad?PageType=JobDetails&partnerid=25771&siteid=5403&jobid=303149
BAE Systems,Phenom,Senior DevSecOps Engineer,Engineering & Technology,,"Sterling, VA",US (CONUS),Full-time,,,,,https://sjobs.brassring.com/TGnewUI/Search/home/HomeWithPreLoad?PageType=JobDetails&partnerid=25771&siteid=5403&jobid=303193
BAE Systems,Phenom,Principal Software Engineer,Engineering & Technology,,"Totowa, NJ",US (CONUS),Full-time,,,,,https://sjobs.brassring.com/TGnewUI/Search/home/HomeWithPreLoad?PageType=JobDetails&partnerid=25771&siteid=5403&jobid=303097
BAE Systems,Phenom,Senior Platform/Tier3 Engineer,Engineering & Technology,,"Sterling, VA",US (CONUS),Full-time,,,,,https://sjobs.brassring.com/TGnewUI/Search/home/HomeWithPreLoad?PageType=JobDetails&partnerid=25771&siteid=5403&jobid=303189
BAE Systems,Phenom,Senior Systems Engineer - Aviation Weapons Portfoliio,Engineering & Technology,,"Hudson, NH",US (CONUS),Full-time,,,,,https://sjobs.brassring.com/TGnewUI/Search/home/HomeWithPreLoad?PageType=JobDetails&partnerid=25771&siteid=5403&jobid=303056
BAE Systems,Phenom,Principal Software Engineer (Hybrid),Engineering & Technology,,"Greenlawn, NY",US (CONUS),Full-time,,,,,https://sjobs.brassring.com/TGnewUI/Search/home/HomeWithPreLoad?PageType=JobDetails&partnerid=25771&siteid=5403&jobid=302934
BAE Systems,Phenom,Finance Administrative Associate II,Other Professionals,,"Broomfield, CO",US (CONUS),Full-time,,,,,https://sjobs.brassring.com/TGnewUI/Search/home/HomeWithPreLoad?PageType=JobDetails&partnerid=25771&siteid=5403&jobid=303018
BAE Systems,Phenom,Senior Software Engineer,Engineering & Technology,,"Rome, NY",US (CONUS),Full-time,,,,,https://sjobs.brassring.com/TGnewUI/Search/home/HomeWithPreLoad?PageType=JobDetails&partnerid=25771&siteid=5403&jobid=303046
BAE Systems,Phenom,Field Service Engineer,Engineering & Technology,,"Westminster, CO",US (CONUS),Full-time,,,,,https://sjobs.brassring.com/TGnewUI/Search/home/HomeWithPreLoad?PageType=JobDetails&partnerid=25771&siteid=5403&jobid=302651
BAE Systems,Phenom,Field Service Technician,Engineering & Technology,,"Westminster, CO",US (CONUS),Full-time,,,,,https://sjobs.brassring.com/TGnewUI/Search/home/HomeWithPreLoad?PageType=JobDetails&partnerid=25771&siteid=5403&jobid=302825
BAE Systems,Phenom,Principal Mechanical Engineer,Engineering & Technology,,"Hudson, NH",US (CONUS),Full-time,,,,,https://sjobs.brassring.com/TGnewUI/Search/home/HomeWithPreLoad?PageType=JobDetails&partnerid=25771&siteid=5403&jobid=303140
BAE Systems,Phenom,Scrum Master (Expert),Engineering & Technology,,"Herndon, VA",US (CONUS),Full-time,,,,,https://sjobs.brassring.com/TGnewUI/Search/home/HomeWithPreLoad?PageType=JobDetails&partnerid=25771&siteid=5403&jobid=303157
BAE Systems,Phenom,Chief Engineer,Engineering & Technology,,"Austin, TX",US (CONUS),Full-time,,,,,https://sjobs.brassring.com/TGnewUI/Search/home/HomeWithPreLoad?PageType=JobDetails&partnerid=25771&siteid=5403&jobid=303191
BAE Systems,Phenom,Entry Level Environmental Technician- Electronics Manufacturing,Manufacturing & Maintenance,,"Greenlawn, NY",US (CONUS),Full-time,,,,,https://sjobs.brassring.com/TGnewUI/Search/home/HomeWithPreLoad?PageType=JobDetails&partnerid=25771&siteid=5403&jobid=302992
BAE Systems,Phenom,FAST Labs - A3 Program Manager I,Project & Program Management,,"Merrimack, NH",US (CONUS),Full-time,,,,,https://sjobs.brassring.com/TGnewUI/Search/home/HomeWithPreLoad?PageType=JobDetails&partnerid=25771&siteid=5403&jobid=303176
BAE Systems,Phenom,FAST Labs - A3 Program Manager II,Project & Program Management,,"Merrimack, NH",US (CONUS),Full-time,,,,,https://sjobs.brassring.com/TGnewUI/Search/home/HomeWithPreLoad?PageType=JobDetails&partnerid=25771&siteid=5403&jobid=303177
BAE Systems,Phenom,Systems Administrator II,Engineering & Technology,,"Broomfield, CO",US (CONUS),Full-time,,,,,https://sjobs.brassring.com/TGnewUI/Search/home/HomeWithPreLoad?PageType=JobDetails&partnerid=25771&siteid=5403&jobid=301787
BAE Systems,Phenom,AEWS Operations Program Manager 3,Project & Program Management,,"Nashua, NH",US (CONUS),Full-time,,,,,https://sjobs.brassring.com/TGnewUI/Search/home/HomeWithPreLoad?PageType=JobDetails&partnerid=25771&siteid=5403&jobid=303068
BAE Systems,Phenom,Logistics Representative I,Supply Chain & Logistics,,"Westminster, CO",US (CONUS),Full-time,,,,,https://sjobs.brassring.com/TGnewUI/Search/home/HomeWithPreLoad?PageType=JobDetails&partnerid=25771&siteid=5403&jobid=302874
BAE Systems,Phenom,Director II - Business Development,"Business Development, Strategy & Planning",,"Falls Church, VA",US (CONUS),Full-time,,,,,https://sjobs.brassring.com/TGnewUI/Search/home/HomeWithPreLoad?PageType=JobDetails&partnerid=25771&siteid=5403&jobid=303000
BAE Systems,Phenom,Principal Buyer – Weapon Systems Program,Supply Chain & Logistics,,"Louisville, KY",US (CONUS),Full-time,,,,,https://sjobs.brassring.com/TGnewUI/Search/home/HomeWithPreLoad?PageType=JobDetails&partnerid=25771&siteid=5403&jobid=300681
BAE Systems,Phenom,Principal Electrical Engineer,Engineering & Technology,,"Hudson, NH",US (CONUS),Full-time,,,,,https://sjobs.brassring.com/TGnewUI/Search/home/HomeWithPreLoad?PageType=JobDetails&partnerid=25771&siteid=5403&jobid=303134
BAE Systems,Phenom,Microwave Technician II - Weekend Nights,Manufacturing & Maintenance,,"Nashua, NH",US (CONUS),Full-time,,,,,https://sjobs.brassring.com/TGnewUI/Search/home/HomeWithPreLoad?PageType=JobDetails&partnerid=25771&siteid=5403&jobid=302824
BAE Systems,Phenom,"Engineer Sr Principal - EMI/EMC - $40,000 Sign-On Bonus",Engineering & Technology,,"Westminster, CO",US (CONUS),Full-time,,,,,https://sjobs.brassring.com/TGnewUI/Search/home/HomeWithPreLoad?PageType=JobDetails&partnerid=25771&siteid=5403&jobid=296147
BAE Systems,Phenom,Senior Mechanical Engineer (Design/Analysis),Engineering & Technology,,"Totowa, NJ",US (CONUS),Full-time,,,,,https://sjobs.brassring.com/TGnewUI/Search/home/HomeWithPreLoad?PageType=JobDetails&partnerid=25771&siteid=5403&jobid=302406
BAE Systems,Phenom,AFGSC Task Force Detachment 12 Principal Industrial Engineer,Engineering & Technology,,"Minot AFB, ND",US (CONUS),Full-time,,,,,https://sjobs.brassring.com/TGnewUI/Search/home/HomeWithPreLoad?PageType=JobDetails&partnerid=25771&siteid=5403&jobid=303050
BAE Systems,Phenom,FAST Labs - Administrative Assistant to Microelectronics Product Line Director,Other Professionals,,"Merrimack, NH",US (CONUS),Full-time,,,,,https://sjobs.brassring.com/TGnewUI/Search/home/HomeWithPreLoad?PageType=JobDetails&partnerid=25771&siteid=5403&jobid=303006
BAE Systems,Phenom,Business Systems Analyst Senior – Digital Employee Experience (DEX Ops),Engineering & Technology,,"Charlotte, NC",US (CONUS),Full-time,,,,,https://sjobs.brassring.com/TGnewUI/Search/home/HomeWithPreLoad?PageType=JobDetails&partnerid=25771&siteid=5403&jobid=302915
BAE Systems,Phenom,IT Project Manager Expert,Project & Program Management,,"Herndon, VA",US (CONUS),Full-time,,,,,https://sjobs.brassring.com/TGnewUI/Search/home/HomeWithPreLoad?PageType=JobDetails&partnerid=25771&siteid=5403&jobid=302939
BAE Systems,Phenom,Configuration Analyst Senior,Engineering & Technology,,"Boulder, CO",US (CONUS),Full-time,,,,,https://sjobs.brassring.com/TGnewUI/Search/home/HomeWithPreLoad?PageType=JobDetails&partnerid=25771&siteid=5403&jobid=302857
BAE Systems,Phenom,TacAir EW Sustainment Program Manager,Project & Program Management,,"Nashua, NH",US (CONUS),Full-time,,,,,https://sjobs.brassring.com/TGnewUI/Search/home/HomeWithPreLoad?PageType=JobDetails&partnerid=25771&siteid=5403&jobid=303119
BAE Systems,Phenom,IT Program Manager (SME),Engineering & Technology,,"Herndon, VA",US (CONUS),Full-time,,,,,https://sjobs.brassring.com/TGnewUI/Search/home/HomeWithPreLoad?PageType=JobDetails&partnerid=25771&siteid=5403&jobid=301032
BAE Systems,Phenom,Sr. Learning Experience Designer and Analyst,Other Professionals,,"Nashua, NH",US (CONUS),Full-time,,,,,https://sjobs.brassring.com/TGnewUI/Search/home/HomeWithPreLoad?PageType=JobDetails&partnerid=25771&siteid=5403&jobid=301143
BAE Systems,Phenom,Program Manager,Project & Program Management,,"Nashua, NH",US (CONUS),Full-time,,,,,https://sjobs.brassring.com/TGnewUI/Search/home/HomeWithPreLoad?PageType=JobDetails&partnerid=25771&siteid=5403&jobid=302486
BAE Systems,Phenom,Principal Business Systems Analyst,Other Professionals,,"Nashua, NH",US (CONUS),Full-time,,,,,https://sjobs.brassring.com/TGnewUI/Search/home/HomeWithPreLoad?PageType=JobDetails&partnerid=25771&siteid=5403&jobid=302436
BAE Systems,Phenom,Material Planning Coordinator II- Weekend Day Shift (Full Onsite),Supply Chain & Logistics,,"Nashua, NH",US (CONUS),Full-time,,,,,https://sjobs.brassring.com/TGnewUI/Search/home/HomeWithPreLoad?PageType=JobDetails&partnerid=25771&siteid=5403&jobid=303081
BAE Systems,Phenom,Information Systems Security Engineer (ISSE),Engineering & Technology,,"Sterling, VA",US (CONUS),Full-time,,,,,https://sjobs.brassring.com/TGnewUI/Search/home/HomeWithPreLoad?PageType=JobDetails&partnerid=25771&siteid=5403&jobid=303183
BAE Systems,Phenom,Vehicle Technician ($35.88 + $1.25 shift differential),Manufacturing & Maintenance,,"York, PA",US (CONUS),Full-time,,,,,https://sjobs.brassring.com/TGnewUI/Search/home/HomeWithPreLoad?PageType=JobDetails&partnerid=25771&siteid=5403&jobid=303179
BAE Systems,Phenom,Engineer Senior - Mechanisms,Engineering & Technology,,"Boulder, CO",US (CONUS),Full-time,,,,,https://sjobs.brassring.com/TGnewUI/Search/home/HomeWithPreLoad?PageType=JobDetails&partnerid=25771&siteid=5403&jobid=300405
BAE Systems,Phenom,Digital Logistics Project Manager,Engineering & Technology,,"Hill AFB, UT",US (CONUS),Full-time,,,,,https://sjobs.brassring.com/TGnewUI/Search/home/HomeWithPreLoad?PageType=JobDetails&partnerid=25771&siteid=5403&jobid=303108
BAE Systems,Phenom,Electronics Test Technician,Engineering & Technology,,"Endicott, NY",US (CONUS),Full-time,,,,,https://sjobs.brassring.com/TGnewUI/Search/home/HomeWithPreLoad?PageType=JobDetails&partnerid=25771&siteid=5403&jobid=299370
BAE Systems,Phenom,Support Equipment Systems Engineer,Engineering & Technology,,"Hill AFB, UT",US (CONUS),Full-time,,,,,https://sjobs.brassring.com/TGnewUI/Search/home/HomeWithPreLoad?PageType=JobDetails&partnerid=25771&siteid=5403&jobid=302896
BAE Systems,Phenom,Senior FPGA Design Engineer,Engineering & Technology,,"Manchester, NH",US (CONUS),Full-time,,,,,https://sjobs.brassring.com/TGnewUI/Search/home/HomeWithPreLoad?PageType=JobDetails&partnerid=25771&siteid=5403&jobid=302661
BAE Systems,Phenom,"Space Systems, RFx Administrative Assistant IV",Other Professionals,,"Merrimack, NH",US (CONUS),Full-time,,,,,https://sjobs.brassring.com/TGnewUI/Search/home/HomeWithPreLoad?PageType=JobDetails&partnerid=25771&siteid=5403&jobid=302471
BAE Systems,Phenom,Administrative Assistant IV,Engineering & Technology,,"Nashua, NH",US (CONUS),Full-time,,,,,https://sjobs.brassring.com/TGnewUI/Search/home/HomeWithPreLoad?PageType=JobDetails&partnerid=25771&siteid=5403&jobid=302903
BAE Systems,Phenom,Junior Software Engineer,Engineering & Technology,,"Greenlawn, NY",US (CONUS),Full-time,,,,,https://sjobs.brassring.com/TGnewUI/Search/home/HomeWithPreLoad?PageType=JobDetails&partnerid=25771&siteid=5403&jobid=302953
BAE Systems,Phenom,Proposal Analyst,Supply Chain & Logistics,,"Phoenix, AZ",US (CONUS),Full-time,,,,,https://sjobs.brassring.com/TGnewUI/Search/home/HomeWithPreLoad?PageType=JobDetails&partnerid=25771&siteid=5403&jobid=302598
BAE Systems,Phenom,Senior Systems Engineer-Test,Engineering & Technology,,"Nashua, NH",US (CONUS),Full-time,,,,,https://sjobs.brassring.com/TGnewUI/Search/home/HomeWithPreLoad?PageType=JobDetails&partnerid=25771&siteid=5403&jobid=303105
BAE Systems,Phenom,Procurement Anst Sr.,Supply Chain & Logistics,,"Phoenix, AZ",US (CONUS),Full-time,,,,,https://sjobs.brassring.com/TGnewUI/Search/home/HomeWithPreLoad?PageType=JobDetails&partnerid=25771&siteid=5403&jobid=302793
BAE Systems,Phenom,VT Level II Quality Inspector: Visual Weld Inspection (3rd Shift),Manufacturing & Maintenance,,"York, PA",US (CONUS),Full-time,,,,,https://sjobs.brassring.com/TGnewUI/Search/home/HomeWithPreLoad?PageType=JobDetails&partnerid=25771&siteid=5403&jobid=302625
BAE Systems,Phenom,C4ISRS Strategic Programs Director,Project & Program Management,,"Hudson, NH",US (CONUS),Full-time,,,,,https://sjobs.brassring.com/TGnewUI/Search/home/HomeWithPreLoad?PageType=JobDetails&partnerid=25771&siteid=5403&jobid=302710
BAE Systems,Phenom,Project Engineer I,Engineering & Technology,,"Westminster, CO",US (CONUS),Full-time,,,,,https://sjobs.brassring.com/TGnewUI/Search/home/HomeWithPreLoad?PageType=JobDetails&partnerid=25771&siteid=5403&jobid=302919
BAE Systems,Phenom,Program Manager II,Project & Program Management,,"Westminster, CO",US (CONUS),Full-time,,,,,https://sjobs.brassring.com/TGnewUI/Search/home/HomeWithPreLoad?PageType=JobDetails&partnerid=25771&siteid=5403&jobid=302888
BAE Systems,Phenom,Program Manager III,Project & Program Management,,"Westminster, CO",US (CONUS),Full-time,,,,,https://sjobs.brassring.com/TGnewUI/Search/home/HomeWithPreLoad?PageType=JobDetails&partnerid=25771&siteid=5403&jobid=302898
BAE Systems,Phenom,Commodity Manager,Supply Chain & Logistics,,"Greenlawn, NY",US (CONUS),Full-time,,,,,https://sjobs.brassring.com/TGnewUI/Search/home/HomeWithPreLoad?PageType=JobDetails&partnerid=25771&siteid=5403&jobid=303036
BAE Systems,Phenom,Operations Program Manager III,Project & Program Management,,"Merrimack, NH",US (CONUS),Full-time,,,,,https://sjobs.brassring.com/TGnewUI/Search/home/HomeWithPreLoad?PageType=JobDetails&partnerid=25771&siteid=5403&jobid=302003
BAE Systems,Phenom,Project Manager III - Technical,Project & Program Management,,"Broomfield, CO",US (CONUS),Full-time,,,,,https://sjobs.brassring.com/TGnewUI/Search/home/HomeWithPreLoad?PageType=JobDetails&partnerid=25771&siteid=5403&jobid=301592
BAE Systems,Phenom,Material Planning Coordinator III - Sustainment,Supply Chain & Logistics,,"Merrimack, NH",US (CONUS),Full-time,,,,,https://sjobs.brassring.com/TGnewUI/Search/home/HomeWithPreLoad?PageType=JobDetails&partnerid=25771&siteid=5403&jobid=302362
BAE Systems,Phenom,2nd Shift PCA Supervisor,Manufacturing & Maintenance,,"Endicott, NY",US (CONUS),Full-time,,,,,https://sjobs.brassring.com/TGnewUI/Search/home/HomeWithPreLoad?PageType=JobDetails&partnerid=25771&siteid=5403&jobid=303024
BAE Systems,Phenom,Senior Subcontract Administrator,Supply Chain & Logistics,,"Nashua, NH",US (CONUS),Full-time,,,,,https://sjobs.brassring.com/TGnewUI/Search/home/HomeWithPreLoad?PageType=JobDetails&partnerid=25771&siteid=5403&jobid=302583
BAE Systems,Phenom,Test Engineering Assistant,Engineering & Technology,,"Totowa, NJ",US (CONUS),Full-time,,,,,https://sjobs.brassring.com/TGnewUI/Search/home/HomeWithPreLoad?PageType=JobDetails&partnerid=25771&siteid=5403&jobid=302617
BAE Systems,Phenom,FAST Labs – Mission-Applied Exploitation (MAX) Tech Area Director,Engineering & Technology,,"Merrimack, NH",US (CONUS),Full-time,,,,,https://sjobs.brassring.com/TGnewUI/Search/home/HomeWithPreLoad?PageType=JobDetails&partnerid=25771&siteid=5403&jobid=303152
BAE Systems,Phenom,System Test Engineer II - Mechanisms and Test Scripts - $10K Sign on Bonus,Engineering & Technology,,"Boulder, CO",US (CONUS),Full-time,,,,,https://sjobs.brassring.com/TGnewUI/Search/home/HomeWithPreLoad?PageType=JobDetails&partnerid=25771&siteid=5403&jobid=302736
BAE Systems,Phenom,Assembler 1,Manufacturing & Maintenance,,"York, PA",US (CONUS),Full-time,,,,,https://sjobs.brassring.com/TGnewUI/Search/home/HomeWithPreLoad?PageType=JobDetails&partnerid=25771&siteid=5403&jobid=302756
BAE Systems,Phenom,Project Coordinator,Engineering & Technology,,"Nashua, NH",US (CONUS),Full-time,,,,,https://sjobs.brassring.com/TGnewUI/Search/home/HomeWithPreLoad?PageType=JobDetails&partnerid=25771&siteid=5403&jobid=303155
BAE Systems,Phenom,Program Manager for the Submarine Logistics and Refit Data System,Engineering & Technology,,"Mechanicsburg, PA",US (CONUS),Full-time,,,,,https://sjobs.brassring.com/TGnewUI/Search/home/HomeWithPreLoad?PageType=JobDetails&partnerid=25771&siteid=5403&jobid=302877
BAE Systems,Phenom,Electronic Test Tech 4th Shift,Manufacturing & Maintenance,,"Nashua, NH",US (CONUS),Full-time,,,,,https://sjobs.brassring.com/TGnewUI/Search/home/HomeWithPreLoad?PageType=JobDetails&partnerid=25771&siteid=5403&jobid=299875
BAE Systems,Phenom,EMI/EMC Design and Test Engineer,Engineering & Technology,,"Cedar Rapids, IA",US (CONUS),Full-time,,,,,https://sjobs.brassring.com/TGnewUI/Search/home/HomeWithPreLoad?PageType=JobDetails&partnerid=25771&siteid=5403&jobid=303141
BAE Systems,Phenom,Maintenance Planning Specialist,Engineering & Technology,,"Wallops Island, VA",US (CONUS),Full-time,,,,,https://sjobs.brassring.com/TGnewUI/Search/home/HomeWithPreLoad?PageType=JobDetails&partnerid=25771&siteid=5403&jobid=303064
BAE Systems,Phenom,1MC  System Technologist,Engineering & Technology,,"Pascagoula, MS",US (CONUS),Full-time,,,,,https://sjobs.brassring.com/TGnewUI/Search/home/HomeWithPreLoad?PageType=JobDetails&partnerid=25771&siteid=5403&jobid=301110
BAE Systems,Phenom,ACES Operations Program Manager III,Project & Program Management,,"Nashua, NH",US (CONUS),Full-time,,,,,https://sjobs.brassring.com/TGnewUI/Search/home/HomeWithPreLoad?PageType=JobDetails&partnerid=25771&siteid=5403&jobid=300663
BAE Systems,Phenom,Program Engineering Manager II,Engineering & Technology,,"Nashua, NH",US (CONUS),Full-time,,,,,https://sjobs.brassring.com/TGnewUI/Search/home/HomeWithPreLoad?PageType=JobDetails&partnerid=25771&siteid=5403&jobid=303049
BAE Systems,Phenom,Director II - Programs - Campaign Lead,Project & Program Management,,"Sterling Heights, MI",US (CONUS),Full-time,,,,,https://sjobs.brassring.com/TGnewUI/Search/home/HomeWithPreLoad?PageType=JobDetails&partnerid=25771&siteid=5403&jobid=302720
BAE Systems,Phenom,Cost Analyst II,Finance & Accounting,,"Nashua, NH",US (CONUS),Full-time,,,,,https://sjobs.brassring.com/TGnewUI/Search/home/HomeWithPreLoad?PageType=JobDetails&partnerid=25771&siteid=5403&jobid=302603
BAE Systems,Phenom,Safety Tech II - 2nd Shift,Other Professionals,,"Jacksonville, FL",US (CONUS),Full-time,,,,,https://sjobs.brassring.com/TGnewUI/Search/home/HomeWithPreLoad?PageType=JobDetails&partnerid=25771&siteid=5403&jobid=302381
BAE Systems,Phenom,Tactical Data Link Program Engineering Manager (PEM) II,Engineering & Technology,,"Wayne, NJ",US (CONUS),Full-time,,,,,https://sjobs.brassring.com/TGnewUI/Search/home/HomeWithPreLoad?PageType=JobDetails&partnerid=25771&siteid=5403&jobid=302963
BAE Systems,Phenom,Electrical Engineer I,Engineering & Technology,,"Wayne, NJ",US (CONUS),Full-time,,,,,https://sjobs.brassring.com/TGnewUI/Search/home/HomeWithPreLoad?PageType=JobDetails&partnerid=25771&siteid=5403&jobid=302909
BAE Systems,Phenom,Principal Power Supply Electrical Engineer,Engineering & Technology,,"Wayne, NJ",US (CONUS),Full-time,,,,,https://sjobs.brassring.com/TGnewUI/Search/home/HomeWithPreLoad?PageType=JobDetails&partnerid=25771&siteid=5403&jobid=303101
BAE Systems,Phenom,Water Department Chief Operator,Manufacturing & Maintenance,,"Radford, VA",US (CONUS),Full-time,,,,,https://sjobs.brassring.com/TGnewUI/Search/home/HomeWithPreLoad?PageType=JobDetails&partnerid=25771&siteid=5403&jobid=302936
BAE Systems,Phenom,Senior Test Equipment Design Engineer,Engineering & Technology,,"Wayne, NJ",US (CONUS),Full-time,,,,,https://sjobs.brassring.com/TGnewUI/Search/home/HomeWithPreLoad?PageType=JobDetails&partnerid=25771&siteid=5403&jobid=303102
BAE Systems,Phenom,"Competitive Intelligence Intern II, Summer 2027 (Remote)","Business Development, Strategy & Planning",,"Endicott, NY",US (CONUS),Full-time,,,,,https://sjobs.brassring.com/TGnewUI/Search/home/HomeWithPreLoad?PageType=JobDetails&partnerid=25771&siteid=5403&jobid=302917
BAE Systems,Phenom,Safety Tech II,Other Professionals,,"Jacksonville, FL",US (CONUS),Full-time,,,,,https://sjobs.brassring.com/TGnewUI/Search/home/HomeWithPreLoad?PageType=JobDetails&partnerid=25771&siteid=5403&jobid=302380
BAE Systems,Phenom,Welder - Submarine Program,Manufacturing & Maintenance,,"Jacksonville, FL",US (CONUS),Full-time,,,,,https://sjobs.brassring.com/TGnewUI/Search/home/HomeWithPreLoad?PageType=JobDetails&partnerid=25771&siteid=5403&jobid=299842
BAE Systems,Phenom,Shipfitter - Submarine Program,Manufacturing & Maintenance,,"Jacksonville, FL",US (CONUS),Full-time,,,,,https://sjobs.brassring.com/TGnewUI/Search/home/HomeWithPreLoad?PageType=JobDetails&partnerid=25771&siteid=5403&jobid=299843
BAE Systems,Phenom,ACV Program Manager II,Project & Program Management,,"York, PA",US (CONUS),Full-time,,,,,https://sjobs.brassring.com/TGnewUI/Search/home/HomeWithPreLoad?PageType=JobDetails&partnerid=25771&siteid=5403&jobid=299749
BAE Systems,Phenom,Systems Engineer,Engineering & Technology,,"Clearfield, UT",US (CONUS),Full-time,,,,,https://sjobs.brassring.com/TGnewUI/Search/home/HomeWithPreLoad?PageType=JobDetails&partnerid=25771&siteid=5403&jobid=303058
BAE Systems,Phenom,"Cyber Security, Information Systems Security Officer",Other Professionals,,"San Diego, CA",US (CONUS),Full-time,,,,,https://sjobs.brassring.com/TGnewUI/Search/home/HomeWithPreLoad?PageType=JobDetails&partnerid=25771&siteid=5403&jobid=302227
BAE Systems,Phenom,Electrical assembler II - 2nd Shift,Manufacturing & Maintenance,,"Nashua, NH",US (CONUS),Full-time,,,,,https://sjobs.brassring.com/TGnewUI/Search/home/HomeWithPreLoad?PageType=JobDetails&partnerid=25771&siteid=5403&jobid=302337
BAE Systems,Phenom,Principal Pricing Analyst,Finance & Accounting,,"Westminster, CO",US (CONUS),Full-time,,,,,https://sjobs.brassring.com/TGnewUI/Search/home/HomeWithPreLoad?PageType=JobDetails&partnerid=25771&siteid=5403&jobid=302584
BAE Systems,Phenom,Temp Services / Tank Team Craft Supervisor,Manufacturing & Maintenance,,"San Diego, CA",US (CONUS),Full-time,,,,,https://sjobs.brassring.com/TGnewUI/Search/home/HomeWithPreLoad?PageType=JobDetails&partnerid=25771&siteid=5403&jobid=302590
BAE Systems,Phenom,Systems Administrator Senior,Engineering & Technology,,"Westminster, CO",US (CONUS),Full-time,,,,,https://sjobs.brassring.com/TGnewUI/Search/home/HomeWithPreLoad?PageType=JobDetails&partnerid=25771&siteid=5403&jobid=302545
BAE Systems,Phenom,New Product Engineer,Engineering & Technology,,"Merrimack, NH",US (CONUS),Full-time,,,,,https://sjobs.brassring.com/TGnewUI/Search/home/HomeWithPreLoad?PageType=JobDetails&partnerid=25771&siteid=5403&jobid=302633
BAE Systems,Phenom,Contractor SAP Security Officer (CSSO),Other Professionals,,"Nashua, NH",US (CONUS),Full-time,,,,,https://sjobs.brassring.com/TGnewUI/Search/home/HomeWithPreLoad?PageType=JobDetails&partnerid=25771&siteid=5403&jobid=302712
BAE Systems,Phenom,Project Engineer I - Detectors,Engineering & Technology,,"Boulder, CO",US (CONUS),Full-time,,,,,https://sjobs.brassring.com/TGnewUI/Search/home/HomeWithPreLoad?PageType=JobDetails&partnerid=25771&siteid=5403&jobid=298442
BAE Systems,Phenom,Future Payload Capabilities Interface Control Systems Engineer,Engineering & Technology,,"Hill AFB, UT",US (CONUS),Full-time,,,,,https://sjobs.brassring.com/TGnewUI/Search/home/HomeWithPreLoad?PageType=JobDetails&partnerid=25771&siteid=5403&jobid=302768
BAE Systems,Phenom,Engineer Principal – Embedded Software,Engineering & Technology,,"Boulder, CO",US (CONUS),Full-time,,,,,https://sjobs.brassring.com/TGnewUI/Search/home/HomeWithPreLoad?PageType=JobDetails&partnerid=25771&siteid=5403&jobid=302687
BAE Systems,Phenom,Senior Principal Electrical System Engineer - $40K Sign On Bonus,Engineering & Technology,,"Westminster, CO",US (CONUS),Full-time,,,,,https://sjobs.brassring.com/TGnewUI/Search/home/HomeWithPreLoad?PageType=JobDetails&partnerid=25771&siteid=5403&jobid=302581
BAE Systems,Phenom,Contractor SAP Security Officer (CSSO),Other Professionals,,"Hudson, NH",US (CONUS),Full-time,,,,,https://sjobs.brassring.com/TGnewUI/Search/home/HomeWithPreLoad?PageType=JobDetails&partnerid=25771&siteid=5403&jobid=302727
BAE Systems,Phenom,Aftermarket FAA Repairman - Second Shift,Engineering & Technology,,"Fort Wayne, IN",US (CONUS),Full-time,,,,,https://sjobs.brassring.com/TGnewUI/Search/home/HomeWithPreLoad?PageType=JobDetails&partnerid=25771&siteid=5403&jobid=302383
BAE Systems,Phenom,Airborne Systems Section Lead,Engineering & Technology,,"Cedar Rapids, IA",US (CONUS),Full-time,,,,,https://sjobs.brassring.com/TGnewUI/Search/home/HomeWithPreLoad?PageType=JobDetails&partnerid=25771&siteid=5403&jobid=302769
BAE Systems,Phenom,Model-Based Systems Engineer,Engineering & Technology,,"Mount Laurel, NJ",US (CONUS),Full-time,,,,,https://sjobs.brassring.com/TGnewUI/Search/home/HomeWithPreLoad?PageType=JobDetails&partnerid=25771&siteid=5403&jobid=300060
BAE Systems,Phenom,Operation Program Manager I,Project & Program Management,,"Wayne, NJ",US (CONUS),Full-time,,,,,https://sjobs.brassring.com/TGnewUI/Search/home/HomeWithPreLoad?PageType=JobDetails&partnerid=25771&siteid=5403&jobid=301992
BAE Systems,Phenom,Property Control Warehouse Rep,Other Professionals,,"Hudson, NH",US (CONUS),Full-time,,,,,https://sjobs.brassring.com/TGnewUI/Search/home/HomeWithPreLoad?PageType=JobDetails&partnerid=25771&siteid=5403&jobid=302729
BAE Systems,Phenom,Engineer Principal – Systems – Space Vehicle,Engineering & Technology,,"Boulder, CO",US (CONUS),Full-time,,,,,https://sjobs.brassring.com/TGnewUI/Search/home/HomeWithPreLoad?PageType=JobDetails&partnerid=25771&siteid=5403&jobid=302667
BAE Systems,Phenom,Service Center Support Desk Analyst,Engineering & Technology,,"Columbia, SC",US (CONUS),Full-time,,,,,https://sjobs.brassring.com/TGnewUI/Search/home/HomeWithPreLoad?PageType=JobDetails&partnerid=25771&siteid=5403&jobid=302986
BAE Systems,Phenom,Senior Principal Electrical Engineer II (Hybrid),Engineering & Technology,,"Cedar Rapids, IA",US (CONUS),Full-time,,,,,https://sjobs.brassring.com/TGnewUI/Search/home/HomeWithPreLoad?PageType=JobDetails&partnerid=25771&siteid=5403&jobid=302979
BAE Systems,Phenom,Program Control Manager,Finance & Accounting,,"Sterling, VA",US (CONUS),Full-time,,,,,https://sjobs.brassring.com/TGnewUI/Search/home/HomeWithPreLoad?PageType=JobDetails&partnerid=25771&siteid=5403&jobid=302991
BAE Systems,Phenom,Principal Subcontracts Administrator,Supply Chain & Logistics,,"Kingsport, TN",US (CONUS),Full-time,,,,,https://sjobs.brassring.com/TGnewUI/Search/home/HomeWithPreLoad?PageType=JobDetails&partnerid=25771&siteid=5403&jobid=302440
BAE Systems,Phenom,Built-in-Test (BIT)/Reliability Engineer,Engineering & Technology,,"Nashua, NH",US (CONUS),Full-time,,,,,https://sjobs.brassring.com/TGnewUI/Search/home/HomeWithPreLoad?PageType=JobDetails&partnerid=25771&siteid=5403&jobid=303037
BAE Systems,Phenom,USW Assembler II,Manufacturing & Maintenance,,"York, PA",US (CONUS),Full-time,,,,,https://sjobs.brassring.com/TGnewUI/Search/home/HomeWithPreLoad?PageType=JobDetails&partnerid=25771&siteid=5403&jobid=300991
BAE Systems,Phenom,Technician Assembly/Machining,Engineering & Technology,,"Maple Grove, MN",US (CONUS),Full-time,,,,,https://sjobs.brassring.com/TGnewUI/Search/home/HomeWithPreLoad?PageType=JobDetails&partnerid=25771&siteid=5403&jobid=303016
BAE Systems,Phenom,System Maintenance Technician MK41 Vertical Launching System (VLS),Manufacturing & Maintenance,,"Chula Vista, CA",US (CONUS),Full-time,,,,,https://sjobs.brassring.com/TGnewUI/Search/home/HomeWithPreLoad?PageType=JobDetails&partnerid=25771&siteid=5403&jobid=303017
BAE Systems,Phenom,Senior Change Management Lead,Other Professionals,,"Nashua, NH",US (CONUS),Full-time,,,,,https://sjobs.brassring.com/TGnewUI/Search/home/HomeWithPreLoad?PageType=JobDetails&partnerid=25771&siteid=5403&jobid=302580
BAE Systems,Phenom,Power Supply Discipline Manager,Engineering & Technology,,"Endicott, NY",US (CONUS),Full-time,,,,,https://sjobs.brassring.com/TGnewUI/Search/home/HomeWithPreLoad?PageType=JobDetails&partnerid=25771&siteid=5403&jobid=302959
BAE Systems,Phenom,Configuration Analyst,Engineering & Technology,,"Rome, NY",US (CONUS),Full-time,,,,,https://sjobs.brassring.com/TGnewUI/Search/home/HomeWithPreLoad?PageType=JobDetails&partnerid=25771&siteid=5403&jobid=302834
BAE Systems,Phenom,Language-Enabled OSINT Collector (WMD Focused),Intelligence,,"Reston, VA",US (CONUS),Full-time,,,,,https://sjobs.brassring.com/TGnewUI/Search/home/HomeWithPreLoad?PageType=JobDetails&partnerid=25771&siteid=5403&jobid=302250
BAE Systems,Phenom,OSINT Analyst,Intelligence,,"Reston, VA",US (CONUS),Full-time,,,,,https://sjobs.brassring.com/TGnewUI/Search/home/HomeWithPreLoad?PageType=JobDetails&partnerid=25771&siteid=5403&jobid=302319
BAE Systems,Phenom,Hardware Lead (Senior Principal Engineer) - Hybrid,Engineering & Technology,,"Merrimack, NH",US (CONUS),Full-time,,,,,https://sjobs.brassring.com/TGnewUI/Search/home/HomeWithPreLoad?PageType=JobDetails&partnerid=25771&siteid=5403&jobid=302791
BAE Systems,Phenom,Test Tech III - First Shift,Manufacturing & Maintenance,,"Nashua, NH",US (CONUS),Full-time,,,,,https://sjobs.brassring.com/TGnewUI/Search/home/HomeWithPreLoad?PageType=JobDetails&partnerid=25771&siteid=5403&jobid=302312
BAE Systems,Phenom,Contractor SAP Security Officer (CSSO),Other Professionals,,"Merrimack, NH",US (CONUS),Full-time,,,,,https://sjobs.brassring.com/TGnewUI/Search/home/HomeWithPreLoad?PageType=JobDetails&partnerid=25771&siteid=5403&jobid=302604
BAE Systems,Phenom,Administrative Assistant to the Director of Operations,Other Professionals,,"Louisville, KY",US (CONUS),Full-time,,,,,https://sjobs.brassring.com/TGnewUI/Search/home/HomeWithPreLoad?PageType=JobDetails&partnerid=25771&siteid=5403&jobid=302619
BAE Systems,Phenom,Senior Principal Systems Engineer - Integration & Test Lead,Engineering & Technology,,"Hudson, NH",US (CONUS),Full-time,,,,,https://sjobs.brassring.com/TGnewUI/Search/home/HomeWithPreLoad?PageType=JobDetails&partnerid=25771&siteid=5403&jobid=302235
BAE Systems,Phenom,Technician III – Production,Manufacturing & Maintenance,,"Westminster, CO",US (CONUS),Full-time,,,,,https://sjobs.brassring.com/TGnewUI/Search/home/HomeWithPreLoad?PageType=JobDetails&partnerid=25771&siteid=5403&jobid=302751
BAE Systems,Phenom,Senior Principal Software Engineer,Engineering & Technology,,"Totowa, NJ",US (CONUS),Full-time,,,,,https://sjobs.brassring.com/TGnewUI/Search/home/HomeWithPreLoad?PageType=JobDetails&partnerid=25771&siteid=5403&jobid=302719
BAE Systems,Phenom,Test Engineer II,Engineering & Technology,,"Totowa, NJ",US (CONUS),Full-time,,,,,https://sjobs.brassring.com/TGnewUI/Search/home/HomeWithPreLoad?PageType=JobDetails&partnerid=25771&siteid=5403&jobid=302745
BAE Systems,Phenom,Senior Principal Test Engineer,Engineering & Technology,,"Totowa, NJ",US (CONUS),Full-time,,,,,https://sjobs.brassring.com/TGnewUI/Search/home/HomeWithPreLoad?PageType=JobDetails&partnerid=25771&siteid=5403&jobid=302747
BAE Systems,Phenom,Test Engineering Assistant,Engineering & Technology,,"Nashua, NH",US (CONUS),Full-time,,,,,https://sjobs.brassring.com/TGnewUI/Search/home/HomeWithPreLoad?PageType=JobDetails&partnerid=25771&siteid=5403&jobid=302605
BAE Systems,Phenom,OSSE Space Ops and Sustainment Support - Engineering,Engineering & Technology,,"Springfield, VA",US (CONUS),Full-time,,,,,https://sjobs.brassring.com/TGnewUI/Search/home/HomeWithPreLoad?PageType=JobDetails&partnerid=25771&siteid=5403&jobid=302629
BAE Systems,Phenom,Contractor SAP Security Office (CSSO),Other Professionals,,"Merrimack, NH",US (CONUS),Full-time,,,,,https://sjobs.brassring.com/TGnewUI/Search/home/HomeWithPreLoad?PageType=JobDetails&partnerid=25771&siteid=5403&jobid=302690
BAE Systems,Phenom,Principal Electrical Engineer (Sign On Bonus Available),Engineering & Technology,,"Austin, TX",US (CONUS),Full-time,,,,,https://sjobs.brassring.com/TGnewUI/Search/home/HomeWithPreLoad?PageType=JobDetails&partnerid=25771&siteid=5403&jobid=302722
BAE Systems,Phenom,Stockroom Keeper/Material Handler II - THAAD,Manufacturing & Maintenance,,"Endicott, NY",US (CONUS),Full-time,,,,,https://sjobs.brassring.com/TGnewUI/Search/home/HomeWithPreLoad?PageType=JobDetails&partnerid=25771&siteid=5403&jobid=302476
BAE Systems,Phenom,Engineer Senior Principal II – Ground Systems Chief Engineer,Engineering & Technology,,"Aurora, CO",US (CONUS),Full-time,,,,,https://sjobs.brassring.com/TGnewUI/Search/home/HomeWithPreLoad?PageType=JobDetails&partnerid=25771&siteid=5403&jobid=302586
BAE Systems,Phenom,Software Developer,Intelligence,,"Reston, VA",US (CONUS),Full-time,,,,,https://sjobs.brassring.com/TGnewUI/Search/home/HomeWithPreLoad?PageType=JobDetails&partnerid=25771&siteid=5403&jobid=300474
BAE Systems,Phenom,Electrical Engineer I,Engineering & Technology,,"Wayne, NJ",US (CONUS),Full-time,,,,,https://sjobs.brassring.com/TGnewUI/Search/home/HomeWithPreLoad?PageType=JobDetails&partnerid=25771&siteid=5403&jobid=302503
BAE Systems,Phenom,Senior Principal Electrical Engineer (Hybrid),Engineering & Technology,,"Cedar Rapids, IA",US (CONUS),Full-time,,,,,https://sjobs.brassring.com/TGnewUI/Search/home/HomeWithPreLoad?PageType=JobDetails&partnerid=25771&siteid=5403&jobid=302971
BAE Systems,Phenom,Full Motion Video (FMV) / Research Analyst,Intelligence,,"Sterling, VA",US (CONUS),Full-time,,,,,https://sjobs.brassring.com/TGnewUI/Search/home/HomeWithPreLoad?PageType=JobDetails&partnerid=25771&siteid=5403&jobid=302945
BAE Systems,Phenom,LSV IAM Painter III (A2 Weeknight Shift),Manufacturing & Maintenance,,"Louisville, KY",US (CONUS),Full-time,,,,,https://sjobs.brassring.com/TGnewUI/Search/home/HomeWithPreLoad?PageType=JobDetails&partnerid=25771&siteid=5403&jobid=302918
BAE Systems,Phenom,Engineer Senior Principal - Systems - EO Payload Performance Analyst,Engineering & Technology,,"Broomfield, CO",US (CONUS),Full-time,,,,,https://sjobs.brassring.com/TGnewUI/Search/home/HomeWithPreLoad?PageType=JobDetails&partnerid=25771&siteid=5403&jobid=302657
BAE Systems,Phenom,Principal Contract Administrator,Other Professionals,,"Norfolk, VA",US (CONUS),Full-time,,,,,https://sjobs.brassring.com/TGnewUI/Search/home/HomeWithPreLoad?PageType=JobDetails&partnerid=25771&siteid=5403&jobid=302593
BAE Systems,Phenom,Senior Industrial Control Systems (ICS) Administrator,Engineering & Technology,,"Kingsport, TN",US (CONUS),Full-time,,,,,https://sjobs.brassring.com/TGnewUI/Search/home/HomeWithPreLoad?PageType=JobDetails&partnerid=25771&siteid=5403&jobid=302597
BAE Systems,Phenom,Automated Electrical (SMT) Assembly Technician V,Manufacturing & Maintenance,,"Westminster, CO",US (CONUS),Full-time,,,,,https://sjobs.brassring.com/TGnewUI/Search/home/HomeWithPreLoad?PageType=JobDetails&partnerid=25771&siteid=5403&jobid=302884
BAE Systems,Phenom,Senior iOS Design Software Engineer  – User Interface / User Experience Design,Engineering & Technology,,"Fairborn, OH",US (CONUS),Full-time,,,,,https://sjobs.brassring.com/TGnewUI/Search/home/HomeWithPreLoad?PageType=JobDetails&partnerid=25771&siteid=5403&jobid=300458
BAE Systems,Phenom,Business Integration Planner,Other Professionals,,"Fort Wayne, IN",US (CONUS),Full-time,,,,,https://sjobs.brassring.com/TGnewUI/Search/home/HomeWithPreLoad?PageType=JobDetails&partnerid=25771&siteid=5403&jobid=302804
BAE Systems,Phenom,CNC Machinist V,Manufacturing & Maintenance,,"Hudson, NH",US (CONUS),Full-time,,,,,https://sjobs.brassring.com/TGnewUI/Search/home/HomeWithPreLoad?PageType=JobDetails&partnerid=25771&siteid=5403&jobid=302965
BAE Systems,Phenom,Full Motion Video Analyst,Intelligence,,"Northern Virginia, VA",US (CONUS),Full-time,,,,,https://sjobs.brassring.com/TGnewUI/Search/home/HomeWithPreLoad?PageType=JobDetails&partnerid=25771&siteid=5403&jobid=297663
BAE Systems,Phenom,Process Tech II,Manufacturing & Maintenance,,"Austin, TX",US (CONUS),Full-time,,,,,https://sjobs.brassring.com/TGnewUI/Search/home/HomeWithPreLoad?PageType=JobDetails&partnerid=25771&siteid=5403&jobid=302415
BAE Systems,Phenom,CAS Aftermarket Assembler II,Manufacturing & Maintenance,,"Endicott, NY",US (CONUS),Full-time,,,,,https://sjobs.brassring.com/TGnewUI/Search/home/HomeWithPreLoad?PageType=JobDetails&partnerid=25771&siteid=5403&jobid=302933
BAE Systems,Phenom,THAAD Test Solutions IPT Technical Lead,Engineering & Technology,,"Nashua, NH",US (CONUS),Full-time,,,,,https://sjobs.brassring.com/TGnewUI/Search/home/HomeWithPreLoad?PageType=JobDetails&partnerid=25771&siteid=5403&jobid=302942
BAE Systems,Phenom,Manufacturing Engineer - Electronics and Surface Mount Technology,"Business Development, Strategy & Planning",,"Fort Walton Beach, FL",US (CONUS),Full-time,,,,,https://sjobs.brassring.com/TGnewUI/Search/home/HomeWithPreLoad?PageType=JobDetails&partnerid=25771&siteid=5403&jobid=302978
BAE Systems,Phenom,Operations Director Airborne Tactical Radios,Project & Program Management,,"Fort Wayne, IN",US (CONUS),Full-time,,,,,https://sjobs.brassring.com/TGnewUI/Search/home/HomeWithPreLoad?PageType=JobDetails&partnerid=25771&siteid=5403&jobid=302906
BAE Systems,Phenom,Hot Work Coordinator 1st Shift,Project & Program Management,,"San Diego, CA",US (CONUS),Full-time,,,,,https://sjobs.brassring.com/TGnewUI/Search/home/HomeWithPreLoad?PageType=JobDetails&partnerid=25771&siteid=5403&jobid=302950
BAE Systems,Phenom,EOIR Algorithm Lead (Sign-on Bonus),Engineering & Technology,,"Merrimack, NH",US (CONUS),Full-time,,,,,https://sjobs.brassring.com/TGnewUI/Search/home/HomeWithPreLoad?PageType=JobDetails&partnerid=25771&siteid=5403&jobid=302786
BAE Systems,Phenom,Senior Systems Engineer - EO/IR,Engineering & Technology,,"Merrimack, NH",US (CONUS),Full-time,,,,,https://sjobs.brassring.com/TGnewUI/Search/home/HomeWithPreLoad?PageType=JobDetails&partnerid=25771&siteid=5403&jobid=302892
BAE Systems,Phenom,Principal Systems Engineer - EOIR,Engineering & Technology,,"Merrimack, NH",US (CONUS),Full-time,,,,,https://sjobs.brassring.com/TGnewUI/Search/home/HomeWithPreLoad?PageType=JobDetails&partnerid=25771&siteid=5403&jobid=302895
BAE Systems,Phenom,Systems Engineer - IV&V Lead,Engineering & Technology,,"Nashua, NH",US (CONUS),Full-time,,,,,https://sjobs.brassring.com/TGnewUI/Search/home/HomeWithPreLoad?PageType=JobDetails&partnerid=25771&siteid=5403&jobid=302929
BAE Systems,Phenom,Senior Software Engineer - Space Applications - Sign-on Bonus,Engineering & Technology,,"Merrimack, NH",US (CONUS),Full-time,,,,,https://sjobs.brassring.com/TGnewUI/Search/home/HomeWithPreLoad?PageType=JobDetails&partnerid=25771&siteid=5403&jobid=302796
BAE Systems,Phenom,Test Technician III,Manufacturing & Maintenance,,"Nashua, NH",US (CONUS),Full-time,,,,,https://sjobs.brassring.com/TGnewUI/Search/home/HomeWithPreLoad?PageType=JobDetails&partnerid=25771&siteid=5403&jobid=303015
BAE Systems,Phenom,Supply Chain Program Manager,Supply Chain & Logistics,,"Nashua, NH",US (CONUS),Full-time,,,,,https://sjobs.brassring.com/TGnewUI/Search/home/HomeWithPreLoad?PageType=JobDetails&partnerid=25771&siteid=5403&jobid=302802
BAE Systems,Phenom,Program Engineering Manager I,Engineering & Technology,,"Merrimack, NH",US (CONUS),Full-time,,,,,https://sjobs.brassring.com/TGnewUI/Search/home/HomeWithPreLoad?PageType=JobDetails&partnerid=25771&siteid=5403&jobid=302083
BAE Systems,Phenom,Chief Engineer - EO/IR (ON-SITE),Engineering & Technology,,"Merrimack, NH",US (CONUS),Full-time,,,,,https://sjobs.brassring.com/TGnewUI/Search/home/HomeWithPreLoad?PageType=JobDetails&partnerid=25771&siteid=5403&jobid=302084
BAE Systems,Phenom,Rigger (1st Shift),Manufacturing & Maintenance,,"San Diego, CA",US (CONUS),Full-time,,,,,https://sjobs.brassring.com/TGnewUI/Search/home/HomeWithPreLoad?PageType=JobDetails&partnerid=25771&siteid=5403&jobid=302775
BAE Systems,Phenom,CNC Machine Programmer,Manufacturing & Maintenance,,"Louisville, KY",US (CONUS),Full-time,,,,,https://sjobs.brassring.com/TGnewUI/Search/home/HomeWithPreLoad?PageType=JobDetails&partnerid=25771&siteid=5403&jobid=302198
BAE Systems,Phenom,Program Manager,Project & Program Management,,"Kingsport, TN",US (CONUS),Full-time,,,,,https://sjobs.brassring.com/TGnewUI/Search/home/HomeWithPreLoad?PageType=JobDetails&partnerid=25771&siteid=5403&jobid=302548
BAE Systems,Phenom,Circuit Card Manufacturing Engineering Manager,Manufacturing & Maintenance,,"Endicott, NY",US (CONUS),Full-time,,,,,https://sjobs.brassring.com/TGnewUI/Search/home/HomeWithPreLoad?PageType=JobDetails&partnerid=25771&siteid=5403&jobid=302029
BAE Systems,Phenom,Technical Trainer IV - IPC Trainer,Manufacturing & Maintenance,,"Austin, TX",US (CONUS),Full-time,,,,,https://sjobs.brassring.com/TGnewUI/Search/home/HomeWithPreLoad?PageType=JobDetails&partnerid=25771&siteid=5403&jobid=302377
BAE Systems,Phenom,Technician III - Autoclaves - 2nd Shift,Manufacturing & Maintenance,,"Westminster, CO",US (CONUS),Full-time,,,,,https://sjobs.brassring.com/TGnewUI/Search/home/HomeWithPreLoad?PageType=JobDetails&partnerid=25771&siteid=5403&jobid=302435
BAE Systems,Phenom,Technician I – Production,Manufacturing & Maintenance,,"Westminster, CO",US (CONUS),Full-time,,,,,https://sjobs.brassring.com/TGnewUI/Search/home/HomeWithPreLoad?PageType=JobDetails&partnerid=25771&siteid=5403&jobid=302750
BAE Systems,Phenom,Project Manager II – Technical,Engineering & Technology,,"Broomfield, CO",US (CONUS),Full-time,,,,,https://sjobs.brassring.com/TGnewUI/Search/home/HomeWithPreLoad?PageType=JobDetails&partnerid=25771&siteid=5403&jobid=302611
BAE Systems,Phenom,Rigger - 1st & 2nd shifts,Manufacturing & Maintenance,,"Norfolk, VA",US (CONUS),Full-time,,,,,https://sjobs.brassring.com/TGnewUI/Search/home/HomeWithPreLoad?PageType=JobDetails&partnerid=25771&siteid=5403&jobid=298338
BAE Systems,Phenom,"Cyber Security, Information Systems Security Officer (ISSO) - Onsite",Other Professionals,,"Manchester, NH",US (CONUS),Full-time,,,,,https://sjobs.brassring.com/TGnewUI/Search/home/HomeWithPreLoad?PageType=JobDetails&partnerid=25771&siteid=5403&jobid=302222
BAE Systems,Phenom,Senior Software Engineer,Engineering & Technology,,"Totowa, NJ",US (CONUS),Full-time,,,,,https://sjobs.brassring.com/TGnewUI/Search/home/HomeWithPreLoad?PageType=JobDetails&partnerid=25771&siteid=5403&jobid=302718
BAE Systems,Phenom,Alternate Contractor SAP Security Officer (ACSSO) - Onsite,Other Professionals,,"Nashua, NH",US (CONUS),Full-time,,,,,https://sjobs.brassring.com/TGnewUI/Search/home/HomeWithPreLoad?PageType=JobDetails&partnerid=25771&siteid=5403&jobid=302569
BAE Systems,Phenom,Dimensional Lab Supervisor II – Quality,Supply Chain & Logistics,,"Westminster, CO",US (CONUS),Full-time,,,,,https://sjobs.brassring.com/TGnewUI/Search/home/HomeWithPreLoad?PageType=JobDetails&partnerid=25771&siteid=5403&jobid=302562
BAE Systems,Phenom,Navigation System Test Engineer,Engineering & Technology,,"Rockville, MD",US (CONUS),Full-time,,,,,https://sjobs.brassring.com/TGnewUI/Search/home/HomeWithPreLoad?PageType=JobDetails&partnerid=25771&siteid=5403&jobid=302922
BAE Systems,Phenom,Quality Technician - CMM Inspection,Manufacturing & Maintenance,,"Hudson, NH",US (CONUS),Full-time,,,,,https://sjobs.brassring.com/TGnewUI/Search/home/HomeWithPreLoad?PageType=JobDetails&partnerid=25771&siteid=5403&jobid=302501
BAE Systems,Phenom,Program Quality Engineer,Engineering & Technology,,"Hudson, NH",US (CONUS),Full-time,,,,,https://sjobs.brassring.com/TGnewUI/Search/home/HomeWithPreLoad?PageType=JobDetails&partnerid=25771&siteid=5403&jobid=302684
BAE Systems,Phenom,Mk21A Engineering Manager & Test Engineer,Engineering & Technology,,"Hill AFB, UT",US (CONUS),Full-time,,,,,https://sjobs.brassring.com/TGnewUI/Search/home/HomeWithPreLoad?PageType=JobDetails&partnerid=25771&siteid=5403&jobid=302968
BAE Systems,Phenom,Senior RF Communications Engineer - Space Subsystems- $30K Sign On Bonus,Engineering & Technology,,"Boulder, CO",US (CONUS),Full-time,,,,,https://sjobs.brassring.com/TGnewUI/Search/home/HomeWithPreLoad?PageType=JobDetails&partnerid=25771&siteid=5403&jobid=302754
BAE Systems,Phenom,Subcontract Program Manager,Supply Chain & Logistics,,"Nashua, NH",US (CONUS),Full-time,,,,,https://sjobs.brassring.com/TGnewUI/Search/home/HomeWithPreLoad?PageType=JobDetails&partnerid=25771&siteid=5403&jobid=299656
BAE Systems,Phenom,Test Technician III,Manufacturing & Maintenance,,"Nashua, NH",US (CONUS),Full-time,,,,,https://sjobs.brassring.com/TGnewUI/Search/home/HomeWithPreLoad?PageType=JobDetails&partnerid=25771&siteid=5403&jobid=303020
BAE Systems,Phenom,Principal Software Engineer (Sign On Bonus Available),Engineering & Technology,,"Merrimack, NH",US (CONUS),Full-time,,,,,https://sjobs.brassring.com/TGnewUI/Search/home/HomeWithPreLoad?PageType=JobDetails&partnerid=25771&siteid=5403&jobid=302975
BAE Systems,Phenom,CEMA Principal Software Engineer - Team Lead (Sign On Bonus Available),Engineering & Technology,,"Hudson, NH",US (CONUS),Full-time,,,,,https://sjobs.brassring.com/TGnewUI/Search/home/HomeWithPreLoad?PageType=JobDetails&partnerid=25771&siteid=5403&jobid=302972
BAE Systems,Phenom,Test Automation Lead (Sign On Bonus Available),Engineering & Technology,,"Merrimack, NH",US (CONUS),Full-time,,,,,https://sjobs.brassring.com/TGnewUI/Search/home/HomeWithPreLoad?PageType=JobDetails&partnerid=25771&siteid=5403&jobid=302974
BAE Systems,Phenom,CEMA - Senior Software Engineer (Sign On Bonus Available),Engineering & Technology,,"Hudson, NH",US (CONUS),Full-time,,,,,https://sjobs.brassring.com/TGnewUI/Search/home/HomeWithPreLoad?PageType=JobDetails&partnerid=25771&siteid=5403&jobid=302977
BAE Systems,Phenom,Senior Principal Software Engineer (Sign On Bonus Available),Engineering & Technology,,"Hudson, NH",US (CONUS),Full-time,,,,,https://sjobs.brassring.com/TGnewUI/Search/home/HomeWithPreLoad?PageType=JobDetails&partnerid=25771&siteid=5403&jobid=302973
BAE Systems,Phenom,Hardware Engineering Lead,Engineering & Technology,,"Wayne, NJ",US (CONUS),Full-time,,,,,https://sjobs.brassring.com/TGnewUI/Search/home/HomeWithPreLoad?PageType=JobDetails&partnerid=25771&siteid=5403&jobid=300119
BAE Systems,Phenom,Principal Digital Hardware Engineer,Engineering & Technology,,"Wayne, NJ",US (CONUS),Full-time,,,,,https://sjobs.brassring.com/TGnewUI/Search/home/HomeWithPreLoad?PageType=JobDetails&partnerid=25771&siteid=5403&jobid=295985
BAE Systems,Phenom,EMI/EMC Senior Principal Engineer,Engineering & Technology,,"Nashua, NH",US (CONUS),Full-time,,,,,https://sjobs.brassring.com/TGnewUI/Search/home/HomeWithPreLoad?PageType=JobDetails&partnerid=25771&siteid=5403&jobid=302577
BAE Systems,Phenom,Software Section Manager,Engineering & Technology,,"Totowa, NJ",US (CONUS),Full-time,,,,,https://sjobs.brassring.com/TGnewUI/Search/home/HomeWithPreLoad?PageType=JobDetails&partnerid=25771&siteid=5403&jobid=302858
BAE Systems,Phenom,Program Manager IV - Proposal Team Manager,"Business Development, Strategy & Planning",,"Westminster, CO",US (CONUS),Full-time,,,,,https://sjobs.brassring.com/TGnewUI/Search/home/HomeWithPreLoad?PageType=JobDetails&partnerid=25771&siteid=5403&jobid=302837
BAE Systems,Phenom,Electronic Manufacturing Inspector II,Manufacturing & Maintenance,,"Wayne, NJ",US (CONUS),Full-time,,,,,https://sjobs.brassring.com/TGnewUI/Search/home/HomeWithPreLoad?PageType=JobDetails&partnerid=25771&siteid=5403&jobid=299979
BAE Systems,Phenom,Support Equipment Senior Aerospace/Mechanical Engineer,Engineering & Technology,,"Hill AFB, UT",US (CONUS),Full-time,,,,,https://sjobs.brassring.com/TGnewUI/Search/home/HomeWithPreLoad?PageType=JobDetails&partnerid=25771&siteid=5403&jobid=302894
BAE Systems,Phenom,Director - Engineering - Weapon Systems Product Line Engineering Lead,Engineering & Technology,,"Maple Grove, MN",US (CONUS),Full-time,,,,,https://sjobs.brassring.com/TGnewUI/Search/home/HomeWithPreLoad?PageType=JobDetails&partnerid=25771&siteid=5403&jobid=302607
BAE Systems,Phenom,Senior Systems Engineer-Development,Engineering & Technology,,"Nashua, NH",US (CONUS),Full-time,,,,,https://sjobs.brassring.com/TGnewUI/Search/home/HomeWithPreLoad?PageType=JobDetails&partnerid=25771&siteid=5403&jobid=303038
BAE Systems,Phenom,Senior Program Control Analyst (Hybrid),Finance & Accounting,,"Nashua, NH",US (CONUS),Full-time,,,,,https://sjobs.brassring.com/TGnewUI/Search/home/HomeWithPreLoad?PageType=JobDetails&partnerid=25771&siteid=5403&jobid=303042
BAE Systems,Phenom,Supply Chain Program Manager,Supply Chain & Logistics,,"Norfolk, VA",US (CONUS),Full-time,,,,,https://sjobs.brassring.com/TGnewUI/Search/home/HomeWithPreLoad?PageType=JobDetails&partnerid=25771&siteid=5403&jobid=302808
BAE Systems,Phenom,Engineer Senior - Thermal,Engineering & Technology,,"Boulder, CO",US (CONUS),Full-time,,,,,https://sjobs.brassring.com/TGnewUI/Search/home/HomeWithPreLoad?PageType=JobDetails&partnerid=25771&siteid=5403&jobid=301970
BAE Systems,Phenom,"Senior Process Engineer -$1,000 Sign on!",Manufacturing & Maintenance,,"Nashua, NH",US (CONUS),Full-time,,,,,https://sjobs.brassring.com/TGnewUI/Search/home/HomeWithPreLoad?PageType=JobDetails&partnerid=25771&siteid=5403&jobid=303111
BAE Systems,Phenom,Supply Chain Planner I,Supply Chain & Logistics,,"Nashua, NH",US (CONUS),Full-time,,,,,https://sjobs.brassring.com/TGnewUI/Search/home/HomeWithPreLoad?PageType=JobDetails&partnerid=25771&siteid=5403&jobid=302704
BAE Systems,Phenom,Program Engineering Manager II,Engineering & Technology,,"Nashua, NH",US (CONUS),Full-time,,,,,https://sjobs.brassring.com/TGnewUI/Search/home/HomeWithPreLoad?PageType=JobDetails&partnerid=25771&siteid=5403&jobid=303121
BAE Systems,Phenom,Manufacturing Process Work Instruction Author,Engineering & Technology,,"Aiken, SC",US (CONUS),Full-time,,,,,https://sjobs.brassring.com/TGnewUI/Search/home/HomeWithPreLoad?PageType=JobDetails&partnerid=25771&siteid=5403&jobid=302914
BAE Systems,Phenom,Manager IV- Programs,Project & Program Management,,"Westminster, CO",US (CONUS),Full-time,,,,,https://sjobs.brassring.com/TGnewUI/Search/home/HomeWithPreLoad?PageType=JobDetails&partnerid=25771&siteid=5403&jobid=302899
BAE Systems,Phenom,FAST Labs - Microelectronics Program Manager I,Project & Program Management,,"Nashua, NH",US (CONUS),Full-time,,,,,https://sjobs.brassring.com/TGnewUI/Search/home/HomeWithPreLoad?PageType=JobDetails&partnerid=25771&siteid=5403&jobid=303110
BAE Systems,Phenom,Engineering Manager (Systems Engineering/ System Integration),Engineering & Technology,,"Rockville, MD",US (CONUS),Full-time,,,,,https://sjobs.brassring.com/TGnewUI/Search/home/HomeWithPreLoad?PageType=JobDetails&partnerid=25771&siteid=5403&jobid=302770
BAE Systems,Phenom,Manufacturing Tech III,Manufacturing & Maintenance,,"Nashua, NH",US (CONUS),Full-time,,,,,https://sjobs.brassring.com/TGnewUI/Search/home/HomeWithPreLoad?PageType=JobDetails&partnerid=25771&siteid=5403&jobid=303013
BAE Systems,Phenom,Engineering Support Master Planner,Engineering & Technology,,"Rockville, MD",US (CONUS),Full-time,,,,,https://sjobs.brassring.com/TGnewUI/Search/home/HomeWithPreLoad?PageType=JobDetails&partnerid=25771&siteid=5403&jobid=302964
BAE Systems,Phenom,Senior Imagery & GEOINT Analysts - USSOCOM,Intelligence,,"MacDill AFB, FL",US (CONUS),Full-time,,,,,https://sjobs.brassring.com/TGnewUI/Search/home/HomeWithPreLoad?PageType=JobDetails&partnerid=25771&siteid=5403&jobid=303073
BAE Systems,Phenom,Embedded Software Engineer - All Levels,Engineering & Technology,,"Endicott, NY",US (CONUS),Full-time,,,,,https://sjobs.brassring.com/TGnewUI/Search/home/HomeWithPreLoad?PageType=JobDetails&partnerid=25771&siteid=5403&jobid=303159
BAE Systems,Phenom,P&S Operations Leadership Development Program - Industrial Engineering,Project & Program Management,,"York, PA",US (CONUS),Full-time,,,,,https://sjobs.brassring.com/TGnewUI/Search/home/HomeWithPreLoad?PageType=JobDetails&partnerid=25771&siteid=5403&jobid=302672
BAE Systems,Phenom,Principal Contract Administrator - National Space,Other Professionals,,"Boulder, CO",US (CONUS),Full-time,,,,,https://sjobs.brassring.com/TGnewUI/Search/home/HomeWithPreLoad?PageType=JobDetails&partnerid=25771&siteid=5403&jobid=302916
BAE Systems,Phenom,"Principal Mechanical Engineer, Development",Engineering & Technology,,"Merrimack, NH",US (CONUS),Full-time,,,,,https://sjobs.brassring.com/TGnewUI/Search/home/HomeWithPreLoad?PageType=JobDetails&partnerid=25771&siteid=5403&jobid=303211
BAE Systems,Phenom,"Electronics Test Engineer, Aftermarket (Multiple Shifts)",Manufacturing & Maintenance,,"Fort Wayne, IN",US (CONUS),Full-time,,,,,https://sjobs.brassring.com/TGnewUI/Search/home/HomeWithPreLoad?PageType=JobDetails&partnerid=25771&siteid=5403&jobid=303178
BAE Systems,Phenom,Assembler I- Clean Room,Manufacturing & Maintenance,,"Endicott, NY",US (CONUS),Full-time,,,,,https://sjobs.brassring.com/TGnewUI/Search/home/HomeWithPreLoad?PageType=JobDetails&partnerid=25771&siteid=5403&jobid=303163
BAE Systems,Phenom,System Test Engineer II - Mechanisms and Test Scripts,Engineering & Technology,,"Boulder, CO",US (CONUS),Full-time,,,,,https://sjobs.brassring.com/TGnewUI/Search/home/HomeWithPreLoad?PageType=JobDetails&partnerid=25771&siteid=5403&jobid=302735
BAE Systems,Phenom,Software Engineer I (On-Site),Engineering & Technology,,"Nashua, NH",US (CONUS),Full-time,,,,,https://sjobs.brassring.com/TGnewUI/Search/home/HomeWithPreLoad?PageType=JobDetails&partnerid=25771&siteid=5403&jobid=302910
BAE Systems,Phenom,Subcontract Administrator Principal,Supply Chain & Logistics,,"Hudson, NH",US (CONUS),Full-time,,,,,https://sjobs.brassring.com/TGnewUI/Search/home/HomeWithPreLoad?PageType=JobDetails&partnerid=25771&siteid=5403&jobid=302386
BAE Systems,Phenom,Operations Associate II,Manufacturing & Maintenance,,"Fort Wayne, IN",US (CONUS),Full-time,,,,,https://sjobs.brassring.com/TGnewUI/Search/home/HomeWithPreLoad?PageType=JobDetails&partnerid=25771&siteid=5403&jobid=303027
BAE Systems,Phenom,Systems Engineers - All Levels,Engineering & Technology,,"Endicott, NY",US (CONUS),Full-time,,,,,https://sjobs.brassring.com/TGnewUI/Search/home/HomeWithPreLoad?PageType=JobDetails&partnerid=25771&siteid=5403&jobid=303158
BAE Systems,Phenom,Principal Software Engineer – Algorithm Team,Engineering & Technology,,"Merrimack, NH",US (CONUS),Full-time,,,,,https://sjobs.brassring.com/TGnewUI/Search/home/HomeWithPreLoad?PageType=JobDetails&partnerid=25771&siteid=5403&jobid=303164
BAE Systems,Phenom,AEGIS Computer Operator,Other Professionals,,"Wallops Island, VA",US (CONUS),Full-time,,,,,https://sjobs.brassring.com/TGnewUI/Search/home/HomeWithPreLoad?PageType=JobDetails&partnerid=25771&siteid=5403&jobid=303086
BAE Systems,Phenom,Optical Design Engineer,Engineering & Technology,,"Merrimack, NH",US (CONUS),Full-time,,,,,https://sjobs.brassring.com/TGnewUI/Search/home/HomeWithPreLoad?PageType=JobDetails&partnerid=25771&siteid=5403&jobid=303122
BAE Systems,Phenom,Manufacturing Engineer - 2nd Shift,Engineering & Technology,,"York, PA",US (CONUS),Full-time,,,,,https://sjobs.brassring.com/TGnewUI/Search/home/HomeWithPreLoad?PageType=JobDetails&partnerid=25771&siteid=5403&jobid=302822
BAE Systems,Phenom,Senior Principal II Optical Engineer,Engineering & Technology,,"Merrimack, NH",US (CONUS),Full-time,,,,,https://sjobs.brassring.com/TGnewUI/Search/home/HomeWithPreLoad?PageType=JobDetails&partnerid=25771&siteid=5403&jobid=303124
BAE Systems,Phenom,Principal Optical Engineer - EO/IR Systems,Engineering & Technology,,"Merrimack, NH",US (CONUS),Full-time,,,,,https://sjobs.brassring.com/TGnewUI/Search/home/HomeWithPreLoad?PageType=JobDetails&partnerid=25771&siteid=5403&jobid=303123
BAE Systems,Phenom,Engineering Technologist (Shipboard Radio Communication Systems),Engineering & Technology,,"Saint Inigoes, MD",US (CONUS),Full-time,,,,,https://sjobs.brassring.com/TGnewUI/Search/home/HomeWithPreLoad?PageType=JobDetails&partnerid=25771&siteid=5403&jobid=296977
BAE Systems,Phenom,"Senior Principle Process Engineer, Wire and Ribbon Bonding",Engineering & Technology,,"Nashua, NH",US (CONUS),Full-time,,,,,https://sjobs.brassring.com/TGnewUI/Search/home/HomeWithPreLoad?PageType=JobDetails&partnerid=25771&siteid=5403&jobid=300513
BAE Systems,Phenom,Senior Principal II Engineer – FPGA Design - $40K Sign On Bonus,Engineering & Technology,,"Chantilly, VA",US (CONUS),Full-time,,,,,https://sjobs.brassring.com/TGnewUI/Search/home/HomeWithPreLoad?PageType=JobDetails&partnerid=25771&siteid=5403&jobid=298881
BAE Systems,Phenom,Engineering Manager (Army Cannons and Navy Barrels),Engineering & Technology,,"Louisville, KY",US (CONUS),Full-time,,,,,https://sjobs.brassring.com/TGnewUI/Search/home/HomeWithPreLoad?PageType=JobDetails&partnerid=25771&siteid=5403&jobid=302533
BAE Systems,Phenom,FAST Labs - Microelectronics Program Manager III,Project & Program Management,,"Nashua, NH",US (CONUS),Full-time,,,,,https://sjobs.brassring.com/TGnewUI/Search/home/HomeWithPreLoad?PageType=JobDetails&partnerid=25771&siteid=5403&jobid=303106
BAE Systems,Phenom,Staff Operations Officer,Intelligence,,"McLean, VA",US (CONUS),Full-time,,,,,https://sjobs.brassring.com/TGnewUI/Search/home/HomeWithPreLoad?PageType=JobDetails&partnerid=25771&siteid=5403&jobid=303169
BAE Systems,Phenom,Principal DevOps and GenAI Engineer (Hybrid),Engineering & Technology,,"Merrimack, NH",US (CONUS),Full-time,,,,,https://sjobs.brassring.com/TGnewUI/Search/home/HomeWithPreLoad?PageType=JobDetails&partnerid=25771&siteid=5403&jobid=303029
BAE Systems,Phenom,Systems Engineering Program Lead (Onsite),Engineering & Technology,,"Fort Wayne, IN",US (CONUS),Full-time,,,,,https://sjobs.brassring.com/TGnewUI/Search/home/HomeWithPreLoad?PageType=JobDetails&partnerid=25771&siteid=5403&jobid=303228
BAE Systems,Phenom,Project Engineer Associate – Electrical Support Equipment (EGSE) – 15K Sign on Bonus,Engineering & Technology,,"Boulder, CO",US (CONUS),Full-time,,,,,https://sjobs.brassring.com/TGnewUI/Search/home/HomeWithPreLoad?PageType=JobDetails&partnerid=25771&siteid=5403&jobid=302733
BAE Systems,Phenom,Procurement Analyst Principal,Supply Chain & Logistics,,"Hudson, NH",US (CONUS),Full-time,,,,,https://sjobs.brassring.com/TGnewUI/Search/home/HomeWithPreLoad?PageType=JobDetails&partnerid=25771&siteid=5403&jobid=302715
BAE Systems,Phenom,Systems Engineer,Engineering & Technology,,"Herndon, VA",US (CONUS),Full-time,,,,,https://sjobs.brassring.com/TGnewUI/Search/home/HomeWithPreLoad?PageType=JobDetails&partnerid=25771&siteid=5403&jobid=303229
BAE Systems,Phenom,Microwave Technician II - Weekend Days,Manufacturing & Maintenance,,"Nashua, NH",US (CONUS),Full-time,,,,,https://sjobs.brassring.com/TGnewUI/Search/home/HomeWithPreLoad?PageType=JobDetails&partnerid=25771&siteid=5403&jobid=303153
BAE Systems,Phenom,Fabrication Supervisor,Manufacturing & Maintenance,,"Jacksonville, FL",US (CONUS),Full-time,,,,,https://sjobs.brassring.com/TGnewUI/Search/home/HomeWithPreLoad?PageType=JobDetails&partnerid=25771&siteid=5403&jobid=302325
BAE Systems,Phenom,Receiving Quality Inspector III,Other Professionals,,"Manassas, VA",US (CONUS),Full-time,,,,,https://sjobs.brassring.com/TGnewUI/Search/home/HomeWithPreLoad?PageType=JobDetails&partnerid=25771&siteid=5403&jobid=302860
BAE Systems,Phenom,RF Range Technician I – 3rd Shift,Engineering & Technology,,"Westminster, CO",US (CONUS),Full-time,,,,,https://sjobs.brassring.com/TGnewUI/Search/home/HomeWithPreLoad?PageType=JobDetails&partnerid=25771&siteid=5403&jobid=302969
BAE Systems,Phenom,Engineer II - Algorithm Developer,Engineering & Technology,,"Broomfield, CO",US (CONUS),Full-time,,,,,https://sjobs.brassring.com/TGnewUI/Search/home/HomeWithPreLoad?PageType=JobDetails&partnerid=25771&siteid=5403&jobid=302813
BAE Systems,Phenom,Master Planner (Scheduler) Principal,Finance & Accounting,,"Broomfield, CO",US (CONUS),Full-time,,,,,https://sjobs.brassring.com/TGnewUI/Search/home/HomeWithPreLoad?PageType=JobDetails&partnerid=25771&siteid=5403&jobid=303021
BAE Systems,Phenom,Master Planner (Scheduler) Senior,Finance & Accounting,,"Broomfield, CO",US (CONUS),Full-time,,,,,https://sjobs.brassring.com/TGnewUI/Search/home/HomeWithPreLoad?PageType=JobDetails&partnerid=25771&siteid=5403&jobid=303048
BAE Systems,Phenom,Project Coordinator,Engineering & Technology,,"Totowa, NJ",US (CONUS),Full-time,,,,,https://sjobs.brassring.com/TGnewUI/Search/home/HomeWithPreLoad?PageType=JobDetails&partnerid=25771&siteid=5403&jobid=303160
BAE Systems,Phenom,Technical Specialist I - RF R&D,Engineering & Technology,,"Westminster, CO",US (CONUS),Full-time,,,,,https://sjobs.brassring.com/TGnewUI/Search/home/HomeWithPreLoad?PageType=JobDetails&partnerid=25771&siteid=5403&jobid=303052
BAE Systems,Phenom,Process Engineer I - Second Shift,Manufacturing & Maintenance,,"Nashua, NH",US (CONUS),Full-time,,,,,https://sjobs.brassring.com/TGnewUI/Search/home/HomeWithPreLoad?PageType=JobDetails&partnerid=25771&siteid=5403&jobid=303001
BAE Systems,Phenom,Dev Ops Principal Systems Engineer,Engineering & Technology,,"Merrimack, NH",US (CONUS),Full-time,,,,,https://sjobs.brassring.com/TGnewUI/Search/home/HomeWithPreLoad?PageType=JobDetails&partnerid=25771&siteid=5403&jobid=303125
BAE Systems,Phenom,Facilities Project Control Analyst Senior Principal,Finance & Accounting,,"Broomfield, CO",US (CONUS),Full-time,,,,,https://sjobs.brassring.com/TGnewUI/Search/home/HomeWithPreLoad?PageType=JobDetails&partnerid=25771&siteid=5403&jobid=303028
BAE Systems,Phenom,Counsel (Hybrid),Other Professionals,,"Nashua, NH",US (CONUS),Full-time,,,,,https://sjobs.brassring.com/TGnewUI/Search/home/HomeWithPreLoad?PageType=JobDetails&partnerid=25771&siteid=5403&jobid=302799
BAE Systems,Phenom,USN/BMD Baseline Coordinator,Engineering & Technology,,"Mount Laurel, NJ",US (CONUS),Full-time,,,,,https://sjobs.brassring.com/TGnewUI/Search/home/HomeWithPreLoad?PageType=JobDetails&partnerid=25771&siteid=5403&jobid=297985
BAE Systems,Phenom,Industrial Security Specialist I,Other Professionals,,"Chantilly, VA",US (CONUS),Full-time,,,,,https://sjobs.brassring.com/TGnewUI/Search/home/HomeWithPreLoad?PageType=JobDetails&partnerid=25771&siteid=5403&jobid=300860
BAE Systems,Phenom,Senior Training Coordinator,Intelligence,,"Northern Virginia, VA",US (CONUS),Full-time,,,,,https://sjobs.brassring.com/TGnewUI/Search/home/HomeWithPreLoad?PageType=JobDetails&partnerid=25771&siteid=5403&jobid=303287
BAE Systems,Phenom,Systems Engineer,Engineering & Technology,,"Nashua, NH",US (CONUS),Full-time,,,,,https://sjobs.brassring.com/TGnewUI/Search/home/HomeWithPreLoad?PageType=JobDetails&partnerid=25771&siteid=5403&jobid=302828
BAE Systems,Phenom,"Metrology Operations Intern II, Summer 2027 (Onsite)","Business Development, Strategy & Planning",,"Nashua, NH",US (CONUS),Full-time,,,,,https://sjobs.brassring.com/TGnewUI/Search/home/HomeWithPreLoad?PageType=JobDetails&partnerid=25771&siteid=5403&jobid=303187
BAE Systems,Phenom,Flight Test Aerospace/Mechanical Engineer,Engineering & Technology,,"Hill AFB, UT",US (CONUS),Full-time,,,,,https://sjobs.brassring.com/TGnewUI/Search/home/HomeWithPreLoad?PageType=JobDetails&partnerid=25771&siteid=5403&jobid=303238
BAE Systems,Phenom,Technician IV – Vibration Test,Manufacturing & Maintenance,,"Boulder, CO",US (CONUS),Full-time,,,,,https://sjobs.brassring.com/TGnewUI/Search/home/HomeWithPreLoad?PageType=JobDetails&partnerid=25771&siteid=5403&jobid=303142
BAE Systems,Phenom,Technical Director - Engine Controls Systems,Engineering & Technology,,"Endicott, NY",US (CONUS),Full-time,,,,,https://sjobs.brassring.com/TGnewUI/Search/home/HomeWithPreLoad?PageType=JobDetails&partnerid=25771&siteid=5403&jobid=297432
BAE Systems,Phenom,Manager I – Capture Management - Tactical Mission Systems,"Business Development, Strategy & Planning",,"Westminster, CO",US (CONUS),Full-time,,,,,https://sjobs.brassring.com/TGnewUI/Search/home/HomeWithPreLoad?PageType=JobDetails&partnerid=25771&siteid=5403&jobid=303088
BAE Systems,Phenom,Principal Software Engineer,Engineering & Technology,,"Austin, TX",US (CONUS),Full-time,,,,,https://sjobs.brassring.com/TGnewUI/Search/home/HomeWithPreLoad?PageType=JobDetails&partnerid=25771&siteid=5403&jobid=303215
BAE Systems,Phenom,Database Administrator,Engineering & Technology,,"Annapolis Junction, MD",US (CONUS),Full-time,,,,,https://sjobs.brassring.com/TGnewUI/Search/home/HomeWithPreLoad?PageType=JobDetails&partnerid=25771&siteid=5403&jobid=303255
BAE Systems,Phenom,Reliability Engineer,Engineering & Technology,,"Endicott, NY",US (CONUS),Full-time,,,,,https://sjobs.brassring.com/TGnewUI/Search/home/HomeWithPreLoad?PageType=JobDetails&partnerid=25771&siteid=5403&jobid=303265
BAE Systems,Phenom,Senior Human Centered Design & UI/UX Engineer,Engineering & Technology,,"Nashua, NH",US (CONUS),Full-time,,,,,https://sjobs.brassring.com/TGnewUI/Search/home/HomeWithPreLoad?PageType=JobDetails&partnerid=25771&siteid=5403&jobid=303154
BAE Systems,Phenom,FAST Labs - Software Engineer II,Engineering & Technology,,"Merrimack, NH",US (CONUS),Full-time,,,,,https://sjobs.brassring.com/TGnewUI/Search/home/HomeWithPreLoad?PageType=JobDetails&partnerid=25771&siteid=5403&jobid=303292
BAE Systems,Phenom,Model Based Engineering Section Manager,Engineering & Technology,,"Merrimack, NH",US (CONUS),Full-time,,,,,https://sjobs.brassring.com/TGnewUI/Search/home/HomeWithPreLoad?PageType=JobDetails&partnerid=25771&siteid=5403&jobid=303092
BAE Systems,Phenom,Model Based Engineering Section Manager,Engineering & Technology,,"Hudson, NH",US (CONUS),Full-time,,,,,https://sjobs.brassring.com/TGnewUI/Search/home/HomeWithPreLoad?PageType=JobDetails&partnerid=25771&siteid=5403&jobid=303206
BAE Systems,Phenom,Senior Software Engineer,Engineering & Technology,,"Austin, TX",US (CONUS),Full-time,,,,,https://sjobs.brassring.com/TGnewUI/Search/home/HomeWithPreLoad?PageType=JobDetails&partnerid=25771&siteid=5403&jobid=303213
BAE Systems,Phenom,Master Planner Sr,Project & Program Management,,"San Diego, CA",US (CONUS),Full-time,,,,,https://sjobs.brassring.com/TGnewUI/Search/home/HomeWithPreLoad?PageType=JobDetails&partnerid=25771&siteid=5403&jobid=302578
BAE Systems,Phenom,EMI/EMC/Lightning Principal Engineer,Engineering & Technology,,"Nashua, NH",US (CONUS),Full-time,,,,,https://sjobs.brassring.com/TGnewUI/Search/home/HomeWithPreLoad?PageType=JobDetails&partnerid=25771&siteid=5403&jobid=289698
BAE Systems,Phenom,Program Engineering Manager III (Hybrid),Engineering & Technology,,"Austin, TX",US (CONUS),Full-time,,,,,https://sjobs.brassring.com/TGnewUI/Search/home/HomeWithPreLoad?PageType=JobDetails&partnerid=25771&siteid=5403&jobid=303222
BAE Systems,Phenom,RSRV Project Manager II,Engineering & Technology,,"Hill AFB, UT",US (CONUS),Full-time,,,,,https://sjobs.brassring.com/TGnewUI/Search/home/HomeWithPreLoad?PageType=JobDetails&partnerid=25771&siteid=5403&jobid=303274
BAE Systems,Phenom,Manufacturing Engineering Manager,Manufacturing & Maintenance,,"Hudson, NH",US (CONUS),Full-time,,,,,https://sjobs.brassring.com/TGnewUI/Search/home/HomeWithPreLoad?PageType=JobDetails&partnerid=25771&siteid=5403&jobid=300896
BAE Systems,Phenom,Manufacturing Tech III,Manufacturing & Maintenance,,"Elgin, OK",US (CONUS),Full-time,,,,,https://sjobs.brassring.com/TGnewUI/Search/home/HomeWithPreLoad?PageType=JobDetails&partnerid=25771&siteid=5403&jobid=303083
BAE Systems,Phenom,Accountant Senior,Finance & Accounting,,"Falls Church, VA",US (CONUS),Full-time,,,,,https://sjobs.brassring.com/TGnewUI/Search/home/HomeWithPreLoad?PageType=JobDetails&partnerid=25771&siteid=5403&jobid=302210
BAE Systems,Phenom,LRPF Program Manager I,Project & Program Management,,"Maple Grove, MN",US (CONUS),Full-time,,,,,https://sjobs.brassring.com/TGnewUI/Search/home/HomeWithPreLoad?PageType=JobDetails&partnerid=25771&siteid=5403&jobid=300717
BAE Systems,Phenom,IT Networking Director,Engineering & Technology,,"Merrimack, NH",US (CONUS),Full-time,,,,,https://sjobs.brassring.com/TGnewUI/Search/home/HomeWithPreLoad?PageType=JobDetails&partnerid=25771&siteid=5403&jobid=302680
BAE Systems,Phenom,Final Factory Test Engineer,Manufacturing & Maintenance,,"Austin, TX",US (CONUS),Full-time,,,,,https://sjobs.brassring.com/TGnewUI/Search/home/HomeWithPreLoad?PageType=JobDetails&partnerid=25771&siteid=5403&jobid=302961
BAE Systems,Phenom,Senior Infrared Optical Test Engineer,Engineering & Technology,,"Austin, TX",US (CONUS),Full-time,,,,,https://sjobs.brassring.com/TGnewUI/Search/home/HomeWithPreLoad?PageType=JobDetails&partnerid=25771&siteid=5403&jobid=302960
BAE Systems,Phenom,Senior Software Engineer,Engineering & Technology,,"Manassas, VA",US (CONUS),Full-time,,,,,https://sjobs.brassring.com/TGnewUI/Search/home/HomeWithPreLoad?PageType=JobDetails&partnerid=25771&siteid=5403&jobid=303084
BAE Systems,Phenom,Engineer Senior Principal - Mission Integration - $10K Sign-On Bonus,Engineering & Technology,,"Aurora, CO",US (CONUS),Full-time,,,,,https://sjobs.brassring.com/TGnewUI/Search/home/HomeWithPreLoad?PageType=JobDetails&partnerid=25771&siteid=5403&jobid=303047
BAE Systems,Phenom,Systems Integration and Engineering - Weapons System Rehost - FMS,Engineering & Technology,,"Rockville, MD",US (CONUS),Full-time,,,,,https://sjobs.brassring.com/TGnewUI/Search/home/HomeWithPreLoad?PageType=JobDetails&partnerid=25771&siteid=5403&jobid=299808
BAE Systems,Phenom,General Maintenance,Manufacturing & Maintenance,,"Wallops Island, VA",US (CONUS),Full-time,,,,,https://sjobs.brassring.com/TGnewUI/Search/home/HomeWithPreLoad?PageType=JobDetails&partnerid=25771&siteid=5403&jobid=295430
BAE Systems,Phenom,Manufacturing Tech III (Second Shift),Manufacturing & Maintenance,,"Nashua, NH",US (CONUS),Full-time,,,,,https://sjobs.brassring.com/TGnewUI/Search/home/HomeWithPreLoad?PageType=JobDetails&partnerid=25771&siteid=5403&jobid=303005
BAE Systems,Phenom,Supply Chain Intelligence Analyst,Supply Chain & Logistics,,"Nashua, NH",US (CONUS),Full-time,,,,,https://sjobs.brassring.com/TGnewUI/Search/home/HomeWithPreLoad?PageType=JobDetails&partnerid=25771&siteid=5403&jobid=303314
BAE Systems,Phenom,Senior Systems Engineer – Aftermarket & Production Support,Engineering & Technology,,"Endicott, NY",US (CONUS),Full-time,,,,,https://sjobs.brassring.com/TGnewUI/Search/home/HomeWithPreLoad?PageType=JobDetails&partnerid=25771&siteid=5403&jobid=303366
BAE Systems,Phenom,Senior Technical Recruiter,Other Professionals,,"Fort Wayne, IN",US (CONUS),Full-time,,,,,https://sjobs.brassring.com/TGnewUI/Search/home/HomeWithPreLoad?PageType=JobDetails&partnerid=25771&siteid=5403&jobid=303278
BAE Systems,Phenom,Sr. Systems Engineer,Engineering & Technology,,"Huntsville, AL",US (CONUS),Full-time,,,,,https://sjobs.brassring.com/TGnewUI/Search/home/HomeWithPreLoad?PageType=JobDetails&partnerid=25771&siteid=5403&jobid=303267
BAE Systems,Phenom,Technician I – RF Ranges - 1st Shift,Engineering & Technology,,"Westminster, CO",US (CONUS),Full-time,,,,,https://sjobs.brassring.com/TGnewUI/Search/home/HomeWithPreLoad?PageType=JobDetails&partnerid=25771&siteid=5403&jobid=302807
BAE Systems,Phenom,Senior Manufacturing Engineer,Manufacturing & Maintenance,,"Austin, TX",US (CONUS),Full-time,,,,,https://sjobs.brassring.com/TGnewUI/Search/home/HomeWithPreLoad?PageType=JobDetails&partnerid=25771&siteid=5403&jobid=302938
BAE Systems,Phenom,Engineer II - Electrical - Test Systems,Engineering & Technology,,"Westminster, CO",US (CONUS),Full-time,,,,,https://sjobs.brassring.com/TGnewUI/Search/home/HomeWithPreLoad?PageType=JobDetails&partnerid=25771&siteid=5403&jobid=296874
BAE Systems,Phenom,Senior Principal Hardware Lead,Engineering & Technology,,"Huntsville, AL",US (CONUS),Full-time,,,,,https://sjobs.brassring.com/TGnewUI/Search/home/HomeWithPreLoad?PageType=JobDetails&partnerid=25771&siteid=5403&jobid=302608
BAE Systems,Phenom,Outside Machinist,Manufacturing & Maintenance,,"San Diego, CA",US (CONUS),Full-time,,,,,https://sjobs.brassring.com/TGnewUI/Search/home/HomeWithPreLoad?PageType=JobDetails&partnerid=25771&siteid=5403&jobid=302839
BAE Systems,Phenom,Principal EO/IR Systems Engineer,Engineering & Technology,,"Hudson, NH",US (CONUS),Full-time,,,,,https://sjobs.brassring.com/TGnewUI/Search/home/HomeWithPreLoad?PageType=JobDetails&partnerid=25771&siteid=5403&jobid=302891
BAE Systems,Phenom,Systems Security Engineering Technical Lead,Engineering & Technology,,"Rockville, MD",US (CONUS),Full-time,,,,,https://sjobs.brassring.com/TGnewUI/Search/home/HomeWithPreLoad?PageType=JobDetails&partnerid=25771&siteid=5403&jobid=302746
BAE Systems,Phenom,Master Planner II,Finance & Accounting,,"Westminster, CO",US (CONUS),Full-time,,,,,https://sjobs.brassring.com/TGnewUI/Search/home/HomeWithPreLoad?PageType=JobDetails&partnerid=25771&siteid=5403&jobid=302988
BAE Systems,Phenom,Materials Handler / Line Driver $18 an Hour,Manufacturing & Maintenance,,"Kingsport, TN",US (CONUS),Full-time,,,,,https://sjobs.brassring.com/TGnewUI/Search/home/HomeWithPreLoad?PageType=JobDetails&partnerid=25771&siteid=5403&jobid=301031
BAE Systems,Phenom,Project Integrator - Senior,Engineering & Technology,,"Sterling, VA",US (CONUS),Full-time,,,,,https://sjobs.brassring.com/TGnewUI/Search/home/HomeWithPreLoad?PageType=JobDetails&partnerid=25771&siteid=5403&jobid=303343
BAE Systems,Phenom,Senior System Safety Professional,Engineering & Technology,,"Hill AFB, UT",US (CONUS),Full-time,,,,,https://sjobs.brassring.com/TGnewUI/Search/home/HomeWithPreLoad?PageType=JobDetails&partnerid=25771&siteid=5403&jobid=303356
BAE Systems,Phenom,Factory Supply Chain Planner - SAS Production,Supply Chain & Logistics,,"Hudson, NH",US (CONUS),Full-time,,,,,https://sjobs.brassring.com/TGnewUI/Search/home/HomeWithPreLoad?PageType=JobDetails&partnerid=25771&siteid=5403&jobid=303313
BAE Systems,Phenom,"Project Lead, Test Equipment- Hybrid",Engineering & Technology,,"Endicott, NY",US (CONUS),Full-time,,,,,https://sjobs.brassring.com/TGnewUI/Search/home/HomeWithPreLoad?PageType=JobDetails&partnerid=25771&siteid=5403&jobid=303053
BAE Systems,Phenom,Manager II - Facility Security Officer (FSO),Other Professionals,,"Broomfield, CO",US (CONUS),Full-time,,,,,https://sjobs.brassring.com/TGnewUI/Search/home/HomeWithPreLoad?PageType=JobDetails&partnerid=25771&siteid=5403&jobid=302944
BAE Systems,Phenom,Senior Engineer – Ground/Application Software,Engineering & Technology,,"Broomfield, CO",US (CONUS),Full-time,,,,,https://sjobs.brassring.com/TGnewUI/Search/home/HomeWithPreLoad?PageType=JobDetails&partnerid=25771&siteid=5403&jobid=303339
BAE Systems,Phenom,Production Manager,Manufacturing & Maintenance,,"Cedar Rapids, IA",US (CONUS),Full-time,,,,,https://sjobs.brassring.com/TGnewUI/Search/home/HomeWithPreLoad?PageType=JobDetails&partnerid=25771&siteid=5403&jobid=303138
BAE Systems,Phenom,Senior Digital Electrical Engineer,Engineering & Technology,,"Nashua, NH",US (CONUS),Full-time,,,,,https://sjobs.brassring.com/TGnewUI/Search/home/HomeWithPreLoad?PageType=JobDetails&partnerid=25771&siteid=5403&jobid=302162
BAE Systems,Phenom,Process Engineer II - Wire and Ribbon Bonding,Engineering & Technology,,"Nashua, NH",US (CONUS),Full-time,,,,,https://sjobs.brassring.com/TGnewUI/Search/home/HomeWithPreLoad?PageType=JobDetails&partnerid=25771&siteid=5403&jobid=303087
BAE Systems,Phenom,Control Systems Technician,Manufacturing & Maintenance,,"Kingsport, TN",US (CONUS),Full-time,,,,,https://sjobs.brassring.com/TGnewUI/Search/home/HomeWithPreLoad?PageType=JobDetails&partnerid=25771&siteid=5403&jobid=303039
BAE Systems,Phenom,Engineer Senior Principal II – Systems - RADAR - $15K Sign On Bonus,Engineering & Technology,,"Westminster, CO",US (CONUS),Full-time,,,,,https://sjobs.brassring.com/TGnewUI/Search/home/HomeWithPreLoad?PageType=JobDetails&partnerid=25771&siteid=5403&jobid=303145
BAE Systems,Phenom,"Senior Embedded Software Engineer, Navigation and Sensor Systems",Engineering & Technology,,"Cedar Rapids, IA",US (CONUS),Full-time,,,,,https://sjobs.brassring.com/TGnewUI/Search/home/HomeWithPreLoad?PageType=JobDetails&partnerid=25771&siteid=5403&jobid=303353
BAE Systems,Phenom,"Senior Embedded Software Engineer, Navigation and Sensor Systems",Engineering & Technology,,"Cedar Rapids, IA",US (CONUS),Full-time,,,,,https://sjobs.brassring.com/TGnewUI/Search/home/HomeWithPreLoad?PageType=JobDetails&partnerid=25771&siteid=5403&jobid=303354
BAE Systems,Phenom,Contracts Manager II - Remote Considered,Other Professionals,,"Cedar Rapids, IA",US (CONUS),Full-time,,,,,https://sjobs.brassring.com/TGnewUI/Search/home/HomeWithPreLoad?PageType=JobDetails&partnerid=25771&siteid=5403&jobid=303243
BAE Systems,Phenom,FAST Labs - Senior Principal Engineer II – Mission Effectiveness Lead,Engineering & Technology,,"Merrimack, NH",US (CONUS),Full-time,,,,,https://sjobs.brassring.com/TGnewUI/Search/home/HomeWithPreLoad?PageType=JobDetails&partnerid=25771&siteid=5403&jobid=303268
BAE Systems,Phenom,"Senior Embedded Software Engineer, Navigation and Sensor Systems",Engineering & Technology,,"Cedar Rapids, IA",US (CONUS),Full-time,,,,,https://sjobs.brassring.com/TGnewUI/Search/home/HomeWithPreLoad?PageType=JobDetails&partnerid=25771&siteid=5403&jobid=303352
BAE Systems,Phenom,Facilities Engineer II,Other Professionals,,"Fort Wayne, IN",US (CONUS),Full-time,,,,,https://sjobs.brassring.com/TGnewUI/Search/home/HomeWithPreLoad?PageType=JobDetails&partnerid=25771&siteid=5403&jobid=302502
BAE Systems,Phenom,Project Engineer I - Mechanical,Engineering & Technology,,"Boulder, CO",US (CONUS),Full-time,,,,,https://sjobs.brassring.com/TGnewUI/Search/home/HomeWithPreLoad?PageType=JobDetails&partnerid=25771&siteid=5403&jobid=302901
BAE Systems,Phenom,Sr. Network Administrator,Engineering & Technology,,"Quantico, VA",US (CONUS),Full-time,,,,,https://sjobs.brassring.com/TGnewUI/Search/home/HomeWithPreLoad?PageType=JobDetails&partnerid=25771&siteid=5403&jobid=303264
BAE Systems,Phenom,Systems Engineer - Integration and Test,Engineering & Technology,,"Hudson, NH",US (CONUS),Full-time,,,,,https://sjobs.brassring.com/TGnewUI/Search/home/HomeWithPreLoad?PageType=JobDetails&partnerid=25771&siteid=5403&jobid=303132
BAE Systems,Phenom,APKWS Program Engineering Manager II,Engineering & Technology,,"Hudson, NH",US (CONUS),Full-time,,,,,https://sjobs.brassring.com/TGnewUI/Search/home/HomeWithPreLoad?PageType=JobDetails&partnerid=25771&siteid=5403&jobid=303232
BAE Systems,Phenom,Senior ServiceNow CMDB Engineer,Engineering & Technology,,"Herndon, VA",US (CONUS),Full-time,,,,,https://sjobs.brassring.com/TGnewUI/Search/home/HomeWithPreLoad?PageType=JobDetails&partnerid=25771&siteid=5403&jobid=303296
BAE Systems,Phenom,Expert ServiceNow CMDB Engineer,Engineering & Technology,,"Herndon, VA",US (CONUS),Full-time,,,,,https://sjobs.brassring.com/TGnewUI/Search/home/HomeWithPreLoad?PageType=JobDetails&partnerid=25771&siteid=5403&jobid=303297
BAE Systems,Phenom,Vice President / General Manager,Other Professionals,,"McLean, VA",US (CONUS),Full-time,,,,,https://sjobs.brassring.com/TGnewUI/Search/home/HomeWithPreLoad?PageType=JobDetails&partnerid=25771&siteid=5403&jobid=303312
BAE Systems,Phenom,SLCM-N Technical Planning and Execution Program Area Manager,Project & Program Management,,"Rockville, MD",US (CONUS),Full-time,,,,,https://sjobs.brassring.com/TGnewUI/Search/home/HomeWithPreLoad?PageType=JobDetails&partnerid=25771&siteid=5403&jobid=303221
BAE Systems,Phenom,Engineer I - Software,Engineering & Technology,,"Boulder, CO",US (CONUS),Full-time,,,,,https://sjobs.brassring.com/TGnewUI/Search/home/HomeWithPreLoad?PageType=JobDetails&partnerid=25771&siteid=5403&jobid=303136
BAE Systems,Phenom,Logistics Project Manager,Engineering & Technology,,"Hill AFB, UT",US (CONUS),Full-time,,,,,https://sjobs.brassring.com/TGnewUI/Search/home/HomeWithPreLoad?PageType=JobDetails&partnerid=25771&siteid=5403&jobid=303270
BAE Systems,Phenom,Supplier Quality Factory Engineer,Other Professionals,,"Fort Wayne, IN",US (CONUS),Full-time,,,,,https://sjobs.brassring.com/TGnewUI/Search/home/HomeWithPreLoad?PageType=JobDetails&partnerid=25771&siteid=5403&jobid=303156
BAE Systems,Phenom,FAST Labs - NEXUS Technology Development Director,Engineering & Technology,,"Merrimack, NH",US (CONUS),Full-time,,,,,https://sjobs.brassring.com/TGnewUI/Search/home/HomeWithPreLoad?PageType=JobDetails&partnerid=25771&siteid=5403&jobid=303227
BAE Systems,Phenom,Logistics Engineer,Engineering & Technology,,"Endicott, NY",US (CONUS),Full-time,,,,,https://sjobs.brassring.com/TGnewUI/Search/home/HomeWithPreLoad?PageType=JobDetails&partnerid=25771&siteid=5403&jobid=302830
BAE Systems,Phenom,Engineer Senior – Test and Electrical,Engineering & Technology,,"Westminster, CO",US (CONUS),Full-time,,,,,https://sjobs.brassring.com/TGnewUI/Search/home/HomeWithPreLoad?PageType=JobDetails&partnerid=25771&siteid=5403&jobid=296751
BAE Systems,Phenom,Operations Leadership Development Program - AMS,Engineering & Technology,,"Nashua, NH",US (CONUS),Full-time,,,,,https://sjobs.brassring.com/TGnewUI/Search/home/HomeWithPreLoad?PageType=JobDetails&partnerid=25771&siteid=5403&jobid=303051
BAE Systems,Phenom,"Sr. Subcontract Manager, Supplier Contracts",Supply Chain & Logistics,,"Nashua, NH",US (CONUS),Full-time,,,,,https://sjobs.brassring.com/TGnewUI/Search/home/HomeWithPreLoad?PageType=JobDetails&partnerid=25771&siteid=5403&jobid=303168
BAE Systems,Phenom,P&S Operations Leadership Development Program - Supply Chain/Ops Management,Supply Chain & Logistics,,"York, PA",US (CONUS),Full-time,,,,,https://sjobs.brassring.com/TGnewUI/Search/home/HomeWithPreLoad?PageType=JobDetails&partnerid=25771&siteid=5403&jobid=302671
BAE Systems,Phenom,Conformal Coat Finisher,Manufacturing & Maintenance,,"Nashua, NH",US (CONUS),Full-time,,,,,https://sjobs.brassring.com/TGnewUI/Search/home/HomeWithPreLoad?PageType=JobDetails&partnerid=25771&siteid=5403&jobid=302707
BAE Systems,Phenom,Production Operator II (Weekend Shift),Manufacturing & Maintenance,,"Nashua, NH",US (CONUS),Full-time,,,,,https://sjobs.brassring.com/TGnewUI/Search/home/HomeWithPreLoad?PageType=JobDetails&partnerid=25771&siteid=5403&jobid=299173
BAE Systems,Phenom,Mechanical Engineer - Principal,Engineering & Technology,,"Greenlawn, NY",US (CONUS),Full-time,,,,,https://sjobs.brassring.com/TGnewUI/Search/home/HomeWithPreLoad?PageType=JobDetails&partnerid=25771&siteid=5403&jobid=303089
BAE Systems,Phenom,Principal FP&A Analyst,Finance & Accounting,,"Jacksonville, FL",US (CONUS),Full-time,,,,,https://sjobs.brassring.com/TGnewUI/Search/home/HomeWithPreLoad?PageType=JobDetails&partnerid=25771&siteid=5403&jobid=298391
BAE Systems,Phenom,Senior Manufacturing Engineer,Manufacturing & Maintenance,,"Austin, TX",US (CONUS),Full-time,,,,,https://sjobs.brassring.com/TGnewUI/Search/home/HomeWithPreLoad?PageType=JobDetails&partnerid=25771&siteid=5403&jobid=302601
BAE Systems,Phenom,Manufacturing Engineer I – Operational Engineering & Planning,Engineering & Technology,,"Boulder, CO",US (CONUS),Full-time,,,,,https://sjobs.brassring.com/TGnewUI/Search/home/HomeWithPreLoad?PageType=JobDetails&partnerid=25771&siteid=5403&jobid=302996
BAE Systems,Phenom,Senior Manufacturing Engineer – Operational Engineering & Planning,Engineering & Technology,,"Boulder, CO",US (CONUS),Full-time,,,,,https://sjobs.brassring.com/TGnewUI/Search/home/HomeWithPreLoad?PageType=JobDetails&partnerid=25771&siteid=5403&jobid=303002
BAE Systems,Phenom,Engineer Senior - Digital Test Developer,Engineering & Technology,,"Westminster, CO",US (CONUS),Full-time,,,,,https://sjobs.brassring.com/TGnewUI/Search/home/HomeWithPreLoad?PageType=JobDetails&partnerid=25771&siteid=5403&jobid=299350
BAE Systems,Phenom,Test Tech II / ESS,Manufacturing & Maintenance,,"Austin, TX",US (CONUS),Full-time,,,,,https://sjobs.brassring.com/TGnewUI/Search/home/HomeWithPreLoad?PageType=JobDetails&partnerid=25771&siteid=5403&jobid=303185
BAE Systems,Phenom,Staff Operations Executive Officer,Intelligence,,"McLean, VA",US (CONUS),Full-time,,,,,https://sjobs.brassring.com/TGnewUI/Search/home/HomeWithPreLoad?PageType=JobDetails&partnerid=25771&siteid=5403&jobid=303174
BAE Systems,Phenom,Manufacturing Engineer - Machining,Manufacturing & Maintenance,,"Louisville, KY",US (CONUS),Full-time,,,,,https://sjobs.brassring.com/TGnewUI/Search/home/HomeWithPreLoad?PageType=JobDetails&partnerid=25771&siteid=5403&jobid=299778
BAE Systems,Phenom,Supply Chain Quality Specialist,Supply Chain & Logistics,,"Jacksonville, FL",US (CONUS),Full-time,,,,,https://sjobs.brassring.com/TGnewUI/Search/home/HomeWithPreLoad?PageType=JobDetails&partnerid=25771&siteid=5403&jobid=303055
BAE Systems,Phenom,Welder (3rd shift),Manufacturing & Maintenance,,"San Diego, CA",US (CONUS),Full-time,,,,,https://sjobs.brassring.com/TGnewUI/Search/home/HomeWithPreLoad?PageType=JobDetails&partnerid=25771&siteid=5403&jobid=298801
BAE Systems,Phenom,Sr Principal II Software Engineer,Engineering & Technology,,"Nashua, NH",US (CONUS),Full-time,,,,,https://sjobs.brassring.com/TGnewUI/Search/home/HomeWithPreLoad?PageType=JobDetails&partnerid=25771&siteid=5403&jobid=303025
BAE Systems,Phenom,Principal Systems Administrator,Engineering & Technology,,"Westminster, CO",US (CONUS),Full-time,,,,,https://sjobs.brassring.com/TGnewUI/Search/home/HomeWithPreLoad?PageType=JobDetails&partnerid=25771&siteid=5403&jobid=303019
BAE Systems,Phenom,Program Engineering Manager III - C4ISR Advanced RF (ARF),Engineering & Technology,,"Hudson, NH",US (CONUS),Full-time,,,,,https://sjobs.brassring.com/TGnewUI/Search/home/HomeWithPreLoad?PageType=JobDetails&partnerid=25771&siteid=5403&jobid=302763
BAE Systems,Phenom,Accountant Sr,Finance & Accounting,,"York, PA",US (CONUS),Full-time,,,,,https://sjobs.brassring.com/TGnewUI/Search/home/HomeWithPreLoad?PageType=JobDetails&partnerid=25771&siteid=5403&jobid=303044
BAE Systems,Phenom,Security Manager / CSSO,Other Professionals,,"Merrimack, NH",US (CONUS),Full-time,,,,,https://sjobs.brassring.com/TGnewUI/Search/home/HomeWithPreLoad?PageType=JobDetails&partnerid=25771&siteid=5403&jobid=303245
BAE Systems,Phenom,Procurement Representative II,Engineering & Technology,,"Rockville, MD",US (CONUS),Full-time,,,,,https://sjobs.brassring.com/TGnewUI/Search/home/HomeWithPreLoad?PageType=JobDetails&partnerid=25771&siteid=5403&jobid=302995
BAE Systems,Phenom,Linux Engineer (Expert),Engineering & Technology,,"Herndon, VA",US (CONUS),Full-time,,,,,https://sjobs.brassring.com/TGnewUI/Search/home/HomeWithPreLoad?PageType=JobDetails&partnerid=25771&siteid=5403&jobid=303337
BAE Systems,Phenom,Process Engineer II - Wire and Ribbon Bonding,Engineering & Technology,,"Nashua, NH",US (CONUS),Full-time,,,,,https://sjobs.brassring.com/TGnewUI/Search/home/HomeWithPreLoad?PageType=JobDetails&partnerid=25771&siteid=5403&jobid=303103
BAE Systems,Phenom,"Software Developer/A&A Engineer, Senior",Engineering & Technology,,"Herndon, VA",US (CONUS),Full-time,,,,,https://sjobs.brassring.com/TGnewUI/Search/home/HomeWithPreLoad?PageType=JobDetails&partnerid=25771&siteid=5403&jobid=303201
BAE Systems,Phenom,Senior Principal Engineer – Payload RF Technical Lead- $10K Sign-on Bonus,Engineering & Technology,,"Broomfield, CO",US (CONUS),Full-time,,,,,https://sjobs.brassring.com/TGnewUI/Search/home/HomeWithPreLoad?PageType=JobDetails&partnerid=25771&siteid=5403&jobid=302191
BAE Systems,Phenom,Process Engineer II - Wire and Ribbon Bonding,Engineering & Technology,,"Nashua, NH",US (CONUS),Full-time,,,,,https://sjobs.brassring.com/TGnewUI/Search/home/HomeWithPreLoad?PageType=JobDetails&partnerid=25771&siteid=5403&jobid=303104
BAE Systems,Phenom,Senior Buyer – Category,Supply Chain & Logistics,,"Louisville, KY",US (CONUS),Full-time,,,,,https://sjobs.brassring.com/TGnewUI/Search/home/HomeWithPreLoad?PageType=JobDetails&partnerid=25771&siteid=5403&jobid=301949
BAE Systems,Phenom,Outside Machinist,Manufacturing & Maintenance,,"San Diego, CA",US (CONUS),Full-time,,,,,https://sjobs.brassring.com/TGnewUI/Search/home/HomeWithPreLoad?PageType=JobDetails&partnerid=25771&siteid=5403&jobid=302844
BAE Systems,Phenom,"Program Director, Global Trade Technology",Project & Program Management,,"Falls Church, VA",US (CONUS),Full-time,,,,,https://sjobs.brassring.com/TGnewUI/Search/home/HomeWithPreLoad?PageType=JobDetails&partnerid=25771&siteid=5403&jobid=302984
BAE Systems,Phenom,Senior Mechanical Engineer,Engineering & Technology,,"Boulder, CO",US (CONUS),Full-time,,,,,https://sjobs.brassring.com/TGnewUI/Search/home/HomeWithPreLoad?PageType=JobDetails&partnerid=25771&siteid=5403&jobid=302949
BAE Systems,Phenom,FAST Labs - Senior Principal II Engineer - EO/IR Systems ($10K Sign On Bonus),Engineering & Technology,,"Merrimack, NH",US (CONUS),Full-time,,,,,https://sjobs.brassring.com/TGnewUI/Search/home/HomeWithPreLoad?PageType=JobDetails&partnerid=25771&siteid=5403&jobid=303344
BAE Systems,Phenom,Principal FPGA Digital Design Engineer - Signing Bonus,Engineering & Technology,,"Nashua, NH",US (CONUS),Full-time,,,,,https://sjobs.brassring.com/TGnewUI/Search/home/HomeWithPreLoad?PageType=JobDetails&partnerid=25771&siteid=5403&jobid=303286
BAE Systems,Phenom,Strategic Weapon System Test Engineer,Engineering & Technology,,"Rockville, MD",US (CONUS),Full-time,,,,,https://sjobs.brassring.com/TGnewUI/Search/home/HomeWithPreLoad?PageType=JobDetails&partnerid=25771&siteid=5403&jobid=303317
BAE Systems,Phenom,Chief Engineer,Engineering & Technology,,"Totowa, NJ",US (CONUS),Full-time,,,,,https://sjobs.brassring.com/TGnewUI/Search/home/HomeWithPreLoad?PageType=JobDetails&partnerid=25771&siteid=5403&jobid=302621
BAE Systems,Phenom,Senior level Full Stack Application Developer,Engineering & Technology,,"Sterling, VA",US (CONUS),Full-time,,,,,https://sjobs.brassring.com/TGnewUI/Search/home/HomeWithPreLoad?PageType=JobDetails&partnerid=25771&siteid=5403&jobid=302815
BAE Systems,Phenom,Principal Electrical Engineer,Engineering & Technology,,"Dallas, TX",US (CONUS),Full-time,,,,,https://sjobs.brassring.com/TGnewUI/Search/home/HomeWithPreLoad?PageType=JobDetails&partnerid=25771&siteid=5403&jobid=303280
BAE Systems,Phenom,Expert level Full Stack Application Developer,Engineering & Technology,,"Sterling, VA",US (CONUS),Full-time,,,,,https://sjobs.brassring.com/TGnewUI/Search/home/HomeWithPreLoad?PageType=JobDetails&partnerid=25771&siteid=5403&jobid=303205
BAE Systems,Phenom,Systems Engineer II - Seeker Design,Engineering & Technology,,"Huntsville, AL",US (CONUS),Full-time,,,,,https://sjobs.brassring.com/TGnewUI/Search/home/HomeWithPreLoad?PageType=JobDetails&partnerid=25771&siteid=5403&jobid=303368
BAE Systems,Phenom,Infor Lawson Systems Administrator,Engineering & Technology,,"Sterling, VA",US (CONUS),Full-time,,,,,https://sjobs.brassring.com/TGnewUI/Search/home/HomeWithPreLoad?PageType=JobDetails&partnerid=25771&siteid=5403&jobid=303373
BAE Systems,Phenom,Principal Mechanical Engineer,Engineering & Technology,,"Dallas, TX",US (CONUS),Full-time,,,,,https://sjobs.brassring.com/TGnewUI/Search/home/HomeWithPreLoad?PageType=JobDetails&partnerid=25771&siteid=5403&jobid=303355
BAE Systems,Phenom,Senior Principal RF Systems Engineer,Engineering & Technology,,"Merrimack, NH",US (CONUS),Full-time,,,,,https://sjobs.brassring.com/TGnewUI/Search/home/HomeWithPreLoad?PageType=JobDetails&partnerid=25771&siteid=5403&jobid=303347
BAE Systems,Phenom,Business Development Portfolio Lead - EO/IR Spectral Dominance,"Business Development, Strategy & Planning",,"Merrimack, NH",US (CONUS),Full-time,,,,,https://sjobs.brassring.com/TGnewUI/Search/home/HomeWithPreLoad?PageType=JobDetails&partnerid=25771&siteid=5403&jobid=303242
BAE Systems,Phenom,NextGen Platform Software Developer (Expert),Engineering & Technology,,"Herndon, VA",US (CONUS),Full-time,,,,,https://sjobs.brassring.com/TGnewUI/Search/home/HomeWithPreLoad?PageType=JobDetails&partnerid=25771&siteid=5403&jobid=303335
BAE Systems,Phenom,SCA Material Coordinator (Tool Room),Supply Chain & Logistics,,"Saint Inigoes, MD",US (CONUS),Full-time,,,,,https://sjobs.brassring.com/TGnewUI/Search/home/HomeWithPreLoad?PageType=JobDetails&partnerid=25771&siteid=5403&jobid=301293
BAE Systems,Phenom,CNC Machinist I (ATDM),Manufacturing & Maintenance,,"Louisville, KY",US (CONUS),Full-time,,,,,https://sjobs.brassring.com/TGnewUI/Search/home/HomeWithPreLoad?PageType=JobDetails&partnerid=25771&siteid=5403&jobid=303203
BAE Systems,Phenom,Facilities Supervisor II,Manufacturing & Maintenance,,"Nashua, NH",US (CONUS),Full-time,,,,,https://sjobs.brassring.com/TGnewUI/Search/home/HomeWithPreLoad?PageType=JobDetails&partnerid=25771&siteid=5403&jobid=302616
BAE Systems,Phenom,Principal Product Support Specialist,Engineering & Technology,,"Maple Grove, MN",US (CONUS),Full-time,,,,,https://sjobs.brassring.com/TGnewUI/Search/home/HomeWithPreLoad?PageType=JobDetails&partnerid=25771&siteid=5403&jobid=303332
BAE Systems,Phenom,SHE Specialist,Other Professionals,,"Chesapeake, VA",US (CONUS),Full-time,,,,,https://sjobs.brassring.com/TGnewUI/Search/home/HomeWithPreLoad?PageType=JobDetails&partnerid=25771&siteid=5403&jobid=296894
BAE Systems,Phenom,Mechanical Tech III,Manufacturing & Maintenance,,"Nashua, NH",US (CONUS),Full-time,,,,,https://sjobs.brassring.com/TGnewUI/Search/home/HomeWithPreLoad?PageType=JobDetails&partnerid=25771&siteid=5403&jobid=302952
BAE Systems,Phenom,Sr. Principal Mechanical Engineer (Structural Analysis SME),Engineering & Technology,,"Nashua, NH",US (CONUS),Full-time,,,,,https://sjobs.brassring.com/TGnewUI/Search/home/HomeWithPreLoad?PageType=JobDetails&partnerid=25771&siteid=5403&jobid=303388
BAE Systems,Phenom,Principal Mechanical Engineer,Engineering & Technology,,"Manchester, NH",US (CONUS),Full-time,,,,,https://sjobs.brassring.com/TGnewUI/Search/home/HomeWithPreLoad?PageType=JobDetails&partnerid=25771&siteid=5403&jobid=303316
BAE Systems,Phenom,Sr. Principal Mechanical Engineer (Thermal Analysis SME),Engineering & Technology,,"Nashua, NH",US (CONUS),Full-time,,,,,https://sjobs.brassring.com/TGnewUI/Search/home/HomeWithPreLoad?PageType=JobDetails&partnerid=25771&siteid=5403&jobid=303385
BAE Systems,Phenom,OpenShift Engineer Senior Principal (Lead),Engineering & Technology,,"Westminster, CO",US (CONUS),Full-time,,,,,https://sjobs.brassring.com/TGnewUI/Search/home/HomeWithPreLoad?PageType=JobDetails&partnerid=25771&siteid=5403&jobid=301214
BAE Systems,Phenom,Hardware Engineering Manager,Engineering & Technology,,"Cedar Rapids, IA",US (CONUS),Full-time,,,,,https://sjobs.brassring.com/TGnewUI/Search/home/HomeWithPreLoad?PageType=JobDetails&partnerid=25771&siteid=5403&jobid=302157
BAE Systems,Phenom,Model-Based Systems Engineer,Engineering & Technology,,"Huntsville, AL",US (CONUS),Full-time,,,,,https://sjobs.brassring.com/TGnewUI/Search/home/HomeWithPreLoad?PageType=JobDetails&partnerid=25771&siteid=5403&jobid=300966
BAE Systems,Phenom,Zero Trust Architect (Expert),Engineering & Technology,,"Herndon, VA",US (CONUS),Full-time,,,,,https://sjobs.brassring.com/TGnewUI/Search/home/HomeWithPreLoad?PageType=JobDetails&partnerid=25771&siteid=5403&jobid=300697
BAE Systems,Phenom,"Systems Engineering, Integration, and Test (SEIT) Lead",Engineering & Technology,,"Hudson, NH",US (CONUS),Full-time,,,,,https://sjobs.brassring.com/TGnewUI/Search/home/HomeWithPreLoad?PageType=JobDetails&partnerid=25771&siteid=5403&jobid=301056
BAE Systems,Phenom,Senior Principal Component Engineer,Engineering & Technology,,"Fort Wayne, IN",US (CONUS),Full-time,,,,,https://sjobs.brassring.com/TGnewUI/Search/home/HomeWithPreLoad?PageType=JobDetails&partnerid=25771&siteid=5403&jobid=301386
BAE Systems,Phenom,"Director I, IT Service Owner - Data & AI Platforms",Engineering & Technology,,"Falls Church, VA",US (CONUS),Full-time,,,,,https://sjobs.brassring.com/TGnewUI/Search/home/HomeWithPreLoad?PageType=JobDetails&partnerid=25771&siteid=5403&jobid=302077
BAE Systems,Phenom,"Space Operations Specialist Principal - Low Observable (LO) Mission Planner (Creech AFB, NV)",Engineering & Technology,,"Indian Springs, NV",US (CONUS),Full-time,,,,,https://sjobs.brassring.com/TGnewUI/Search/home/HomeWithPreLoad?PageType=JobDetails&partnerid=25771&siteid=5403&jobid=299443
BAE Systems,Phenom,Master Program Planner II - Program Scheduler,Finance & Accounting,,"Westminster, CO",US (CONUS),Full-time,,,,,https://sjobs.brassring.com/TGnewUI/Search/home/HomeWithPreLoad?PageType=JobDetails&partnerid=25771&siteid=5403&jobid=300689
BAE Systems,Phenom,Engineer Principal – Systems Payload Integration,Engineering & Technology,,"Broomfield, CO",US (CONUS),Full-time,,,,,https://sjobs.brassring.com/TGnewUI/Search/home/HomeWithPreLoad?PageType=JobDetails&partnerid=25771&siteid=5403&jobid=299249
BAE Systems,Phenom,Hardware Section Lead (People Manager and Technical Leader),Engineering & Technology,,"Austin, TX",US (CONUS),Full-time,,,,,https://sjobs.brassring.com/TGnewUI/Search/home/HomeWithPreLoad?PageType=JobDetails&partnerid=25771&siteid=5403&jobid=301157
BAE Systems,Phenom,Support Operator 1,Manufacturing & Maintenance,,"Aiken, SC",US (CONUS),Full-time,,,,,https://sjobs.brassring.com/TGnewUI/Search/home/HomeWithPreLoad?PageType=JobDetails&partnerid=25771&siteid=5403&jobid=301485
BAE Systems,Phenom,Senior Optical Engineer,Engineering & Technology,,"Broomfield, CO",US (CONUS),Full-time,,,,,https://sjobs.brassring.com/TGnewUI/Search/home/HomeWithPreLoad?PageType=JobDetails&partnerid=25771&siteid=5403&jobid=301703
BAE Systems,Phenom,Engineer Senior – Space Vehicle Propulsion,Engineering & Technology,,"Boulder, CO",US (CONUS),Full-time,,,,,https://sjobs.brassring.com/TGnewUI/Search/home/HomeWithPreLoad?PageType=JobDetails&partnerid=25771&siteid=5403&jobid=299904
BAE Systems,Phenom,Manufacturing Tech II,Manufacturing & Maintenance,,"Aberdeen, SD",US (CONUS),Full-time,,,,,https://sjobs.brassring.com/TGnewUI/Search/home/HomeWithPreLoad?PageType=JobDetails&partnerid=25771&siteid=5403&jobid=302575
BAE Systems,Phenom,Nondestructive Testing Inspector (NDT) Level II (Evening Shift),Manufacturing & Maintenance,,"Louisville, KY",US (CONUS),Full-time,,,,,https://sjobs.brassring.com/TGnewUI/Search/home/HomeWithPreLoad?PageType=JobDetails&partnerid=25771&siteid=5403&jobid=299389
BAE Systems,Phenom,Senior Subcontract Administrator,Supply Chain & Logistics,,"Maple Grove, MN",US (CONUS),Full-time,,,,,https://sjobs.brassring.com/TGnewUI/Search/home/HomeWithPreLoad?PageType=JobDetails&partnerid=25771&siteid=5403&jobid=299366
BAE Systems,Phenom,Software Engineering Manager for Space Systems,Engineering & Technology,,"Merrimack, NH",US (CONUS),Full-time,,,,,https://sjobs.brassring.com/TGnewUI/Search/home/HomeWithPreLoad?PageType=JobDetails&partnerid=25771&siteid=5403&jobid=300165
BAE Systems,Phenom,Contracts Manager I,Other Professionals,,"Hudson, NH",US (CONUS),Full-time,,,,,https://sjobs.brassring.com/TGnewUI/Search/home/HomeWithPreLoad?PageType=JobDetails&partnerid=25771&siteid=5403&jobid=299198
BAE Systems,Phenom,Principal Program Quality Engineer,Engineering & Technology,,"Manchester, NH",US (CONUS),Full-time,,,,,https://sjobs.brassring.com/TGnewUI/Search/home/HomeWithPreLoad?PageType=JobDetails&partnerid=25771&siteid=5403&jobid=288307
BAE Systems,Phenom,Financial Analyst/Exploiter,Intelligence,,"McLean, VA",US (CONUS),Full-time,,,,,https://sjobs.brassring.com/TGnewUI/Search/home/HomeWithPreLoad?PageType=JobDetails&partnerid=25771&siteid=5403&jobid=302118
BAE Systems,Phenom,Electronic Assembler II Second Shift,Manufacturing & Maintenance,,"Wayne, NJ",US (CONUS),Full-time,,,,,https://sjobs.brassring.com/TGnewUI/Search/home/HomeWithPreLoad?PageType=JobDetails&partnerid=25771&siteid=5403&jobid=299786
BAE Systems,Phenom,Senior All Source Intelligence Analyst,Intelligence,,"Fort Meade, MD",US (CONUS),Full-time,,,,,https://sjobs.brassring.com/TGnewUI/Search/home/HomeWithPreLoad?PageType=JobDetails&partnerid=25771&siteid=5403&jobid=300058
BAE Systems,Phenom,Principal Safety Engineer,Engineering & Technology,,"Nashua, NH",US (CONUS),Full-time,,,,,https://sjobs.brassring.com/TGnewUI/Search/home/HomeWithPreLoad?PageType=JobDetails&partnerid=25771&siteid=5403&jobid=299763
BAE Systems,Phenom,Principal Systems Administrator - Hybrid,Engineering & Technology,,"San Diego, CA",US (CONUS),Full-time,,,,,https://sjobs.brassring.com/TGnewUI/Search/home/HomeWithPreLoad?PageType=JobDetails&partnerid=25771&siteid=5403&jobid=302141
BAE Systems,Phenom,System Engineer,Project & Program Management,,"Hill AFB, UT",US (CONUS),Full-time,,,,,https://sjobs.brassring.com/TGnewUI/Search/home/HomeWithPreLoad?PageType=JobDetails&partnerid=25771&siteid=5403&jobid=300359
BAE Systems,Phenom,Test Technician III- 20K Sign on! (1st & 2nd shifts),Manufacturing & Maintenance,,"Greenlawn, NY",US (CONUS),Full-time,,,,,https://sjobs.brassring.com/TGnewUI/Search/home/HomeWithPreLoad?PageType=JobDetails&partnerid=25771&siteid=5403&jobid=300033
BAE Systems,Phenom,Senior II Cryptocurrency Analyst,Intelligence,,"McLean, VA",US (CONUS),Full-time,,,,,https://sjobs.brassring.com/TGnewUI/Search/home/HomeWithPreLoad?PageType=JobDetails&partnerid=25771&siteid=5403&jobid=301809
BAE Systems,Phenom,"Automation Technician, Electronics",Engineering & Technology,,"Denver, CO",US (CONUS),Full-time,,,,,https://sjobs.brassring.com/TGnewUI/Search/home/HomeWithPreLoad?PageType=JobDetails&partnerid=25771&siteid=5403&jobid=300509
BAE Systems,Phenom,Systems Storage Administrator II,Engineering & Technology,,"Broomfield, CO",US (CONUS),Full-time,,,,,https://sjobs.brassring.com/TGnewUI/Search/home/HomeWithPreLoad?PageType=JobDetails&partnerid=25771&siteid=5403&jobid=301009
BAE Systems,Phenom,Senior Principal Laser Engineer,Engineering & Technology,,"Austin, TX",US (CONUS),Full-time,,,,,https://sjobs.brassring.com/TGnewUI/Search/home/HomeWithPreLoad?PageType=JobDetails&partnerid=25771&siteid=5403&jobid=297589
BAE Systems,Phenom,Senior Seeker Systems Software Architect,Engineering & Technology,,"Huntsville, AL",US (CONUS),Full-time,,,,,https://sjobs.brassring.com/TGnewUI/Search/home/HomeWithPreLoad?PageType=JobDetails&partnerid=25771&siteid=5403&jobid=300500
BAE Systems,Phenom,Senior Value Stream Specialist - Weekend Nights - 8th Shift,Manufacturing & Maintenance,,"Nashua, NH",US (CONUS),Full-time,,,,,https://sjobs.brassring.com/TGnewUI/Search/home/HomeWithPreLoad?PageType=JobDetails&partnerid=25771&siteid=5403&jobid=299670
BAE Systems,Phenom,"Systems Engineering Intern II, Summer 2027 (NH-Onsite)",Engineering & Technology,,"Nashua, NH",US (CONUS),Full-time,,,,,https://sjobs.brassring.com/TGnewUI/Search/home/HomeWithPreLoad?PageType=JobDetails&partnerid=25771&siteid=5403&jobid=302215
BAE Systems,Phenom,Senior Software Development Engineer,Engineering & Technology,,"Nashua, NH",US (CONUS),Full-time,,,,,https://sjobs.brassring.com/TGnewUI/Search/home/HomeWithPreLoad?PageType=JobDetails&partnerid=25771&siteid=5403&jobid=300567
BAE Systems,Phenom,Senior Imagery / Order of Battle Analyst – AI/ML Mission Support,Intelligence,,"Falls Church, VA",US (CONUS),Full-time,,,,,https://sjobs.brassring.com/TGnewUI/Search/home/HomeWithPreLoad?PageType=JobDetails&partnerid=25771&siteid=5403&jobid=299947
BAE Systems,Phenom,Booster Senior Aerospace/Mechanical Engineer,Engineering & Technology,,"Hill AFB, UT",US (CONUS),Full-time,,,,,https://sjobs.brassring.com/TGnewUI/Search/home/HomeWithPreLoad?PageType=JobDetails&partnerid=25771&siteid=5403&jobid=302543
BAE Systems,Phenom,Sentinel Future Capabilities Requirements Senior Systems Engineer,Engineering & Technology,,"Hill AFB, UT",US (CONUS),Full-time,,,,,https://sjobs.brassring.com/TGnewUI/Search/home/HomeWithPreLoad?PageType=JobDetails&partnerid=25771&siteid=5403&jobid=300813
BAE Systems,Phenom,Director - Programs / Site Lead - Phoenix Protective Systems Business,Project & Program Management,,"Phoenix, AZ",US (CONUS),Full-time,,,,,https://sjobs.brassring.com/TGnewUI/Search/home/HomeWithPreLoad?PageType=JobDetails&partnerid=25771&siteid=5403&jobid=301923
BAE Systems,Phenom,Chief Engineer and Functional Manager,Engineering & Technology,,"Nashua, NH",US (CONUS),Full-time,,,,,https://sjobs.brassring.com/TGnewUI/Search/home/HomeWithPreLoad?PageType=JobDetails&partnerid=25771&siteid=5403&jobid=298936
BAE Systems,Phenom,Engineer Senior - Mechanical Ground Support Equipment (MGSE),Engineering & Technology,,"Broomfield, CO",US (CONUS),Full-time,,,,,https://sjobs.brassring.com/TGnewUI/Search/home/HomeWithPreLoad?PageType=JobDetails&partnerid=25771&siteid=5403&jobid=301690
BAE Systems,Phenom,FAST Labs Principal Software Engineer - Release Engineering & DevSecOps,Engineering & Technology,,"Merrimack, NH",US (CONUS),Full-time,,,,,https://sjobs.brassring.com/TGnewUI/Search/home/HomeWithPreLoad?PageType=JobDetails&partnerid=25771&siteid=5403&jobid=302430
BAE Systems,Phenom,System Administrator II - Onsite,Engineering & Technology,,"Nashua, NH",US (CONUS),Full-time,,,,,https://sjobs.brassring.com/TGnewUI/Search/home/HomeWithPreLoad?PageType=JobDetails&partnerid=25771&siteid=5403&jobid=302324
BAE Systems,Phenom,Technician III - Test - 2nd Shift,Manufacturing & Maintenance,,"Boulder, CO",US (CONUS),Full-time,,,,,https://sjobs.brassring.com/TGnewUI/Search/home/HomeWithPreLoad?PageType=JobDetails&partnerid=25771&siteid=5403&jobid=301629
BAE Systems,Phenom,Structural Engineer,Project & Program Management,,"Hill AFB, UT",US (CONUS),Full-time,,,,,https://sjobs.brassring.com/TGnewUI/Search/home/HomeWithPreLoad?PageType=JobDetails&partnerid=25771&siteid=5403&jobid=299821
BAE Systems,Phenom,Senior Subcontract Program Manager - Space Systems,Supply Chain & Logistics,,"Merrimack, NH",US (CONUS),Full-time,,,,,https://sjobs.brassring.com/TGnewUI/Search/home/HomeWithPreLoad?PageType=JobDetails&partnerid=25771&siteid=5403&jobid=300114
BAE Systems,Phenom,Engineer Senior Principal - FPGA Design - $10K Sign On Bonus,Engineering & Technology,,"Chantilly, VA",US (CONUS),Full-time,,,,,https://sjobs.brassring.com/TGnewUI/Search/home/HomeWithPreLoad?PageType=JobDetails&partnerid=25771&siteid=5403&jobid=298877
BAE Systems,Phenom,Program Engineering Mgr I,Engineering & Technology,,"Nashua, NH",US (CONUS),Full-time,,,,,https://sjobs.brassring.com/TGnewUI/Search/home/HomeWithPreLoad?PageType=JobDetails&partnerid=25771&siteid=5403&jobid=302301
BAE Systems,Phenom,Waterfront Tech Support,Engineering & Technology,,"San Diego, CA",US (CONUS),Full-time,,,,,https://sjobs.brassring.com/TGnewUI/Search/home/HomeWithPreLoad?PageType=JobDetails&partnerid=25771&siteid=5403&jobid=299988
BAE Systems,Phenom,Systems Engineer,Engineering & Technology,,"Hill AFB, UT",US (CONUS),Full-time,,,,,https://sjobs.brassring.com/TGnewUI/Search/home/HomeWithPreLoad?PageType=JobDetails&partnerid=25771&siteid=5403&jobid=301804
BAE Systems,Phenom,Control Account Manager,Other Professionals,,"York, PA",US (CONUS),Full-time,,,,,https://sjobs.brassring.com/TGnewUI/Search/home/HomeWithPreLoad?PageType=JobDetails&partnerid=25771&siteid=5403&jobid=301958
BAE Systems,Phenom,Procurement Analyst Senior,Supply Chain & Logistics,,"Fort Worth, TX",US (CONUS),Full-time,,,,,https://sjobs.brassring.com/TGnewUI/Search/home/HomeWithPreLoad?PageType=JobDetails&partnerid=25771&siteid=5403&jobid=301755
BAE Systems,Phenom,Mid-Level OSINT Policy & Governance Specialist,Intelligence,,"Reston, VA",US (CONUS),Full-time,,,,,https://sjobs.brassring.com/TGnewUI/Search/home/HomeWithPreLoad?PageType=JobDetails&partnerid=25771&siteid=5403&jobid=299248
BAE Systems,Phenom,"New Hampshire Systems Engineering Intern III, (Summer 2027) Onsite",Engineering & Technology,,"Nashua, NH",US (CONUS),Full-time,,,,,https://sjobs.brassring.com/TGnewUI/Search/home/HomeWithPreLoad?PageType=JobDetails&partnerid=25771&siteid=5403&jobid=302217
BAE Systems,Phenom,Drafting/Modeling Team Supervisor,Engineering & Technology,,"Rockville, MD",US (CONUS),Full-time,,,,,https://sjobs.brassring.com/TGnewUI/Search/home/HomeWithPreLoad?PageType=JobDetails&partnerid=25771&siteid=5403&jobid=299896
BAE Systems,Phenom,Engineer II – Advanced Test Software,Engineering & Technology,,"Westminster, CO",US (CONUS),Full-time,,,,,https://sjobs.brassring.com/TGnewUI/Search/home/HomeWithPreLoad?PageType=JobDetails&partnerid=25771&siteid=5403&jobid=302017
BAE Systems,Phenom,"Senior Principal Program Planner, THAAD (Hybrid Preferred, Remote Work Considered))",Project & Program Management,,"Nashua, NH",US (CONUS),Full-time,,,,,https://sjobs.brassring.com/TGnewUI/Search/home/HomeWithPreLoad?PageType=JobDetails&partnerid=25771&siteid=5403&jobid=300305
BAE Systems,Phenom,Microwave Technician II - Weekend Days,Manufacturing & Maintenance,,"Nashua, NH",US (CONUS),Full-time,,,,,https://sjobs.brassring.com/TGnewUI/Search/home/HomeWithPreLoad?PageType=JobDetails&partnerid=25771&siteid=5403&jobid=299672
BAE Systems,Phenom,2027 Spring and Summer Mechanical Engineering Coop,Engineering & Technology,,"Cedar Rapids, IA",US (CONUS),Full-time,,,,,https://sjobs.brassring.com/TGnewUI/Search/home/HomeWithPreLoad?PageType=JobDetails&partnerid=25771&siteid=5403&jobid=299897
BAE Systems,Phenom,Mid-Level Instructional Designer (OSINT),Intelligence,,"Reston, VA",US (CONUS),Full-time,,,,,https://sjobs.brassring.com/TGnewUI/Search/home/HomeWithPreLoad?PageType=JobDetails&partnerid=25771&siteid=5403&jobid=299785
BAE Systems,Phenom,PMO Planner / Scheduler,Project & Program Management,,"Fort Walton Beach, FL",US (CONUS),Full-time,,,,,https://sjobs.brassring.com/TGnewUI/Search/home/HomeWithPreLoad?PageType=JobDetails&partnerid=25771&siteid=5403&jobid=302101
BAE Systems,Phenom,Engineer Senior Principal – Systems – Part-Time,Engineering & Technology,,"Broomfield, CO",US (CONUS),Part-time,,,,,https://sjobs.brassring.com/TGnewUI/Search/home/HomeWithPreLoad?PageType=JobDetails&partnerid=25771&siteid=5403&jobid=302065
BAE Systems,Phenom,Senior System Architect,Engineering & Technology,,"Suitland, MD",US (CONUS),Full-time,,,,,https://sjobs.brassring.com/TGnewUI/Search/home/HomeWithPreLoad?PageType=JobDetails&partnerid=25771&siteid=5403&jobid=302438
BAE Systems,Phenom,Software Engineer II – Embedded Software,Engineering & Technology,,"Merrimack, NH",US (CONUS),Full-time,,,,,https://sjobs.brassring.com/TGnewUI/Search/home/HomeWithPreLoad?PageType=JobDetails&partnerid=25771&siteid=5403&jobid=302236
BAE Systems,Phenom,Principal Test Equipment Design Engineer,Engineering & Technology,,"Totowa, NJ",US (CONUS),Full-time,,,,,https://sjobs.brassring.com/TGnewUI/Search/home/HomeWithPreLoad?PageType=JobDetails&partnerid=25771&siteid=5403&jobid=302505
BAE Systems,Phenom,Quality Inspector III,Manufacturing & Maintenance,,"Fort Walton Beach, FL",US (CONUS),Full-time,,,,,https://sjobs.brassring.com/TGnewUI/Search/home/HomeWithPreLoad?PageType=JobDetails&partnerid=25771&siteid=5403&jobid=302271
BAE Systems,Phenom,Electrical System Engineer Principal – $40K Sign On Bonus,Engineering & Technology,,"Westminster, CO",US (CONUS),Full-time,,,,,https://sjobs.brassring.com/TGnewUI/Search/home/HomeWithPreLoad?PageType=JobDetails&partnerid=25771&siteid=5403&jobid=302582
BAE Systems,Phenom,Quality Inspector IV,Other Professionals,,"San Diego, CA",US (CONUS),Full-time,,,,,https://sjobs.brassring.com/TGnewUI/Search/home/HomeWithPreLoad?PageType=JobDetails&partnerid=25771&siteid=5403&jobid=302333
BAE Systems,Phenom,Senior Principal Engineer – Payload RF Technical Lead- $10K Sign-On Bonus,Engineering & Technology,,"Boulder, CO",US (CONUS),Full-time,,,,,https://sjobs.brassring.com/TGnewUI/Search/home/HomeWithPreLoad?PageType=JobDetails&partnerid=25771&siteid=5403&jobid=302186
BAE Systems,Phenom,Service Center Support Desk Analyst - Mid Level,Engineering & Technology,,"Columbia, SC",US (CONUS),Full-time,,,,,https://sjobs.brassring.com/TGnewUI/Search/home/HomeWithPreLoad?PageType=JobDetails&partnerid=25771&siteid=5403&jobid=302172
BAE Systems,Phenom,Network Engineer (Expert),Engineering & Technology,,"Herndon, VA",US (CONUS),Full-time,,,,,https://sjobs.brassring.com/TGnewUI/Search/home/HomeWithPreLoad?PageType=JobDetails&partnerid=25771&siteid=5403&jobid=302573
BAE Systems,Phenom,Systems Engineer,Engineering & Technology,,"Manchester, NH",US (CONUS),Full-time,,,,,https://sjobs.brassring.com/TGnewUI/Search/home/HomeWithPreLoad?PageType=JobDetails&partnerid=25771&siteid=5403&jobid=300649
BAE Systems,Phenom,Electronics Test Technician - 2nd Shift,Engineering & Technology,,"Endicott, NY",US (CONUS),Full-time,,,,,https://sjobs.brassring.com/TGnewUI/Search/home/HomeWithPreLoad?PageType=JobDetails&partnerid=25771&siteid=5403&jobid=300303
BAE Systems,Phenom,IT Systems Administrator II,Engineering & Technology,,"Merrimack, NH",US (CONUS),Full-time,,,,,https://sjobs.brassring.com/TGnewUI/Search/home/HomeWithPreLoad?PageType=JobDetails&partnerid=25771&siteid=5403&jobid=300456
BAE Systems,Phenom,Incident Manager,Engineering & Technology,,"Chantilly, VA",US (CONUS),Full-time,,,,,https://sjobs.brassring.com/TGnewUI/Search/home/HomeWithPreLoad?PageType=JobDetails&partnerid=25771&siteid=5403&jobid=301472
BAE Systems,Phenom,"Imagery Analyst: Springfield, VA",Intelligence,,"Springfield, VA",US (CONUS),Full-time,,,,,https://sjobs.brassring.com/TGnewUI/Search/home/HomeWithPreLoad?PageType=JobDetails&partnerid=25771&siteid=5403&jobid=300398
BAE Systems,Phenom,Engineer Senior – Embedded Software,Engineering & Technology,,"Boulder, CO",US (CONUS),Full-time,,,,,https://sjobs.brassring.com/TGnewUI/Search/home/HomeWithPreLoad?PageType=JobDetails&partnerid=25771&siteid=5403&jobid=300365
BAE Systems,Phenom,Engineering Planning Specialist II,Engineering & Technology,,"Maple Grove, MN",US (CONUS),Full-time,,,,,https://sjobs.brassring.com/TGnewUI/Search/home/HomeWithPreLoad?PageType=JobDetails&partnerid=25771&siteid=5403&jobid=300316
BAE Systems,Phenom,ACES Operations Program Manager I,Project & Program Management,,"Nashua, NH",US (CONUS),Full-time,,,,,https://sjobs.brassring.com/TGnewUI/Search/home/HomeWithPreLoad?PageType=JobDetails&partnerid=25771&siteid=5403&jobid=300664
BAE Systems,Phenom,Microwave Tech II (Weekend Days),Manufacturing & Maintenance,,"Nashua, NH",US (CONUS),Full-time,,,,,https://sjobs.brassring.com/TGnewUI/Search/home/HomeWithPreLoad?PageType=JobDetails&partnerid=25771&siteid=5403&jobid=299991
BAE Systems,Phenom,Implementations Network Engineer III,Engineering & Technology,,"Scott AFB, IL",US (CONUS),Full-time,,,,,https://sjobs.brassring.com/TGnewUI/Search/home/HomeWithPreLoad?PageType=JobDetails&partnerid=25771&siteid=5403&jobid=301377
BAE Systems,Phenom,Senior Solutions Architect,Engineering & Technology,,"Sterling, VA",US (CONUS),Full-time,,,,,https://sjobs.brassring.com/TGnewUI/Search/home/HomeWithPreLoad?PageType=JobDetails&partnerid=25771&siteid=5403&jobid=300382
BAE Systems,Phenom,Systems Architecture Engineer,Engineering & Technology,,"Rockville, MD",US (CONUS),Full-time,,,,,https://sjobs.brassring.com/TGnewUI/Search/home/HomeWithPreLoad?PageType=JobDetails&partnerid=25771&siteid=5403&jobid=300623
BAE Systems,Phenom,Senior System Safety Professional,Engineering & Technology,,"Hill AFB, UT",US (CONUS),Full-time,,,,,https://sjobs.brassring.com/TGnewUI/Search/home/HomeWithPreLoad?PageType=JobDetails&partnerid=25771&siteid=5403&jobid=300735
BAE Systems,Phenom,Principal Business Systems Analyst - SMS Digital Employee Experience (DEX),Engineering & Technology,,"Westminster, CO",US (CONUS),Full-time,,,,,https://sjobs.brassring.com/TGnewUI/Search/home/HomeWithPreLoad?PageType=JobDetails&partnerid=25771&siteid=5403&jobid=299572
BAE Systems,Phenom,Systems Engineer Lead,Engineering & Technology,,"Totowa, NJ",US (CONUS),Full-time,,,,,https://sjobs.brassring.com/TGnewUI/Search/home/HomeWithPreLoad?PageType=JobDetails&partnerid=25771&siteid=5403&jobid=298472
BAE Systems,Phenom,Value Stream Supervisor,Manufacturing & Maintenance,,"Maple Grove, MN",US (CONUS),Full-time,,,,,https://sjobs.brassring.com/TGnewUI/Search/home/HomeWithPreLoad?PageType=JobDetails&partnerid=25771&siteid=5403&jobid=301010
BAE Systems,Phenom,Model Based Systems Engineer,Engineering & Technology,,"Rockville, MD",US (CONUS),Full-time,,,,,https://sjobs.brassring.com/TGnewUI/Search/home/HomeWithPreLoad?PageType=JobDetails&partnerid=25771&siteid=5403&jobid=299385
BAE Systems,Phenom,EMI/EMC Design and Test Engineer,Engineering & Technology,,"Cedar Rapids, IA",US (CONUS),Full-time,,,,,https://sjobs.brassring.com/TGnewUI/Search/home/HomeWithPreLoad?PageType=JobDetails&partnerid=25771&siteid=5403&jobid=300690
BAE Systems,Phenom,T-6A ARP Principle Systems Engineer,Engineering & Technology,,"Clearfield, UT",US (CONUS),Full-time,,,,,https://sjobs.brassring.com/TGnewUI/Search/home/HomeWithPreLoad?PageType=JobDetails&partnerid=25771&siteid=5403&jobid=299990
BAE Systems,Phenom,Senior Principal FPGA Design Engineer,Engineering & Technology,,"Manchester, NH",US (CONUS),Full-time,,,,,https://sjobs.brassring.com/TGnewUI/Search/home/HomeWithPreLoad?PageType=JobDetails&partnerid=25771&siteid=5403&jobid=302662
BAE Systems,Phenom,Senior Principal Engineer II – Electrical Power Systems - $20K Sign On Bonus,Engineering & Technology,,"Boulder, CO",US (CONUS),Full-time,,,,,https://sjobs.brassring.com/TGnewUI/Search/home/HomeWithPreLoad?PageType=JobDetails&partnerid=25771&siteid=5403&jobid=301290
BAE Systems,Phenom,Network Administrator,Engineering & Technology,,"Stennis Space Center, MS",US (CONUS),Full-time,,,,,https://sjobs.brassring.com/TGnewUI/Search/home/HomeWithPreLoad?PageType=JobDetails&partnerid=25771&siteid=5403&jobid=299733
BAE Systems,Phenom,Mid Level Project Analyst (Scheduler - MS Project),Project & Program Management,,"California, MD",US (CONUS),Full-time,,,,,https://sjobs.brassring.com/TGnewUI/Search/home/HomeWithPreLoad?PageType=JobDetails&partnerid=25771&siteid=5403&jobid=301194
BAE Systems,Phenom,Office Manager / Business Ops Analyst,Other Professionals,,"Hill AFB, UT",US (CONUS),Full-time,,,,,https://sjobs.brassring.com/TGnewUI/Search/home/HomeWithPreLoad?PageType=JobDetails&partnerid=25771&siteid=5403&jobid=301916
BAE Systems,Phenom,Material Handler III,Supply Chain & Logistics,,"Manassas, VA",US (CONUS),Full-time,,,,,https://sjobs.brassring.com/TGnewUI/Search/home/HomeWithPreLoad?PageType=JobDetails&partnerid=25771&siteid=5403&jobid=301478
BAE Systems,Phenom,Electronic Warfare Systems Engineer,Engineering & Technology,,"Nashua, NH",US (CONUS),Full-time,,,,,https://sjobs.brassring.com/TGnewUI/Search/home/HomeWithPreLoad?PageType=JobDetails&partnerid=25771&siteid=5403&jobid=301624
BAE Systems,Phenom,Engineer Senior - FPGA Verification,Engineering & Technology,,"Westminster, CO",US (CONUS),Full-time,,,,,https://sjobs.brassring.com/TGnewUI/Search/home/HomeWithPreLoad?PageType=JobDetails&partnerid=25771&siteid=5403&jobid=296237
BAE Systems,Phenom,Systems Administrator,Intelligence,,"Reston, VA",US (CONUS),Full-time,,,,,https://sjobs.brassring.com/TGnewUI/Search/home/HomeWithPreLoad?PageType=JobDetails&partnerid=25771&siteid=5403&jobid=293337
BAE Systems,Phenom,Operations Quality Engineer (Weekend Shift),Engineering & Technology,,"York, PA",US (CONUS),Full-time,,,,,https://sjobs.brassring.com/TGnewUI/Search/home/HomeWithPreLoad?PageType=JobDetails&partnerid=25771&siteid=5403&jobid=299170
BAE Systems,Phenom,"VDI Engineer, Expert",Engineering & Technology,,"Herndon, VA",US (CONUS),Full-time,,,,,https://sjobs.brassring.com/TGnewUI/Search/home/HomeWithPreLoad?PageType=JobDetails&partnerid=25771&siteid=5403&jobid=299174
BAE Systems,Phenom,Senior Principal Radiation Effects Engineer,Engineering & Technology,,"Manassas, VA",US (CONUS),Full-time,,,,,https://sjobs.brassring.com/TGnewUI/Search/home/HomeWithPreLoad?PageType=JobDetails&partnerid=25771&siteid=5403&jobid=297072
BAE Systems,Phenom,Senior Electrical System Engineer – Payloads - $20K Sign On Bonus,Engineering & Technology,,"Westminster, CO",US (CONUS),Full-time,,,,,https://sjobs.brassring.com/TGnewUI/Search/home/HomeWithPreLoad?PageType=JobDetails&partnerid=25771&siteid=5403&jobid=299827
BAE Systems,Phenom,CNC Machinist III - $36.19/hr + $5000 sign on bonus,Manufacturing & Maintenance,,"Louisville, KY",US (CONUS),Full-time,,,,,https://sjobs.brassring.com/TGnewUI/Search/home/HomeWithPreLoad?PageType=JobDetails&partnerid=25771&siteid=5403&jobid=298307
BAE Systems,Phenom,Senior Principal System Integration and Test Engineer,Engineering & Technology,,"Hudson, NH",US (CONUS),Full-time,,,,,https://sjobs.brassring.com/TGnewUI/Search/home/HomeWithPreLoad?PageType=JobDetails&partnerid=25771&siteid=5403&jobid=296777
BAE Systems,Phenom,Electronic Assembler II First Shift,Manufacturing & Maintenance,,"Wayne, NJ",US (CONUS),Full-time,,,,,https://sjobs.brassring.com/TGnewUI/Search/home/HomeWithPreLoad?PageType=JobDetails&partnerid=25771&siteid=5403&jobid=299144
BAE Systems,Phenom,DoW SkillBridge Program – Air Traffic Control Systems Engineering Technician,Engineering & Technology,,"Saint Inigoes, MD",US (CONUS),Full-time,,,,,https://sjobs.brassring.com/TGnewUI/Search/home/HomeWithPreLoad?PageType=JobDetails&partnerid=25771&siteid=5403&jobid=299484
BAE Systems,Phenom,CEMA Business Intel Analyst,Other Professionals,,"Merrimack, NH",US (CONUS),Full-time,,,,,https://sjobs.brassring.com/TGnewUI/Search/home/HomeWithPreLoad?PageType=JobDetails&partnerid=25771&siteid=5403&jobid=301411
BAE Systems,Phenom,Senior Principal System Administrator,Engineering & Technology,,"San Diego, CA",US (CONUS),Full-time,,,,,https://sjobs.brassring.com/TGnewUI/Search/home/HomeWithPreLoad?PageType=JobDetails&partnerid=25771&siteid=5403&jobid=300347
BAE Systems,Phenom,CNC Machinist I - $33.75/hr + $5000 sign on bonus,Manufacturing & Maintenance,,"Louisville, KY",US (CONUS),Full-time,,,,,https://sjobs.brassring.com/TGnewUI/Search/home/HomeWithPreLoad?PageType=JobDetails&partnerid=25771&siteid=5403&jobid=298306
BAE Systems,Phenom,Principal Built-in Test (BIT) Engineer,Engineering & Technology,,"Nashua, NH",US (CONUS),Full-time,,,,,https://sjobs.brassring.com/TGnewUI/Search/home/HomeWithPreLoad?PageType=JobDetails&partnerid=25771&siteid=5403&jobid=298972
BAE Systems,Phenom,Principal Linux System Administrator,Engineering & Technology,,"Merrimack, NH",US (CONUS),Full-time,,,,,https://sjobs.brassring.com/TGnewUI/Search/home/HomeWithPreLoad?PageType=JobDetails&partnerid=25771&siteid=5403&jobid=297635
BAE Systems,Phenom,AEGIS Test Director,Engineering & Technology,,"Wallops Island, VA",US (CONUS),Full-time,,,,,https://sjobs.brassring.com/TGnewUI/Search/home/HomeWithPreLoad?PageType=JobDetails&partnerid=25771&siteid=5403&jobid=298941
BAE Systems,Phenom,Systems Engineer,Engineering & Technology,,"Greenlawn, NY",US (CONUS),Full-time,,,,,https://sjobs.brassring.com/TGnewUI/Search/home/HomeWithPreLoad?PageType=JobDetails&partnerid=25771&siteid=5403&jobid=298314
BAE Systems,Phenom,Senior Principal Systems Engineer,Engineering & Technology,,"Austin, TX",US (CONUS),Full-time,,,,,https://sjobs.brassring.com/TGnewUI/Search/home/HomeWithPreLoad?PageType=JobDetails&partnerid=25771&siteid=5403&jobid=299171
BAE Systems,Phenom,Mechanical Engineer - Structural/Thermal Analysis,Engineering & Technology,,"Merrimack, NH",US (CONUS),Full-time,,,,,https://sjobs.brassring.com/TGnewUI/Search/home/HomeWithPreLoad?PageType=JobDetails&partnerid=25771&siteid=5403&jobid=299872
BAE Systems,Phenom,Network Engineer (Expert),Engineering & Technology,,"Herndon, VA",US (CONUS),Full-time,,,,,https://sjobs.brassring.com/TGnewUI/Search/home/HomeWithPreLoad?PageType=JobDetails&partnerid=25771&siteid=5403&jobid=299086
BAE Systems,Phenom,Marine Carpenter,Manufacturing & Maintenance,,"Norfolk, VA",US (CONUS),Full-time,,,,,https://sjobs.brassring.com/TGnewUI/Search/home/HomeWithPreLoad?PageType=JobDetails&partnerid=25771&siteid=5403&jobid=298340
BAE Systems,Phenom,Engineer Senior Principal - Structural,Engineering & Technology,,"Boulder, CO",US (CONUS),Full-time,,,,,https://sjobs.brassring.com/TGnewUI/Search/home/HomeWithPreLoad?PageType=JobDetails&partnerid=25771&siteid=5403&jobid=296371
BAE Systems,Phenom,Sentinel ICBM Wing Operations Engineer,Engineering & Technology,,"Hill AFB, UT",US (CONUS),Full-time,,,,,https://sjobs.brassring.com/TGnewUI/Search/home/HomeWithPreLoad?PageType=JobDetails&partnerid=25771&siteid=5403&jobid=299742
BAE Systems,Phenom,Inspector III,Manufacturing & Maintenance,,"Greenlawn, NY",US (CONUS),Full-time,,,,,https://sjobs.brassring.com/TGnewUI/Search/home/HomeWithPreLoad?PageType=JobDetails&partnerid=25771&siteid=5403&jobid=300570
BAE Systems,Phenom,Finance Leadership Development Program - P&S FLDP,Finance & Accounting,,"Falls Church, VA",US (CONUS),Full-time,,,,,https://sjobs.brassring.com/TGnewUI/Search/home/HomeWithPreLoad?PageType=JobDetails&partnerid=25771&siteid=5403&jobid=300853
BAE Systems,Phenom,Engineer Senior Principal - Launch Systems - $10K Sign-On Bonus,Engineering & Technology,,"Broomfield, CO",US (CONUS),Full-time,,,,,https://sjobs.brassring.com/TGnewUI/Search/home/HomeWithPreLoad?PageType=JobDetails&partnerid=25771&siteid=5403&jobid=300888
BAE Systems,Phenom,Principal Embedded Software Engineer,Engineering & Technology,,"Endicott, NY",US (CONUS),Full-time,,,,,https://sjobs.brassring.com/TGnewUI/Search/home/HomeWithPreLoad?PageType=JobDetails&partnerid=25771&siteid=5403&jobid=300400
BAE Systems,Phenom,COMSEC Account Manager,Other Professionals,,"Greenlawn, NY",US (CONUS),Full-time,,,,,https://sjobs.brassring.com/TGnewUI/Search/home/HomeWithPreLoad?PageType=JobDetails&partnerid=25771&siteid=5403&jobid=300957
BAE Systems,Phenom,Engineer Principal – Embedded Software,Engineering & Technology,,"Boulder, CO",US (CONUS),Full-time,,,,,https://sjobs.brassring.com/TGnewUI/Search/home/HomeWithPreLoad?PageType=JobDetails&partnerid=25771&siteid=5403&jobid=300366
BAE Systems,Phenom,Sr C5ISR Engineering Technologist,Engineering & Technology,,"California, MD",US (CONUS),Full-time,,,,,https://sjobs.brassring.com/TGnewUI/Search/home/HomeWithPreLoad?PageType=JobDetails&partnerid=25771&siteid=5403&jobid=300555
BAE Systems,Phenom,Assembler II- Production,Manufacturing & Maintenance,,"Endicott, NY",US (CONUS),Full-time,,,,,https://sjobs.brassring.com/TGnewUI/Search/home/HomeWithPreLoad?PageType=JobDetails&partnerid=25771&siteid=5403&jobid=300402
BAE Systems,Phenom,"Principal Program Planner (Hybrid Preferred, Remote Work Considered)",Other Professionals,,"Nashua, NH",US (CONUS),Full-time,,,,,https://sjobs.brassring.com/TGnewUI/Search/home/HomeWithPreLoad?PageType=JobDetails&partnerid=25771&siteid=5403&jobid=300352
BAE Systems,Phenom,Requirements Systems Engineer,Engineering & Technology,,"Rockville, MD",US (CONUS),Full-time,,,,,https://sjobs.brassring.com/TGnewUI/Search/home/HomeWithPreLoad?PageType=JobDetails&partnerid=25771&siteid=5403&jobid=300828
BAE Systems,Phenom,Senior RF/Microwave Engineer,Engineering & Technology,,"Nashua, NH",US (CONUS),Full-time,,,,,https://sjobs.brassring.com/TGnewUI/Search/home/HomeWithPreLoad?PageType=JobDetails&partnerid=25771&siteid=5403&jobid=300542
BAE Systems,Phenom,SAR Imagery Analyst / Scientist Lead,Intelligence,,"Sterling, VA",US (CONUS),Full-time,,,,,https://sjobs.brassring.com/TGnewUI/Search/home/HomeWithPreLoad?PageType=JobDetails&partnerid=25771&siteid=5403&jobid=298844
BAE Systems,Phenom,Senior Seeker Systems Software Architect,Engineering & Technology,,"Huntsville, AL",US (CONUS),Full-time,,,,,https://sjobs.brassring.com/TGnewUI/Search/home/HomeWithPreLoad?PageType=JobDetails&partnerid=25771&siteid=5403&jobid=301385
BAE Systems,Phenom,Submarine Products Welder & Fabricator - Weekdays 1st Shift,Manufacturing & Maintenance,,"Louisville, KY",US (CONUS),Full-time,,,,,https://sjobs.brassring.com/TGnewUI/Search/home/HomeWithPreLoad?PageType=JobDetails&partnerid=25771&siteid=5403&jobid=301318
BAE Systems,Phenom,Maintenance Program Analyst,Engineering & Technology,,"Rockville, MD",US (CONUS),Full-time,,,,,https://sjobs.brassring.com/TGnewUI/Search/home/HomeWithPreLoad?PageType=JobDetails&partnerid=25771&siteid=5403&jobid=299460
BAE Systems,Phenom,FAST Labs - Optical Systems Senior Scientist,Engineering & Technology,,"Merrimack, NH",US (CONUS),Full-time,,,,,https://sjobs.brassring.com/TGnewUI/Search/home/HomeWithPreLoad?PageType=JobDetails&partnerid=25771&siteid=5403&jobid=302872
BAE Systems,Phenom,Configuration Analyst Senior,Engineering & Technology,,"Broomfield, CO",US (CONUS),Full-time,,,,,https://sjobs.brassring.com/TGnewUI/Search/home/HomeWithPreLoad?PageType=JobDetails&partnerid=25771&siteid=5403&jobid=300215
BAE Systems,Phenom,Engineer II - Mission Operations Systems Engineer,Engineering & Technology,,"Broomfield, CO",US (CONUS),Full-time,,,,,https://sjobs.brassring.com/TGnewUI/Search/home/HomeWithPreLoad?PageType=JobDetails&partnerid=25771&siteid=5403&jobid=298794
BAE Systems,Phenom,Production Manager/VSL,Manufacturing & Maintenance,,"Greenlawn, NY",US (CONUS),Full-time,,,,,https://sjobs.brassring.com/TGnewUI/Search/home/HomeWithPreLoad?PageType=JobDetails&partnerid=25771&siteid=5403&jobid=299111
BAE Systems,Phenom,Subcontract Program Director,Supply Chain & Logistics,,"Nashua, NH",US (CONUS),Full-time,,,,,https://sjobs.brassring.com/TGnewUI/Search/home/HomeWithPreLoad?PageType=JobDetails&partnerid=25771&siteid=5403&jobid=299938
BAE Systems,Phenom,Electrical Engineer (Hybrid),Engineering & Technology,,"Cedar Rapids, IA",US (CONUS),Full-time,,,,,https://sjobs.brassring.com/TGnewUI/Search/home/HomeWithPreLoad?PageType=JobDetails&partnerid=25771&siteid=5403&jobid=298824
BAE Systems,Phenom,Solvent Value Stream Program Manager,Project & Program Management,,"Radford, VA",US (CONUS),Full-time,,,,,https://sjobs.brassring.com/TGnewUI/Search/home/HomeWithPreLoad?PageType=JobDetails&partnerid=25771&siteid=5403&jobid=299818
BAE Systems,Phenom,"Principal Supplier Quality Engineer, PWB- Electronics Category",Engineering & Technology,,"Nashua, NH",US (CONUS),Full-time,,,,,https://sjobs.brassring.com/TGnewUI/Search/home/HomeWithPreLoad?PageType=JobDetails&partnerid=25771&siteid=5403&jobid=300475
BAE Systems,Phenom,Principal Engineer - Facilities,Engineering & Technology,,"Kingsport, TN",US (CONUS),Full-time,,,,,https://sjobs.brassring.com/TGnewUI/Search/home/HomeWithPreLoad?PageType=JobDetails&partnerid=25771&siteid=5403&jobid=297785
BAE Systems,Phenom,Sr Enhancement Specialist Editor (DXC),Intelligence,,"Springfield, VA",US (CONUS),Full-time,,,,,https://sjobs.brassring.com/TGnewUI/Search/home/HomeWithPreLoad?PageType=JobDetails&partnerid=25771&siteid=5403&jobid=300283
BAE Systems,Phenom,Engineering Project Team Lead -Hybrid- Sign on Bonus,Project & Program Management,,"Endicott, NY",US (CONUS),Full-time,,,,,https://sjobs.brassring.com/TGnewUI/Search/home/HomeWithPreLoad?PageType=JobDetails&partnerid=25771&siteid=5403&jobid=300136
BAE Systems,Phenom,"Director I, IT Service Owner - Business Applications",Engineering & Technology,,"Falls Church, VA",US (CONUS),Full-time,,,,,https://sjobs.brassring.com/TGnewUI/Search/home/HomeWithPreLoad?PageType=JobDetails&partnerid=25771&siteid=5403&jobid=302074
BAE Systems,Phenom,Digital Signal Processing (DSP) Engineer,Engineering & Technology,,"Hudson, NH",US (CONUS),Full-time,,,,,https://sjobs.brassring.com/TGnewUI/Search/home/HomeWithPreLoad?PageType=JobDetails&partnerid=25771&siteid=5403&jobid=302403
BAE Systems,Phenom,General Laborer/Groundskeeper - $24.34 per hour + $1.25 shift differential,Manufacturing & Maintenance,,"York, PA",US (CONUS),Full-time,,,,,https://sjobs.brassring.com/TGnewUI/Search/home/HomeWithPreLoad?PageType=JobDetails&partnerid=25771&siteid=5403&jobid=302530
BAE Systems,Phenom,Electrical Engineering Project Team Lead,Engineering & Technology,,"Sterling Heights, MI",US (CONUS),Full-time,,,,,https://sjobs.brassring.com/TGnewUI/Search/home/HomeWithPreLoad?PageType=JobDetails&partnerid=25771&siteid=5403&jobid=301843
BAE Systems,Phenom,Information System Security Engineer - Senior,Engineering & Technology,,"Broomfield, CO",US (CONUS),Full-time,,,,,https://sjobs.brassring.com/TGnewUI/Search/home/HomeWithPreLoad?PageType=JobDetails&partnerid=25771&siteid=5403&jobid=302464
BAE Systems,Phenom,Systems Engineer - Integration and Test Lead,Engineering & Technology,,"Austin, TX",US (CONUS),Full-time,,,,,https://sjobs.brassring.com/TGnewUI/Search/home/HomeWithPreLoad?PageType=JobDetails&partnerid=25771&siteid=5403&jobid=302798
BAE Systems,Phenom,Engineer II - Information System Security,Engineering & Technology,,"Broomfield, CO",US (CONUS),Full-time,,,,,https://sjobs.brassring.com/TGnewUI/Search/home/HomeWithPreLoad?PageType=JobDetails&partnerid=25771&siteid=5403&jobid=302469
BAE Systems,Phenom,Strategy Test and Manufacturing Manager,Manufacturing & Maintenance,,"Greenlawn, NY",US (CONUS),Full-time,,,,,https://sjobs.brassring.com/TGnewUI/Search/home/HomeWithPreLoad?PageType=JobDetails&partnerid=25771&siteid=5403&jobid=301631
BAE Systems,Phenom,Program Control Analyst,Finance & Accounting,,"Sterling, VA",US (CONUS),Full-time,,,,,https://sjobs.brassring.com/TGnewUI/Search/home/HomeWithPreLoad?PageType=JobDetails&partnerid=25771&siteid=5403&jobid=301637
BAE Systems,Phenom,Senior Test Engineer (Onsite),Engineering & Technology,,"San Diego, CA",US (CONUS),Full-time,,,,,https://sjobs.brassring.com/TGnewUI/Search/home/HomeWithPreLoad?PageType=JobDetails&partnerid=25771&siteid=5403&jobid=301667
BAE Systems,Phenom,Project Coordinator,Engineering & Technology,,"Nashua, NH",US (CONUS),Full-time,,,,,https://sjobs.brassring.com/TGnewUI/Search/home/HomeWithPreLoad?PageType=JobDetails&partnerid=25771&siteid=5403&jobid=302907
BAE Systems,Phenom,Engineer II – RF Software,Engineering & Technology,,"Westminster, CO",US (CONUS),Full-time,,,,,https://sjobs.brassring.com/TGnewUI/Search/home/HomeWithPreLoad?PageType=JobDetails&partnerid=25771&siteid=5403&jobid=301820
BAE Systems,Phenom,Electronic Warfare Systems Engineer,Engineering & Technology,,"Totowa, NJ",US (CONUS),Full-time,,,,,https://sjobs.brassring.com/TGnewUI/Search/home/HomeWithPreLoad?PageType=JobDetails&partnerid=25771&siteid=5403&jobid=301636
BAE Systems,Phenom,Senior Security Specialist,Other Professionals,,"Merrimack, NH",US (CONUS),Full-time,,,,,https://sjobs.brassring.com/TGnewUI/Search/home/HomeWithPreLoad?PageType=JobDetails&partnerid=25771&siteid=5403&jobid=301549
BAE Systems,Phenom,Advanced Product Quality Engineer - Sr,Engineering & Technology,,"Westminster, CO",US (CONUS),Full-time,,,,,https://sjobs.brassring.com/TGnewUI/Search/home/HomeWithPreLoad?PageType=JobDetails&partnerid=25771&siteid=5403&jobid=300578
BAE Systems,Phenom,Systems Engineer,Project & Program Management,,"Clearfield, UT",US (CONUS),Full-time,,,,,https://sjobs.brassring.com/TGnewUI/Search/home/HomeWithPreLoad?PageType=JobDetails&partnerid=25771&siteid=5403&jobid=300688
BAE Systems,Phenom,OSINT Analyst,Intelligence,,"Springfield, VA",US (CONUS),Full-time,,,,,https://sjobs.brassring.com/TGnewUI/Search/home/HomeWithPreLoad?PageType=JobDetails&partnerid=25771&siteid=5403&jobid=301968
BAE Systems,Phenom,Principal Engineer - System Verification and Validation,Engineering & Technology,,"Rockville, MD",US (CONUS),Full-time,,,,,https://sjobs.brassring.com/TGnewUI/Search/home/HomeWithPreLoad?PageType=JobDetails&partnerid=25771&siteid=5403&jobid=301965
BAE Systems,Phenom,Senior Principal Engineer - RF,Engineering & Technology,,"Nashua, NH",US (CONUS),Full-time,,,,,https://sjobs.brassring.com/TGnewUI/Search/home/HomeWithPreLoad?PageType=JobDetails&partnerid=25771&siteid=5403&jobid=299927
BAE Systems,Phenom,Integrated Logistics Support (ILS) Engineering Lead,Engineering & Technology,,"Greenlawn, NY",US (CONUS),Full-time,,,,,https://sjobs.brassring.com/TGnewUI/Search/home/HomeWithPreLoad?PageType=JobDetails&partnerid=25771&siteid=5403&jobid=299905
BAE Systems,Phenom,CEMA Procurement Analyst II - Hybrid - Hudson/Austin,Supply Chain & Logistics,,"Hudson, NH",US (CONUS),Full-time,,,,,https://sjobs.brassring.com/TGnewUI/Search/home/HomeWithPreLoad?PageType=JobDetails&partnerid=25771&siteid=5403&jobid=301774
BAE Systems,Phenom,Senior System Test Engineer – Mechanisms and Test Scripts,Engineering & Technology,,"Boulder, CO",US (CONUS),Full-time,,,,,https://sjobs.brassring.com/TGnewUI/Search/home/HomeWithPreLoad?PageType=JobDetails&partnerid=25771&siteid=5403&jobid=301607
BAE Systems,Phenom,Senior Principal Software Engineer – Production Support,Engineering & Technology,,"Nashua, NH",US (CONUS),Full-time,,,,,https://sjobs.brassring.com/TGnewUI/Search/home/HomeWithPreLoad?PageType=JobDetails&partnerid=25771&siteid=5403&jobid=302560
BAE Systems,Phenom,Principal Software Quality Assurance Engineer,Other Professionals,,"Merrimack, NH",US (CONUS),Full-time,,,,,https://sjobs.brassring.com/TGnewUI/Search/home/HomeWithPreLoad?PageType=JobDetails&partnerid=25771&siteid=5403&jobid=301285
BAE Systems,Phenom,Manager IV – Strategic Development,"Business Development, Strategy & Planning",,"Broomfield, CO",US (CONUS),Full-time,,,,,https://sjobs.brassring.com/TGnewUI/Search/home/HomeWithPreLoad?PageType=JobDetails&partnerid=25771&siteid=5403&jobid=301852
BAE Systems,Phenom,Engineer Senior - RF Payload Calibration,Engineering & Technology,,"Broomfield, CO",US (CONUS),Full-time,,,,,https://sjobs.brassring.com/TGnewUI/Search/home/HomeWithPreLoad?PageType=JobDetails&partnerid=25771&siteid=5403&jobid=302612
BAE Systems,Phenom,Operations Program Manager II - TacAir,Project & Program Management,,"Nashua, NH",US (CONUS),Full-time,,,,,https://sjobs.brassring.com/TGnewUI/Search/home/HomeWithPreLoad?PageType=JobDetails&partnerid=25771&siteid=5403&jobid=301708
BAE Systems,Phenom,Software Engineering Lead,Engineering & Technology,,"Merrimack, NH",US (CONUS),Full-time,,,,,https://sjobs.brassring.com/TGnewUI/Search/home/HomeWithPreLoad?PageType=JobDetails&partnerid=25771&siteid=5403&jobid=301535
BAE Systems,Phenom,Principal Contracts Administrator,Other Professionals,,"Maple Grove, MN",US (CONUS),Full-time,,,,,https://sjobs.brassring.com/TGnewUI/Search/home/HomeWithPreLoad?PageType=JobDetails&partnerid=25771&siteid=5403&jobid=302145
BAE Systems,Phenom,"Sr. Category Manager, Travel",Supply Chain & Logistics,,"Falls Church, VA",US (CONUS),Full-time,,,,,https://sjobs.brassring.com/TGnewUI/Search/home/HomeWithPreLoad?PageType=JobDetails&partnerid=25771&siteid=5403&jobid=301842
BAE Systems,Phenom,Transporter Erector Replacement - Principal Mechanical Engineer,Engineering & Technology,,"Hill AFB, UT",US (CONUS),Full-time,,,,,https://sjobs.brassring.com/TGnewUI/Search/home/HomeWithPreLoad?PageType=JobDetails&partnerid=25771&siteid=5403&jobid=301980
BAE Systems,Phenom,Windows Engineer (Expert),Engineering & Technology,,"Herndon, VA",US (CONUS),Full-time,,,,,https://sjobs.brassring.com/TGnewUI/Search/home/HomeWithPreLoad?PageType=JobDetails&partnerid=25771&siteid=5403&jobid=301361
BAE Systems,Phenom,UNIX DevOps Cloud Engineer,Engineering & Technology,,"Charlotte, NC",US (CONUS),Full-time,,,,,https://sjobs.brassring.com/TGnewUI/Search/home/HomeWithPreLoad?PageType=JobDetails&partnerid=25771&siteid=5403&jobid=300743
BAE Systems,Phenom,Quality Technician III,Engineering & Technology,,"Fort Wayne, IN",US (CONUS),Full-time,,,,,https://sjobs.brassring.com/TGnewUI/Search/home/HomeWithPreLoad?PageType=JobDetails&partnerid=25771&siteid=5403&jobid=301727
BAE Systems,Phenom,International Capture & Strategy Lead,Project & Program Management,,"Hudson, NH",US (CONUS),Full-time,,,,,https://sjobs.brassring.com/TGnewUI/Search/home/HomeWithPreLoad?PageType=JobDetails&partnerid=25771&siteid=5403&jobid=301132
BAE Systems,Phenom,Senior Principal Systems Engineer II - Systems Architect,Engineering & Technology,,"Endicott, NY",US (CONUS),Full-time,,,,,https://sjobs.brassring.com/TGnewUI/Search/home/HomeWithPreLoad?PageType=JobDetails&partnerid=25771&siteid=5403&jobid=301263
BAE Systems,Phenom,Program Manager II - Air Transport Systems,Project & Program Management,,"Endicott, NY",US (CONUS),Full-time,,,,,https://sjobs.brassring.com/TGnewUI/Search/home/HomeWithPreLoad?PageType=JobDetails&partnerid=25771&siteid=5403&jobid=300444
BAE Systems,Phenom,Test Technician III,Manufacturing & Maintenance,,"Nashua, NH",US (CONUS),Full-time,,,,,https://sjobs.brassring.com/TGnewUI/Search/home/HomeWithPreLoad?PageType=JobDetails&partnerid=25771&siteid=5403&jobid=301017
BAE Systems,Phenom,Senior Quality Engineer,Engineering & Technology,,"Fort Wayne, IN",US (CONUS),Full-time,,,,,https://sjobs.brassring.com/TGnewUI/Search/home/HomeWithPreLoad?PageType=JobDetails&partnerid=25771&siteid=5403&jobid=301754
BAE Systems,Phenom,Submarine Products Welder & Fabricator - Weekend 1st shift,Manufacturing & Maintenance,,"Louisville, KY",US (CONUS),Full-time,,,,,https://sjobs.brassring.com/TGnewUI/Search/home/HomeWithPreLoad?PageType=JobDetails&partnerid=25771&siteid=5403&jobid=301320
BAE Systems,Phenom,Hardware Configuration Manager,Engineering & Technology,,"Nashua, NH",US (CONUS),Full-time,,,,,https://sjobs.brassring.com/TGnewUI/Search/home/HomeWithPreLoad?PageType=JobDetails&partnerid=25771&siteid=5403&jobid=301353
BAE Systems,Phenom,Senior Imagery / Order of Battle Analyst – AI/ML Mission Support,Intelligence,,"Falls Church, VA",US (CONUS),Full-time,,,,,https://sjobs.brassring.com/TGnewUI/Search/home/HomeWithPreLoad?PageType=JobDetails&partnerid=25771&siteid=5403&jobid=299262
BAE Systems,Phenom,Program Engineering Manager II,Engineering & Technology,,"Nashua, NH",US (CONUS),Full-time,,,,,https://sjobs.brassring.com/TGnewUI/Search/home/HomeWithPreLoad?PageType=JobDetails&partnerid=25771&siteid=5403&jobid=298270
BAE Systems,Phenom,Quality Program Manager,Engineering & Technology,,"Louisville, KY",US (CONUS),Full-time,,,,,https://sjobs.brassring.com/TGnewUI/Search/home/HomeWithPreLoad?PageType=JobDetails&partnerid=25771&siteid=5403&jobid=299648
BAE Systems,Phenom,Program Manager II,Project & Program Management,,"Manchester, NH",US (CONUS),Full-time,,,,,https://sjobs.brassring.com/TGnewUI/Search/home/HomeWithPreLoad?PageType=JobDetails&partnerid=25771&siteid=5403&jobid=296702
BAE Systems,Phenom,EO Imagery Analyst / Scientist Lead,Intelligence,,"Sterling, VA",US (CONUS),Full-time,,,,,https://sjobs.brassring.com/TGnewUI/Search/home/HomeWithPreLoad?PageType=JobDetails&partnerid=25771&siteid=5403&jobid=298848
BAE Systems,Phenom,DF/Geolocation Systems Engineer,Engineering & Technology,,"Nashua, NH",US (CONUS),Full-time,,,,,https://sjobs.brassring.com/TGnewUI/Search/home/HomeWithPreLoad?PageType=JobDetails&partnerid=25771&siteid=5403&jobid=299701
BAE Systems,Phenom,Microwave Technician II,Manufacturing & Maintenance,,"Nashua, NH",US (CONUS),Full-time,,,,,https://sjobs.brassring.com/TGnewUI/Search/home/HomeWithPreLoad?PageType=JobDetails&partnerid=25771&siteid=5403&jobid=298944
BAE Systems,Phenom,Test Technician II- Microwave SOuth 2nd Shift,Engineering & Technology,,"Nashua, NH",US (CONUS),Full-time,,,,,https://sjobs.brassring.com/TGnewUI/Search/home/HomeWithPreLoad?PageType=JobDetails&partnerid=25771&siteid=5403&jobid=299689
BAE Systems,Phenom,Digital Engineering Analyst,Engineering & Technology,,"Rockville, MD",US (CONUS),Full-time,,,,,https://sjobs.brassring.com/TGnewUI/Search/home/HomeWithPreLoad?PageType=JobDetails&partnerid=25771&siteid=5403&jobid=301146
BAE Systems,Phenom,Engineer II – Ground and Application Software,Engineering & Technology,,"Aurora, CO",US (CONUS),Full-time,,,,,https://sjobs.brassring.com/TGnewUI/Search/home/HomeWithPreLoad?PageType=JobDetails&partnerid=25771&siteid=5403&jobid=301504
BAE Systems,Phenom,Aviation Weapons Portfolio Requirements Manager,Engineering & Technology,,"Hudson, NH",US (CONUS),Full-time,,,,,https://sjobs.brassring.com/TGnewUI/Search/home/HomeWithPreLoad?PageType=JobDetails&partnerid=25771&siteid=5403&jobid=301853
BAE Systems,Phenom,Manufacturing Quality Manager II,Other Professionals,,"Fort Wayne, IN",US (CONUS),Full-time,,,,,https://sjobs.brassring.com/TGnewUI/Search/home/HomeWithPreLoad?PageType=JobDetails&partnerid=25771&siteid=5403&jobid=301720
BAE Systems,Phenom,Principal Technical Mission Analyst / Architect – Future Capabilities,"Business Development, Strategy & Planning",,"Broomfield, CO",US (CONUS),Full-time,,,,,https://sjobs.brassring.com/TGnewUI/Search/home/HomeWithPreLoad?PageType=JobDetails&partnerid=25771&siteid=5403&jobid=299829
BAE Systems,Phenom,Principal Systems Engineer,Engineering & Technology,,"Nashua, NH",US (CONUS),Full-time,,,,,https://sjobs.brassring.com/TGnewUI/Search/home/HomeWithPreLoad?PageType=JobDetails&partnerid=25771&siteid=5403&jobid=298102
BAE Systems,Phenom,Principal Software Engineer – Seeker Market Expansion,Engineering & Technology,,"Huntsville, AL",US (CONUS),Full-time,,,,,https://sjobs.brassring.com/TGnewUI/Search/home/HomeWithPreLoad?PageType=JobDetails&partnerid=25771&siteid=5403&jobid=302020
BAE Systems,Phenom,"DoW SkillBridge Program – Electronics Technician, Radio Communications Systems",Engineering & Technology,,"Saint Inigoes, MD",US (CONUS),Full-time,,,,,https://sjobs.brassring.com/TGnewUI/Search/home/HomeWithPreLoad?PageType=JobDetails&partnerid=25771&siteid=5403&jobid=300722
BAE Systems,Phenom,Contracts Manager,Other Professionals,,"Endicott, NY",US (CONUS),Full-time,,,,,https://sjobs.brassring.com/TGnewUI/Search/home/HomeWithPreLoad?PageType=JobDetails&partnerid=25771&siteid=5403&jobid=301854
BAE Systems,Phenom,"Mechanical Engineering Coop (Summer/Fall 2027), Onsite",Engineering & Technology,,"Cedar Rapids, IA",US (CONUS),Full-time,,,,,https://sjobs.brassring.com/TGnewUI/Search/home/HomeWithPreLoad?PageType=JobDetails&partnerid=25771&siteid=5403&jobid=301766
BAE Systems,Phenom,Enterprise Systems Engineer,Engineering & Technology,,"Herndon, VA",US (CONUS),Full-time,,,,,https://sjobs.brassring.com/TGnewUI/Search/home/HomeWithPreLoad?PageType=JobDetails&partnerid=25771&siteid=5403&jobid=300890
BAE Systems,Phenom,FAST Labs Systems Engineering Product Line Discipline Lead,Engineering & Technology,,"Merrimack, NH",US (CONUS),Full-time,,,,,https://sjobs.brassring.com/TGnewUI/Search/home/HomeWithPreLoad?PageType=JobDetails&partnerid=25771&siteid=5403&jobid=302418
BAE Systems,Phenom,IFF Engineering Technician V (Navy Combat Systems - AN/UPX-29 ISEA),Engineering & Technology,,"Saint Inigoes, MD",US (CONUS),Full-time,,,,,https://sjobs.brassring.com/TGnewUI/Search/home/HomeWithPreLoad?PageType=JobDetails&partnerid=25771&siteid=5403&jobid=301125
BAE Systems,Phenom,Principal Systems Engineer (Onsite),Engineering & Technology,,"Merrimack, NH",US (CONUS),Full-time,,,,,https://sjobs.brassring.com/TGnewUI/Search/home/HomeWithPreLoad?PageType=JobDetails&partnerid=25771&siteid=5403&jobid=300891
BAE Systems,Phenom,Predictive Maintenance Engineer - Facilities,Engineering & Technology,,"Silverdale, WA",US (CONUS),Full-time,,,,,https://sjobs.brassring.com/TGnewUI/Search/home/HomeWithPreLoad?PageType=JobDetails&partnerid=25771&siteid=5403&jobid=301130
BAE Systems,Phenom,AFGSC Task Force Transition and Deployment Integrator,Engineering & Technology,,"Hill AFB, UT",US (CONUS),Full-time,,,,,https://sjobs.brassring.com/TGnewUI/Search/home/HomeWithPreLoad?PageType=JobDetails&partnerid=25771&siteid=5403&jobid=301324
BAE Systems,Phenom,Engineer II – Industrial,Engineering & Technology,,"Boulder, CO",US (CONUS),Full-time,,,,,https://sjobs.brassring.com/TGnewUI/Search/home/HomeWithPreLoad?PageType=JobDetails&partnerid=25771&siteid=5403&jobid=301792
BAE Systems,Phenom,Actuation Systems Architect,Engineering & Technology,,"Endicott, NY",US (CONUS),Full-time,,,,,https://sjobs.brassring.com/TGnewUI/Search/home/HomeWithPreLoad?PageType=JobDetails&partnerid=25771&siteid=5403&jobid=301562
BAE Systems,Phenom,Cyber and Test Support Manager,Project & Program Management,,"Offutt AFB, NE",US (CONUS),Full-time,,,,,https://sjobs.brassring.com/TGnewUI/Search/home/HomeWithPreLoad?PageType=JobDetails&partnerid=25771&siteid=5403&jobid=301050
BAE Systems,Phenom,Engineer Senior Principal II - Ground Systems,Engineering & Technology,,"Aurora, CO",US (CONUS),Full-time,,,,,https://sjobs.brassring.com/TGnewUI/Search/home/HomeWithPreLoad?PageType=JobDetails&partnerid=25771&siteid=5403&jobid=301495
BAE Systems,Phenom,ICBM Transformation Program Manager,Project & Program Management,,"Hill AFB, UT",US (CONUS),Full-time,,,,,https://sjobs.brassring.com/TGnewUI/Search/home/HomeWithPreLoad?PageType=JobDetails&partnerid=25771&siteid=5403&jobid=302274
BAE Systems,Phenom,Systems Engineer with Mechanical Focus,Engineering & Technology,,"Rockville, MD",US (CONUS),Full-time,,,,,https://sjobs.brassring.com/TGnewUI/Search/home/HomeWithPreLoad?PageType=JobDetails&partnerid=25771&siteid=5403&jobid=300173
BAE Systems,Phenom,Supply Chain Program Manager - Hybrid (onsite),Supply Chain & Logistics,,"Fort Wayne, IN",US (CONUS),Full-time,,,,,https://sjobs.brassring.com/TGnewUI/Search/home/HomeWithPreLoad?PageType=JobDetails&partnerid=25771&siteid=5403&jobid=301656
BAE Systems,Phenom,Configuration Management Network Engineer,Engineering & Technology,,"Aurora, CO",US (CONUS),Full-time,,,,,https://sjobs.brassring.com/TGnewUI/Search/home/HomeWithPreLoad?PageType=JobDetails&partnerid=25771&siteid=5403&jobid=301471
BAE Systems,Phenom,Systems Engineering Lead,Engineering & Technology,,"Merrimack, NH",US (CONUS),Full-time,,,,,https://sjobs.brassring.com/TGnewUI/Search/home/HomeWithPreLoad?PageType=JobDetails&partnerid=25771&siteid=5403&jobid=300844
BAE Systems,Phenom,Tier III O&M Network Engineer,Engineering & Technology,,"Chantilly, VA",US (CONUS),Full-time,,,,,https://sjobs.brassring.com/TGnewUI/Search/home/HomeWithPreLoad?PageType=JobDetails&partnerid=25771&siteid=5403&jobid=301474
BAE Systems,Phenom,Senior Principal Model Based Systems Engineer,Engineering & Technology,,"Nashua, NH",US (CONUS),Full-time,,,,,https://sjobs.brassring.com/TGnewUI/Search/home/HomeWithPreLoad?PageType=JobDetails&partnerid=25771&siteid=5403&jobid=302508
BAE Systems,Phenom,Engineer Senior Principal - Mission Integration - $10K Sign-On Bonus,Engineering & Technology,,"Broomfield, CO",US (CONUS),Full-time,,,,,https://sjobs.brassring.com/TGnewUI/Search/home/HomeWithPreLoad?PageType=JobDetails&partnerid=25771&siteid=5403&jobid=301073
BAE Systems,Phenom,Mechanical Assembler II 2nd Shift,Manufacturing & Maintenance,,"Nashua, NH",US (CONUS),Full-time,,,,,https://sjobs.brassring.com/TGnewUI/Search/home/HomeWithPreLoad?PageType=JobDetails&partnerid=25771&siteid=5403&jobid=301338
BAE Systems,Phenom,C5ISR Project Manager (Naval Special Warfare),Project & Program Management,,"Chesapeake, VA",US (CONUS),Full-time,,,,,https://sjobs.brassring.com/TGnewUI/Search/home/HomeWithPreLoad?PageType=JobDetails&partnerid=25771&siteid=5403&jobid=302113
BAE Systems,Phenom,Principal Systems Engineer,Engineering & Technology,,"Colorado Springs, CO",US (CONUS),Full-time,,,,,https://sjobs.brassring.com/TGnewUI/Search/home/HomeWithPreLoad?PageType=JobDetails&partnerid=25771&siteid=5403&jobid=301530
BAE Systems,Phenom,Project Manager (Portfolio Planning),Engineering & Technology,,"Hill AFB, UT",US (CONUS),Full-time,,,,,https://sjobs.brassring.com/TGnewUI/Search/home/HomeWithPreLoad?PageType=JobDetails&partnerid=25771&siteid=5403&jobid=301149
BAE Systems,Phenom,Senior Contract Administrator,Other Professionals,,"York, PA",US (CONUS),Full-time,,,,,https://sjobs.brassring.com/TGnewUI/Search/home/HomeWithPreLoad?PageType=JobDetails&partnerid=25771&siteid=5403&jobid=301275
BAE Systems,Phenom,"Senior Director, AMS Financial Services",Finance & Accounting,,"Nashua, NH",US (CONUS),Full-time,,,,,https://sjobs.brassring.com/TGnewUI/Search/home/HomeWithPreLoad?PageType=JobDetails&partnerid=25771&siteid=5403&jobid=302465
BAE Systems,Phenom,Laboratory Tech III,Engineering & Technology,,"Nashua, NH",US (CONUS),Full-time,,,,,https://sjobs.brassring.com/TGnewUI/Search/home/HomeWithPreLoad?PageType=JobDetails&partnerid=25771&siteid=5403&jobid=301480
BAE Systems,Phenom,Senior Platform/Infrastructure Systems Engineer (Citrix VDI focus),Engineering & Technology,,"Sterling, VA",US (CONUS),Full-time,,,,,https://sjobs.brassring.com/TGnewUI/Search/home/HomeWithPreLoad?PageType=JobDetails&partnerid=25771&siteid=5403&jobid=301558
BAE Systems,Phenom,Administrative Assistant - CEMA Finance & Contracts,Finance & Accounting,,"Merrimack, NH",US (CONUS),Full-time,,,,,https://sjobs.brassring.com/TGnewUI/Search/home/HomeWithPreLoad?PageType=JobDetails&partnerid=25771&siteid=5403&jobid=301256
BAE Systems,Phenom,Senior Systems Security Engineer,Engineering & Technology,,"Totowa, NJ",US (CONUS),Full-time,,,,,https://sjobs.brassring.com/TGnewUI/Search/home/HomeWithPreLoad?PageType=JobDetails&partnerid=25771&siteid=5403&jobid=301254
BAE Systems,Phenom,Senior Electrical Engineer,Engineering & Technology,,"Nashua, NH",US (CONUS),Full-time,,,,,https://sjobs.brassring.com/TGnewUI/Search/home/HomeWithPreLoad?PageType=JobDetails&partnerid=25771&siteid=5403&jobid=302179
BAE Systems,Phenom,Technician VI,Engineering & Technology,,"Nashua, NH",US (CONUS),Full-time,,,,,https://sjobs.brassring.com/TGnewUI/Search/home/HomeWithPreLoad?PageType=JobDetails&partnerid=25771&siteid=5403&jobid=301737
BAE Systems,Phenom,"ISC Executive Assistant, Director & Deputy Director Support",Other Professionals,,"Hill AFB, UT",US (CONUS),Full-time,,,,,https://sjobs.brassring.com/TGnewUI/Search/home/HomeWithPreLoad?PageType=JobDetails&partnerid=25771&siteid=5403&jobid=302757
BAE Systems,Phenom,Payroll Data Analyst,Other Professionals,,"Sterling, VA",US (CONUS),Full-time,,,,,https://sjobs.brassring.com/TGnewUI/Search/home/HomeWithPreLoad?PageType=JobDetails&partnerid=25771&siteid=5403&jobid=302624
BAE Systems,Phenom,Data Manager I,Engineering & Technology,,"Nashua, NH",US (CONUS),Full-time,,,,,https://sjobs.brassring.com/TGnewUI/Search/home/HomeWithPreLoad?PageType=JobDetails&partnerid=25771&siteid=5403&jobid=302391
BAE Systems,Phenom,Hardware Lead (Sign on Bonus),Engineering & Technology,,"Nashua, NH",US (CONUS),Full-time,,,,,https://sjobs.brassring.com/TGnewUI/Search/home/HomeWithPreLoad?PageType=JobDetails&partnerid=25771&siteid=5403&jobid=302856
BAE Systems,Phenom,Sr. Contracts Manager,Other Professionals,,"California, MD",US (CONUS),Full-time,,,,,https://sjobs.brassring.com/TGnewUI/Search/home/HomeWithPreLoad?PageType=JobDetails&partnerid=25771&siteid=5403&jobid=302504
BAE Systems,Phenom,Analog Design Discipline Manager,Engineering & Technology,,"Endicott, NY",US (CONUS),Full-time,,,,,https://sjobs.brassring.com/TGnewUI/Search/home/HomeWithPreLoad?PageType=JobDetails&partnerid=25771&siteid=5403&jobid=302779
BAE Systems,Phenom,Technician I – RF Range – 2nd Shift,Engineering & Technology,,"Westminster, CO",US (CONUS),Full-time,,,,,https://sjobs.brassring.com/TGnewUI/Search/home/HomeWithPreLoad?PageType=JobDetails&partnerid=25771&siteid=5403&jobid=302304
BAE Systems,Phenom,"Principal Program Planner (Hybrid Preferred, Remote Work Considered)",Other Professionals,,"Nashua, NH",US (CONUS),Full-time,,,,,https://sjobs.brassring.com/TGnewUI/Search/home/HomeWithPreLoad?PageType=JobDetails&partnerid=25771&siteid=5403&jobid=302613
BAE Systems,Phenom,Modeling and Simulations Environment Systems Engineer,Engineering & Technology,,"Nashua, NH",US (CONUS),Full-time,,,,,https://sjobs.brassring.com/TGnewUI/Search/home/HomeWithPreLoad?PageType=JobDetails&partnerid=25771&siteid=5403&jobid=302374
BAE Systems,Phenom,Senior Technical Project Manager,Project & Program Management,,"Rockville, MD",US (CONUS),Full-time,,,,,https://sjobs.brassring.com/TGnewUI/Search/home/HomeWithPreLoad?PageType=JobDetails&partnerid=25771&siteid=5403&jobid=302700
BAE Systems,Phenom,Senior Software Engineer,Engineering & Technology,,"Fort Wayne, IN",US (CONUS),Full-time,,,,,https://sjobs.brassring.com/TGnewUI/Search/home/HomeWithPreLoad?PageType=JobDetails&partnerid=25771&siteid=5403&jobid=302774
BAE Systems,Phenom,Project Manager II – Supply Chain Risk Management,Supply Chain & Logistics,,"Clearfield, UT",US (CONUS),Full-time,,,,,https://sjobs.brassring.com/TGnewUI/Search/home/HomeWithPreLoad?PageType=JobDetails&partnerid=25771&siteid=5403&jobid=302572
BAE Systems,Phenom,Entry Level Electrical Engineer,Engineering & Technology,,"San Diego, CA",US (CONUS),Full-time,,,,,https://sjobs.brassring.com/TGnewUI/Search/home/HomeWithPreLoad?PageType=JobDetails&partnerid=25771&siteid=5403&jobid=302686
BAE Systems,Phenom,Navy CEC Technician,Manufacturing & Maintenance,,"Wallops Island, VA",US (CONUS),Full-time,,,,,https://sjobs.brassring.com/TGnewUI/Search/home/HomeWithPreLoad?PageType=JobDetails&partnerid=25771&siteid=5403&jobid=302368
BAE Systems,Phenom,Mechanical CAD Designer,Engineering & Technology,,"Huntsville, AL",US (CONUS),Full-time,,,,,https://sjobs.brassring.com/TGnewUI/Search/home/HomeWithPreLoad?PageType=JobDetails&partnerid=25771&siteid=5403&jobid=302313
BAE Systems,Phenom,Director of Commercial Contracts,Other Professionals,,"Endicott, NY",US (CONUS),Full-time,,,,,https://sjobs.brassring.com/TGnewUI/Search/home/HomeWithPreLoad?PageType=JobDetails&partnerid=25771&siteid=5403&jobid=302474
BAE Systems,Phenom,"Director II, IT Service Owner - Supply Chain & Procurement",Engineering & Technology,,"Falls Church, VA",US (CONUS),Full-time,,,,,https://sjobs.brassring.com/TGnewUI/Search/home/HomeWithPreLoad?PageType=JobDetails&partnerid=25771&siteid=5403&jobid=302071
BAE Systems,Phenom,"Finance Manager, EAS Financial Planning & Analysis (Hybrid)",Finance & Accounting,,"Hudson, NH",US (CONUS),Full-time,,,,,https://sjobs.brassring.com/TGnewUI/Search/home/HomeWithPreLoad?PageType=JobDetails&partnerid=25771&siteid=5403&jobid=302208
BAE Systems,Phenom,PMO Agile Enablement Analyst,Project & Program Management,,"Fort Walton Beach, FL",US (CONUS),Full-time,,,,,https://sjobs.brassring.com/TGnewUI/Search/home/HomeWithPreLoad?PageType=JobDetails&partnerid=25771&siteid=5403&jobid=302889
BAE Systems,Phenom,Mechanical Engineer,Engineering & Technology,,"Maple Grove, MN",US (CONUS),Full-time,,,,,https://sjobs.brassring.com/TGnewUI/Search/home/HomeWithPreLoad?PageType=JobDetails&partnerid=25771&siteid=5403&jobid=302067
BAE Systems,Phenom,Senior Subcontract Administrator,Supply Chain & Logistics,,"Louisville, KY",US (CONUS),Full-time,,,,,https://sjobs.brassring.com/TGnewUI/Search/home/HomeWithPreLoad?PageType=JobDetails&partnerid=25771&siteid=5403&jobid=299367
BAE Systems,Phenom,Quality Engineer II - Microelectronics Manufacturing,Other Professionals,,"Nashua, NH",US (CONUS),Full-time,,,,,https://sjobs.brassring.com/TGnewUI/Search/home/HomeWithPreLoad?PageType=JobDetails&partnerid=25771&siteid=5403&jobid=301689
BAE Systems,Phenom,FAST Labs ST Program Engineering Manager,Engineering & Technology,,"Merrimack, NH",US (CONUS),Full-time,,,,,https://sjobs.brassring.com/TGnewUI/Search/home/HomeWithPreLoad?PageType=JobDetails&partnerid=25771&siteid=5403&jobid=301997
BAE Systems,Phenom,Senior Program Manager – Internal Capital Investments (Construction),Project & Program Management,,"York, PA",US (CONUS),Full-time,,,,,https://sjobs.brassring.com/TGnewUI/Search/home/HomeWithPreLoad?PageType=JobDetails&partnerid=25771&siteid=5403&jobid=299845
BAE Systems,Phenom,NOSC Analyst,Engineering & Technology,,"Sterling, VA",US (CONUS),Full-time,,,,,https://sjobs.brassring.com/TGnewUI/Search/home/HomeWithPreLoad?PageType=JobDetails&partnerid=25771&siteid=5403&jobid=301617
BAE Systems,Phenom,Fingerprint Examiner IV,Other Professionals,,"Arlington, VA",US (CONUS),Full-time,,,,,https://sjobs.brassring.com/TGnewUI/Search/home/HomeWithPreLoad?PageType=JobDetails&partnerid=25771&siteid=5403&jobid=301627
BAE Systems,Phenom,Contracts Administrator,Other Professionals,,"McLean, VA",US (CONUS),Full-time,,,,,https://sjobs.brassring.com/TGnewUI/Search/home/HomeWithPreLoad?PageType=JobDetails&partnerid=25771&siteid=5403&jobid=300351
BAE Systems,Phenom,Technician II,Engineering & Technology,,"Nashua, NH",US (CONUS),Full-time,,,,,https://sjobs.brassring.com/TGnewUI/Search/home/HomeWithPreLoad?PageType=JobDetails&partnerid=25771&siteid=5403&jobid=301742
BAE Systems,Phenom,Network Engineer - Network Telecommunications,Engineering & Technology,,"Sterling, VA",US (CONUS),Full-time,,,,,https://sjobs.brassring.com/TGnewUI/Search/home/HomeWithPreLoad?PageType=JobDetails&partnerid=25771&siteid=5403&jobid=298364
BAE Systems,Phenom,Senior Systems Engineer (Customer Focus),Engineering & Technology,,"Rockville, MD",US (CONUS),Full-time,,,,,https://sjobs.brassring.com/TGnewUI/Search/home/HomeWithPreLoad?PageType=JobDetails&partnerid=25771&siteid=5403&jobid=299740
BAE Systems,Phenom,Jr. Language-Enabled OSINT Collector (NCR),Intelligence,,"Reston, VA",US (CONUS),Full-time,,,,,https://sjobs.brassring.com/TGnewUI/Search/home/HomeWithPreLoad?PageType=JobDetails&partnerid=25771&siteid=5403&jobid=299097
BAE Systems,Phenom,Electrostatic Discharge (ESD) Assessment Technician II (Full Time - Onsite),Manufacturing & Maintenance,,"Nashua, NH",US (CONUS),Full-time,,,,,https://sjobs.brassring.com/TGnewUI/Search/home/HomeWithPreLoad?PageType=JobDetails&partnerid=25771&siteid=5403&jobid=301912
BAE Systems,Phenom,Electrical Mechanical Assembler,Manufacturing & Maintenance,,"Louisville, KY",US (CONUS),Full-time,,,,,https://sjobs.brassring.com/TGnewUI/Search/home/HomeWithPreLoad?PageType=JobDetails&partnerid=25771&siteid=5403&jobid=299228
BAE Systems,Phenom,Sr Image Science Analyst,Other Professionals,,"Quantico, VA",US (CONUS),Full-time,,,,,https://sjobs.brassring.com/TGnewUI/Search/home/HomeWithPreLoad?PageType=JobDetails&partnerid=25771&siteid=5403&jobid=302439
BAE Systems,Phenom,Manufacturing Engineer,Engineering & Technology,,"Greenlawn, NY",US (CONUS),Full-time,,,,,https://sjobs.brassring.com/TGnewUI/Search/home/HomeWithPreLoad?PageType=JobDetails&partnerid=25771&siteid=5403&jobid=299353
BAE Systems,Phenom,Shipfitter,Manufacturing & Maintenance,,"Norfolk, VA",US (CONUS),Full-time,,,,,https://sjobs.brassring.com/TGnewUI/Search/home/HomeWithPreLoad?PageType=JobDetails&partnerid=25771&siteid=5403&jobid=298376
BAE Systems,Phenom,"Operations Engineering (Industrial, Mechanical, Electrical) Co-op, Spring/Summer, 2027",Manufacturing & Maintenance,,"Cedar Rapids, IA",US (CONUS),Full-time,,,,,https://sjobs.brassring.com/TGnewUI/Search/home/HomeWithPreLoad?PageType=JobDetails&partnerid=25771&siteid=5403&jobid=300473
BAE Systems,Phenom,Security Specialiast,Supply Chain & Logistics,,"Wallops Island, VA",US (CONUS),Full-time,,,,,https://sjobs.brassring.com/TGnewUI/Search/home/HomeWithPreLoad?PageType=JobDetails&partnerid=25771&siteid=5403&jobid=301568
BAE Systems,Phenom,Mechanical Tech III 4th shift,Manufacturing & Maintenance,,"Nashua, NH",US (CONUS),Full-time,,,,,https://sjobs.brassring.com/TGnewUI/Search/home/HomeWithPreLoad?PageType=JobDetails&partnerid=25771&siteid=5403&jobid=298978
BAE Systems,Phenom,Full-stack Software Engineer I,Engineering & Technology,,"Nashua, NH",US (CONUS),Full-time,,,,,https://sjobs.brassring.com/TGnewUI/Search/home/HomeWithPreLoad?PageType=JobDetails&partnerid=25771&siteid=5403&jobid=299694
BAE Systems,Phenom,Engineer Senior Principal – Ground Systems,Engineering & Technology,,"Aurora, CO",US (CONUS),Full-time,,,,,https://sjobs.brassring.com/TGnewUI/Search/home/HomeWithPreLoad?PageType=JobDetails&partnerid=25771&siteid=5403&jobid=301494
BAE Systems,Phenom,Senior Director of Supplier Quality,Other Professionals,,"Nashua, NH",US (CONUS),Full-time,,,,,https://sjobs.brassring.com/TGnewUI/Search/home/HomeWithPreLoad?PageType=JobDetails&partnerid=25771&siteid=5403&jobid=301936
BAE Systems,Phenom,Material Planning Coordinator III (2nd Shift),Supply Chain & Logistics,,"Nashua, NH",US (CONUS),Full-time,,,,,https://sjobs.brassring.com/TGnewUI/Search/home/HomeWithPreLoad?PageType=JobDetails&partnerid=25771&siteid=5403&jobid=302342
BAE Systems,Phenom,Principal Senior Engineer - FPGA Design - $20K Sign On Bonus,Engineering & Technology,,"Westminster, CO",US (CONUS),Full-time,,,,,https://sjobs.brassring.com/TGnewUI/Search/home/HomeWithPreLoad?PageType=JobDetails&partnerid=25771&siteid=5403&jobid=299828
BAE Systems,Phenom,Program Manager III - New Products,Project & Program Management,,"Wayne, NJ",US (CONUS),Full-time,,,,,https://sjobs.brassring.com/TGnewUI/Search/home/HomeWithPreLoad?PageType=JobDetails&partnerid=25771&siteid=5403&jobid=301577
BAE Systems,Phenom,Implementations/Activations Network Engineer,Intelligence,,"Scott AFB, IL",US (CONUS),Full-time,,,,,https://sjobs.brassring.com/TGnewUI/Search/home/HomeWithPreLoad?PageType=JobDetails&partnerid=25771&siteid=5403&jobid=298428
BAE Systems,Phenom,Engineer Senior – EO Payload Performance Analyst,Engineering & Technology,,"Broomfield, CO",US (CONUS),Full-time,,,,,https://sjobs.brassring.com/TGnewUI/Search/home/HomeWithPreLoad?PageType=JobDetails&partnerid=25771&siteid=5403&jobid=299774
BAE Systems,Phenom,Senior Manager of Program Quality - Missile Warning,Engineering & Technology,,"Huntsville, AL",US (CONUS),Full-time,,,,,https://sjobs.brassring.com/TGnewUI/Search/home/HomeWithPreLoad?PageType=JobDetails&partnerid=25771&siteid=5403&jobid=302139
BAE Systems,Phenom,Systems Engineering Lead - EOIR Development Programs,Engineering & Technology,,"Huntsville, AL",US (CONUS),Full-time,,,,,https://sjobs.brassring.com/TGnewUI/Search/home/HomeWithPreLoad?PageType=JobDetails&partnerid=25771&siteid=5403&jobid=301502
BAE Systems,Phenom,OSI SHE Facilitator,Other Professionals,,"Radford, VA",US (CONUS),Full-time,,,,,https://sjobs.brassring.com/TGnewUI/Search/home/HomeWithPreLoad?PageType=JobDetails&partnerid=25771&siteid=5403&jobid=298249
BAE Systems,Phenom,Seeker Program Engineering Manager II,Engineering & Technology,,"Maple Grove, MN",US (CONUS),Full-time,,,,,https://sjobs.brassring.com/TGnewUI/Search/home/HomeWithPreLoad?PageType=JobDetails&partnerid=25771&siteid=5403&jobid=301665
BAE Systems,Phenom,Shipboard Landing Systems Radar Technician III /IV,Engineering & Technology,,"Patuxent River, MD",US (CONUS),Full-time,,,,,https://sjobs.brassring.com/TGnewUI/Search/home/HomeWithPreLoad?PageType=JobDetails&partnerid=25771&siteid=5403&jobid=298563
BAE Systems,Phenom,Electrical Engineer (Hybrid),Engineering & Technology,,"Cedar Rapids, IA",US (CONUS),Full-time,,,,,https://sjobs.brassring.com/TGnewUI/Search/home/HomeWithPreLoad?PageType=JobDetails&partnerid=25771&siteid=5403&jobid=298023
BAE Systems,Phenom,Senior Systems Engineer (Electrical Focus),Engineering & Technology,,"Rockville, MD",US (CONUS),Full-time,,,,,https://sjobs.brassring.com/TGnewUI/Search/home/HomeWithPreLoad?PageType=JobDetails&partnerid=25771&siteid=5403&jobid=299741
BAE Systems,Phenom,Senior ISSO,Engineering & Technology,,"Annapolis Junction, MD",US (CONUS),Full-time,,,,,https://sjobs.brassring.com/TGnewUI/Search/home/HomeWithPreLoad?PageType=JobDetails&partnerid=25771&siteid=5403&jobid=301902
BAE Systems,Phenom,Principal Systems Storage Administrator,Engineering & Technology,,"Westminster, CO",US (CONUS),Full-time,,,,,https://sjobs.brassring.com/TGnewUI/Search/home/HomeWithPreLoad?PageType=JobDetails&partnerid=25771&siteid=5403&jobid=302124
BAE Systems,Phenom,Principal Solutions Architect,Engineering & Technology,,"Fort Walton Beach, FL",US (CONUS),Full-time,,,,,https://sjobs.brassring.com/TGnewUI/Search/home/HomeWithPreLoad?PageType=JobDetails&partnerid=25771&siteid=5403&jobid=298377
BAE Systems,Phenom,Senior Process Engineer - Laser Seal,Engineering & Technology,,"Nashua, NH",US (CONUS),Full-time,,,,,https://sjobs.brassring.com/TGnewUI/Search/home/HomeWithPreLoad?PageType=JobDetails&partnerid=25771&siteid=5403&jobid=301851
BAE Systems,Phenom,Network Engineer (Expert),Engineering & Technology,,"Herndon, VA",US (CONUS),Full-time,,,,,https://sjobs.brassring.com/TGnewUI/Search/home/HomeWithPreLoad?PageType=JobDetails&partnerid=25771&siteid=5403&jobid=302106
BAE Systems,Phenom,Microwave Laser Seal and De-Lid Technician - Weekend Days,Manufacturing & Maintenance,,"Nashua, NH",US (CONUS),Full-time,,,,,https://sjobs.brassring.com/TGnewUI/Search/home/HomeWithPreLoad?PageType=JobDetails&partnerid=25771&siteid=5403&jobid=298418
BAE Systems,Phenom,Engineer Senior - FPGA Design - $10K Sign-On Bonus,Engineering & Technology,,"Westminster, CO",US (CONUS),Full-time,,,,,https://sjobs.brassring.com/TGnewUI/Search/home/HomeWithPreLoad?PageType=JobDetails&partnerid=25771&siteid=5403&jobid=296842
BAE Systems,Phenom,Engineer Senior Principal – Systems,Engineering & Technology,,"Broomfield, CO",US (CONUS),Full-time,,,,,https://sjobs.brassring.com/TGnewUI/Search/home/HomeWithPreLoad?PageType=JobDetails&partnerid=25771&siteid=5403&jobid=302095
BAE Systems,Phenom,New Product Introduction Director,Manufacturing & Maintenance,,"Nashua, NH",US (CONUS),Full-time,,,,,https://sjobs.brassring.com/TGnewUI/Search/home/HomeWithPreLoad?PageType=JobDetails&partnerid=25771&siteid=5403&jobid=299931
BAE Systems,Phenom,ACES Program Manager II,Project & Program Management,,"Nashua, NH",US (CONUS),Full-time,,,,,https://sjobs.brassring.com/TGnewUI/Search/home/HomeWithPreLoad?PageType=JobDetails&partnerid=25771&siteid=5403&jobid=301025
BAE Systems,Phenom,Engineer Principal – Space Vehicle Avionics - $12K Sign On Bonus,Engineering & Technology,,"Boulder, CO",US (CONUS),Full-time,,,,,https://sjobs.brassring.com/TGnewUI/Search/home/HomeWithPreLoad?PageType=JobDetails&partnerid=25771&siteid=5403&jobid=301426
BAE Systems,Phenom,Rigging Craft Manager,Manufacturing & Maintenance,,"Jacksonville, FL",US (CONUS),Full-time,,,,,https://sjobs.brassring.com/TGnewUI/Search/home/HomeWithPreLoad?PageType=JobDetails&partnerid=25771&siteid=5403&jobid=300401
BAE Systems,Phenom,Supplier Quality Engineer,Supply Chain & Logistics,,"Louisville, KY",US (CONUS),Full-time,,,,,https://sjobs.brassring.com/TGnewUI/Search/home/HomeWithPreLoad?PageType=JobDetails&partnerid=25771&siteid=5403&jobid=300127
BAE Systems,Phenom,Part-Time Mechanical Engineer - Hybrid,Engineering & Technology,,"Merrimack, NH",US (CONUS),Part-time,,,,,https://sjobs.brassring.com/TGnewUI/Search/home/HomeWithPreLoad?PageType=JobDetails&partnerid=25771&siteid=5403&jobid=302744
BAE Systems,Phenom,Model Based Logistics/Product Support Engineer,Engineering & Technology,,"Nashua, NH",US (CONUS),Full-time,,,,,https://sjobs.brassring.com/TGnewUI/Search/home/HomeWithPreLoad?PageType=JobDetails&partnerid=25771&siteid=5403&jobid=300050
BAE Systems,Phenom,Senior Systems Engineer,Engineering & Technology,,"Nashua, NH",US (CONUS),Full-time,,,,,https://sjobs.brassring.com/TGnewUI/Search/home/HomeWithPreLoad?PageType=JobDetails&partnerid=25771&siteid=5403&jobid=299632
BAE Systems,Phenom,Failure Analyst,Engineering & Technology,,"Fort Wayne, IN",US (CONUS),Full-time,,,,,https://sjobs.brassring.com/TGnewUI/Search/home/HomeWithPreLoad?PageType=JobDetails&partnerid=25771&siteid=5403&jobid=300579
BAE Systems,Phenom,"GEOINT Conveyance/Copy Editor- Springfield, VA",Intelligence,,"Springfield, VA",US (CONUS),Full-time,,,,,https://sjobs.brassring.com/TGnewUI/Search/home/HomeWithPreLoad?PageType=JobDetails&partnerid=25771&siteid=5403&jobid=300093
BAE Systems,Phenom,DoW SkillBridge Electronics Technician – IFF Systems,Engineering & Technology,,"Saint Inigoes, MD",US (CONUS),Full-time,,,,,https://sjobs.brassring.com/TGnewUI/Search/home/HomeWithPreLoad?PageType=JobDetails&partnerid=25771&siteid=5403&jobid=300642
BAE Systems,Phenom,Facilities Engineer Supervisor I,Manufacturing & Maintenance,,"Austin, TX",US (CONUS),Full-time,,,,,https://sjobs.brassring.com/TGnewUI/Search/home/HomeWithPreLoad?PageType=JobDetails&partnerid=25771&siteid=5403&jobid=301429
BAE Systems,Phenom,Subcontract Manager II,Supply Chain & Logistics,,"Maple Grove, MN",US (CONUS),Full-time,,,,,https://sjobs.brassring.com/TGnewUI/Search/home/HomeWithPreLoad?PageType=JobDetails&partnerid=25771&siteid=5403&jobid=300737
BAE Systems,Phenom,Engineering Manager III – Space Communications Engineering Manager- $15K Sign On Bonus,Engineering & Technology,,"Boulder, CO",US (CONUS),Full-time,,,,,https://sjobs.brassring.com/TGnewUI/Search/home/HomeWithPreLoad?PageType=JobDetails&partnerid=25771&siteid=5403&jobid=301015
BAE Systems,Phenom,Quality Engineering Assistant,Engineering & Technology,,"Fort Wayne, IN",US (CONUS),Full-time,,,,,https://sjobs.brassring.com/TGnewUI/Search/home/HomeWithPreLoad?PageType=JobDetails&partnerid=25771&siteid=5403&jobid=299692
BAE Systems,Phenom,Software Engineer,Engineering & Technology,,"Sterling, VA",US (CONUS),Full-time,,,,,https://sjobs.brassring.com/TGnewUI/Search/home/HomeWithPreLoad?PageType=JobDetails&partnerid=25771&siteid=5403&jobid=300988
BAE Systems,Phenom,FAST Labs Principal Engineer - EO/IR Systems ($10K Sign On Bonus),Engineering & Technology,,"Merrimack, NH",US (CONUS),Full-time,,,,,https://sjobs.brassring.com/TGnewUI/Search/home/HomeWithPreLoad?PageType=JobDetails&partnerid=25771&siteid=5403&jobid=302477
BAE Systems,Phenom,Engineering Assistant V,Manufacturing & Maintenance,,"Huntsville, AL",US (CONUS),Full-time,,,,,https://sjobs.brassring.com/TGnewUI/Search/home/HomeWithPreLoad?PageType=JobDetails&partnerid=25771&siteid=5403&jobid=300996
BAE Systems,Phenom,Ground Systems Analyst - Mid,Other Professionals,,"Quantico, VA",US (CONUS),Full-time,,,,,https://sjobs.brassring.com/TGnewUI/Search/home/HomeWithPreLoad?PageType=JobDetails&partnerid=25771&siteid=5403&jobid=300325
BAE Systems,Phenom,Engineer Principal – Systems Test - Space Vehicle (AI&T / ATLO) - $15K Sign On Bonus,Engineering & Technology,,"Boulder, CO",US (CONUS),Full-time,,,,,https://sjobs.brassring.com/TGnewUI/Search/home/HomeWithPreLoad?PageType=JobDetails&partnerid=25771&siteid=5403&jobid=302192
BAE Systems,Phenom,Senior Principal Electrical Engineer (Sign On Available),Engineering & Technology,,"Nashua, NH",US (CONUS),Full-time,,,,,https://sjobs.brassring.com/TGnewUI/Search/home/HomeWithPreLoad?PageType=JobDetails&partnerid=25771&siteid=5403&jobid=302287
BAE Systems,Phenom,Combatant Craft Field Service Engineer II,Engineering & Technology,,"Stennis Space Center, MS",US (CONUS),Full-time,,,,,https://sjobs.brassring.com/TGnewUI/Search/home/HomeWithPreLoad?PageType=JobDetails&partnerid=25771&siteid=5403&jobid=301712
BAE Systems,Phenom,LSV IAM Material Hndl/Pckg-4,Manufacturing & Maintenance,,"Louisville, KY",US (CONUS),Full-time,,,,,https://sjobs.brassring.com/TGnewUI/Search/home/HomeWithPreLoad?PageType=JobDetails&partnerid=25771&siteid=5403&jobid=300798
BAE Systems,Phenom,Subcontract Program Mgr I,Supply Chain & Logistics,,"Austin, TX",US (CONUS),Full-time,,,,,https://sjobs.brassring.com/TGnewUI/Search/home/HomeWithPreLoad?PageType=JobDetails&partnerid=25771&siteid=5403&jobid=299998
BAE Systems,Phenom,Coating Specialist,Manufacturing & Maintenance,,"Fort Walton Beach, FL",US (CONUS),Part-time,,,,,https://sjobs.brassring.com/TGnewUI/Search/home/HomeWithPreLoad?PageType=JobDetails&partnerid=25771&siteid=5403&jobid=302220
BAE Systems,Phenom,Data Engineer (SME),Engineering & Technology,,"Herndon, VA",US (CONUS),Full-time,,,,,https://sjobs.brassring.com/TGnewUI/Search/home/HomeWithPreLoad?PageType=JobDetails&partnerid=25771&siteid=5403&jobid=300228
BAE Systems,Phenom,FAST Labs - Senior Systems Engineer,Engineering & Technology,,"Merrimack, NH",US (CONUS),Full-time,,,,,https://sjobs.brassring.com/TGnewUI/Search/home/HomeWithPreLoad?PageType=JobDetails&partnerid=25771&siteid=5403&jobid=302354
BAE Systems,Phenom,Software Engineer II,Engineering & Technology,,"Totowa, NJ",US (CONUS),Full-time,,,,,https://sjobs.brassring.com/TGnewUI/Search/home/HomeWithPreLoad?PageType=JobDetails&partnerid=25771&siteid=5403&jobid=301023
BAE Systems,Phenom,"Cyber Security, Information Systems Security Officer (ISSO)",Other Professionals,,"Merrimack, NH",US (CONUS),Full-time,,,,,https://sjobs.brassring.com/TGnewUI/Search/home/HomeWithPreLoad?PageType=JobDetails&partnerid=25771&siteid=5403&jobid=300581
BAE Systems,Phenom,"Counsel, IT & Data Law",Other Professionals,,"Falls Church, VA",US (CONUS),Full-time,,,,,https://sjobs.brassring.com/TGnewUI/Search/home/HomeWithPreLoad?PageType=JobDetails&partnerid=25771&siteid=5403&jobid=300726
BAE Systems,Phenom,Fluid & Thermal Analyst,Engineering & Technology,,"Maple Grove, MN",US (CONUS),Full-time,,,,,https://sjobs.brassring.com/TGnewUI/Search/home/HomeWithPreLoad?PageType=JobDetails&partnerid=25771&siteid=5403&jobid=302080
BAE Systems,Phenom,C5ISR Electrical Engineer II,Engineering & Technology,,"California, MD",US (CONUS),Full-time,,,,,https://sjobs.brassring.com/TGnewUI/Search/home/HomeWithPreLoad?PageType=JobDetails&partnerid=25771&siteid=5403&jobid=302446
BAE Systems,Phenom,Senior Systems Engineer - IV&V,Engineering & Technology,,"Nashua, NH",US (CONUS),Full-time,,,,,https://sjobs.brassring.com/TGnewUI/Search/home/HomeWithPreLoad?PageType=JobDetails&partnerid=25771&siteid=5403&jobid=301894
BAE Systems,Phenom,Principal Optical Design Engineer - $10K Sign-On Bonus,Engineering & Technology,,"Broomfield, CO",US (CONUS),Full-time,,,,,https://sjobs.brassring.com/TGnewUI/Search/home/HomeWithPreLoad?PageType=JobDetails&partnerid=25771&siteid=5403&jobid=300224
BAE Systems,Phenom,Principal Electrical Engineer (Sign On Bonus Available),Engineering & Technology,,"Nashua, NH",US (CONUS),Full-time,,,,,https://sjobs.brassring.com/TGnewUI/Search/home/HomeWithPreLoad?PageType=JobDetails&partnerid=25771&siteid=5403&jobid=302286
BAE Systems,Phenom,Senior Engineer - Space Vehicle System Test (AI&T),Engineering & Technology,,"Boulder, CO",US (CONUS),Full-time,,,,,https://sjobs.brassring.com/TGnewUI/Search/home/HomeWithPreLoad?PageType=JobDetails&partnerid=25771&siteid=5403&jobid=302014
BAE Systems,Phenom,IT Program Manager (SME),Engineering & Technology,,"Herndon, VA",US (CONUS),Full-time,,,,,https://sjobs.brassring.com/TGnewUI/Search/home/HomeWithPreLoad?PageType=JobDetails&partnerid=25771&siteid=5403&jobid=302171
BAE Systems,Phenom,Software Engineer II – Low Level Embedded Software,Engineering & Technology,,"Merrimack, NH",US (CONUS),Full-time,,,,,https://sjobs.brassring.com/TGnewUI/Search/home/HomeWithPreLoad?PageType=JobDetails&partnerid=25771&siteid=5403&jobid=302234
BAE Systems,Phenom,Mid Enhancement Specialist Editor (DXC),Intelligence,,"Springfield, VA",US (CONUS),Full-time,,,,,https://sjobs.brassring.com/TGnewUI/Search/home/HomeWithPreLoad?PageType=JobDetails&partnerid=25771&siteid=5403&jobid=300280
BAE Systems,Phenom,Electrical Assembler II,Manufacturing & Maintenance,,"Nashua, NH",US (CONUS),Full-time,,,,,https://sjobs.brassring.com/TGnewUI/Search/home/HomeWithPreLoad?PageType=JobDetails&partnerid=25771&siteid=5403&jobid=301067
BAE Systems,Phenom,Contract Administrator II,Other Professionals,,"Norfolk, VA",US (CONUS),Full-time,,,,,https://sjobs.brassring.com/TGnewUI/Search/home/HomeWithPreLoad?PageType=JobDetails&partnerid=25771&siteid=5403&jobid=301983
BAE Systems,Phenom,Building Automation Specialist,Other Professionals,,"Nashua, NH",US (CONUS),Full-time,,,,,https://sjobs.brassring.com/TGnewUI/Search/home/HomeWithPreLoad?PageType=JobDetails&partnerid=25771&siteid=5403&jobid=300894
BAE Systems,Phenom,Cloud Pipeline Deployment Engineer (Expert),Engineering & Technology,,"Herndon, VA",US (CONUS),Full-time,,,,,https://sjobs.brassring.com/TGnewUI/Search/home/HomeWithPreLoad?PageType=JobDetails&partnerid=25771&siteid=5403&jobid=300694
BAE Systems,Phenom,Help Desk Analyst,Engineering & Technology,,"Hill AFB, UT",US (CONUS),Full-time,,,,,https://sjobs.brassring.com/TGnewUI/Search/home/HomeWithPreLoad?PageType=JobDetails&partnerid=25771&siteid=5403&jobid=302373
BAE Systems,Phenom,Development Supply Chain Program Manager,Supply Chain & Logistics,,"Nashua, NH",US (CONUS),Full-time,,,,,https://sjobs.brassring.com/TGnewUI/Search/home/HomeWithPreLoad?PageType=JobDetails&partnerid=25771&siteid=5403&jobid=301932
BAE Systems,Phenom,Senior Principal Engineer - Full-Stack Ground Software Developer,Engineering & Technology,,"Fairborn, OH",US (CONUS),Full-time,,,,,https://sjobs.brassring.com/TGnewUI/Search/home/HomeWithPreLoad?PageType=JobDetails&partnerid=25771&siteid=5403&jobid=301167
BAE Systems,Phenom,Senior Engineer - Ground Systems,Engineering & Technology,,"Aurora, CO",US (CONUS),Full-time,,,,,https://sjobs.brassring.com/TGnewUI/Search/home/HomeWithPreLoad?PageType=JobDetails&partnerid=25771&siteid=5403&jobid=301492
BAE Systems,Phenom,"Director II, IT Service Owner - ERP & Finance Services",Engineering & Technology,,"Falls Church, VA",US (CONUS),Full-time,,,,,https://sjobs.brassring.com/TGnewUI/Search/home/HomeWithPreLoad?PageType=JobDetails&partnerid=25771&siteid=5403&jobid=302073
BAE Systems,Phenom,Senior Principal System Security Lead,Engineering & Technology,,"Totowa, NJ",US (CONUS),Full-time,,,,,https://sjobs.brassring.com/TGnewUI/Search/home/HomeWithPreLoad?PageType=JobDetails&partnerid=25771&siteid=5403&jobid=301257
BAE Systems,Phenom,Systems Engineer - IV&V,Engineering & Technology,,"Huntsville, AL",US (CONUS),Full-time,,,,,https://sjobs.brassring.com/TGnewUI/Search/home/HomeWithPreLoad?PageType=JobDetails&partnerid=25771&siteid=5403&jobid=299605
BAE Systems,Phenom,Modeling and Simulation Architect,Engineering & Technology,,"Rockville, MD",US (CONUS),Full-time,,,,,https://sjobs.brassring.com/TGnewUI/Search/home/HomeWithPreLoad?PageType=JobDetails&partnerid=25771&siteid=5403&jobid=299201
BAE Systems,Phenom,"Principal Mechanical Engineer, Development (Sign On Bonus Available)",Engineering & Technology,,"Nashua, NH",US (CONUS),Full-time,,,,,https://sjobs.brassring.com/TGnewUI/Search/home/HomeWithPreLoad?PageType=JobDetails&partnerid=25771&siteid=5403&jobid=302295
BAE Systems,Phenom,Engineer II – Ground/Application Software Integration,Engineering & Technology,,"Broomfield, CO",US (CONUS),Full-time,,,,,https://sjobs.brassring.com/TGnewUI/Search/home/HomeWithPreLoad?PageType=JobDetails&partnerid=25771&siteid=5403&jobid=301823
BAE Systems,Phenom,Principal Welding Manufacturing Engineer,Engineering & Technology,,"Louisville, KY",US (CONUS),Full-time,,,,,https://sjobs.brassring.com/TGnewUI/Search/home/HomeWithPreLoad?PageType=JobDetails&partnerid=25771&siteid=5403&jobid=299791
BAE Systems,Phenom,"Program Control Analyst II, EAS Finance (Hybrid)",Finance & Accounting,,"Hudson, NH",US (CONUS),Full-time,,,,,https://sjobs.brassring.com/TGnewUI/Search/home/HomeWithPreLoad?PageType=JobDetails&partnerid=25771&siteid=5403&jobid=302033
BAE Systems,Phenom,Operations Program Manager II,Project & Program Management,,"Hudson, NH",US (CONUS),Full-time,,,,,https://sjobs.brassring.com/TGnewUI/Search/home/HomeWithPreLoad?PageType=JobDetails&partnerid=25771&siteid=5403&jobid=299925
BAE Systems,Phenom,Network Engineer (Expert),Engineering & Technology,,"Herndon, VA",US (CONUS),Full-time,,,,,https://sjobs.brassring.com/TGnewUI/Search/home/HomeWithPreLoad?PageType=JobDetails&partnerid=25771&siteid=5403&jobid=302167
BAE Systems,Phenom,Assembler I,Manufacturing & Maintenance,,"Endicott, NY",US (CONUS),Full-time,,,,,https://sjobs.brassring.com/TGnewUI/Search/home/HomeWithPreLoad?PageType=JobDetails&partnerid=25771&siteid=5403&jobid=299943
BAE Systems,Phenom,IFF Engineering Technician IV (Navy Combat Systems),Engineering & Technology,,"Saint Inigoes, MD",US (CONUS),Full-time,,,,,https://sjobs.brassring.com/TGnewUI/Search/home/HomeWithPreLoad?PageType=JobDetails&partnerid=25771&siteid=5403&jobid=301027
BAE Systems,Phenom,EMI/EMC Engineer II – $10K Sign-On Bonus,Engineering & Technology,,"Westminster, CO",US (CONUS),Full-time,,,,,https://sjobs.brassring.com/TGnewUI/Search/home/HomeWithPreLoad?PageType=JobDetails&partnerid=25771&siteid=5403&jobid=302061
BAE Systems,Phenom,Senior Flight Test Engineer/Analyst,Engineering & Technology,,"Hill AFB, UT",US (CONUS),Full-time,,,,,https://sjobs.brassring.com/TGnewUI/Search/home/HomeWithPreLoad?PageType=JobDetails&partnerid=25771&siteid=5403&jobid=301929
BAE Systems,Phenom,Loftsperson/CAD Designer,Manufacturing & Maintenance,,"San Diego, CA",US (CONUS),Full-time,,,,,https://sjobs.brassring.com/TGnewUI/Search/home/HomeWithPreLoad?PageType=JobDetails&partnerid=25771&siteid=5403&jobid=302120
BAE Systems,Phenom,Electrical Assembler II,Manufacturing & Maintenance,,"Austin, TX",US (CONUS),Full-time,,,,,https://sjobs.brassring.com/TGnewUI/Search/home/HomeWithPreLoad?PageType=JobDetails&partnerid=25771&siteid=5403&jobid=301615
BAE Systems,Phenom,Operations Program Manager - Manufacturing,Manufacturing & Maintenance,,"Maple Grove, MN",US (CONUS),Full-time,,,,,https://sjobs.brassring.com/TGnewUI/Search/home/HomeWithPreLoad?PageType=JobDetails&partnerid=25771&siteid=5403&jobid=299706
BAE Systems,Phenom,Senior Systems Engineer-Development,Engineering & Technology,,"Nashua, NH",US (CONUS),Full-time,,,,,https://sjobs.brassring.com/TGnewUI/Search/home/HomeWithPreLoad?PageType=JobDetails&partnerid=25771&siteid=5403&jobid=302087
BAE Systems,Phenom,"Mechanical Engineering Coop (Spring/Summer 2027), Onsite",Engineering & Technology,,"Cedar Rapids, IA",US (CONUS),Full-time,,,,,https://sjobs.brassring.com/TGnewUI/Search/home/HomeWithPreLoad?PageType=JobDetails&partnerid=25771&siteid=5403&jobid=301764
BAE Systems,Phenom,Hardware Engineering Lead for Large EMD Programs - Sign-on Bonus,Engineering & Technology,,"Hudson, NH",US (CONUS),Full-time,,,,,https://sjobs.brassring.com/TGnewUI/Search/home/HomeWithPreLoad?PageType=JobDetails&partnerid=25771&siteid=5403&jobid=302132
BAE Systems,Phenom,Principal Networking Site Reliability Engineer (Hybrid),Engineering & Technology,,"Merrimack, NH",US (CONUS),Full-time,,,,,https://sjobs.brassring.com/TGnewUI/Search/home/HomeWithPreLoad?PageType=JobDetails&partnerid=25771&siteid=5403&jobid=301889
BAE Systems,Phenom,Systems Engineer (Expert),Engineering & Technology,,"Herndon, VA",US (CONUS),Full-time,,,,,https://sjobs.brassring.com/TGnewUI/Search/home/HomeWithPreLoad?PageType=JobDetails&partnerid=25771&siteid=5403&jobid=300236
BAE Systems,Phenom,Design Quality Manager,Engineering & Technology,,"Hudson, NH",US (CONUS),Full-time,,,,,https://sjobs.brassring.com/TGnewUI/Search/home/HomeWithPreLoad?PageType=JobDetails&partnerid=25771&siteid=5403&jobid=302079
BAE Systems,Phenom,Security Specialist II,Other Professionals,,"Westminster, CO",US (CONUS),Full-time,,,,,https://sjobs.brassring.com/TGnewUI/Search/home/HomeWithPreLoad?PageType=JobDetails&partnerid=25771&siteid=5403&jobid=302093
BAE Systems,Phenom,Section Manager / Software Lead (Sign-on bonus available),Engineering & Technology,,"Nashua, NH",US (CONUS),Full-time,,,,,https://sjobs.brassring.com/TGnewUI/Search/home/HomeWithPreLoad?PageType=JobDetails&partnerid=25771&siteid=5403&jobid=301812
BAE Systems,Phenom,CNC Manufacturing Engineering II,Manufacturing & Maintenance,,"Aiken, SC",US (CONUS),Full-time,,,,,https://sjobs.brassring.com/TGnewUI/Search/home/HomeWithPreLoad?PageType=JobDetails&partnerid=25771&siteid=5403&jobid=302184
BAE Systems,Phenom,COMSEC Specialist (Onsite),Engineering & Technology,,"Tucson, AZ",US (CONUS),Full-time,,,,,https://sjobs.brassring.com/TGnewUI/Search/home/HomeWithPreLoad?PageType=JobDetails&partnerid=25771&siteid=5403&jobid=302364
BAE Systems,Phenom,Software Engineer,Engineering & Technology,,"Fort Meade, MD",US (CONUS),Full-time,,,,,https://sjobs.brassring.com/TGnewUI/Search/home/HomeWithPreLoad?PageType=JobDetails&partnerid=25771&siteid=5403&jobid=299969
BAE Systems,Phenom,Senior Capture Director,"Business Development, Strategy & Planning",,"McLean, VA",US (CONUS),Full-time,,,,,https://sjobs.brassring.com/TGnewUI/Search/home/HomeWithPreLoad?PageType=JobDetails&partnerid=25771&siteid=5403&jobid=301701
BAE Systems,Phenom,Microelectronics Assembly Inspector,Manufacturing & Maintenance,,"Manassas, VA",US (CONUS),Full-time,,,,,https://sjobs.brassring.com/TGnewUI/Search/home/HomeWithPreLoad?PageType=JobDetails&partnerid=25771&siteid=5403&jobid=301942
BAE Systems,Phenom,Test Equipment Engineering Assistant-2K Sign on Bonus!,Manufacturing & Maintenance,,"Greenlawn, NY",US (CONUS),Full-time,,,,,https://sjobs.brassring.com/TGnewUI/Search/home/HomeWithPreLoad?PageType=JobDetails&partnerid=25771&siteid=5403&jobid=301097
BAE Systems,Phenom,Administrative Assistant III,Other Professionals,,"Broomfield, CO",US (CONUS),Full-time,,,,,https://sjobs.brassring.com/TGnewUI/Search/home/HomeWithPreLoad?PageType=JobDetails&partnerid=25771&siteid=5403&jobid=301085
BAE Systems,Phenom,Senior Principal Software Engineer (Sign On Bonus Available),Engineering & Technology,,"Nashua, NH",US (CONUS),Full-time,,,,,https://sjobs.brassring.com/TGnewUI/Search/home/HomeWithPreLoad?PageType=JobDetails&partnerid=25771&siteid=5403&jobid=302149
BAE Systems,Phenom,Multi-Domain DevSecOps Engineer,Engineering & Technology,,"San Diego, CA",US (CONUS),Full-time,,,,,https://sjobs.brassring.com/TGnewUI/Search/home/HomeWithPreLoad?PageType=JobDetails&partnerid=25771&siteid=5403&jobid=302127
BAE Systems,Phenom,Weekend Microwave Technician II,Manufacturing & Maintenance,,"Nashua, NH",US (CONUS),Full-time,,,,,https://sjobs.brassring.com/TGnewUI/Search/home/HomeWithPreLoad?PageType=JobDetails&partnerid=25771&siteid=5403&jobid=301883
BAE Systems,Phenom,Software Configuration Manager,Engineering & Technology,,"Huntsville, AL",US (CONUS),Full-time,,,,,https://sjobs.brassring.com/TGnewUI/Search/home/HomeWithPreLoad?PageType=JobDetails&partnerid=25771&siteid=5403&jobid=300959
BAE Systems,Phenom,"Electrical Engineering Coop (Summer/Fall 2027), Onsite",Engineering & Technology,,"Cedar Rapids, IA",US (CONUS),Full-time,,,,,https://sjobs.brassring.com/TGnewUI/Search/home/HomeWithPreLoad?PageType=JobDetails&partnerid=25771&siteid=5403&jobid=301763
BAE Systems,Phenom,Program Product Support Specialist (Onsite),Engineering & Technology,,"Nashua, NH",US (CONUS),Full-time,,,,,https://sjobs.brassring.com/TGnewUI/Search/home/HomeWithPreLoad?PageType=JobDetails&partnerid=25771&siteid=5403&jobid=302432
BAE Systems,Phenom,Principal Software Engineer,Engineering & Technology,,"Nashua, NH",US (CONUS),Full-time,,,,,https://sjobs.brassring.com/TGnewUI/Search/home/HomeWithPreLoad?PageType=JobDetails&partnerid=25771&siteid=5403&jobid=300842
BAE Systems,Phenom,Multi-Domain Software Engineering Lead,Engineering & Technology,,"San Diego, CA",US (CONUS),Full-time,,,,,https://sjobs.brassring.com/TGnewUI/Search/home/HomeWithPreLoad?PageType=JobDetails&partnerid=25771&siteid=5403&jobid=301760
BAE Systems,Phenom,Lead Azure Integration Engineer,Engineering & Technology,,"Fort Walton Beach, FL",US (CONUS),Full-time,,,,,https://sjobs.brassring.com/TGnewUI/Search/home/HomeWithPreLoad?PageType=JobDetails&partnerid=25771&siteid=5403&jobid=301171
BAE Systems,Phenom,"Software Engineering Intern II, (Summer 2027) Onsite",Engineering & Technology,,"Nashua, NH",US (CONUS),Full-time,,,,,https://sjobs.brassring.com/TGnewUI/Search/home/HomeWithPreLoad?PageType=JobDetails&partnerid=25771&siteid=5403&jobid=302042
BAE Systems,Phenom,Principal Procurement Analyst,Supply Chain & Logistics,,"Nashua, NH",US (CONUS),Full-time,,,,,https://sjobs.brassring.com/TGnewUI/Search/home/HomeWithPreLoad?PageType=JobDetails&partnerid=25771&siteid=5403&jobid=300837
BAE Systems,Phenom,Manager III – Ground Development Program Manager,Project & Program Management,,"Broomfield, CO",US (CONUS),Full-time,,,,,https://sjobs.brassring.com/TGnewUI/Search/home/HomeWithPreLoad?PageType=JobDetails&partnerid=25771&siteid=5403&jobid=302092
BAE Systems,Phenom,Principal IT Systems Adminisrator,Engineering & Technology,,"Manchester, NH",US (CONUS),Full-time,,,,,https://sjobs.brassring.com/TGnewUI/Search/home/HomeWithPreLoad?PageType=JobDetails&partnerid=25771&siteid=5403&jobid=300772
BAE Systems,Phenom,Engineering Manager II – Systems Engineering,Engineering & Technology,,"Broomfield, CO",US (CONUS),Full-time,,,,,https://sjobs.brassring.com/TGnewUI/Search/home/HomeWithPreLoad?PageType=JobDetails&partnerid=25771&siteid=5403&jobid=301521
BAE Systems,Phenom,Principal PCB Design Specialist,Engineering & Technology,,"Fort Wayne, IN",US (CONUS),Full-time,,,,,https://sjobs.brassring.com/TGnewUI/Search/home/HomeWithPreLoad?PageType=JobDetails&partnerid=25771&siteid=5403&jobid=302677
BAE Systems,Phenom,Program Manager,Project & Program Management,,"Fort Worth, TX",US (CONUS),Full-time,,,,,https://sjobs.brassring.com/TGnewUI/Search/home/HomeWithPreLoad?PageType=JobDetails&partnerid=25771&siteid=5403&jobid=300099
BAE Systems,Phenom,CNC MACHINE OPERATOR II,Manufacturing & Maintenance,,"Aiken, SC",US (CONUS),Full-time,,,,,https://sjobs.brassring.com/TGnewUI/Search/home/HomeWithPreLoad?PageType=JobDetails&partnerid=25771&siteid=5403&jobid=297891
BAE Systems,Phenom,Systems Engineer Principal – Lead Systems Engineer - Sign On Bonus,Engineering & Technology,,"Boulder, CO",US (CONUS),Full-time,,,,,https://sjobs.brassring.com/TGnewUI/Search/home/HomeWithPreLoad?PageType=JobDetails&partnerid=25771&siteid=5403&jobid=302330
BAE Systems,Phenom,COMSEC Specialist (Onsite),Engineering & Technology,,"Tucson, AZ",US (CONUS),Full-time,,,,,https://sjobs.brassring.com/TGnewUI/Search/home/HomeWithPreLoad?PageType=JobDetails&partnerid=25771&siteid=5403&jobid=297158
BAE Systems,Phenom,AMOC Engineering & Integration Manager,Engineering & Technology,,"March Air Reserve Base, CA",US (CONUS),Full-time,,,,,https://sjobs.brassring.com/TGnewUI/Search/home/HomeWithPreLoad?PageType=JobDetails&partnerid=25771&siteid=5403&jobid=295759
BAE Systems,Phenom,Multi-Domain DevSecOps Engineer,Engineering & Technology,,"San Diego, CA",US (CONUS),Full-time,,,,,https://sjobs.brassring.com/TGnewUI/Search/home/HomeWithPreLoad?PageType=JobDetails&partnerid=25771&siteid=5403&jobid=302126
BAE Systems,Phenom,Product Support Analyst,Engineering & Technology,,"Rockville, MD",US (CONUS),Full-time,,,,,https://sjobs.brassring.com/TGnewUI/Search/home/HomeWithPreLoad?PageType=JobDetails&partnerid=25771&siteid=5403&jobid=302036
BAE Systems,Phenom,Network Engineer - Senior,Engineering & Technology,,"Sterling, VA",US (CONUS),Full-time,,,,,https://sjobs.brassring.com/TGnewUI/Search/home/HomeWithPreLoad?PageType=JobDetails&partnerid=25771&siteid=5403&jobid=302187
BAE Systems,Phenom,ECS TacAir Subcontracts Program Manager-II,Supply Chain & Logistics,,"Nashua, NH",US (CONUS),Full-time,,,,,https://sjobs.brassring.com/TGnewUI/Search/home/HomeWithPreLoad?PageType=JobDetails&partnerid=25771&siteid=5403&jobid=301864
BAE Systems,Phenom,Engineer II -Test Hardware Support,Engineering & Technology,,"Nashua, NH",US (CONUS),Full-time,,,,,https://sjobs.brassring.com/TGnewUI/Search/home/HomeWithPreLoad?PageType=JobDetails&partnerid=25771&siteid=5403&jobid=302103
BAE Systems,Phenom,MM III Weapon System Analyst,Engineering & Technology,,"Lompoc, CA",US (CONUS),Full-time,,,,,https://sjobs.brassring.com/TGnewUI/Search/home/HomeWithPreLoad?PageType=JobDetails&partnerid=25771&siteid=5403&jobid=210142
BAE Systems,Phenom,Pipefitter (Trade School),Manufacturing & Maintenance,,"Norfolk, VA",US (CONUS),Full-time,,,,,https://sjobs.brassring.com/TGnewUI/Search/home/HomeWithPreLoad?PageType=JobDetails&partnerid=25771&siteid=5403&jobid=299813
BAE Systems,Phenom,Hardware Engineering Lead - EO/IR products (Hybrid / Sign-on Bonus),Engineering & Technology,,"Merrimack, NH",US (CONUS),Full-time,,,,,https://sjobs.brassring.com/TGnewUI/Search/home/HomeWithPreLoad?PageType=JobDetails&partnerid=25771&siteid=5403&jobid=302064
BAE Systems,Phenom,Engineering Technologist Senior Principal (Machining) (Weekend Shift),Manufacturing & Maintenance,,"Louisville, KY",US (CONUS),Full-time,,,,,https://sjobs.brassring.com/TGnewUI/Search/home/HomeWithPreLoad?PageType=JobDetails&partnerid=25771&siteid=5403&jobid=301830
BAE Systems,Phenom,Supply Chain Program Manager,Supply Chain & Logistics,,"Austin, TX",US (CONUS),Full-time,,,,,https://sjobs.brassring.com/TGnewUI/Search/home/HomeWithPreLoad?PageType=JobDetails&partnerid=25771&siteid=5403&jobid=300200
BAE Systems,Phenom,"Senior Mechanical Engineer, Production / Sustainment (Sign On Bonus Available)",Engineering & Technology,,"Nashua, NH",US (CONUS),Full-time,,,,,https://sjobs.brassring.com/TGnewUI/Search/home/HomeWithPreLoad?PageType=JobDetails&partnerid=25771&siteid=5403&jobid=302397
BAE Systems,Phenom,Principal Production Engineering,Engineering & Technology,,"Wayne, NJ",US (CONUS),Full-time,,,,,https://sjobs.brassring.com/TGnewUI/Search/home/HomeWithPreLoad?PageType=JobDetails&partnerid=25771&siteid=5403&jobid=300074
BAE Systems,Phenom,Engineer Systems Test,Engineering & Technology,,"Colorado Springs, CO",US (CONUS),Full-time,,,,,https://sjobs.brassring.com/TGnewUI/Search/home/HomeWithPreLoad?PageType=JobDetails&partnerid=25771&siteid=5403&jobid=301527
BAE Systems,Phenom,"Financial Analyst II, Program Control (Hybrid)",Finance & Accounting,,"Manassas, VA",US (CONUS),Full-time,,,,,https://sjobs.brassring.com/TGnewUI/Search/home/HomeWithPreLoad?PageType=JobDetails&partnerid=25771&siteid=5403&jobid=301919
BAE Systems,Phenom,Senior ECS Program Engineering Manager,Engineering & Technology,,"Totowa, NJ",US (CONUS),Full-time,,,,,https://sjobs.brassring.com/TGnewUI/Search/home/HomeWithPreLoad?PageType=JobDetails&partnerid=25771&siteid=5403&jobid=302005
BAE Systems,Phenom,Jr. Language-Enabled OSINT Collector (CONUS),Intelligence,,"Patrick Space Force Base, FL",US (CONUS),Full-time,,,,,https://sjobs.brassring.com/TGnewUI/Search/home/HomeWithPreLoad?PageType=JobDetails&partnerid=25771&siteid=5403&jobid=300328
BAE Systems,Phenom,Configuration Control Rep,Engineering & Technology,,"Endicott, NY",US (CONUS),Full-time,,,,,https://sjobs.brassring.com/TGnewUI/Search/home/HomeWithPreLoad?PageType=JobDetails&partnerid=25771&siteid=5403&jobid=302007
BAE Systems,Phenom,Senior Value Stream Specialist - Weekend Days - 4th Shift,Manufacturing & Maintenance,,"Nashua, NH",US (CONUS),Full-time,,,,,https://sjobs.brassring.com/TGnewUI/Search/home/HomeWithPreLoad?PageType=JobDetails&partnerid=25771&siteid=5403&jobid=299671
BAE Systems,Phenom,Senior Engineer – Systems Operability Engineer,Engineering & Technology,,"Boulder, CO",US (CONUS),Full-time,,,,,https://sjobs.brassring.com/TGnewUI/Search/home/HomeWithPreLoad?PageType=JobDetails&partnerid=25771&siteid=5403&jobid=302378
BAE Systems,Phenom,Principal Engineer - Mission Performance,Engineering & Technology,,"Boulder, CO",US (CONUS),Full-time,,,,,https://sjobs.brassring.com/TGnewUI/Search/home/HomeWithPreLoad?PageType=JobDetails&partnerid=25771&siteid=5403&jobid=300238
BAE Systems,Phenom,Senior Subcontract Program Manager - Space Systems,Supply Chain & Logistics,,"Merrimack, NH",US (CONUS),Full-time,,,,,https://sjobs.brassring.com/TGnewUI/Search/home/HomeWithPreLoad?PageType=JobDetails&partnerid=25771&siteid=5403&jobid=301836
BAE Systems,Phenom,Senior Engineer - Space Vehicle System Test (AI&T) - $15K Sign On Bonus,Engineering & Technology,,"Boulder, CO",US (CONUS),Full-time,,,,,https://sjobs.brassring.com/TGnewUI/Search/home/HomeWithPreLoad?PageType=JobDetails&partnerid=25771&siteid=5403&jobid=302190
BAE Systems,Phenom,2nd Shift Electro-Mechanical Inspector II,Manufacturing & Maintenance,,"Nashua, NH",US (CONUS),Full-time,,,,,https://sjobs.brassring.com/TGnewUI/Search/home/HomeWithPreLoad?PageType=JobDetails&partnerid=25771&siteid=5403&jobid=301990
BAE Systems,Phenom,Principal Networking Site Reliability Engineer (Hybrid),Engineering & Technology,,"Merrimack, NH",US (CONUS),Full-time,,,,,https://sjobs.brassring.com/TGnewUI/Search/home/HomeWithPreLoad?PageType=JobDetails&partnerid=25771&siteid=5403&jobid=301888
BAE Systems,Phenom,IT Program Manager (SME),Project & Program Management,,"Dulles, VA",US (CONUS),Full-time,,,,,https://sjobs.brassring.com/TGnewUI/Search/home/HomeWithPreLoad?PageType=JobDetails&partnerid=25771&siteid=5403&jobid=301920
BAE Systems,Phenom,Expert Systems Architect (Storage),Engineering & Technology,,"Herndon, VA",US (CONUS),Full-time,,,,,https://sjobs.brassring.com/TGnewUI/Search/home/HomeWithPreLoad?PageType=JobDetails&partnerid=25771&siteid=5403&jobid=301421
BAE Systems,Phenom,Machinist V - DMG DMU 75 - 2nd Shift,Manufacturing & Maintenance,,"Boulder, CO",US (CONUS),Full-time,,,,,https://sjobs.brassring.com/TGnewUI/Search/home/HomeWithPreLoad?PageType=JobDetails&partnerid=25771&siteid=5403&jobid=302646
BAE Systems,Phenom,Supplier Quality Engineer,Engineering & Technology,,"Austin, TX",US (CONUS),Full-time,,,,,https://sjobs.brassring.com/TGnewUI/Search/home/HomeWithPreLoad?PageType=JobDetails&partnerid=25771&siteid=5403&jobid=302030
BAE Systems,Phenom,Test Tech IV Weekend 4th shift Environmental Stress Screening (ESS),Manufacturing & Maintenance,,"Nashua, NH",US (CONUS),Full-time,,,,,https://sjobs.brassring.com/TGnewUI/Search/home/HomeWithPreLoad?PageType=JobDetails&partnerid=25771&siteid=5403&jobid=301430
BAE Systems,Phenom,Cyber Security Information System Security Manager (ISSM) - Onsite,Other Professionals,,"Merrimack, NH",US (CONUS),Full-time,,,,,https://sjobs.brassring.com/TGnewUI/Search/home/HomeWithPreLoad?PageType=JobDetails&partnerid=25771&siteid=5403&jobid=302048
BAE Systems,Phenom,Sr. Director of Capability Development,Engineering & Technology,,"McLean, VA",US (CONUS),Full-time,,,,,https://sjobs.brassring.com/TGnewUI/Search/home/HomeWithPreLoad?PageType=JobDetails&partnerid=25771&siteid=5403&jobid=299985
BAE Systems,Phenom,Electronic Test Tech 1st Shift,Manufacturing & Maintenance,,"Nashua, NH",US (CONUS),Full-time,,,,,https://sjobs.brassring.com/TGnewUI/Search/home/HomeWithPreLoad?PageType=JobDetails&partnerid=25771&siteid=5403&jobid=301589
BAE Systems,Phenom,Engineer Senior Principal II - Launch Systems - $20K Sign-On Bonus,Engineering & Technology,,"Broomfield, CO",US (CONUS),Full-time,,,,,https://sjobs.brassring.com/TGnewUI/Search/home/HomeWithPreLoad?PageType=JobDetails&partnerid=25771&siteid=5403&jobid=301074
BAE Systems,Phenom,Quality Inspector III - Microelectronics,Manufacturing & Maintenance,,"Nashua, NH",US (CONUS),Full-time,,,,,https://sjobs.brassring.com/TGnewUI/Search/home/HomeWithPreLoad?PageType=JobDetails&partnerid=25771&siteid=5403&jobid=302147
BAE Systems,Phenom,Construction Manager,Project & Program Management,,"Kingsport, TN",US (CONUS),Full-time,,,,,https://sjobs.brassring.com/TGnewUI/Search/home/HomeWithPreLoad?PageType=JobDetails&partnerid=25771&siteid=5403&jobid=300247
BAE Systems,Phenom,Sr Loftsperson/CAD Designer,Engineering & Technology,,"San Diego, CA",US (CONUS),Full-time,,,,,https://sjobs.brassring.com/TGnewUI/Search/home/HomeWithPreLoad?PageType=JobDetails&partnerid=25771&siteid=5403&jobid=302136
BAE Systems,Phenom,Modeling and Simulation Architect,Engineering & Technology,,"Huntsville, AL",US (CONUS),Full-time,,,,,https://sjobs.brassring.com/TGnewUI/Search/home/HomeWithPreLoad?PageType=JobDetails&partnerid=25771&siteid=5403&jobid=300750
BAE Systems,Phenom,Program Manager II,Project & Program Management,,"Manassas, VA",US (CONUS),Full-time,,,,,https://sjobs.brassring.com/TGnewUI/Search/home/HomeWithPreLoad?PageType=JobDetails&partnerid=25771&siteid=5403&jobid=300716
BAE Systems,Phenom,Systems Administrator,Engineering & Technology,,"Springfield, VA",US (CONUS),Full-time,,,,,https://sjobs.brassring.com/TGnewUI/Search/home/HomeWithPreLoad?PageType=JobDetails&partnerid=25771&siteid=5403&jobid=302385
BAE Systems,Phenom,Principal Mechanical Engineer - Sign On Bonus Available,Engineering & Technology,,"Austin, TX",US (CONUS),Full-time,,,,,https://sjobs.brassring.com/TGnewUI/Search/home/HomeWithPreLoad?PageType=JobDetails&partnerid=25771&siteid=5403&jobid=301960
BAE Systems,Phenom,Senior Test Engineer,Engineering & Technology,,"Nashua, NH",US (CONUS),Full-time,,,,,https://sjobs.brassring.com/TGnewUI/Search/home/HomeWithPreLoad?PageType=JobDetails&partnerid=25771&siteid=5403&jobid=301979
BAE Systems,Phenom,Security Specialist I,Other Professionals,,"Nashua, NH",US (CONUS),Full-time,,,,,https://sjobs.brassring.com/TGnewUI/Search/home/HomeWithPreLoad?PageType=JobDetails&partnerid=25771&siteid=5403&jobid=300944
BAE Systems,Phenom,Electrical and RF Test Technician,Engineering & Technology,,"Fort Walton Beach, FL",US (CONUS),Full-time,,,,,https://sjobs.brassring.com/TGnewUI/Search/home/HomeWithPreLoad?PageType=JobDetails&partnerid=25771&siteid=5403&jobid=302390
BAE Systems,Phenom,Principal Software Engineer (Sign-on bonus available),Engineering & Technology,,"Nashua, NH",US (CONUS),Full-time,,,,,https://sjobs.brassring.com/TGnewUI/Search/home/HomeWithPreLoad?PageType=JobDetails&partnerid=25771&siteid=5403&jobid=302046
BAE Systems,Phenom,Section Manager / Software Lead (Sign-on bonus available),Engineering & Technology,,"Nashua, NH",US (CONUS),Full-time,,,,,https://sjobs.brassring.com/TGnewUI/Search/home/HomeWithPreLoad?PageType=JobDetails&partnerid=25771&siteid=5403&jobid=302150
BAE Systems,Phenom,Senior Engineer – Software Integration,Engineering & Technology,,"Fairborn, OH",US (CONUS),Full-time,,,,,https://sjobs.brassring.com/TGnewUI/Search/home/HomeWithPreLoad?PageType=JobDetails&partnerid=25771&siteid=5403&jobid=301169
BAE Systems,Phenom,"Senior Principal Mechanical Engineer, Development (Sign On Bonus Available)",Engineering & Technology,,"Nashua, NH",US (CONUS),Full-time,,,,,https://sjobs.brassring.com/TGnewUI/Search/home/HomeWithPreLoad?PageType=JobDetails&partnerid=25771&siteid=5403&jobid=302296
BAE Systems,Phenom,Sr. Employee Relations Partner (Sr. ERP),Other Professionals,,"Falls Church, VA",US (CONUS),Full-time,,,,,https://sjobs.brassring.com/TGnewUI/Search/home/HomeWithPreLoad?PageType=JobDetails&partnerid=25771&siteid=5403&jobid=301951
BAE Systems,Phenom,Facilities Mechanic,Other Professionals,,"Wayne, NJ",US (CONUS),Full-time,,,,,https://sjobs.brassring.com/TGnewUI/Search/home/HomeWithPreLoad?PageType=JobDetails&partnerid=25771&siteid=5403&jobid=301129
BAE Systems,Phenom,"Software Engineer, React",Engineering & Technology,,"Nashua, NH",US (CONUS),Full-time,,,,,https://sjobs.brassring.com/TGnewUI/Search/home/HomeWithPreLoad?PageType=JobDetails&partnerid=25771&siteid=5403&jobid=302493
BAE Systems,Phenom,Engineering Manager II - Engineering Ops Support,Engineering & Technology,,"Boulder, CO",US (CONUS),Full-time,,,,,https://sjobs.brassring.com/TGnewUI/Search/home/HomeWithPreLoad?PageType=JobDetails&partnerid=25771&siteid=5403&jobid=302175
BAE Systems,Phenom,Senior Network Engineer,Engineering & Technology,,"Sterling, VA",US (CONUS),Full-time,,,,,https://sjobs.brassring.com/TGnewUI/Search/home/HomeWithPreLoad?PageType=JobDetails&partnerid=25771&siteid=5403&jobid=300989
BAE Systems,Phenom,Program Control Analyst II (Hybrid),Finance & Accounting,,"Nashua, NH",US (CONUS),Full-time,,,,,https://sjobs.brassring.com/TGnewUI/Search/home/HomeWithPreLoad?PageType=JobDetails&partnerid=25771&siteid=5403&jobid=302563
BAE Systems,Phenom,Systems Engineer Sr Principal – Chief Systems Engineer - Sign On Bonus,Engineering & Technology,,"Boulder, CO",US (CONUS),Full-time,,,,,https://sjobs.brassring.com/TGnewUI/Search/home/HomeWithPreLoad?PageType=JobDetails&partnerid=25771&siteid=5403&jobid=302331
BAE Systems,Phenom,Senior Training Specialist - Talent Development,Other Professionals,,"Broomfield, CO",US (CONUS),Full-time,,,,,https://sjobs.brassring.com/TGnewUI/Search/home/HomeWithPreLoad?PageType=JobDetails&partnerid=25771&siteid=5403&jobid=302631
BAE Systems,Phenom,Structural Craft Supervisor (3rd Shift),Manufacturing & Maintenance,,"San Diego, CA",US (CONUS),Full-time,,,,,https://sjobs.brassring.com/TGnewUI/Search/home/HomeWithPreLoad?PageType=JobDetails&partnerid=25771&siteid=5403&jobid=301393
BAE Systems,Phenom,Material Handler II,Supply Chain & Logistics,,"Nashua, NH",US (CONUS),Full-time,,,,,https://sjobs.brassring.com/TGnewUI/Search/home/HomeWithPreLoad?PageType=JobDetails&partnerid=25771&siteid=5403&jobid=300777
BAE Systems,Phenom,Principal DevOps Engineer (Hybrid),Engineering & Technology,,"Merrimack, NH",US (CONUS),Full-time,,,,,https://sjobs.brassring.com/TGnewUI/Search/home/HomeWithPreLoad?PageType=JobDetails&partnerid=25771&siteid=5403&jobid=300719
BAE Systems,Phenom,Senior Systems Engineer-Performance and Simulation,Engineering & Technology,,"Nashua, NH",US (CONUS),Full-time,,,,,https://sjobs.brassring.com/TGnewUI/Search/home/HomeWithPreLoad?PageType=JobDetails&partnerid=25771&siteid=5403&jobid=302013
BAE Systems,Phenom,Quality Engineer - Microelectronics Manufacturing (2nd Shift),Engineering & Technology,,"Nashua, NH",US (CONUS),Full-time,,,,,https://sjobs.brassring.com/TGnewUI/Search/home/HomeWithPreLoad?PageType=JobDetails&partnerid=25771&siteid=5403&jobid=301333
BAE Systems,Phenom,Cybersecurity Specialist,Engineering & Technology,,"SE Albuquerque, NM",US (CONUS),Full-time,,,,,https://sjobs.brassring.com/TGnewUI/Search/home/HomeWithPreLoad?PageType=JobDetails&partnerid=25771&siteid=5403&jobid=302169
BAE Systems,Phenom,EO/IR Pointing & Tracking - Systems Engineering Lead,Engineering & Technology,,"Austin, TX",US (CONUS),Full-time,,,,,https://sjobs.brassring.com/TGnewUI/Search/home/HomeWithPreLoad?PageType=JobDetails&partnerid=25771&siteid=5403&jobid=302797
BAE Systems,Phenom,"Sr Imagery Analyst - Falls Church, VA",Intelligence,,"Falls Church, VA",US (CONUS),Full-time,,,,,https://sjobs.brassring.com/TGnewUI/Search/home/HomeWithPreLoad?PageType=JobDetails&partnerid=25771&siteid=5403&jobid=301109
BAE Systems,Phenom,"Automation Technician, Electronics",Engineering & Technology,,"Port Orchard, WA",US (CONUS),Full-time,,,,,https://sjobs.brassring.com/TGnewUI/Search/home/HomeWithPreLoad?PageType=JobDetails&partnerid=25771&siteid=5403&jobid=301305
BAE Systems,Phenom,ICBM GN&C Engineer,Engineering & Technology,,"Hill AFB, UT",US (CONUS),Full-time,,,,,https://sjobs.brassring.com/TGnewUI/Search/home/HomeWithPreLoad?PageType=JobDetails&partnerid=25771&siteid=5403&jobid=299699
BAE Systems,Phenom,Product Stream Manager - LRASM / Conformal Antennas,Manufacturing & Maintenance,,"Merrimack, NH",US (CONUS),Full-time,,,,,https://sjobs.brassring.com/TGnewUI/Search/home/HomeWithPreLoad?PageType=JobDetails&partnerid=25771&siteid=5403&jobid=301691
BAE Systems,Phenom,P&S Vice President - Information Technology & Digital Officer,Engineering & Technology,,"Falls Church, VA",US (CONUS),Full-time,,,,,https://sjobs.brassring.com/TGnewUI/Search/home/HomeWithPreLoad?PageType=JobDetails&partnerid=25771&siteid=5403&jobid=302308
BAE Systems,Phenom,Supplier Manufacturing Engineer,Engineering & Technology,,"Nashua, NH",US (CONUS),Full-time,,,,,https://sjobs.brassring.com/TGnewUI/Search/home/HomeWithPreLoad?PageType=JobDetails&partnerid=25771&siteid=5403&jobid=301886
BAE Systems,Phenom,Integrated Logistics/Integrated Product Support Lead,Engineering & Technology,,"Nashua, NH",US (CONUS),Full-time,,,,,https://sjobs.brassring.com/TGnewUI/Search/home/HomeWithPreLoad?PageType=JobDetails&partnerid=25771&siteid=5403&jobid=302531
BAE Systems,Phenom,"Program Area Director, Airborne Tactical Radios (ATR)",Project & Program Management,,"Fort Wayne, IN",US (CONUS),Full-time,,,,,https://sjobs.brassring.com/TGnewUI/Search/home/HomeWithPreLoad?PageType=JobDetails&partnerid=25771&siteid=5403&jobid=302541
BAE Systems,Phenom,FMV Task Lead,Intelligence,,"McLean, VA",US (CONUS),Full-time,,,,,https://sjobs.brassring.com/TGnewUI/Search/home/HomeWithPreLoad?PageType=JobDetails&partnerid=25771&siteid=5403&jobid=302810
BAE Systems,Phenom,Journeymen Pipefitter,Manufacturing & Maintenance,,"Norfolk, VA",US (CONUS),Full-time,,,,,https://sjobs.brassring.com/TGnewUI/Search/home/HomeWithPreLoad?PageType=JobDetails&partnerid=25771&siteid=5403&jobid=298545
BAE Systems,Phenom,Weapons Maintenance Lead,Engineering & Technology,,"Wallops Island, VA",US (CONUS),Full-time,,,,,https://sjobs.brassring.com/TGnewUI/Search/home/HomeWithPreLoad?PageType=JobDetails&partnerid=25771&siteid=5403&jobid=302737
BAE Systems,Phenom,Test Technician III-$5k Sign on!,Engineering & Technology,,"Wayne, NJ",US (CONUS),Full-time,,,,,https://sjobs.brassring.com/TGnewUI/Search/home/HomeWithPreLoad?PageType=JobDetails&partnerid=25771&siteid=5403&jobid=299766
BAE Systems,Phenom,Engineer Senior – Structural,Engineering & Technology,,"Boulder, CO",US (CONUS),Full-time,,,,,https://sjobs.brassring.com/TGnewUI/Search/home/HomeWithPreLoad?PageType=JobDetails&partnerid=25771&siteid=5403&jobid=302442
BAE Systems,Phenom,Software Configuration Analyst Senior,Engineering & Technology,,"Broomfield, CO",US (CONUS),Full-time,,,,,https://sjobs.brassring.com/TGnewUI/Search/home/HomeWithPreLoad?PageType=JobDetails&partnerid=25771&siteid=5403&jobid=300100
BAE Systems,Phenom,Senior ServiceNow Developer,Engineering & Technology,,"Sterling, VA",US (CONUS),Full-time,,,,,https://sjobs.brassring.com/TGnewUI/Search/home/HomeWithPreLoad?PageType=JobDetails&partnerid=25771&siteid=5403&jobid=302028
BAE Systems,Phenom,Systems Engineer,Engineering & Technology,,"Nashua, NH",US (CONUS),Full-time,,,,,https://sjobs.brassring.com/TGnewUI/Search/home/HomeWithPreLoad?PageType=JobDetails&partnerid=25771&siteid=5403&jobid=301895
BAE Systems,Phenom,Weekend Laser Seal Eng 2 – Weekend Split Shift,Manufacturing & Maintenance,,"Nashua, NH",US (CONUS),Full-time,,,,,https://sjobs.brassring.com/TGnewUI/Search/home/HomeWithPreLoad?PageType=JobDetails&partnerid=25771&siteid=5403&jobid=300421
BAE Systems,Phenom,Supply Chain Program Manager,Supply Chain & Logistics,,"Fort Wayne, IN",US (CONUS),Full-time,,,,,https://sjobs.brassring.com/TGnewUI/Search/home/HomeWithPreLoad?PageType=JobDetails&partnerid=25771&siteid=5403&jobid=302299
BAE Systems,Phenom,Principal Contracts Administrator,Other Professionals,,"Hudson, NH",US (CONUS),Full-time,,,,,https://sjobs.brassring.com/TGnewUI/Search/home/HomeWithPreLoad?PageType=JobDetails&partnerid=25771&siteid=5403&jobid=301995
BAE Systems,Phenom,Electrical Assembler III,Manufacturing & Maintenance,,"Nashua, NH",US (CONUS),Full-time,,,,,https://sjobs.brassring.com/TGnewUI/Search/home/HomeWithPreLoad?PageType=JobDetails&partnerid=25771&siteid=5403&jobid=301072
BAE Systems,Phenom,Jr. Visual Information Specialist,Intelligence,,"Reston, VA",US (CONUS),Full-time,,,,,https://sjobs.brassring.com/TGnewUI/Search/home/HomeWithPreLoad?PageType=JobDetails&partnerid=25771&siteid=5403&jobid=301081
BAE Systems,Phenom,Director - Program Capability,Project & Program Management,,"York, PA",US (CONUS),Full-time,,,,,https://sjobs.brassring.com/TGnewUI/Search/home/HomeWithPreLoad?PageType=JobDetails&partnerid=25771&siteid=5403&jobid=301946
BAE Systems,Phenom,Windows DevOps Cloud Engineer,Engineering & Technology,,"Austin, TX",US (CONUS),Full-time,,,,,https://sjobs.brassring.com/TGnewUI/Search/home/HomeWithPreLoad?PageType=JobDetails&partnerid=25771&siteid=5403&jobid=301234
BAE Systems,Phenom,ACES Program Manager I,Project & Program Management,,"Nashua, NH",US (CONUS),Full-time,,,,,https://sjobs.brassring.com/TGnewUI/Search/home/HomeWithPreLoad?PageType=JobDetails&partnerid=25771&siteid=5403&jobid=301312
BAE Systems,Phenom,"Test Technician IV, 3rd Shift",Manufacturing & Maintenance,,"Nashua, NH",US (CONUS),Full-time,,,,,https://sjobs.brassring.com/TGnewUI/Search/home/HomeWithPreLoad?PageType=JobDetails&partnerid=25771&siteid=5403&jobid=301340
BAE Systems,Phenom,Proposals Director,"Business Development, Strategy & Planning",,"McLean, VA",US (CONUS),Full-time,,,,,https://sjobs.brassring.com/TGnewUI/Search/home/HomeWithPreLoad?PageType=JobDetails&partnerid=25771&siteid=5403&jobid=301484
BAE Systems,Phenom,MM III Modeling and Simulation Lead,Engineering & Technology,,"Hill AFB, UT",US (CONUS),Full-time,,,,,https://sjobs.brassring.com/TGnewUI/Search/home/HomeWithPreLoad?PageType=JobDetails&partnerid=25771&siteid=5403&jobid=302445
BAE Systems,Phenom,Principal Systems Engineer - Anti-Tamper,Engineering & Technology,,"Nashua, NH",US (CONUS),Full-time,,,,,https://sjobs.brassring.com/TGnewUI/Search/home/HomeWithPreLoad?PageType=JobDetails&partnerid=25771&siteid=5403&jobid=301310
BAE Systems,Phenom,F-35 Program Manager,Project & Program Management,,"Nashua, NH",US (CONUS),Full-time,,,,,https://sjobs.brassring.com/TGnewUI/Search/home/HomeWithPreLoad?PageType=JobDetails&partnerid=25771&siteid=5403&jobid=301553
BAE Systems,Phenom,Senior Digital Electrical Engineer,Engineering & Technology,,"Nashua, NH",US (CONUS),Full-time,,,,,https://sjobs.brassring.com/TGnewUI/Search/home/HomeWithPreLoad?PageType=JobDetails&partnerid=25771&siteid=5403&jobid=301242
BAE Systems,Phenom,CAS Aftermarket Assembler II,Manufacturing & Maintenance,,"Endicott, NY",US (CONUS),Full-time,,,,,https://sjobs.brassring.com/TGnewUI/Search/home/HomeWithPreLoad?PageType=JobDetails&partnerid=25771&siteid=5403&jobid=301653
BAE Systems,Phenom,Section Manager,Engineering & Technology,,"Nashua, NH",US (CONUS),Full-time,,,,,https://sjobs.brassring.com/TGnewUI/Search/home/HomeWithPreLoad?PageType=JobDetails&partnerid=25771&siteid=5403&jobid=301356
BAE Systems,Phenom,Quality Inspector -Union,Other Professionals,,"San Diego, CA",US (CONUS),Full-time,,,,,https://sjobs.brassring.com/TGnewUI/Search/home/HomeWithPreLoad?PageType=JobDetails&partnerid=25771&siteid=5403&jobid=300671
BAE Systems,Phenom,Principal II Systems Engineer - EOIR (SEIT & IV&V Lead),Engineering & Technology,,"Austin, TX",US (CONUS),Full-time,,,,,https://sjobs.brassring.com/TGnewUI/Search/home/HomeWithPreLoad?PageType=JobDetails&partnerid=25771&siteid=5403&jobid=302800
BAE Systems,Phenom,WAF Authorization Coordinator,Project & Program Management,,"San Diego, CA",US (CONUS),Full-time,,,,,https://sjobs.brassring.com/TGnewUI/Search/home/HomeWithPreLoad?PageType=JobDetails&partnerid=25771&siteid=5403&jobid=302277
BAE Systems,Phenom,Office Manager / Business Ops Analyst,Other Professionals,,"Hill AFB, UT",US (CONUS),Full-time,,,,,https://sjobs.brassring.com/TGnewUI/Search/home/HomeWithPreLoad?PageType=JobDetails&partnerid=25771&siteid=5403&jobid=302472
BAE Systems,Phenom,APKWS Production Program Manager,Project & Program Management,,"Hudson, NH",US (CONUS),Full-time,,,,,https://sjobs.brassring.com/TGnewUI/Search/home/HomeWithPreLoad?PageType=JobDetails&partnerid=25771&siteid=5403&jobid=302683
BAE Systems,Phenom,Plant Engineering Functional Support Specialist (Onsite),Manufacturing & Maintenance,,"Manchester, NH",US (CONUS),Full-time,,,,,https://sjobs.brassring.com/TGnewUI/Search/home/HomeWithPreLoad?PageType=JobDetails&partnerid=25771&siteid=5403&jobid=301488
BAE Systems,Phenom,ICBM Sustainment Electrical Engineer,Engineering & Technology,,"Hill AFB, UT",US (CONUS),Full-time,,,,,https://sjobs.brassring.com/TGnewUI/Search/home/HomeWithPreLoad?PageType=JobDetails&partnerid=25771&siteid=5403&jobid=301538
BAE Systems,Phenom,Process Automation Specialist,Finance & Accounting,,"Charlotte, NC",US (CONUS),Full-time,,,,,https://sjobs.brassring.com/TGnewUI/Search/home/HomeWithPreLoad?PageType=JobDetails&partnerid=25771&siteid=5403&jobid=302659
BAE Systems,Phenom,Electrical Assembler II,Manufacturing & Maintenance,,"Austin, TX",US (CONUS),Full-time,,,,,https://sjobs.brassring.com/TGnewUI/Search/home/HomeWithPreLoad?PageType=JobDetails&partnerid=25771&siteid=5403&jobid=301614
BAE Systems,Phenom,Mechanical Engineering Manager / Section Lead,Engineering & Technology,,"Merrimack, NH",US (CONUS),Full-time,,,,,https://sjobs.brassring.com/TGnewUI/Search/home/HomeWithPreLoad?PageType=JobDetails&partnerid=25771&siteid=5403&jobid=302833
BAE Systems,Phenom,Software Developer,Intelligence,,"Reston, VA",US (CONUS),Full-time,,,,,https://sjobs.brassring.com/TGnewUI/Search/home/HomeWithPreLoad?PageType=JobDetails&partnerid=25771&siteid=5403&jobid=302400
BAE Systems,Phenom,Technician III – Aerospace Test Technician,Engineering & Technology,,"Broomfield, CO",US (CONUS),Full-time,,,,,https://sjobs.brassring.com/TGnewUI/Search/home/HomeWithPreLoad?PageType=JobDetails&partnerid=25771&siteid=5403&jobid=301758
BAE Systems,Phenom,Senior Engineer – Ground/Application Software Integration,Engineering & Technology,,"Broomfield, CO",US (CONUS),Full-time,,,,,https://sjobs.brassring.com/TGnewUI/Search/home/HomeWithPreLoad?PageType=JobDetails&partnerid=25771&siteid=5403&jobid=301822
BAE Systems,Phenom,Space Vehicle Systems Project Engineer I,Engineering & Technology,,"Boulder, CO",US (CONUS),Full-time,,,,,https://sjobs.brassring.com/TGnewUI/Search/home/HomeWithPreLoad?PageType=JobDetails&partnerid=25771&siteid=5403&jobid=302522
BAE Systems,Phenom,FAST Labs - Senior Principal II Software Engineer ($20K Sign On Bonus),Engineering & Technology,,"Merrimack, NH",US (CONUS),Full-time,,,,,https://sjobs.brassring.com/TGnewUI/Search/home/HomeWithPreLoad?PageType=JobDetails&partnerid=25771&siteid=5403&jobid=302431
BAE Systems,Phenom,Senior Principal Optical Engineer,Engineering & Technology,,"Austin, TX",US (CONUS),Full-time,,,,,https://sjobs.brassring.com/TGnewUI/Search/home/HomeWithPreLoad?PageType=JobDetails&partnerid=25771&siteid=5403&jobid=297587
BAE Systems,Phenom,Sr Principal Electrical Engineer,Engineering & Technology,,"Huntsville, AL",US (CONUS),Full-time,,,,,https://sjobs.brassring.com/TGnewUI/Search/home/HomeWithPreLoad?PageType=JobDetails&partnerid=25771&siteid=5403&jobid=300677
BAE Systems,Phenom,Senior Counsel,Other Professionals,,"Arlington, VA",US (CONUS),Full-time,,,,,https://sjobs.brassring.com/TGnewUI/Search/home/HomeWithPreLoad?PageType=JobDetails&partnerid=25771&siteid=5403&jobid=298475
BAE Systems,Phenom,Air Defense SME,Engineering & Technology,,"Wallops Island, VA",US (CONUS),Full-time,,,,,https://sjobs.brassring.com/TGnewUI/Search/home/HomeWithPreLoad?PageType=JobDetails&partnerid=25771&siteid=5403&jobid=298979
BAE Systems,Phenom,Supply Chain Logistics Manager,Supply Chain & Logistics,,"Endicott, NY",US (CONUS),Full-time,,,,,https://sjobs.brassring.com/TGnewUI/Search/home/HomeWithPreLoad?PageType=JobDetails&partnerid=25771&siteid=5403&jobid=299374
BAE Systems,Phenom,Contract Administrator II - Hybrid,Other Professionals,,"Manchester, NH",US (CONUS),Full-time,,,,,https://sjobs.brassring.com/TGnewUI/Search/home/HomeWithPreLoad?PageType=JobDetails&partnerid=25771&siteid=5403&jobid=301345
BAE Systems,Phenom,Systems Engineer IVV (Sign-On Bonus),Engineering & Technology,,"Nashua, NH",US (CONUS),Full-time,,,,,https://sjobs.brassring.com/TGnewUI/Search/home/HomeWithPreLoad?PageType=JobDetails&partnerid=25771&siteid=5403&jobid=296657
BAE Systems,Phenom,Project Analyst/Scheduler,Project & Program Management,,"Saint Inigoes, MD",US (CONUS),Full-time,,,,,https://sjobs.brassring.com/TGnewUI/Search/home/HomeWithPreLoad?PageType=JobDetails&partnerid=25771&siteid=5403&jobid=298938
BAE Systems,Phenom,Engineering Assistant IV 1st Shift,Manufacturing & Maintenance,,"Austin, TX",US (CONUS),Full-time,,,,,https://sjobs.brassring.com/TGnewUI/Search/home/HomeWithPreLoad?PageType=JobDetails&partnerid=25771&siteid=5403&jobid=302318
BAE Systems,Phenom,Senior Component Engineer,Engineering & Technology,,"Fort Wayne, IN",US (CONUS),Full-time,,,,,https://sjobs.brassring.com/TGnewUI/Search/home/HomeWithPreLoad?PageType=JobDetails&partnerid=25771&siteid=5403&jobid=302369
BAE Systems,Phenom,Assembler III,Manufacturing & Maintenance,,"Greenlawn, NY",US (CONUS),Full-time,,,,,https://sjobs.brassring.com/TGnewUI/Search/home/HomeWithPreLoad?PageType=JobDetails&partnerid=25771&siteid=5403&jobid=301776
BAE Systems,Phenom,Principal Engineering Drafter,Engineering & Technology,,"Hill AFB, UT",US (CONUS),Full-time,,,,,https://sjobs.brassring.com/TGnewUI/Search/home/HomeWithPreLoad?PageType=JobDetails&partnerid=25771&siteid=5403&jobid=301730
BAE Systems,Phenom,Operations Program Manager III - Radio Frequency Effects,Project & Program Management,,"Merrimack, NH",US (CONUS),Full-time,,,,,https://sjobs.brassring.com/TGnewUI/Search/home/HomeWithPreLoad?PageType=JobDetails&partnerid=25771&siteid=5403&jobid=301517
BAE Systems,Phenom,Senior Systems Engineer - TeamWork (TWC) and Cameo,Engineering & Technology,,"Sterling, VA",US (CONUS),Full-time,,,,,https://sjobs.brassring.com/TGnewUI/Search/home/HomeWithPreLoad?PageType=JobDetails&partnerid=25771&siteid=5403&jobid=302026
BAE Systems,Phenom,Navy Air Traffic Control Systems Technician III/IV,Engineering & Technology,,"San Diego, CA",US (CONUS),Full-time,,,,,https://sjobs.brassring.com/TGnewUI/Search/home/HomeWithPreLoad?PageType=JobDetails&partnerid=25771&siteid=5403&jobid=301443
BAE Systems,Phenom,Dir II - Programs,Project & Program Management,,"Nashua, NH",US (CONUS),Full-time,,,,,https://sjobs.brassring.com/TGnewUI/Search/home/HomeWithPreLoad?PageType=JobDetails&partnerid=25771&siteid=5403&jobid=302237
BAE Systems,Phenom,Project Manager - Advanced Capabilities and Integration,Project & Program Management,,"Hill AFB, UT",US (CONUS),Full-time,,,,,https://sjobs.brassring.com/TGnewUI/Search/home/HomeWithPreLoad?PageType=JobDetails&partnerid=25771&siteid=5403&jobid=302112
BAE Systems,Phenom,Director of Business Development - C4ISR/AC&S (Remote),"Business Development, Strategy & Planning",,"Wayne, NJ",US (CONUS),Full-time,,,,,https://sjobs.brassring.com/TGnewUI/Search/home/HomeWithPreLoad?PageType=JobDetails&partnerid=25771&siteid=5403&jobid=302163
BAE Systems,Phenom,APKWS Development - Operations Program Manager II,Project & Program Management,,"Hudson, NH",US (CONUS),Full-time,,,,,https://sjobs.brassring.com/TGnewUI/Search/home/HomeWithPreLoad?PageType=JobDetails&partnerid=25771&siteid=5403&jobid=300384
BAE Systems,Phenom,Lead Embedded Software Engineer,Engineering & Technology,,"Endicott, NY",US (CONUS),Full-time,,,,,https://sjobs.brassring.com/TGnewUI/Search/home/HomeWithPreLoad?PageType=JobDetails&partnerid=25771&siteid=5403&jobid=300910
BAE Systems,Phenom,AEWS Program Manager,Project & Program Management,,"Nashua, NH",US (CONUS),Full-time,,,,,https://sjobs.brassring.com/TGnewUI/Search/home/HomeWithPreLoad?PageType=JobDetails&partnerid=25771&siteid=5403&jobid=302513
BAE Systems,Phenom,Entry‑Level Scrum Master – Digital Architecture Team (DAT),Engineering & Technology,,"Nashua, NH",US (CONUS),Full-time,,,,,https://sjobs.brassring.com/TGnewUI/Search/home/HomeWithPreLoad?PageType=JobDetails&partnerid=25771&siteid=5403&jobid=299745
BAE Systems,Phenom,Electronic Support Measures Principal Systems Engineer,Engineering & Technology,,"Nashua, NH",US (CONUS),Full-time,,,,,https://sjobs.brassring.com/TGnewUI/Search/home/HomeWithPreLoad?PageType=JobDetails&partnerid=25771&siteid=5403&jobid=301053
BAE Systems,Phenom,Program Manager II – Ground Development,Project & Program Management,,"Broomfield, CO",US (CONUS),Full-time,,,,,https://sjobs.brassring.com/TGnewUI/Search/home/HomeWithPreLoad?PageType=JobDetails&partnerid=25771&siteid=5403&jobid=300636
BAE Systems,Phenom,Cost Accountant (Hybrid),Finance & Accounting,,"Fort Wayne, IN",US (CONUS),Full-time,,,,,https://sjobs.brassring.com/TGnewUI/Search/home/HomeWithPreLoad?PageType=JobDetails&partnerid=25771&siteid=5403&jobid=302514
BAE Systems,Phenom,Test Technician III- 2nd Shift,Engineering & Technology,,"Nashua, NH",US (CONUS),Full-time,,,,,https://sjobs.brassring.com/TGnewUI/Search/home/HomeWithPreLoad?PageType=JobDetails&partnerid=25771&siteid=5403&jobid=301104
BAE Systems,Phenom,FAST Labs - Senior Principal II Software Engineer - C++ CUDA ($25K Sign-on Bonus),Engineering & Technology,,"Merrimack, NH",US (CONUS),Full-time,,,,,https://sjobs.brassring.com/TGnewUI/Search/home/HomeWithPreLoad?PageType=JobDetails&partnerid=25771&siteid=5403&jobid=302424
BAE Systems,Phenom,Security Specialist II - Onsite,Other Professionals,,"San Diego, CA",US (CONUS),Full-time,,,,,https://sjobs.brassring.com/TGnewUI/Search/home/HomeWithPreLoad?PageType=JobDetails&partnerid=25771&siteid=5403&jobid=300483
BAE Systems,Phenom,"Software Developer, Senior",Engineering & Technology,,"Herndon, VA",US (CONUS),Full-time,,,,,https://sjobs.brassring.com/TGnewUI/Search/home/HomeWithPreLoad?PageType=JobDetails&partnerid=25771&siteid=5403&jobid=302282
BAE Systems,Phenom,Craft Supervisor I - Inside Machine Shop,Manufacturing & Maintenance,,"Norfolk, VA",US (CONUS),Full-time,,,,,https://sjobs.brassring.com/TGnewUI/Search/home/HomeWithPreLoad?PageType=JobDetails&partnerid=25771&siteid=5403&jobid=300451
BAE Systems,Phenom,Safety Health and Environment Specialist,Other Professionals,,"Hudson, NH",US (CONUS),Full-time,,,,,https://sjobs.brassring.com/TGnewUI/Search/home/HomeWithPreLoad?PageType=JobDetails&partnerid=25771&siteid=5403&jobid=300315
BAE Systems,Phenom,IT Project Manager (Multimedia),Project & Program Management,,"Herndon, VA",US (CONUS),Full-time,,,,,https://sjobs.brassring.com/TGnewUI/Search/home/HomeWithPreLoad?PageType=JobDetails&partnerid=25771&siteid=5403&jobid=301347
BAE Systems,Phenom,Acoustics Production Program Manager,Project & Program Management,,"Hudson, NH",US (CONUS),Full-time,,,,,https://sjobs.brassring.com/TGnewUI/Search/home/HomeWithPreLoad?PageType=JobDetails&partnerid=25771&siteid=5403&jobid=300616
BAE Systems,Phenom,Implementations/Activations Network Engineer,Engineering & Technology,,"Scott AFB, IL",US (CONUS),Full-time,,,,,https://sjobs.brassring.com/TGnewUI/Search/home/HomeWithPreLoad?PageType=JobDetails&partnerid=25771&siteid=5403&jobid=301387
BAE Systems,Phenom,Deputy Hardware Engineering Lead for New Development Programs,Engineering & Technology,,"Hudson, NH",US (CONUS),Full-time,,,,,https://sjobs.brassring.com/TGnewUI/Search/home/HomeWithPreLoad?PageType=JobDetails&partnerid=25771&siteid=5403&jobid=302134
BAE Systems,Phenom,Senior Scheduler,Project & Program Management,,"Norfolk, VA",US (CONUS),Full-time,,,,,https://sjobs.brassring.com/TGnewUI/Search/home/HomeWithPreLoad?PageType=JobDetails&partnerid=25771&siteid=5403&jobid=301037
BAE Systems,Phenom,Operations Research Analyst – Construction Cost Engineering,Project & Program Management,,"Kingsport, TN",US (CONUS),Full-time,,,,,https://sjobs.brassring.com/TGnewUI/Search/home/HomeWithPreLoad?PageType=JobDetails&partnerid=25771&siteid=5403&jobid=300018
BAE Systems,Phenom,Senior Software Engineer – Seeker Market Expansion,Engineering & Technology,,"Huntsville, AL",US (CONUS),Full-time,,,,,https://sjobs.brassring.com/TGnewUI/Search/home/HomeWithPreLoad?PageType=JobDetails&partnerid=25771&siteid=5403&jobid=301446
BAE Systems,Phenom,Shared Drive Engineer (SME),Engineering & Technology,,"Herndon, VA",US (CONUS),Full-time,,,,,https://sjobs.brassring.com/TGnewUI/Search/home/HomeWithPreLoad?PageType=JobDetails&partnerid=25771&siteid=5403&jobid=300167
BAE Systems,Phenom,Field Service Tech IV,Engineering & Technology,,"Westminster, CO",US (CONUS),Full-time,,,,,https://sjobs.brassring.com/TGnewUI/Search/home/HomeWithPreLoad?PageType=JobDetails&partnerid=25771&siteid=5403&jobid=300806
BAE Systems,Phenom,Data Engineer,Engineering & Technology,,"Fort Walton Beach, FL",US (CONUS),Full-time,,,,,https://sjobs.brassring.com/TGnewUI/Search/home/HomeWithPreLoad?PageType=JobDetails&partnerid=25771&siteid=5403&jobid=302159
BAE Systems,Phenom,FAST Labs - Microelectronics Program Manager,Engineering & Technology,,"Nashua, NH",US (CONUS),Full-time,,,,,https://sjobs.brassring.com/TGnewUI/Search/home/HomeWithPreLoad?PageType=JobDetails&partnerid=25771&siteid=5403&jobid=302497
BAE Systems,Phenom,"Cyber Security, Information Systems Security Manager (ISSM) - Onsite",Other Professionals,,"Merrimack, NH",US (CONUS),Full-time,,,,,https://sjobs.brassring.com/TGnewUI/Search/home/HomeWithPreLoad?PageType=JobDetails&partnerid=25771&siteid=5403&jobid=302070
BAE Systems,Phenom,Space Payload Prin Software Engineer - SIGN-ON BONUS,Engineering & Technology,,"Manassas, VA",US (CONUS),Full-time,,,,,https://sjobs.brassring.com/TGnewUI/Search/home/HomeWithPreLoad?PageType=JobDetails&partnerid=25771&siteid=5403&jobid=300987
BAE Systems,Phenom,Development Program Manager,Project & Program Management,,"Wayne, NJ",US (CONUS),Full-time,,,,,https://sjobs.brassring.com/TGnewUI/Search/home/HomeWithPreLoad?PageType=JobDetails&partnerid=25771&siteid=5403&jobid=302090
BAE Systems,Phenom,"Program Manager, GFE Networks - Onsite",Project & Program Management,,"Merrimack, NH",US (CONUS),Full-time,,,,,https://sjobs.brassring.com/TGnewUI/Search/home/HomeWithPreLoad?PageType=JobDetails&partnerid=25771&siteid=5403&jobid=301440
BAE Systems,Phenom,Principal Software Engineer – Algorithm Team,Engineering & Technology,,"Merrimack, NH",US (CONUS),Full-time,,,,,https://sjobs.brassring.com/TGnewUI/Search/home/HomeWithPreLoad?PageType=JobDetails&partnerid=25771&siteid=5403&jobid=301051
BAE Systems,Phenom,Principal Software Engineer – Production Support,Engineering & Technology,,"Nashua, NH",US (CONUS),Full-time,,,,,https://sjobs.brassring.com/TGnewUI/Search/home/HomeWithPreLoad?PageType=JobDetails&partnerid=25771&siteid=5403&jobid=301924
BAE Systems,Phenom,Senior Electrical and Instrumentation Engineer,Engineering & Technology,,"Kingsport, TN",US (CONUS),Full-time,,,,,https://sjobs.brassring.com/TGnewUI/Search/home/HomeWithPreLoad?PageType=JobDetails&partnerid=25771&siteid=5403&jobid=300865
BAE Systems,Phenom,System Integration Program Area Manager,Project & Program Management,,"Rockville, MD",US (CONUS),Full-time,,,,,https://sjobs.brassring.com/TGnewUI/Search/home/HomeWithPreLoad?PageType=JobDetails&partnerid=25771&siteid=5403&jobid=301099
BAE Systems,Phenom,Sr. Principal Procurement Systems Analyst [REMOTE JOB],Supply Chain & Logistics,,"Fort Walton Beach, FL",US (CONUS),Full-time,,,,,https://sjobs.brassring.com/TGnewUI/Search/home/HomeWithPreLoad?PageType=JobDetails&partnerid=25771&siteid=5403&jobid=302102
BAE Systems,Phenom,Supplier Quality Engineer - Remote in the Northeastern Region of U.S.,Engineering & Technology,,"Nashua, NH",US (CONUS),Full-time,,,,,https://sjobs.brassring.com/TGnewUI/Search/home/HomeWithPreLoad?PageType=JobDetails&partnerid=25771&siteid=5403&jobid=301190
BAE Systems,Phenom,"Modeling, Simulation and Analysis Systems Engineer",Engineering & Technology,,"Nashua, NH",US (CONUS),Full-time,,,,,https://sjobs.brassring.com/TGnewUI/Search/home/HomeWithPreLoad?PageType=JobDetails&partnerid=25771&siteid=5403&jobid=301212
BAE Systems,Phenom,ACES Capture Program Manager,Project & Program Management,,"Nashua, NH",US (CONUS),Full-time,,,,,https://sjobs.brassring.com/TGnewUI/Search/home/HomeWithPreLoad?PageType=JobDetails&partnerid=25771&siteid=5403&jobid=300547
BAE Systems,Phenom,EOIR Systems Engineering Lead,Engineering & Technology,,"Merrimack, NH",US (CONUS),Full-time,,,,,https://sjobs.brassring.com/TGnewUI/Search/home/HomeWithPreLoad?PageType=JobDetails&partnerid=25771&siteid=5403&jobid=302701
BAE Systems,Phenom,Facilities Project Manager,Project & Program Management,,"Merrimack, NH",US (CONUS),Full-time,,,,,https://sjobs.brassring.com/TGnewUI/Search/home/HomeWithPreLoad?PageType=JobDetails&partnerid=25771&siteid=5403&jobid=301101
BAE Systems,Phenom,Multi-Domain DevSecOps Engineer,Engineering & Technology,,"San Diego, CA",US (CONUS),Full-time,,,,,https://sjobs.brassring.com/TGnewUI/Search/home/HomeWithPreLoad?PageType=JobDetails&partnerid=25771&siteid=5403&jobid=301934
BAE Systems,Phenom,Requirements Systems Engineer,Engineering & Technology,,"Rockville, MD",US (CONUS),Full-time,,,,,https://sjobs.brassring.com/TGnewUI/Search/home/HomeWithPreLoad?PageType=JobDetails&partnerid=25771&siteid=5403&jobid=301343
BAE Systems,Phenom,"Director III, Artificial Intelligence & Data Services",Engineering & Technology,,"Falls Church, VA",US (CONUS),Full-time,,,,,https://sjobs.brassring.com/TGnewUI/Search/home/HomeWithPreLoad?PageType=JobDetails&partnerid=25771&siteid=5403&jobid=301403
BAE Systems,Phenom,Senior Principal Software Engineer,Engineering & Technology,,"Totowa, NJ",US (CONUS),Full-time,,,,,https://sjobs.brassring.com/TGnewUI/Search/home/HomeWithPreLoad?PageType=JobDetails&partnerid=25771&siteid=5403&jobid=301299
BAE Systems,Phenom,Navigation Technician,Manufacturing & Maintenance,,"Wallops Island, VA",US (CONUS),Full-time,,,,,https://sjobs.brassring.com/TGnewUI/Search/home/HomeWithPreLoad?PageType=JobDetails&partnerid=25771&siteid=5403&jobid=300830
BAE Systems,Phenom,Senior Principal Digital Signal Processing (DSP) Engineer,Engineering & Technology,,"Hudson, NH",US (CONUS),Full-time,,,,,https://sjobs.brassring.com/TGnewUI/Search/home/HomeWithPreLoad?PageType=JobDetails&partnerid=25771&siteid=5403&jobid=302062
BAE Systems,Phenom,Technical Fellow Senior Principal III - EOIR Payload Architect,Engineering & Technology,,"Broomfield, CO",US (CONUS),Full-time,,,,,https://sjobs.brassring.com/TGnewUI/Search/home/HomeWithPreLoad?PageType=JobDetails&partnerid=25771&siteid=5403&jobid=300776
BAE Systems,Phenom,Principal EW Modeling & Simulation Engineer,Engineering & Technology,,"Nashua, NH",US (CONUS),Full-time,,,,,https://sjobs.brassring.com/TGnewUI/Search/home/HomeWithPreLoad?PageType=JobDetails&partnerid=25771&siteid=5403&jobid=302202
BAE Systems,Phenom,Systems Software Engineer,Engineering & Technology,,"Hill AFB, UT",US (CONUS),Full-time,,,,,https://sjobs.brassring.com/TGnewUI/Search/home/HomeWithPreLoad?PageType=JobDetails&partnerid=25771&siteid=5403&jobid=300855
BAE Systems,Phenom,MMIC CAD/Layout Specialist,Engineering & Technology,,"Nashua, NH",US (CONUS),Full-time,,,,,https://sjobs.brassring.com/TGnewUI/Search/home/HomeWithPreLoad?PageType=JobDetails&partnerid=25771&siteid=5403&jobid=302689
BAE Systems,Phenom,Senior Systems Engineer,Engineering & Technology,,"Hill AFB, UT",US (CONUS),Full-time,,,,,https://sjobs.brassring.com/TGnewUI/Search/home/HomeWithPreLoad?PageType=JobDetails&partnerid=25771&siteid=5403&jobid=301972
BAE Systems,Phenom,IT Program Manager,Project & Program Management,,"Sterling, VA",US (CONUS),Full-time,,,,,https://sjobs.brassring.com/TGnewUI/Search/home/HomeWithPreLoad?PageType=JobDetails&partnerid=25771&siteid=5403&jobid=302823
BAE Systems,Phenom,PMO Framework and Lifecycle Enablement Sr. Prin.,Project & Program Management,,"Fort Walton Beach, FL",US (CONUS),Full-time,,,,,https://sjobs.brassring.com/TGnewUI/Search/home/HomeWithPreLoad?PageType=JobDetails&partnerid=25771&siteid=5403&jobid=302880
BAE Systems,Phenom,Network Engineer,Engineering & Technology,,"Fort Belvoir, VA",US (CONUS),Full-time,,,,,https://sjobs.brassring.com/TGnewUI/Search/home/HomeWithPreLoad?PageType=JobDetails&partnerid=25771&siteid=5403&jobid=301473
BAE Systems,Phenom,Quality Inspector II - Microelectronics - 1st Shift,Manufacturing & Maintenance,,"Nashua, NH",US (CONUS),Full-time,,,,,https://sjobs.brassring.com/TGnewUI/Search/home/HomeWithPreLoad?PageType=JobDetails&partnerid=25771&siteid=5403&jobid=302143
BAE Systems,Phenom,Senior Principal Reliability Engineer - Hybrid,Engineering & Technology,,"Wayne, NJ",US (CONUS),Full-time,,,,,https://sjobs.brassring.com/TGnewUI/Search/home/HomeWithPreLoad?PageType=JobDetails&partnerid=25771&siteid=5403&jobid=302873
BAE Systems,Phenom,Senior Facilities Structural/Civil Engineer,Engineering & Technology,,"Broomfield, CO",US (CONUS),Full-time,,,,,https://sjobs.brassring.com/TGnewUI/Search/home/HomeWithPreLoad?PageType=JobDetails&partnerid=25771&siteid=5403&jobid=302024
BAE Systems,Phenom,Collateral Program/Contracts Security Representative,Other Professionals,,"Nashua, NH",US (CONUS),Full-time,,,,,https://sjobs.brassring.com/TGnewUI/Search/home/HomeWithPreLoad?PageType=JobDetails&partnerid=25771&siteid=5403&jobid=302567
BAE Systems,Phenom,Linux Administrator,Engineering & Technology,,"Aberdeen Proving Ground, MD",US (CONUS),Full-time,,,,,https://sjobs.brassring.com/TGnewUI/Search/home/HomeWithPreLoad?PageType=JobDetails&partnerid=25771&siteid=5403&jobid=301729
BAE Systems,Phenom,Engineer II – Electrical,Engineering & Technology,,"WP AFB, OH",US (CONUS),Full-time,,,,,https://sjobs.brassring.com/TGnewUI/Search/home/HomeWithPreLoad?PageType=JobDetails&partnerid=25771&siteid=5403&jobid=302555
BAE Systems,Phenom,Engineer II – Core Systems Engineering - $5k Sign On Bonus,Engineering & Technology,,"Boulder, CO",US (CONUS),Full-time,,,,,https://sjobs.brassring.com/TGnewUI/Search/home/HomeWithPreLoad?PageType=JobDetails&partnerid=25771&siteid=5403&jobid=301044
BAE Systems,Phenom,Principal RF Electrical Engineer (Sign On Bonus Available),Engineering & Technology,,"Austin, TX",US (CONUS),Full-time,,,,,https://sjobs.brassring.com/TGnewUI/Search/home/HomeWithPreLoad?PageType=JobDetails&partnerid=25771&siteid=5403&jobid=302742
BAE Systems,Phenom,Sr Supplier Quality Engineer,Other Professionals,,"Fort Wayne, IN",US (CONUS),Full-time,,,,,https://sjobs.brassring.com/TGnewUI/Search/home/HomeWithPreLoad?PageType=JobDetails&partnerid=25771&siteid=5403&jobid=302820
BAE Systems,Phenom,Senior-Principal Electrical Engineer - CCA Designer (Hybrid / Sign-on Bonus),Engineering & Technology,,"Merrimack, NH",US (CONUS),Full-time,,,,,https://sjobs.brassring.com/TGnewUI/Search/home/HomeWithPreLoad?PageType=JobDetails&partnerid=25771&siteid=5403&jobid=296771
BAE Systems,Phenom,Software Manager / Section Lead,Engineering & Technology,,"Austin, TX",US (CONUS),Full-time,,,,,https://sjobs.brassring.com/TGnewUI/Search/home/HomeWithPreLoad?PageType=JobDetails&partnerid=25771&siteid=5403&jobid=300646
BAE Systems,Phenom,F35 Flight Test Manager,Engineering & Technology,,"Fort Worth, TX",US (CONUS),Full-time,,,,,https://sjobs.brassring.com/TGnewUI/Search/home/HomeWithPreLoad?PageType=JobDetails&partnerid=25771&siteid=5403&jobid=301327
BAE Systems,Phenom,Lead Master Scheduler,Project & Program Management,,"Sterling Heights, MI",US (CONUS),Full-time,,,,,https://sjobs.brassring.com/TGnewUI/Search/home/HomeWithPreLoad?PageType=JobDetails&partnerid=25771&siteid=5403&jobid=300904
BAE Systems,Phenom,Advanced Laminate Composite Technician -Sign on Bonus!,Manufacturing & Maintenance,,"Merrimack, NH",US (CONUS),Full-time,,,,,https://sjobs.brassring.com/TGnewUI/Search/home/HomeWithPreLoad?PageType=JobDetails&partnerid=25771&siteid=5403&jobid=301688
BAE Systems,Phenom,Program Manager I - Engine Systems (Hybrid),Project & Program Management,,"Fort Wayne, IN",US (CONUS),Full-time,,,,,https://sjobs.brassring.com/TGnewUI/Search/home/HomeWithPreLoad?PageType=JobDetails&partnerid=25771&siteid=5403&jobid=299254
BAE Systems,Phenom,FAST Labs Senior Principal II Engineer - Electrical Digital Lead,Engineering & Technology,,"Merrimack, NH",US (CONUS),Full-time,,,,,https://sjobs.brassring.com/TGnewUI/Search/home/HomeWithPreLoad?PageType=JobDetails&partnerid=25771&siteid=5403&jobid=301546
BAE Systems,Phenom,Principal Site Reliability Engineer (Hybrid),Engineering & Technology,,"Merrimack, NH",US (CONUS),Full-time,,,,,https://sjobs.brassring.com/TGnewUI/Search/home/HomeWithPreLoad?PageType=JobDetails&partnerid=25771&siteid=5403&jobid=301824
BAE Systems,Phenom,Quality Analyst Sr,Other Professionals,,"Norfolk, VA",US (CONUS),Full-time,,,,,https://sjobs.brassring.com/TGnewUI/Search/home/HomeWithPreLoad?PageType=JobDetails&partnerid=25771&siteid=5403&jobid=302897
BAE Systems,Phenom,Systems Engineering Lead - Radar Development Programs,Engineering & Technology,,"Huntsville, AL",US (CONUS),Full-time,,,,,https://sjobs.brassring.com/TGnewUI/Search/home/HomeWithPreLoad?PageType=JobDetails&partnerid=25771&siteid=5403&jobid=301500
BAE Systems,Phenom,Director of Supplier Quality,Other Professionals,,"Fort Wayne, IN",US (CONUS),Full-time,,,,,https://sjobs.brassring.com/TGnewUI/Search/home/HomeWithPreLoad?PageType=JobDetails&partnerid=25771&siteid=5403&jobid=298606
BAE Systems,Phenom,Senior Linux Administrator,Engineering & Technology,,"Stennis Space Center, MS",US (CONUS),Full-time,,,,,https://sjobs.brassring.com/TGnewUI/Search/home/HomeWithPreLoad?PageType=JobDetails&partnerid=25771&siteid=5403&jobid=299734
BAE Systems,Phenom,Subcontract Program Manager,Supply Chain & Logistics,,"Merrimack, NH",US (CONUS),Full-time,,,,,https://sjobs.brassring.com/TGnewUI/Search/home/HomeWithPreLoad?PageType=JobDetails&partnerid=25771&siteid=5403&jobid=298757
BAE Systems,Phenom,Principal Electrical Engineer (Sign On Bonus Available),Engineering & Technology,,"Austin, TX",US (CONUS),Full-time,,,,,https://sjobs.brassring.com/TGnewUI/Search/home/HomeWithPreLoad?PageType=JobDetails&partnerid=25771&siteid=5403&jobid=302739
BAE Systems,Phenom,Senior Electrical Engineer,Engineering & Technology,,"Hill AFB, UT",US (CONUS),Full-time,,,,,https://sjobs.brassring.com/TGnewUI/Search/home/HomeWithPreLoad?PageType=JobDetails&partnerid=25771&siteid=5403&jobid=302542
BAE Systems,Phenom,Cyber Systems Analyst - Mid,Other Professionals,,"Quantico, VA",US (CONUS),Full-time,,,,,https://sjobs.brassring.com/TGnewUI/Search/home/HomeWithPreLoad?PageType=JobDetails&partnerid=25771&siteid=5403&jobid=300320
BAE Systems,Phenom,YRK USW Welder (Hobart),Manufacturing & Maintenance,,"York, PA",US (CONUS),Full-time,,,,,https://sjobs.brassring.com/TGnewUI/Search/home/HomeWithPreLoad?PageType=JobDetails&partnerid=25771&siteid=5403&jobid=299013
BAE Systems,Phenom,CAS Director III Supply Chain,Supply Chain & Logistics,,"Fort Wayne, IN",US (CONUS),Full-time,,,,,https://sjobs.brassring.com/TGnewUI/Search/home/HomeWithPreLoad?PageType=JobDetails&partnerid=25771&siteid=5403&jobid=302602
BAE Systems,Phenom,EO/IR Systems Engineering Lead,Engineering & Technology,,"Merrimack, NH",US (CONUS),Full-time,,,,,https://sjobs.brassring.com/TGnewUI/Search/home/HomeWithPreLoad?PageType=JobDetails&partnerid=25771&siteid=5403&jobid=302674
BAE Systems,Phenom,M365 OneDrive & Endpoint Services Engineer (Expert),Engineering & Technology,,"Herndon, VA",US (CONUS),Full-time,,,,,https://sjobs.brassring.com/TGnewUI/Search/home/HomeWithPreLoad?PageType=JobDetails&partnerid=25771&siteid=5403&jobid=299984
BAE Systems,Phenom,Software Project Manager,Engineering & Technology,,"Sterling Heights, MI",US (CONUS),Full-time,,,,,https://sjobs.brassring.com/TGnewUI/Search/home/HomeWithPreLoad?PageType=JobDetails&partnerid=25771&siteid=5403&jobid=301316
BAE Systems,Phenom,Program Control Analyst II (Hybrid),Finance & Accounting,,"Wayne, NJ",US (CONUS),Full-time,,,,,https://sjobs.brassring.com/TGnewUI/Search/home/HomeWithPreLoad?PageType=JobDetails&partnerid=25771&siteid=5403&jobid=300336
BAE Systems,Phenom,Systems Engineer,Engineering & Technology,,"Huntsville, AL",US (CONUS),Full-time,,,,,https://sjobs.brassring.com/TGnewUI/Search/home/HomeWithPreLoad?PageType=JobDetails&partnerid=25771&siteid=5403&jobid=301283
BAE Systems,Phenom,Engineer Senior – Ground/Application Software,Engineering & Technology,,"Aurora, CO",US (CONUS),Full-time,,,,,https://sjobs.brassring.com/TGnewUI/Search/home/HomeWithPreLoad?PageType=JobDetails&partnerid=25771&siteid=5403&jobid=301505
BAE Systems,Phenom,Electronic Test Tech 2nd Shift,Manufacturing & Maintenance,,"Nashua, NH",US (CONUS),Full-time,,,,,https://sjobs.brassring.com/TGnewUI/Search/home/HomeWithPreLoad?PageType=JobDetails&partnerid=25771&siteid=5403&jobid=301336
BAE Systems,Phenom,Import Export Anst Prin,Other Professionals,,"Sterling Heights, MI",US (CONUS),Full-time,,,,,https://sjobs.brassring.com/TGnewUI/Search/home/HomeWithPreLoad?PageType=JobDetails&partnerid=25771&siteid=5403&jobid=301398
BAE Systems,Phenom,Principal Systems Administrator - Onsite,Engineering & Technology,,"Hudson, NH",US (CONUS),Full-time,,,,,https://sjobs.brassring.com/TGnewUI/Search/home/HomeWithPreLoad?PageType=JobDetails&partnerid=25771&siteid=5403&jobid=300248
BAE Systems,Phenom,Contracts Leadership Development Program - AMS,Other Professionals,,"Nashua, NH",US (CONUS),Full-time,,,,,https://sjobs.brassring.com/TGnewUI/Search/home/HomeWithPreLoad?PageType=JobDetails&partnerid=25771&siteid=5403&jobid=302536
BAE Systems,Phenom,Software Engineer,Engineering & Technology,,"Annapolis Junction, MD",US (CONUS),Full-time,,,,,https://sjobs.brassring.com/TGnewUI/Search/home/HomeWithPreLoad?PageType=JobDetails&partnerid=25771&siteid=5403&jobid=300801
BAE Systems,Phenom,Project Manager – Sentinel Launch Execution Team,Project & Program Management,,"Hill AFB, UT",US (CONUS),Full-time,,,,,https://sjobs.brassring.com/TGnewUI/Search/home/HomeWithPreLoad?PageType=JobDetails&partnerid=25771&siteid=5403&jobid=300933
BAE Systems,Phenom,Operations Program Manager,Project & Program Management,,"Greenlawn, NY",US (CONUS),Full-time,,,,,https://sjobs.brassring.com/TGnewUI/Search/home/HomeWithPreLoad?PageType=JobDetails&partnerid=25771&siteid=5403&jobid=300350
BAE Systems,Phenom,Maritime Communications Program Manager,Project & Program Management,,"Hudson, NH",US (CONUS),Full-time,,,,,https://sjobs.brassring.com/TGnewUI/Search/home/HomeWithPreLoad?PageType=JobDetails&partnerid=25771&siteid=5403&jobid=301066
BAE Systems,Phenom,Supplier Quality Technician,Other Professionals,,"Fort Wayne, IN",US (CONUS),Full-time,,,,,https://sjobs.brassring.com/TGnewUI/Search/home/HomeWithPreLoad?PageType=JobDetails&partnerid=25771&siteid=5403&jobid=301878
BAE Systems,Phenom,Hardware Engineering Lead for a Large Development Programs - Sign-on Bonus,Engineering & Technology,,"Hudson, NH",US (CONUS),Full-time,,,,,https://sjobs.brassring.com/TGnewUI/Search/home/HomeWithPreLoad?PageType=JobDetails&partnerid=25771&siteid=5403&jobid=302133
BAE Systems,Phenom,Junior Service Delivery Executive [REMOTE JOB],Engineering & Technology,,"Nashua, NH",US (CONUS),Full-time,,,,,https://sjobs.brassring.com/TGnewUI/Search/home/HomeWithPreLoad?PageType=JobDetails&partnerid=25771&siteid=5403&jobid=300313
BAE Systems,Phenom,Subcontract Administrator,Supply Chain & Logistics,,"York, PA",US (CONUS),Full-time,,,,,https://sjobs.brassring.com/TGnewUI/Search/home/HomeWithPreLoad?PageType=JobDetails&partnerid=25771&siteid=5403&jobid=300441
BAE Systems,Phenom,Senior Systems Engineer - ATA/ATR Algorithms Lead,Engineering & Technology,,"Huntsville, AL",US (CONUS),Full-time,,,,,https://sjobs.brassring.com/TGnewUI/Search/home/HomeWithPreLoad?PageType=JobDetails&partnerid=25771&siteid=5403&jobid=301896
BAE Systems,Phenom,Digital Signal Processing (DSP) Engineer,Engineering & Technology,,"Hudson, NH",US (CONUS),Full-time,,,,,https://sjobs.brassring.com/TGnewUI/Search/home/HomeWithPreLoad?PageType=JobDetails&partnerid=25771&siteid=5403&jobid=302399
BAE Systems,Phenom,Senior Subcontract Program manager,Supply Chain & Logistics,,"Merrimack, NH",US (CONUS),Full-time,,,,,https://sjobs.brassring.com/TGnewUI/Search/home/HomeWithPreLoad?PageType=JobDetails&partnerid=25771&siteid=5403&jobid=301177
BAE Systems,Phenom,Network Engineer - Senior,Engineering & Technology,,"Sterling, VA",US (CONUS),Full-time,,,,,https://sjobs.brassring.com/TGnewUI/Search/home/HomeWithPreLoad?PageType=JobDetails&partnerid=25771&siteid=5403&jobid=302458
BAE Systems,Phenom,FAST Labs - Software Engineer - Early Career Levels - Secret,Engineering & Technology,,"Merrimack, NH",US (CONUS),Full-time,,,,,https://sjobs.brassring.com/TGnewUI/Search/home/HomeWithPreLoad?PageType=JobDetails&partnerid=25771&siteid=5403&jobid=301408
BAE Systems,Phenom,Manufacturing Engineering Manager,Engineering & Technology,,"Fort Walton Beach, FL",US (CONUS),Full-time,,,,,https://sjobs.brassring.com/TGnewUI/Search/home/HomeWithPreLoad?PageType=JobDetails&partnerid=25771&siteid=5403&jobid=300725
BAE Systems,Phenom,"Software Developer, Expert",Engineering & Technology,,"Herndon, VA",US (CONUS),Full-time,,,,,https://sjobs.brassring.com/TGnewUI/Search/home/HomeWithPreLoad?PageType=JobDetails&partnerid=25771&siteid=5403&jobid=302283
BAE Systems,Phenom,Project Engineer Associate,Engineering & Technology,,"Boulder, CO",US (CONUS),Full-time,,,,,https://sjobs.brassring.com/TGnewUI/Search/home/HomeWithPreLoad?PageType=JobDetails&partnerid=25771&siteid=5403&jobid=301107
BAE Systems,Phenom,Maintenace HVAC & Facilities,Manufacturing & Maintenance,,"Fort Wayne, IN",US (CONUS),Full-time,,,,,https://sjobs.brassring.com/TGnewUI/Search/home/HomeWithPreLoad?PageType=JobDetails&partnerid=25771&siteid=5403&jobid=302527
BAE Systems,Phenom,Senior Principal Systems Engineer,Engineering & Technology,,"Totowa, NJ",US (CONUS),Full-time,,,,,https://sjobs.brassring.com/TGnewUI/Search/home/HomeWithPreLoad?PageType=JobDetails&partnerid=25771&siteid=5403&jobid=302717
BAE Systems,Phenom,Manager III - Systems Engineering,Engineering & Technology,,"Broomfield, CO",US (CONUS),Full-time,,,,,https://sjobs.brassring.com/TGnewUI/Search/home/HomeWithPreLoad?PageType=JobDetails&partnerid=25771&siteid=5403&jobid=301525
BAE Systems,Phenom,Senior Production Quality Manager,Manufacturing & Maintenance,,"Cedar Rapids, IA",US (CONUS),Full-time,,,,,https://sjobs.brassring.com/TGnewUI/Search/home/HomeWithPreLoad?PageType=JobDetails&partnerid=25771&siteid=5403&jobid=302221
BAE Systems,Phenom,Financial Analyst Sr,Finance & Accounting,,"Sterling Heights, MI",US (CONUS),Full-time,,,,,https://sjobs.brassring.com/TGnewUI/Search/home/HomeWithPreLoad?PageType=JobDetails&partnerid=25771&siteid=5403&jobid=302121
BAE Systems,Phenom,"Linux System Administration, Senior - Linux Space Systems Support",Engineering & Technology,,"Westminster, CO",US (CONUS),Full-time,,,,,https://sjobs.brassring.com/TGnewUI/Search/home/HomeWithPreLoad?PageType=JobDetails&partnerid=25771&siteid=5403&jobid=302170
BAE Systems,Phenom,Program Manager II,Project & Program Management,,"Nashua, NH",US (CONUS),Full-time,,,,,https://sjobs.brassring.com/TGnewUI/Search/home/HomeWithPreLoad?PageType=JobDetails&partnerid=25771&siteid=5403&jobid=301142
BAE Systems,Phenom,IT Systems Administrator II,Engineering & Technology,,"Merrimack, NH",US (CONUS),Full-time,,,,,https://sjobs.brassring.com/TGnewUI/Search/home/HomeWithPreLoad?PageType=JobDetails&partnerid=25771&siteid=5403&jobid=302441
BAE Systems,Phenom,Director of Contracts - Norfolk Maritime Solutions,Other Professionals,,"Norfolk, VA",US (CONUS),Full-time,,,,,https://sjobs.brassring.com/TGnewUI/Search/home/HomeWithPreLoad?PageType=JobDetails&partnerid=25771&siteid=5403&jobid=298681
BAE Systems,Phenom,Electrical Engineer - Sr Principal - Facilities,Project & Program Management,,"Merrimack, NH",US (CONUS),Full-time,,,,,https://sjobs.brassring.com/TGnewUI/Search/home/HomeWithPreLoad?PageType=JobDetails&partnerid=25771&siteid=5403&jobid=298179
BAE Systems,Phenom,Craft Supervisor I - Outside Machine Shop,Manufacturing & Maintenance,,"Norfolk, VA",US (CONUS),Full-time,,,,,https://sjobs.brassring.com/TGnewUI/Search/home/HomeWithPreLoad?PageType=JobDetails&partnerid=25771&siteid=5403&jobid=298417
BAE Systems,Phenom,Linux Engineer (Senior),Engineering & Technology,,"Herndon, VA",US (CONUS),Full-time,,,,,https://sjobs.brassring.com/TGnewUI/Search/home/HomeWithPreLoad?PageType=JobDetails&partnerid=25771&siteid=5403&jobid=293737
BAE Systems,Phenom,Weld Production Supervisor - 2nd Shift (Weekends) Value Stream,Manufacturing & Maintenance,,"Louisville, KY",US (CONUS),Full-time,,,,,https://sjobs.brassring.com/TGnewUI/Search/home/HomeWithPreLoad?PageType=JobDetails&partnerid=25771&siteid=5403&jobid=297579
BAE Systems,Phenom,Engineer II – Systems – Launch Systems Integration,Engineering & Technology,,"Broomfield, CO",US (CONUS),Full-time,,,,,https://sjobs.brassring.com/TGnewUI/Search/home/HomeWithPreLoad?PageType=JobDetails&partnerid=25771&siteid=5403&jobid=299160
BAE Systems,Phenom,Industrial HVAC Technician,Manufacturing & Maintenance,,"Radford, VA",US (CONUS),Full-time,,,,,https://sjobs.brassring.com/TGnewUI/Search/home/HomeWithPreLoad?PageType=JobDetails&partnerid=25771&siteid=5403&jobid=296857
BAE Systems,Phenom,2nd Shift - Customer Compliance Representative II,Project & Program Management,,"Fort Wayne, IN",US (CONUS),Full-time,,,,,https://sjobs.brassring.com/TGnewUI/Search/home/HomeWithPreLoad?PageType=JobDetails&partnerid=25771&siteid=5403&jobid=299482
BAE Systems,Phenom,Mechanical Engineer - Sr. Principal - Facilities,Project & Program Management,,"Merrimack, NH",US (CONUS),Full-time,,,,,https://sjobs.brassring.com/TGnewUI/Search/home/HomeWithPreLoad?PageType=JobDetails&partnerid=25771&siteid=5403&jobid=298182
BAE Systems,Phenom,Senior Mechanical Designer / Mechanical Drafter,Engineering & Technology,,"Hudson, NH",US (CONUS),Full-time,,,,,https://sjobs.brassring.com/TGnewUI/Search/home/HomeWithPreLoad?PageType=JobDetails&partnerid=25771&siteid=5403&jobid=295538
BAE Systems,Phenom,Electrical Assembler I,Manufacturing & Maintenance,,"Austin, TX",US (CONUS),Full-time,,,,,https://sjobs.brassring.com/TGnewUI/Search/home/HomeWithPreLoad?PageType=JobDetails&partnerid=25771&siteid=5403&jobid=301612
BAE Systems,Phenom,Supplier Manufacturing Engineer,Engineering & Technology,,"Nashua, NH",US (CONUS),Full-time,,,,,https://sjobs.brassring.com/TGnewUI/Search/home/HomeWithPreLoad?PageType=JobDetails&partnerid=25771&siteid=5403&jobid=301887
BAE Systems,Phenom,Test Tech II,Manufacturing & Maintenance,,"Austin, TX",US (CONUS),Full-time,,,,,https://sjobs.brassring.com/TGnewUI/Search/home/HomeWithPreLoad?PageType=JobDetails&partnerid=25771&siteid=5403&jobid=301611
BAE Systems,Phenom,Multi-Domain DevSecOps Engineer,Engineering & Technology,,"San Diego, CA",US (CONUS),Full-time,,,,,https://sjobs.brassring.com/TGnewUI/Search/home/HomeWithPreLoad?PageType=JobDetails&partnerid=25771&siteid=5403&jobid=301933
BAE Systems,Phenom,Program Engineering Manager II,Engineering & Technology,,"Nashua, NH",US (CONUS),Full-time,,,,,https://sjobs.brassring.com/TGnewUI/Search/home/HomeWithPreLoad?PageType=JobDetails&partnerid=25771&siteid=5403&jobid=301253
BAE Systems,Phenom,Aftermarket Repair Quality Manager,Other Professionals,,"Fort Wayne, IN",US (CONUS),Full-time,,,,,https://sjobs.brassring.com/TGnewUI/Search/home/HomeWithPreLoad?PageType=JobDetails&partnerid=25771&siteid=5403&jobid=301561
BAE Systems,Phenom,Environmental Test Technician,Manufacturing & Maintenance,,"Manassas, VA",US (CONUS),Full-time,,,,,https://sjobs.brassring.com/TGnewUI/Search/home/HomeWithPreLoad?PageType=JobDetails&partnerid=25771&siteid=5403&jobid=301415
BAE Systems,Phenom,Operations Excellence Director -Austin Texas,Manufacturing & Maintenance,,"Austin, TX",US (CONUS),Full-time,,,,,https://sjobs.brassring.com/TGnewUI/Search/home/HomeWithPreLoad?PageType=JobDetails&partnerid=25771&siteid=5403&jobid=301518
BAE Systems,Phenom,Systems Software Engineering Intern – Embedded Systems,Engineering & Technology,,"Huntsville, AL",US (CONUS),Full-time,,,,,https://sjobs.brassring.com/TGnewUI/Search/home/HomeWithPreLoad?PageType=JobDetails&partnerid=25771&siteid=5403&jobid=300148
BAE Systems,Phenom,Configuration Analyst I,Engineering & Technology,,"Sterling Heights, MI",US (CONUS),Full-time,,,,,https://sjobs.brassring.com/TGnewUI/Search/home/HomeWithPreLoad?PageType=JobDetails&partnerid=25771&siteid=5403&jobid=301458
BAE Systems,Phenom,Engineer Senior Principal II – Ground and Application Software,Engineering & Technology,,"Aurora, CO",US (CONUS),Full-time,,,,,https://sjobs.brassring.com/TGnewUI/Search/home/HomeWithPreLoad?PageType=JobDetails&partnerid=25771&siteid=5403&jobid=301510
BAE Systems,Phenom,Senior System Test Engineer - Mechanisms and Test Scripts - $10K Sign on Bonus,Engineering & Technology,,"Boulder, CO",US (CONUS),Full-time,,,,,https://sjobs.brassring.com/TGnewUI/Search/home/HomeWithPreLoad?PageType=JobDetails&partnerid=25771&siteid=5403&jobid=301608
BAE Systems,Phenom,Principle RF/Microwave Engineer,Engineering & Technology,,"Nashua, NH",US (CONUS),Full-time,,,,,https://sjobs.brassring.com/TGnewUI/Search/home/HomeWithPreLoad?PageType=JobDetails&partnerid=25771&siteid=5403&jobid=300656
BAE Systems,Phenom,YRK USW Welder (UTI-Mooresville),Manufacturing & Maintenance,,"York, PA",US (CONUS),Full-time,,,,,https://sjobs.brassring.com/TGnewUI/Search/home/HomeWithPreLoad?PageType=JobDetails&partnerid=25771&siteid=5403&jobid=299009
BAE Systems,Phenom,Program Engineering Manager II,Engineering & Technology,,"Nashua, NH",US (CONUS),Full-time,,,,,https://sjobs.brassring.com/TGnewUI/Search/home/HomeWithPreLoad?PageType=JobDetails&partnerid=25771&siteid=5403&jobid=299380
BAE Systems,Phenom,Finisher I Weekend Shift,Manufacturing & Maintenance,,"Nashua, NH",US (CONUS),Full-time,,,,,https://sjobs.brassring.com/TGnewUI/Search/home/HomeWithPreLoad?PageType=JobDetails&partnerid=25771&siteid=5403&jobid=301544
BAE Systems,Phenom,Test Operations Program Specialist,Project & Program Management,,"Nashua, NH",US (CONUS),Full-time,,,,,https://sjobs.brassring.com/TGnewUI/Search/home/HomeWithPreLoad?PageType=JobDetails&partnerid=25771&siteid=5403&jobid=302056
BAE Systems,Phenom,Senior Principal Battery Systems Engineer,Engineering & Technology,,"Endicott, NY",US (CONUS),Full-time,,,,,https://sjobs.brassring.com/TGnewUI/Search/home/HomeWithPreLoad?PageType=JobDetails&partnerid=25771&siteid=5403&jobid=299920
BAE Systems,Phenom,Linux Engineer (Expert),Engineering & Technology,,"Herndon, VA",US (CONUS),Full-time,,,,,https://sjobs.brassring.com/TGnewUI/Search/home/HomeWithPreLoad?PageType=JobDetails&partnerid=25771&siteid=5403&jobid=301419
BAE Systems,Phenom,IT Program Manager (SME),Project & Program Management,,"Dulles, VA",US (CONUS),Full-time,,,,,https://sjobs.brassring.com/TGnewUI/Search/home/HomeWithPreLoad?PageType=JobDetails&partnerid=25771&siteid=5403&jobid=300169
BAE Systems,Phenom,"Product Lead-Air Transport Engineering - Endicott, NY OR Ft. Wayne, IN",Engineering & Technology,,"Fort Wayne, IN",US (CONUS),Full-time,,,,,https://sjobs.brassring.com/TGnewUI/Search/home/HomeWithPreLoad?PageType=JobDetails&partnerid=25771&siteid=5403&jobid=300657
BAE Systems,Phenom,Spray Painter,Manufacturing & Maintenance,,"York, PA",US (CONUS),Full-time,,,,,https://sjobs.brassring.com/TGnewUI/Search/home/HomeWithPreLoad?PageType=JobDetails&partnerid=25771&siteid=5403&jobid=301341
BAE Systems,Phenom,Mechanical Tech II Weekend Shift,Manufacturing & Maintenance,,"Nashua, NH",US (CONUS),Full-time,,,,,https://sjobs.brassring.com/TGnewUI/Search/home/HomeWithPreLoad?PageType=JobDetails&partnerid=25771&siteid=5403&jobid=301543
BAE Systems,Phenom,Engineer II – Mechanical (RF Focused),Engineering & Technology,,"Westminster, CO",US (CONUS),Full-time,,,,,https://sjobs.brassring.com/TGnewUI/Search/home/HomeWithPreLoad?PageType=JobDetails&partnerid=25771&siteid=5403&jobid=301862
BAE Systems,Phenom,Senior Manufacturing Engineer,Engineering & Technology,,"Aberdeen, SD",US (CONUS),Full-time,,,,,https://sjobs.brassring.com/TGnewUI/Search/home/HomeWithPreLoad?PageType=JobDetails&partnerid=25771&siteid=5403&jobid=301413
BAE Systems,Phenom,Alternate Contractor Special Security Officer - Onsite,Other Professionals,,"Nashua, NH",US (CONUS),Full-time,,,,,https://sjobs.brassring.com/TGnewUI/Search/home/HomeWithPreLoad?PageType=JobDetails&partnerid=25771&siteid=5403&jobid=301313
BAE Systems,Phenom,Electronics Test Engineer,Manufacturing & Maintenance,,"Fort Wayne, IN",US (CONUS),Full-time,,,,,https://sjobs.brassring.com/TGnewUI/Search/home/HomeWithPreLoad?PageType=JobDetails&partnerid=25771&siteid=5403&jobid=300105
BAE Systems,Phenom,Systems Engineer II - EO/IR,Engineering & Technology,,"Merrimack, NH",US (CONUS),Full-time,,,,,https://sjobs.brassring.com/TGnewUI/Search/home/HomeWithPreLoad?PageType=JobDetails&partnerid=25771&siteid=5403&jobid=301832
BAE Systems,Phenom,"Director, Capture Management","Business Development, Strategy & Planning",,"McLean, VA",US (CONUS),Full-time,,,,,https://sjobs.brassring.com/TGnewUI/Search/home/HomeWithPreLoad?PageType=JobDetails&partnerid=25771&siteid=5403&jobid=299218
BAE Systems,Phenom,SME Linux Administrator,Engineering & Technology,,"Aberdeen Proving Ground, MD",US (CONUS),Full-time,,,,,https://sjobs.brassring.com/TGnewUI/Search/home/HomeWithPreLoad?PageType=JobDetails&partnerid=25771&siteid=5403&jobid=301724
BAE Systems,Phenom,Senior Test Engineer,Engineering & Technology,,"Nashua, NH",US (CONUS),Full-time,,,,,https://sjobs.brassring.com/TGnewUI/Search/home/HomeWithPreLoad?PageType=JobDetails&partnerid=25771&siteid=5403&jobid=301982
BAE Systems,Phenom,Electronic Warfare Stimulator Technician,Engineering & Technology,,"Nashua, NH",US (CONUS),Full-time,,,,,https://sjobs.brassring.com/TGnewUI/Search/home/HomeWithPreLoad?PageType=JobDetails&partnerid=25771&siteid=5403&jobid=300686
BAE Systems,Phenom,Entry‑Level Scrum Master – Digital Architecture Team (DAT),Engineering & Technology,,"Nashua, NH",US (CONUS),Full-time,,,,,https://sjobs.brassring.com/TGnewUI/Search/home/HomeWithPreLoad?PageType=JobDetails&partnerid=25771&siteid=5403&jobid=301465
BAE Systems,Phenom,Tableau & MS Sharepoint Senior Systems Engineer,Engineering & Technology,,"Sterling, VA",US (CONUS),Full-time,,,,,https://sjobs.brassring.com/TGnewUI/Search/home/HomeWithPreLoad?PageType=JobDetails&partnerid=25771&siteid=5403&jobid=299292
BAE Systems,Phenom,"DoW SkillBridge Program - Facilities & Infrastructure Project Engineer - Hill AFB, UT",Engineering & Technology,,"Hill AFB, UT",US (CONUS),Full-time,,,,,https://sjobs.brassring.com/TGnewUI/Search/home/HomeWithPreLoad?PageType=JobDetails&partnerid=25771&siteid=5403&jobid=302153
BAE Systems,Phenom,RF Systems Engineer,Engineering & Technology,,"Hudson, NH",US (CONUS),Full-time,,,,,https://sjobs.brassring.com/TGnewUI/Search/home/HomeWithPreLoad?PageType=JobDetails&partnerid=25771&siteid=5403&jobid=300266
BAE Systems,Phenom,Software Engineering Lead (Hybrid),Engineering & Technology,,"Hudson, NH",US (CONUS),Full-time,,,,,https://sjobs.brassring.com/TGnewUI/Search/home/HomeWithPreLoad?PageType=JobDetails&partnerid=25771&siteid=5403&jobid=302060
BAE Systems,Phenom,Principal Embedded Software Engineer – APKWS,Engineering & Technology,,"Hudson, NH",US (CONUS),Full-time,,,,,https://sjobs.brassring.com/TGnewUI/Search/home/HomeWithPreLoad?PageType=JobDetails&partnerid=25771&siteid=5403&jobid=301926
BAE Systems,Phenom,FAST Labs - Software Engineer II ($5K Sign On Bonus),Engineering & Technology,,"Merrimack, NH",US (CONUS),Full-time,,,,,https://sjobs.brassring.com/TGnewUI/Search/home/HomeWithPreLoad?PageType=JobDetails&partnerid=25771&siteid=5403&jobid=302423
BAE Systems,Phenom,Supply Chain Operations Analyst – ERP/MRP Operations,Supply Chain & Logistics,,"Fort Walton Beach, FL",US (CONUS),Full-time,,,,,https://sjobs.brassring.com/TGnewUI/Search/home/HomeWithPreLoad?PageType=JobDetails&partnerid=25771&siteid=5403&jobid=302119
BAE Systems,Phenom,Senior Platform/Tier3 Engineer,Engineering & Technology,,"Sterling, VA",US (CONUS),Full-time,,,,,https://sjobs.brassring.com/TGnewUI/Search/home/HomeWithPreLoad?PageType=JobDetails&partnerid=25771&siteid=5403&jobid=299290
BAE Systems,Phenom,VMware NSX | Networking and Security Virtualization Systems Engineer,Engineering & Technology,,"Herndon, VA",US (CONUS),Full-time,,,,,https://sjobs.brassring.com/TGnewUI/Search/home/HomeWithPreLoad?PageType=JobDetails&partnerid=25771&siteid=5403&jobid=302091
BAE Systems,Phenom,Future Payloads Electrical Engineer,Engineering & Technology,,"Hill AFB, UT",US (CONUS),Full-time,,,,,https://sjobs.brassring.com/TGnewUI/Search/home/HomeWithPreLoad?PageType=JobDetails&partnerid=25771&siteid=5403&jobid=302694
BAE Systems,Phenom,Principal Systems Engineer,Engineering & Technology,,"Clearfield, UT",US (CONUS),Full-time,,,,,https://sjobs.brassring.com/TGnewUI/Search/home/HomeWithPreLoad?PageType=JobDetails&partnerid=25771&siteid=5403&jobid=300808
BAE Systems,Phenom,Full Motion Video Analyst - Mid Level,Intelligence,,"Northern Virginia, VA",US (CONUS),Full-time,,,,,https://sjobs.brassring.com/TGnewUI/Search/home/HomeWithPreLoad?PageType=JobDetails&partnerid=25771&siteid=5403&jobid=302226
BAE Systems,Phenom,"Safety, Health and Environment (SHE) Site Advisor",Other Professionals,,"San Diego, CA",US (CONUS),Full-time,,,,,https://sjobs.brassring.com/TGnewUI/Search/home/HomeWithPreLoad?PageType=JobDetails&partnerid=25771&siteid=5403&jobid=301464
BAE Systems,Phenom,Additive Manufacturing Technician,Engineering & Technology,,"Hudson, NH",US (CONUS),Full-time,,,,,https://sjobs.brassring.com/TGnewUI/Search/home/HomeWithPreLoad?PageType=JobDetails&partnerid=25771&siteid=5403&jobid=302696
BAE Systems,Phenom,Senior Systems Engineer,Engineering & Technology,,"Totowa, NJ",US (CONUS),Full-time,,,,,https://sjobs.brassring.com/TGnewUI/Search/home/HomeWithPreLoad?PageType=JobDetails&partnerid=25771&siteid=5403&jobid=302716
BAE Systems,Phenom,Machinist / Machine Operator / Fabricator - OPS,Manufacturing & Maintenance,,"Endicott, NY",US (CONUS),Full-time,,,,,https://sjobs.brassring.com/TGnewUI/Search/home/HomeWithPreLoad?PageType=JobDetails&partnerid=25771&siteid=5403&jobid=302610
BAE Systems,Phenom,Engineering Supervisor – Interface Management Team,Engineering & Technology,,"Rockville, MD",US (CONUS),Full-time,,,,,https://sjobs.brassring.com/TGnewUI/Search/home/HomeWithPreLoad?PageType=JobDetails&partnerid=25771&siteid=5403&jobid=301793
BAE Systems,Phenom,PMO Digital Tools Analyst,Project & Program Management,,"Fort Walton Beach, FL",US (CONUS),Full-time,,,,,https://sjobs.brassring.com/TGnewUI/Search/home/HomeWithPreLoad?PageType=JobDetails&partnerid=25771&siteid=5403&jobid=302887
BAE Systems,Phenom,Sr. Director – Solutions Architect,Engineering & Technology,,"McLean, VA",US (CONUS),Full-time,,,,,https://sjobs.brassring.com/TGnewUI/Search/home/HomeWithPreLoad?PageType=JobDetails&partnerid=25771&siteid=5403&jobid=295203
BAE Systems,Phenom,Facilities Engineer Supervisor II,Other Professionals,,"Fort Wayne, IN",US (CONUS),Full-time,,,,,https://sjobs.brassring.com/TGnewUI/Search/home/HomeWithPreLoad?PageType=JobDetails&partnerid=25771&siteid=5403&jobid=299752
BAE Systems,Phenom,Senior IT Systems Administrator - Hybrid,Engineering & Technology,,"San Diego, CA",US (CONUS),Full-time,,,,,https://sjobs.brassring.com/TGnewUI/Search/home/HomeWithPreLoad?PageType=JobDetails&partnerid=25771&siteid=5403&jobid=301401
BAE Systems,Phenom,Senior Scrum Master,Engineering & Technology,,"Annapolis Junction, MD",US (CONUS),Full-time,,,,,https://sjobs.brassring.com/TGnewUI/Search/home/HomeWithPreLoad?PageType=JobDetails&partnerid=25771&siteid=5403&jobid=299606
BAE Systems,Phenom,Marine Electrician - 1st Class Mechanic,Manufacturing & Maintenance,,"Norfolk, VA",US (CONUS),Full-time,,,,,https://sjobs.brassring.com/TGnewUI/Search/home/HomeWithPreLoad?PageType=JobDetails&partnerid=25771&siteid=5403&jobid=298582
BAE Systems,Phenom,Inspector II - Electrical Solutions,Manufacturing & Maintenance,,"Westminster, CO",US (CONUS),Full-time,,,,,https://sjobs.brassring.com/TGnewUI/Search/home/HomeWithPreLoad?PageType=JobDetails&partnerid=25771&siteid=5403&jobid=300592
BAE Systems,Phenom,Test Technician III - 3rd Shift,Manufacturing & Maintenance,,"Boulder, CO",US (CONUS),Full-time,,,,,https://sjobs.brassring.com/TGnewUI/Search/home/HomeWithPreLoad?PageType=JobDetails&partnerid=25771&siteid=5403&jobid=301630
BAE Systems,Phenom,Test Technician III - Weekend Night Shift,Manufacturing & Maintenance,,"Nashua, NH",US (CONUS),Full-time,,,,,https://sjobs.brassring.com/TGnewUI/Search/home/HomeWithPreLoad?PageType=JobDetails&partnerid=25771&siteid=5403&jobid=298459
BAE Systems,Phenom,Systems Engineer,Engineering & Technology,,"Greenlawn, NY",US (CONUS),Full-time,,,,,https://sjobs.brassring.com/TGnewUI/Search/home/HomeWithPreLoad?PageType=JobDetails&partnerid=25771&siteid=5403&jobid=298384
BAE Systems,Phenom,Process Engineer,Manufacturing & Maintenance,,"Nashua, NH",US (CONUS),Full-time,,,,,https://sjobs.brassring.com/TGnewUI/Search/home/HomeWithPreLoad?PageType=JobDetails&partnerid=25771&siteid=5403&jobid=301969
BAE Systems,Phenom,Principal Reliability Engineer,Engineering & Technology,,"Nashua, NH",US (CONUS),Full-time,,,,,https://sjobs.brassring.com/TGnewUI/Search/home/HomeWithPreLoad?PageType=JobDetails&partnerid=25771&siteid=5403&jobid=298448
BAE Systems,Phenom,Senior Built-In-Test (BIT) Engineer,Engineering & Technology,,"Nashua, NH",US (CONUS),Full-time,,,,,https://sjobs.brassring.com/TGnewUI/Search/home/HomeWithPreLoad?PageType=JobDetails&partnerid=25771&siteid=5403&jobid=301605
BAE Systems,Phenom,Mid-Level Electrical Engineer - Factory Support (Sign On Bonus),Engineering & Technology,,"Merrimack, NH",US (CONUS),Full-time,,,,,https://sjobs.brassring.com/TGnewUI/Search/home/HomeWithPreLoad?PageType=JobDetails&partnerid=25771&siteid=5403&jobid=301765
BAE Systems,Phenom,Electrical Engineering Manager I - Hybrid,Engineering & Technology,,"Totowa, NJ",US (CONUS),Full-time,,,,,https://sjobs.brassring.com/TGnewUI/Search/home/HomeWithPreLoad?PageType=JobDetails&partnerid=25771&siteid=5403&jobid=300357
BAE Systems,Phenom,Engineer II - Mission Operations,Engineering & Technology,,"Broomfield, CO",US (CONUS),Full-time,,,,,https://sjobs.brassring.com/TGnewUI/Search/home/HomeWithPreLoad?PageType=JobDetails&partnerid=25771&siteid=5403&jobid=301869
BAE Systems,Phenom,Lead Software & Data Architect Engineer,Engineering & Technology,,"Fort Worth, TX",US (CONUS),Full-time,,,,,https://sjobs.brassring.com/TGnewUI/Search/home/HomeWithPreLoad?PageType=JobDetails&partnerid=25771&siteid=5403&jobid=298777
BAE Systems,Phenom,JAMA Suite Assistant,Engineering & Technology,,"Endicott, NY",US (CONUS),Full-time,,,,,https://sjobs.brassring.com/TGnewUI/Search/home/HomeWithPreLoad?PageType=JobDetails&partnerid=25771&siteid=5403&jobid=301248
BAE Systems,Phenom,FAST Lab – Senior FPGA Engineer,Engineering & Technology,,"Merrimack, NH",US (CONUS),Full-time,,,,,https://sjobs.brassring.com/TGnewUI/Search/home/HomeWithPreLoad?PageType=JobDetails&partnerid=25771&siteid=5403&jobid=301967
BAE Systems,Phenom,Assembler II,Manufacturing & Maintenance,,"Endicott, NY",US (CONUS),Full-time,,,,,https://sjobs.brassring.com/TGnewUI/Search/home/HomeWithPreLoad?PageType=JobDetails&partnerid=25771&siteid=5403&jobid=300123
BAE Systems,Phenom,System Test – Ground Support Equipment (GSE) – 15K Sign on Bonus,Engineering & Technology,,"Boulder, CO",US (CONUS),Full-time,,,,,https://sjobs.brassring.com/TGnewUI/Search/home/HomeWithPreLoad?PageType=JobDetails&partnerid=25771&siteid=5403&jobid=301794
BAE Systems,Phenom,Senior Contract Administrator - Hybrid,Other Professionals,,"Merrimack, NH",US (CONUS),Full-time,,,,,https://sjobs.brassring.com/TGnewUI/Search/home/HomeWithPreLoad?PageType=JobDetails&partnerid=25771&siteid=5403&jobid=301151
BAE Systems,Phenom,Geospatial Analyst - Senior,Intelligence,,"Fort Gordon, GA",US (CONUS),Full-time,,,,,https://sjobs.brassring.com/TGnewUI/Search/home/HomeWithPreLoad?PageType=JobDetails&partnerid=25771&siteid=5403&jobid=294229
BAE Systems,Phenom,Operations Program Specialist Senior,Project & Program Management,,"Westminster, CO",US (CONUS),Full-time,,,,,https://sjobs.brassring.com/TGnewUI/Search/home/HomeWithPreLoad?PageType=JobDetails&partnerid=25771&siteid=5403&jobid=301821
BAE Systems,Phenom,Principal Software Engineer,Engineering & Technology,,"Totowa, NJ",US (CONUS),Full-time,,,,,https://sjobs.brassring.com/TGnewUI/Search/home/HomeWithPreLoad?PageType=JobDetails&partnerid=25771&siteid=5403&jobid=301030
BAE Systems,Phenom,Systems Engineering Functional Manager,Engineering & Technology,,"Nashua, NH",US (CONUS),Full-time,,,,,https://sjobs.brassring.com/TGnewUI/Search/home/HomeWithPreLoad?PageType=JobDetails&partnerid=25771&siteid=5403&jobid=301818
BAE Systems,Phenom,Systems Security Engineer,Engineering & Technology,,"Rockville, MD",US (CONUS),Full-time,,,,,https://sjobs.brassring.com/TGnewUI/Search/home/HomeWithPreLoad?PageType=JobDetails&partnerid=25771&siteid=5403&jobid=299471
BAE Systems,Phenom,Integrated Survivability Solutions (ISS) Software Architect,Engineering & Technology,,"Merrimack, NH",US (CONUS),Full-time,,,,,https://sjobs.brassring.com/TGnewUI/Search/home/HomeWithPreLoad?PageType=JobDetails&partnerid=25771&siteid=5403&jobid=301522
BAE Systems,Phenom,"Sr Imagery Analyst: Springfield, VA",Intelligence,,"Springfield, VA",US (CONUS),Full-time,,,,,https://sjobs.brassring.com/TGnewUI/Search/home/HomeWithPreLoad?PageType=JobDetails&partnerid=25771&siteid=5403&jobid=299475
BAE Systems,Phenom,DevOps Cloud Engineer,Engineering & Technology,,"Falls Church, VA",US (CONUS),Full-time,,,,,https://sjobs.brassring.com/TGnewUI/Search/home/HomeWithPreLoad?PageType=JobDetails&partnerid=25771&siteid=5403&jobid=301588
BAE Systems,Phenom,Future Payload Capabilities Principal Electrical Engineer (Guidance/Navigation Manager),Engineering & Technology,,"Hill AFB, UT",US (CONUS),Full-time,,,,,https://sjobs.brassring.com/TGnewUI/Search/home/HomeWithPreLoad?PageType=JobDetails&partnerid=25771&siteid=5403&jobid=302692
BAE Systems,Phenom,Sr Imagery Analyst,Intelligence,,"Reston, VA",US (CONUS),Full-time,,,,,https://sjobs.brassring.com/TGnewUI/Search/home/HomeWithPreLoad?PageType=JobDetails&partnerid=25771&siteid=5403&jobid=301998
BAE Systems,Phenom,Platform Portfolio Manager/Project Engineering Manager – PEM II,Engineering & Technology,,"Merrimack, NH",US (CONUS),Full-time,,,,,https://sjobs.brassring.com/TGnewUI/Search/home/HomeWithPreLoad?PageType=JobDetails&partnerid=25771&siteid=5403&jobid=301890
BAE Systems,Phenom,Supply Chain Program Manager,Supply Chain & Logistics,,"Nashua, NH",US (CONUS),Full-time,,,,,https://sjobs.brassring.com/TGnewUI/Search/home/HomeWithPreLoad?PageType=JobDetails&partnerid=25771&siteid=5403&jobid=302357
BAE Systems,Phenom,Senior Analog Circuit Design Engineer,Engineering & Technology,,"Endicott, NY",US (CONUS),Full-time,,,,,https://sjobs.brassring.com/TGnewUI/Search/home/HomeWithPreLoad?PageType=JobDetails&partnerid=25771&siteid=5403&jobid=296606
BAE Systems,Phenom,Production Supervisor - 2nd Shift,Manufacturing & Maintenance,,"Louisville, KY",US (CONUS),Full-time,,,,,https://sjobs.brassring.com/TGnewUI/Search/home/HomeWithPreLoad?PageType=JobDetails&partnerid=25771&siteid=5403&jobid=300791
BAE Systems,Phenom,Subcontracts Manager I,Supply Chain & Logistics,,"Hudson, NH",US (CONUS),Full-time,,,,,https://sjobs.brassring.com/TGnewUI/Search/home/HomeWithPreLoad?PageType=JobDetails&partnerid=25771&siteid=5403&jobid=299149
BAE Systems,Phenom,Supply Chain Program Manager - Hybrid (onsite),Supply Chain & Logistics,,"Fort Wayne, IN",US (CONUS),Full-time,,,,,https://sjobs.brassring.com/TGnewUI/Search/home/HomeWithPreLoad?PageType=JobDetails&partnerid=25771&siteid=5403&jobid=301654
BAE Systems,Phenom,Subcontract Program Manager (SPM),Project & Program Management,,"Hudson, NH",US (CONUS),Full-time,,,,,https://sjobs.brassring.com/TGnewUI/Search/home/HomeWithPreLoad?PageType=JobDetails&partnerid=25771&siteid=5403&jobid=298513
BAE Systems,Phenom,"Cyber Security, Information Systems Security Manager (ISSM)",Other Professionals,,"Nashua, NH",US (CONUS),Full-time,,,,,https://sjobs.brassring.com/TGnewUI/Search/home/HomeWithPreLoad?PageType=JobDetails&partnerid=25771&siteid=5403&jobid=300755
BAE Systems,Phenom,Process Engineer (2nd Shift) - Circuit Card Assembly,Engineering & Technology,,"Austin, TX",US (CONUS),Full-time,,,,,https://sjobs.brassring.com/TGnewUI/Search/home/HomeWithPreLoad?PageType=JobDetails&partnerid=25771&siteid=5403&jobid=300809
BAE Systems,Phenom,Supply Chain Planner II,Supply Chain & Logistics,,"Hudson, NH",US (CONUS),Full-time,,,,,https://sjobs.brassring.com/TGnewUI/Search/home/HomeWithPreLoad?PageType=JobDetails&partnerid=25771&siteid=5403&jobid=298426
BAE Systems,Phenom,Senior Principal Systems Engineer,Engineering & Technology,,"Hill AFB, UT",US (CONUS),Full-time,,,,,https://sjobs.brassring.com/TGnewUI/Search/home/HomeWithPreLoad?PageType=JobDetails&partnerid=25771&siteid=5403&jobid=301900
BAE Systems,Phenom,Microcircuit Quality Engineer,Engineering & Technology,,"Manassas, VA",US (CONUS),Full-time,,,,,https://sjobs.brassring.com/TGnewUI/Search/home/HomeWithPreLoad?PageType=JobDetails&partnerid=25771&siteid=5403&jobid=302069
BAE Systems,Phenom,Software Engineering Manager I (Sign-on bonus available),Engineering & Technology,,"Nashua, NH",US (CONUS),Full-time,,,,,https://sjobs.brassring.com/TGnewUI/Search/home/HomeWithPreLoad?PageType=JobDetails&partnerid=25771&siteid=5403&jobid=300973
BAE Systems,Phenom,Supplier Quality Engineer - Interconnect Category - Remote in Chicago or Los Angeles,Engineering & Technology,,"Chicago, IL",US (CONUS),Full-time,,,,,https://sjobs.brassring.com/TGnewUI/Search/home/HomeWithPreLoad?PageType=JobDetails&partnerid=25771&siteid=5403&jobid=300381
BAE Systems,Phenom,Industrial Engineer,Manufacturing & Maintenance,,"Hudson, NH",US (CONUS),Full-time,,,,,https://sjobs.brassring.com/TGnewUI/Search/home/HomeWithPreLoad?PageType=JobDetails&partnerid=25771&siteid=5403&jobid=302334
BAE Systems,Phenom,Senior Systems Administrator,Engineering & Technology,,"Annapolis Junction, MD",US (CONUS),Full-time,,,,,https://sjobs.brassring.com/TGnewUI/Search/home/HomeWithPreLoad?PageType=JobDetails&partnerid=25771&siteid=5403&jobid=302743
BAE Systems,Phenom,Senior Principal Software Engineer,Engineering & Technology,,"Fort Wayne, IN",US (CONUS),Full-time,,,,,https://sjobs.brassring.com/TGnewUI/Search/home/HomeWithPreLoad?PageType=JobDetails&partnerid=25771&siteid=5403&jobid=302773
BAE Systems,Phenom,Project Engineer - Capital Projects,Engineering & Technology,,"Kingsport, TN",US (CONUS),Full-time,,,,,https://sjobs.brassring.com/TGnewUI/Search/home/HomeWithPreLoad?PageType=JobDetails&partnerid=25771&siteid=5403&jobid=301781
BAE Systems,Phenom,Systems Engineer Principal – Mission Performance,Engineering & Technology,,"Aurora, CO",US (CONUS),Full-time,,,,,https://sjobs.brassring.com/TGnewUI/Search/home/HomeWithPreLoad?PageType=JobDetails&partnerid=25771&siteid=5403&jobid=303022
BAE Systems,Phenom,Field Service Technician (Air Traffic Control Radar Systems),Engineering & Technology,,"Saint Inigoes, MD",US (CONUS),Full-time,,,,,https://sjobs.brassring.com/TGnewUI/Search/home/HomeWithPreLoad?PageType=JobDetails&partnerid=25771&siteid=5403&jobid=303415
BAE Systems,Phenom,Process Engineer - Circuit Card,Engineering & Technology,,"Austin, TX",US (CONUS),Full-time,,,,,https://sjobs.brassring.com/TGnewUI/Search/home/HomeWithPreLoad?PageType=JobDetails&partnerid=25771&siteid=5403&jobid=303351
BAE Systems,Phenom,Digital Communications & Social Media Manager,Other Professionals,,"Falls Church, VA",US (CONUS),Full-time,,,,,https://sjobs.brassring.com/TGnewUI/Search/home/HomeWithPreLoad?PageType=JobDetails&partnerid=25771&siteid=5403&jobid=302673
BAE Systems,Phenom,Business Intelligence Analyst,Other Professionals,,"Falls Church, VA",US (CONUS),Full-time,,,,,https://sjobs.brassring.com/TGnewUI/Search/home/HomeWithPreLoad?PageType=JobDetails&partnerid=25771&siteid=5403&jobid=302930
BAE Systems,Phenom,Senior Systems Engineer - C4ISR,Engineering & Technology,,"Wayne, NJ",US (CONUS),Full-time,,,,,https://sjobs.brassring.com/TGnewUI/Search/home/HomeWithPreLoad?PageType=JobDetails&partnerid=25771&siteid=5403&jobid=303065
BAE Systems,Phenom,"Intellectual Property Legal Intern IV, Fall 2026 (Hybrid)",Other Professionals,,"Nashua, NH",US (CONUS),Full-time,,,,,https://sjobs.brassring.com/TGnewUI/Search/home/HomeWithPreLoad?PageType=JobDetails&partnerid=25771&siteid=5403&jobid=301759
BAE Systems,Phenom,FAST Labs Chief Software Architect,Engineering & Technology,,"Merrimack, NH",US (CONUS),Full-time,,,,,https://sjobs.brassring.com/TGnewUI/Search/home/HomeWithPreLoad?PageType=JobDetails&partnerid=25771&siteid=5403&jobid=302814
BAE Systems,Phenom,Mechanical Technician II- Warrior Integration Program,Manufacturing & Maintenance,,"Nashua, NH",US (CONUS),Full-time,,,,,https://sjobs.brassring.com/TGnewUI/Search/home/HomeWithPreLoad?PageType=JobDetails&partnerid=25771&siteid=5403&jobid=301935
BAE Systems,Phenom,Intelligence FMV Analyst / Training Offered,Intelligence,,"Northern Virginia, VA",US (CONUS),Full-time,,,,,https://sjobs.brassring.com/TGnewUI/Search/home/HomeWithPreLoad?PageType=JobDetails&partnerid=25771&siteid=5403&jobid=302827
BAE Systems,Phenom,Financial Reporting Analyst,"Business Development, Strategy & Planning",,"Sterling, VA",US (CONUS),Full-time,,,,,https://sjobs.brassring.com/TGnewUI/Search/home/HomeWithPreLoad?PageType=JobDetails&partnerid=25771&siteid=5403&jobid=302663
BAE Systems,Phenom,Business Development Portfolio Lead - EO/IR Spectral Dominance,"Business Development, Strategy & Planning",,"Merrimack, NH",US (CONUS),Full-time,,,,,https://sjobs.brassring.com/TGnewUI/Search/home/HomeWithPreLoad?PageType=JobDetails&partnerid=25771&siteid=5403&jobid=301974
BAE Systems,Phenom,"Deputy SEIT Lead (System Engineering, Integration, and Test Lead)",Engineering & Technology,,"Nashua, NH",US (CONUS),Full-time,,,,,https://sjobs.brassring.com/TGnewUI/Search/home/HomeWithPreLoad?PageType=JobDetails&partnerid=25771&siteid=5403&jobid=302758
BAE Systems,Phenom,Senior Principal Test Engineer,Engineering & Technology,,"Nashua, NH",US (CONUS),Full-time,,,,,https://sjobs.brassring.com/TGnewUI/Search/home/HomeWithPreLoad?PageType=JobDetails&partnerid=25771&siteid=5403&jobid=302031
BAE Systems,Phenom,Engineer Principal - Space Vehicle Systems Test (AI&T),Engineering & Technology,,"Boulder, CO",US (CONUS),Full-time,,,,,https://sjobs.brassring.com/TGnewUI/Search/home/HomeWithPreLoad?PageType=JobDetails&partnerid=25771&siteid=5403&jobid=302194
BAE Systems,Phenom,Mechanical Technician IV - 4th Shift (Fri-Sun),Manufacturing & Maintenance,,"Nashua, NH",US (CONUS),Full-time,,,,,https://sjobs.brassring.com/TGnewUI/Search/home/HomeWithPreLoad?PageType=JobDetails&partnerid=25771&siteid=5403&jobid=302241
BAE Systems,Phenom,"Systems Engineering Intern IV, Summer 2027 (NH - Onsite)",Engineering & Technology,,"Nashua, NH",US (CONUS),Full-time,,,,,https://sjobs.brassring.com/TGnewUI/Search/home/HomeWithPreLoad?PageType=JobDetails&partnerid=25771&siteid=5403&jobid=302214
BAE Systems,Phenom,Technician III – Development Technician,Engineering & Technology,,"Westminster, CO",US (CONUS),Full-time,,,,,https://sjobs.brassring.com/TGnewUI/Search/home/HomeWithPreLoad?PageType=JobDetails&partnerid=25771&siteid=5403&jobid=302097
BAE Systems,Phenom,Vehicle Systems Engineer – Electric Vehicle Technology,Engineering & Technology,,"Endicott, NY",US (CONUS),Full-time,,,,,https://sjobs.brassring.com/TGnewUI/Search/home/HomeWithPreLoad?PageType=JobDetails&partnerid=25771&siteid=5403&jobid=302470
BAE Systems,Phenom,Director of Military Contracts,Other Professionals,,"Endicott, NY",US (CONUS),Full-time,,,,,https://sjobs.brassring.com/TGnewUI/Search/home/HomeWithPreLoad?PageType=JobDetails&partnerid=25771&siteid=5403&jobid=302475
BAE Systems,Phenom,"Value Stream Specialist - 2nd Shift, Microwave",Manufacturing & Maintenance,,"Nashua, NH",US (CONUS),Full-time,,,,,https://sjobs.brassring.com/TGnewUI/Search/home/HomeWithPreLoad?PageType=JobDetails&partnerid=25771&siteid=5403&jobid=302395
BAE Systems,Phenom,Engineering Training Manager - Hybrid,Engineering & Technology,,"Hudson, NH",US (CONUS),Full-time,,,,,https://sjobs.brassring.com/TGnewUI/Search/home/HomeWithPreLoad?PageType=JobDetails&partnerid=25771&siteid=5403&jobid=302305
BAE Systems,Phenom,Senior Software Engineer - Space Applications - Sign-on Bonus,Engineering & Technology,,"Merrimack, NH",US (CONUS),Full-time,,,,,https://sjobs.brassring.com/TGnewUI/Search/home/HomeWithPreLoad?PageType=JobDetails&partnerid=25771&siteid=5403&jobid=302370
BAE Systems,Phenom,Program Manager - Controls and Avionics Solutions,Project & Program Management,,"Endicott, NY",US (CONUS),Full-time,,,,,https://sjobs.brassring.com/TGnewUI/Search/home/HomeWithPreLoad?PageType=JobDetails&partnerid=25771&siteid=5403&jobid=302408
BAE Systems,Phenom,Industrial Engineer,Engineering & Technology,,"Endicott, NY",US (CONUS),Full-time,,,,,https://sjobs.brassring.com/TGnewUI/Search/home/HomeWithPreLoad?PageType=JobDetails&partnerid=25771&siteid=5403&jobid=302180
BAE Systems,Phenom,Environmental Manager,Other Professionals,,"Radford, VA",US (CONUS),Full-time,,,,,https://sjobs.brassring.com/TGnewUI/Search/home/HomeWithPreLoad?PageType=JobDetails&partnerid=25771&siteid=5403&jobid=302233
BAE Systems,Phenom,Master Planner Senior,Finance & Accounting,,"Westminster, CO",US (CONUS),Full-time,,,,,https://sjobs.brassring.com/TGnewUI/Search/home/HomeWithPreLoad?PageType=JobDetails&partnerid=25771&siteid=5403&jobid=302320
BAE Systems,Phenom,JWICS ISSO Customer Support,Engineering & Technology,,"Hill AFB, UT",US (CONUS),Full-time,,,,,https://sjobs.brassring.com/TGnewUI/Search/home/HomeWithPreLoad?PageType=JobDetails&partnerid=25771&siteid=5403&jobid=302705
BAE Systems,Phenom,"Senior Mechanical Engineer, Development (Sign On Bonus Available)",Engineering & Technology,,"Nashua, NH",US (CONUS),Full-time,,,,,https://sjobs.brassring.com/TGnewUI/Search/home/HomeWithPreLoad?PageType=JobDetails&partnerid=25771&siteid=5403&jobid=302298
BAE Systems,Phenom,"Software Engineer, React Focus",Engineering & Technology,,"Nashua, NH",US (CONUS),Full-time,,,,,https://sjobs.brassring.com/TGnewUI/Search/home/HomeWithPreLoad?PageType=JobDetails&partnerid=25771&siteid=5403&jobid=299748
BAE Systems,Phenom,Hardware Section Lead (People Manager and Hardware Lead),Engineering & Technology,,"Fort Wayne, IN",US (CONUS),Full-time,,,,,https://sjobs.brassring.com/TGnewUI/Search/home/HomeWithPreLoad?PageType=JobDetails&partnerid=25771&siteid=5403&jobid=302668
BAE Systems,Phenom,Test Technician III -Weekend shift (Fri-Sun),Manufacturing & Maintenance,,"Nashua, NH",US (CONUS),Full-time,,,,,https://sjobs.brassring.com/TGnewUI/Search/home/HomeWithPreLoad?PageType=JobDetails&partnerid=25771&siteid=5403&jobid=302231
BAE Systems,Phenom,Sr Supply Chain Planner,Supply Chain & Logistics,,"Louisville, KY",US (CONUS),Full-time,,,,,https://sjobs.brassring.com/TGnewUI/Search/home/HomeWithPreLoad?PageType=JobDetails&partnerid=25771&siteid=5403&jobid=302347
BAE Systems,Phenom,CV2 ISSO Customer Support,Engineering & Technology,,"Hill AFB, UT",US (CONUS),Full-time,,,,,https://sjobs.brassring.com/TGnewUI/Search/home/HomeWithPreLoad?PageType=JobDetails&partnerid=25771&siteid=5403&jobid=302658
BAE Systems,Phenom,Test Automation Engineer,Engineering & Technology,,"Sterling, VA",US (CONUS),Full-time,,,,,https://sjobs.brassring.com/TGnewUI/Search/home/HomeWithPreLoad?PageType=JobDetails&partnerid=25771&siteid=5403&jobid=302276
BAE Systems,Phenom,Machinist IV - Horizontal Mill - 2nd Shift,Manufacturing & Maintenance,,"Boulder, CO",US (CONUS),Full-time,,,,,https://sjobs.brassring.com/TGnewUI/Search/home/HomeWithPreLoad?PageType=JobDetails&partnerid=25771&siteid=5403&jobid=302644
BAE Systems,Phenom,Principal Test Hardware Engineer,Engineering & Technology,,"Nashua, NH",US (CONUS),Full-time,,,,,https://sjobs.brassring.com/TGnewUI/Search/home/HomeWithPreLoad?PageType=JobDetails&partnerid=25771&siteid=5403&jobid=302490
BAE Systems,Phenom,Quality Analyst II,Other Professionals,,"York, PA",US (CONUS),Full-time,,,,,https://sjobs.brassring.com/TGnewUI/Search/home/HomeWithPreLoad?PageType=JobDetails&partnerid=25771&siteid=5403&jobid=302449
BAE Systems,Phenom,F-35 Technical Author,Engineering & Technology,,"Fort Worth, TX",US (CONUS),Full-time,,,,,https://sjobs.brassring.com/TGnewUI/Search/home/HomeWithPreLoad?PageType=JobDetails&partnerid=25771&siteid=5403&jobid=302685
BAE Systems,Phenom,System Security Engineer I,Engineering & Technology,,"Broomfield, CO",US (CONUS),Full-time,,,,,https://sjobs.brassring.com/TGnewUI/Search/home/HomeWithPreLoad?PageType=JobDetails&partnerid=25771&siteid=5403&jobid=302457
BAE Systems,Phenom,Technical Project Manager II (Aviation/C4I Systems),Project & Program Management,,"Saint Inigoes, MD",US (CONUS),Full-time,,,,,https://sjobs.brassring.com/TGnewUI/Search/home/HomeWithPreLoad?PageType=JobDetails&partnerid=25771&siteid=5403&jobid=302253
BAE Systems,Phenom,CAS Aftermarket Ops Program Manager (OPM),Manufacturing & Maintenance,,"Endicott, NY",US (CONUS),Full-time,,,,,https://sjobs.brassring.com/TGnewUI/Search/home/HomeWithPreLoad?PageType=JobDetails&partnerid=25771&siteid=5403&jobid=302552
BAE Systems,Phenom,Senior Reliability Engineer - Hybrid,Engineering & Technology,,"Wayne, NJ",US (CONUS),Full-time,,,,,https://sjobs.brassring.com/TGnewUI/Search/home/HomeWithPreLoad?PageType=JobDetails&partnerid=25771&siteid=5403&jobid=302871
BAE Systems,Phenom,Principal Hardware Engineer - Hardware Development Lead,Engineering & Technology,,"Nashua, NH",US (CONUS),Full-time,,,,,https://sjobs.brassring.com/TGnewUI/Search/home/HomeWithPreLoad?PageType=JobDetails&partnerid=25771&siteid=5403&jobid=301096
BAE Systems,Phenom,"Software Engineering Intern III, Summer 2027",Engineering & Technology,,"Nashua, NH",US (CONUS),Full-time,,,,,https://sjobs.brassring.com/TGnewUI/Search/home/HomeWithPreLoad?PageType=JobDetails&partnerid=25771&siteid=5403&jobid=301154
BAE Systems,Phenom,Engineer II – Embedded Software,Engineering & Technology,,"Westminster, CO",US (CONUS),Full-time,,,,,https://sjobs.brassring.com/TGnewUI/Search/home/HomeWithPreLoad?PageType=JobDetails&partnerid=25771&siteid=5403&jobid=301529
BAE Systems,Phenom,FAST Lab – Entry Level FPGA Engineer,Engineering & Technology,,"Merrimack, NH",US (CONUS),Full-time,,,,,https://sjobs.brassring.com/TGnewUI/Search/home/HomeWithPreLoad?PageType=JobDetails&partnerid=25771&siteid=5403&jobid=301953
BAE Systems,Phenom,Tactical Data Link Program Engineering Manager (PEM) I,Engineering & Technology,,"Wayne, NJ",US (CONUS),Full-time,,,,,https://sjobs.brassring.com/TGnewUI/Search/home/HomeWithPreLoad?PageType=JobDetails&partnerid=25771&siteid=5403&jobid=302507
BAE Systems,Phenom,Network Engineer (Expert),Engineering & Technology,,"Herndon, VA",US (CONUS),Full-time,,,,,https://sjobs.brassring.com/TGnewUI/Search/home/HomeWithPreLoad?PageType=JobDetails&partnerid=25771&siteid=5403&jobid=302484
BAE Systems,Phenom,"Director I, IT Service Owner - Manufacturing Operations & Quality",Engineering & Technology,,"Falls Church, VA",US (CONUS),Full-time,,,,,https://sjobs.brassring.com/TGnewUI/Search/home/HomeWithPreLoad?PageType=JobDetails&partnerid=25771&siteid=5403&jobid=302075
BAE Systems,Phenom,Lead Operations Program Manager (OPM),Project & Program Management,,"Aiken, SC",US (CONUS),Full-time,,,,,https://sjobs.brassring.com/TGnewUI/Search/home/HomeWithPreLoad?PageType=JobDetails&partnerid=25771&siteid=5403&jobid=301881
BAE Systems,Phenom,Systems Integration Engineer / Lab and Electronics Support Engineer,Engineering & Technology,,"Hudson, NH",US (CONUS),Full-time,,,,,https://sjobs.brassring.com/TGnewUI/Search/home/HomeWithPreLoad?PageType=JobDetails&partnerid=25771&siteid=5403&jobid=302260
BAE Systems,Phenom,Process Engineer II,Engineering & Technology,,"Nashua, NH",US (CONUS),Full-time,,,,,https://sjobs.brassring.com/TGnewUI/Search/home/HomeWithPreLoad?PageType=JobDetails&partnerid=25771&siteid=5403&jobid=302242
BAE Systems,Phenom,"Supply Chain Intern II, (Summer 2027) Hybrid",Supply Chain & Logistics,,"Cedar Rapids, IA",US (CONUS),Full-time,,,,,https://sjobs.brassring.com/TGnewUI/Search/home/HomeWithPreLoad?PageType=JobDetails&partnerid=25771&siteid=5403&jobid=301984
BAE Systems,Phenom,FAST Labs - Senior Principal Software Engineer ($10K Sign On Bonus),Engineering & Technology,,"Merrimack, NH",US (CONUS),Full-time,,,,,https://sjobs.brassring.com/TGnewUI/Search/home/HomeWithPreLoad?PageType=JobDetails&partnerid=25771&siteid=5403&jobid=302422
BAE Systems,Phenom,C4ISR AC&S Tactical Datalinks Portfolio Chief Engineer,Engineering & Technology,,"Wayne, NJ",US (CONUS),Full-time,,,,,https://sjobs.brassring.com/TGnewUI/Search/home/HomeWithPreLoad?PageType=JobDetails&partnerid=25771&siteid=5403&jobid=302288
BAE Systems,Phenom,FAST Lab Systems Engineering Section Lead - Mgr II,Engineering & Technology,,"Merrimack, NH",US (CONUS),Full-time,,,,,https://sjobs.brassring.com/TGnewUI/Search/home/HomeWithPreLoad?PageType=JobDetails&partnerid=25771&siteid=5403&jobid=302421
BAE Systems,Phenom,Integrated Logistics/Product Support (ILS/IPS) Engineering Manager,Engineering & Technology,,"Tucson, AZ",US (CONUS),Full-time,,,,,https://sjobs.brassring.com/TGnewUI/Search/home/HomeWithPreLoad?PageType=JobDetails&partnerid=25771&siteid=5403&jobid=302379
BAE Systems,Phenom,"Director II, IT Service Owner - Legal, Contracts & Business Development",Engineering & Technology,,"Falls Church, VA",US (CONUS),Full-time,,,,,https://sjobs.brassring.com/TGnewUI/Search/home/HomeWithPreLoad?PageType=JobDetails&partnerid=25771&siteid=5403&jobid=302050
BAE Systems,Phenom,ACES Program Engineering Manager I,Engineering & Technology,,"Nashua, NH",US (CONUS),Full-time,,,,,https://sjobs.brassring.com/TGnewUI/Search/home/HomeWithPreLoad?PageType=JobDetails&partnerid=25771&siteid=5403&jobid=301705
BAE Systems,Phenom,"Director I, IT Service Owner - Software Development & Integrations",Engineering & Technology,,"Falls Church, VA",US (CONUS),Full-time,,,,,https://sjobs.brassring.com/TGnewUI/Search/home/HomeWithPreLoad?PageType=JobDetails&partnerid=25771&siteid=5403&jobid=302076
BAE Systems,Phenom,Mechanical Inspector II - Quality,Other Professionals,,"Nashua, NH",US (CONUS),Full-time,,,,,https://sjobs.brassring.com/TGnewUI/Search/home/HomeWithPreLoad?PageType=JobDetails&partnerid=25771&siteid=5403&jobid=302353
BAE Systems,Phenom,Software Intern (High School) - Summer 2027 Onsite,Engineering & Technology,,"Nashua, NH",US (CONUS),Full-time,,,,,https://sjobs.brassring.com/TGnewUI/Search/home/HomeWithPreLoad?PageType=JobDetails&partnerid=25771&siteid=5403&jobid=302041
BAE Systems,Phenom,Program Manager III- PGM Basecamp,Project & Program Management,,"Maple Grove, MN",US (CONUS),Full-time,,,,,https://sjobs.brassring.com/TGnewUI/Search/home/HomeWithPreLoad?PageType=JobDetails&partnerid=25771&siteid=5403&jobid=302200
BAE Systems,Phenom,Senior Principal Systems Engineer - C4ISR,Engineering & Technology,,"Wayne, NJ",US (CONUS),Full-time,,,,,https://sjobs.brassring.com/TGnewUI/Search/home/HomeWithPreLoad?PageType=JobDetails&partnerid=25771&siteid=5403&jobid=303063
BAE Systems,Phenom,Test Engineering Assistant - C4ISR,Engineering & Technology,,"Wayne, NJ",US (CONUS),Full-time,,,,,https://sjobs.brassring.com/TGnewUI/Search/home/HomeWithPreLoad?PageType=JobDetails&partnerid=25771&siteid=5403&jobid=303062
BAE Systems,Phenom,Field Service Tech IV,Engineering & Technology,,"Hill AFB, UT",US (CONUS),Full-time,,,,,https://sjobs.brassring.com/TGnewUI/Search/home/HomeWithPreLoad?PageType=JobDetails&partnerid=25771&siteid=5403&jobid=302749
BAE Systems,Phenom,"Director, IT Strategic Program Delivery",Project & Program Management,,"Falls Church, VA",US (CONUS),Full-time,,,,,https://sjobs.brassring.com/TGnewUI/Search/home/HomeWithPreLoad?PageType=JobDetails&partnerid=25771&siteid=5403&jobid=303085
BAE Systems,Phenom,Sr. Organizational Change & Project Manager,Project & Program Management,,"Fort Walton Beach, FL",US (CONUS),Full-time,,,,,https://sjobs.brassring.com/TGnewUI/Search/home/HomeWithPreLoad?PageType=JobDetails&partnerid=25771&siteid=5403&jobid=303202
BAE Systems,Phenom,Engineer II – Space Vehicle Propulsion,Engineering & Technology,,"Boulder, CO",US (CONUS),Full-time,,,,,https://sjobs.brassring.com/TGnewUI/Search/home/HomeWithPreLoad?PageType=JobDetails&partnerid=25771&siteid=5403&jobid=303181
BAE Systems,Phenom,Test Software Developer,Engineering & Technology,,"Nashua, NH",US (CONUS),Full-time,,,,,https://sjobs.brassring.com/TGnewUI/Search/home/HomeWithPreLoad?PageType=JobDetails&partnerid=25771&siteid=5403&jobid=303249
BAE Systems,Phenom,PMO Instructional Developer,Project & Program Management,,"Fort Walton Beach, FL",US (CONUS),Full-time,,,,,https://sjobs.brassring.com/TGnewUI/Search/home/HomeWithPreLoad?PageType=JobDetails&partnerid=25771&siteid=5403&jobid=303197
BAE Systems,Phenom,HR Data Transactions & Analytics Associate,Other Professionals,,"Charlotte, NC",US (CONUS),Full-time,,,,,https://sjobs.brassring.com/TGnewUI/Search/home/HomeWithPreLoad?PageType=JobDetails&partnerid=25771&siteid=5403&jobid=303207
BAE Systems,Phenom,Senior Digital Electrical Engineer,Engineering & Technology,,"Nashua, NH",US (CONUS),Full-time,,,,,https://sjobs.brassring.com/TGnewUI/Search/home/HomeWithPreLoad?PageType=JobDetails&partnerid=25771&siteid=5403&jobid=303325
BAE Systems,Phenom,Senior Design Checker (Hybrid),Engineering & Technology,,"Merrimack, NH",US (CONUS),Full-time,,,,,https://sjobs.brassring.com/TGnewUI/Search/home/HomeWithPreLoad?PageType=JobDetails&partnerid=25771&siteid=5403&jobid=263238
BAE Systems,Phenom,Application Systems Administrator,Engineering & Technology,,"Rockville, MD",US (CONUS),Full-time,,,,,https://sjobs.brassring.com/TGnewUI/Search/home/HomeWithPreLoad?PageType=JobDetails&partnerid=25771&siteid=5403&jobid=303288
BAE Systems,Phenom,Design Specialist I,Engineering & Technology,,"Fort Wayne, IN",US (CONUS),Full-time,,,,,https://sjobs.brassring.com/TGnewUI/Search/home/HomeWithPreLoad?PageType=JobDetails&partnerid=25771&siteid=5403&jobid=303034
BAE Systems,Phenom,"Mechanical Engineering Intern II, Summer 2027 (Onsite)",Engineering & Technology,,"Nashua, NH",US (CONUS),Full-time,,,,,https://sjobs.brassring.com/TGnewUI/Search/home/HomeWithPreLoad?PageType=JobDetails&partnerid=25771&siteid=5403&jobid=303200
BAE Systems,Phenom,"Mechanical Engineering Intern III, Summer 2027 (Onsite)",Engineering & Technology,,"Nashua, NH",US (CONUS),Full-time,,,,,https://sjobs.brassring.com/TGnewUI/Search/home/HomeWithPreLoad?PageType=JobDetails&partnerid=25771&siteid=5403&jobid=303346
BAE Systems,Phenom,Sr Prin Software Engineer for Space Payloads - SIGN-ON BONUS,Engineering & Technology,,"Merrimack, NH",US (CONUS),Full-time,,,,,https://sjobs.brassring.com/TGnewUI/Search/home/HomeWithPreLoad?PageType=JobDetails&partnerid=25771&siteid=5403&jobid=300156
BAE Systems,Phenom,Construction Project Manager,Project & Program Management,,"Kingsport, TN",US (CONUS),Full-time,,,,,https://sjobs.brassring.com/TGnewUI/Search/home/HomeWithPreLoad?PageType=JobDetails&partnerid=25771&siteid=5403&jobid=298947
BAE Systems,Phenom,Electronic Assembler I 1st SHIFT,Manufacturing & Maintenance,,"Wayne, NJ",US (CONUS),Full-time,,,,,https://sjobs.brassring.com/TGnewUI/Search/home/HomeWithPreLoad?PageType=JobDetails&partnerid=25771&siteid=5403&jobid=303199
BAE Systems,Phenom,AWS Cloud Administrator,Engineering & Technology,,"Mount Laurel, NJ",US (CONUS),Full-time,,,,,https://sjobs.brassring.com/TGnewUI/Search/home/HomeWithPreLoad?PageType=JobDetails&partnerid=25771&siteid=5403&jobid=301088
BAE Systems,Phenom,Systems Engineer II – Mission Performance,Engineering & Technology,,"Aurora, CO",US (CONUS),Full-time,,,,,https://sjobs.brassring.com/TGnewUI/Search/home/HomeWithPreLoad?PageType=JobDetails&partnerid=25771&siteid=5403&jobid=303014
BAE Systems,Phenom,Senior Principal Contracts Specialist,Other Professionals,,"Kingsport, TN",US (CONUS),Full-time,,,,,https://sjobs.brassring.com/TGnewUI/Search/home/HomeWithPreLoad?PageType=JobDetails&partnerid=25771&siteid=5403&jobid=300685
BAE Systems,Phenom,Systems Engineer,Engineering & Technology,,"Fort Walton Beach, FL",US (CONUS),Full-time,,,,,https://sjobs.brassring.com/TGnewUI/Search/home/HomeWithPreLoad?PageType=JobDetails&partnerid=25771&siteid=5403&jobid=302585
BAE Systems,Phenom,Production Supervisor 2nd Shift,Manufacturing & Maintenance,,"Wayne, NJ",US (CONUS),Full-time,,,,,https://sjobs.brassring.com/TGnewUI/Search/home/HomeWithPreLoad?PageType=JobDetails&partnerid=25771&siteid=5403&jobid=303003
BAE Systems,Phenom,Material Handler - Shipping,Supply Chain & Logistics,,"Nashua, NH",US (CONUS),Full-time,,,,,https://sjobs.brassring.com/TGnewUI/Search/home/HomeWithPreLoad?PageType=JobDetails&partnerid=25771&siteid=5403&jobid=303323
BAE Systems,Phenom,Manager - Systems Engineering and Governance,Engineering & Technology,,"Rockville, MD",US (CONUS),Full-time,,,,,https://sjobs.brassring.com/TGnewUI/Search/home/HomeWithPreLoad?PageType=JobDetails&partnerid=25771&siteid=5403&jobid=301532
BAE Systems,Phenom,Director,Project & Program Management,,"California, MD",US (CONUS),Full-time,,,,,https://sjobs.brassring.com/TGnewUI/Search/home/HomeWithPreLoad?PageType=JobDetails&partnerid=25771&siteid=5403&jobid=302863
BAE Systems,Phenom,Ship/Launcher System Electrical Engineer,Engineering & Technology,,"Rockville, MD",US (CONUS),Full-time,,,,,https://sjobs.brassring.com/TGnewUI/Search/home/HomeWithPreLoad?PageType=JobDetails&partnerid=25771&siteid=5403&jobid=303455
BAE Systems,Phenom,Architecture and Interfaces Program Manager,Project & Program Management,,"Hill AFB, UT",US (CONUS),Full-time,,,,,https://sjobs.brassring.com/TGnewUI/Search/home/HomeWithPreLoad?PageType=JobDetails&partnerid=25771&siteid=5403&jobid=303237
BAE Systems,Phenom,Systems Requirements Engineer I,Engineering & Technology,,"Hill AFB, UT",US (CONUS),Full-time,,,,,https://sjobs.brassring.com/TGnewUI/Search/home/HomeWithPreLoad?PageType=JobDetails&partnerid=25771&siteid=5403&jobid=303399
BAE Systems,Phenom,SME level Full Stack Application Developer,Engineering & Technology,,"Sterling, VA",US (CONUS),Full-time,,,,,https://sjobs.brassring.com/TGnewUI/Search/home/HomeWithPreLoad?PageType=JobDetails&partnerid=25771&siteid=5403&jobid=299163
BAE Systems,Phenom,"Vice President, Employee & Executive Communications",Other Professionals,,"Falls Church, VA",US (CONUS),Full-time,,,,,https://sjobs.brassring.com/TGnewUI/Search/home/HomeWithPreLoad?PageType=JobDetails&partnerid=25771&siteid=5403&jobid=303091
BAE Systems,Phenom,Senior Principal Cybersecurity Engineer (ISSE),Engineering & Technology,,"Hill AFB, UT",US (CONUS),Full-time,,,,,https://sjobs.brassring.com/TGnewUI/Search/home/HomeWithPreLoad?PageType=JobDetails&partnerid=25771&siteid=5403&jobid=301713
BAE Systems,Phenom,Receiving Inspection Manager,Engineering & Technology,,"Austin, TX",US (CONUS),Full-time,,,,,https://sjobs.brassring.com/TGnewUI/Search/home/HomeWithPreLoad?PageType=JobDetails&partnerid=25771&siteid=5403&jobid=301987
BAE Systems,Phenom,FPGA Design Lead Electronic Combat Solutions,Engineering & Technology,,"Nashua, NH",US (CONUS),Full-time,,,,,https://sjobs.brassring.com/TGnewUI/Search/home/HomeWithPreLoad?PageType=JobDetails&partnerid=25771&siteid=5403&jobid=302247
BAE Systems,Phenom,Drafter III,Engineering & Technology,,"Merrimack, NH",US (CONUS),Full-time,,,,,https://sjobs.brassring.com/TGnewUI/Search/home/HomeWithPreLoad?PageType=JobDetails&partnerid=25771&siteid=5403&jobid=294309
BAE Systems,Phenom,Designer Senior,Engineering & Technology,,"Merrimack, NH",US (CONUS),Full-time,,,,,https://sjobs.brassring.com/TGnewUI/Search/home/HomeWithPreLoad?PageType=JobDetails&partnerid=25771&siteid=5403&jobid=303329
BAE Systems,Phenom,Senior Manufacturing Engineer,Manufacturing & Maintenance,,"Cedar Rapids, IA",US (CONUS),Full-time,,,,,https://sjobs.brassring.com/TGnewUI/Search/home/HomeWithPreLoad?PageType=JobDetails&partnerid=25771&siteid=5403&jobid=303398
BAE Systems,Phenom,Systems Engineer,Engineering & Technology,,"Nashua, NH",US (CONUS),Full-time,,,,,https://sjobs.brassring.com/TGnewUI/Search/home/HomeWithPreLoad?PageType=JobDetails&partnerid=25771&siteid=5403&jobid=297213
BAE Systems,Phenom,"Electrical Engineer - Digital, Analog, & Power Supply",Engineering & Technology,,"Austin, TX",US (CONUS),Full-time,,,,,https://sjobs.brassring.com/TGnewUI/Search/home/HomeWithPreLoad?PageType=JobDetails&partnerid=25771&siteid=5403&jobid=303441
BAE Systems,Phenom,HR Business Partner Principal,Other Professionals,,"Hill AFB, UT",US (CONUS),Full-time,,,,,https://sjobs.brassring.com/TGnewUI/Search/home/HomeWithPreLoad?PageType=JobDetails&partnerid=25771&siteid=5403&jobid=296907
BAE Systems,Phenom,"Senior Program Control Analyst, CEMA ISS (Hybrid)",Finance & Accounting,,"Merrimack, NH",US (CONUS),Full-time,,,,,https://sjobs.brassring.com/TGnewUI/Search/home/HomeWithPreLoad?PageType=JobDetails&partnerid=25771&siteid=5403&jobid=303301
BAE Systems,Phenom,"Senior Principal Program Planner (Hybrid Preferred, Remote Work Considered)",Project & Program Management,,"Nashua, NH",US (CONUS),Full-time,,,,,https://sjobs.brassring.com/TGnewUI/Search/home/HomeWithPreLoad?PageType=JobDetails&partnerid=25771&siteid=5403&jobid=303387
BAE Systems,Phenom,Manufacturing Principal Engineer – Optical,Engineering & Technology,,"Boulder, CO",US (CONUS),Full-time,,,,,https://sjobs.brassring.com/TGnewUI/Search/home/HomeWithPreLoad?PageType=JobDetails&partnerid=25771&siteid=5403&jobid=302767
BAE Systems,Phenom,Supply Chain Program Lead Senior Principal II,Supply Chain & Logistics,,"Broomfield, CO",US (CONUS),Full-time,,,,,https://sjobs.brassring.com/TGnewUI/Search/home/HomeWithPreLoad?PageType=JobDetails&partnerid=25771&siteid=5403&jobid=302801
BAE Systems,Phenom,Subcontracts Administrator Senior,Supply Chain & Logistics,,"Westminster, CO",US (CONUS),Full-time,,,,,https://sjobs.brassring.com/TGnewUI/Search/home/HomeWithPreLoad?PageType=JobDetails&partnerid=25771&siteid=5403&jobid=302795
BAE Systems,Phenom,Electronics Technician (ON-SITE),Engineering & Technology,,"Cedar Rapids, IA",US (CONUS),Full-time,,,,,https://sjobs.brassring.com/TGnewUI/Search/home/HomeWithPreLoad?PageType=JobDetails&partnerid=25771&siteid=5403&jobid=302146
BAE Systems,Phenom,Full Stack Developer (Expert),Engineering & Technology,,"Sterling, VA",US (CONUS),Full-time,,,,,https://sjobs.brassring.com/TGnewUI/Search/home/HomeWithPreLoad?PageType=JobDetails&partnerid=25771&siteid=5403&jobid=301515
BAE Systems,Phenom,Weapons Storage and Security System (WS3) - Systems Software Engineer,Project & Program Management,,"Fort Worth, TX",US (CONUS),Full-time,,,,,https://sjobs.brassring.com/TGnewUI/Search/home/HomeWithPreLoad?PageType=JobDetails&partnerid=25771&siteid=5403&jobid=291627
BAE Systems,Phenom,Weapons Storage and Security System (WS3) - Configuration Manager,Project & Program Management,,"Fort Worth, TX",US (CONUS),Full-time,,,,,https://sjobs.brassring.com/TGnewUI/Search/home/HomeWithPreLoad?PageType=JobDetails&partnerid=25771&siteid=5403&jobid=289712
BAE Systems,Phenom,Security Manager,Project & Program Management,,"Malmstrom AFB, MT",US (CONUS),Full-time,,,,,https://sjobs.brassring.com/TGnewUI/Search/home/HomeWithPreLoad?PageType=JobDetails&partnerid=25771&siteid=5403&jobid=302708
BAE Systems,Phenom,Cyber Targeting Officer,Intelligence,,"McLean, VA",US (CONUS),Full-time,,,,,https://sjobs.brassring.com/TGnewUI/Search/home/HomeWithPreLoad?PageType=JobDetails&partnerid=25771&siteid=5403&jobid=303450
BAE Systems,Phenom,ASMD Integration Analyst,Engineering & Technology,,"Arlington, VA",US (CONUS),Full-time,,,,,https://sjobs.brassring.com/TGnewUI/Search/home/HomeWithPreLoad?PageType=JobDetails&partnerid=25771&siteid=5403&jobid=303394
BAE Systems,Phenom,Hardware Test Engineer I / II,Engineering & Technology,,"Saint Inigoes, MD",US (CONUS),Full-time,,,,,https://sjobs.brassring.com/TGnewUI/Search/home/HomeWithPreLoad?PageType=JobDetails&partnerid=25771&siteid=5403&jobid=303448
BAE Systems,Phenom,COBOL Developer,Engineering & Technology,,"Sterling, VA",US (CONUS),Full-time,,,,,https://sjobs.brassring.com/TGnewUI/Search/home/HomeWithPreLoad?PageType=JobDetails&partnerid=25771&siteid=5403&jobid=302626
BAE Systems,Phenom,Senior RF Communications Engineer - Space Subsystems - $30K Sign On Bonus,Engineering & Technology,,"Boulder, CO",US (CONUS),Full-time,,,,,https://sjobs.brassring.com/TGnewUI/Search/home/HomeWithPreLoad?PageType=JobDetails&partnerid=25771&siteid=5403&jobid=303219
BAE Systems,Phenom,Systems Engineer Senior – MBSE,Engineering & Technology,,"Westminster, CO",US (CONUS),Full-time,,,,,https://sjobs.brassring.com/TGnewUI/Search/home/HomeWithPreLoad?PageType=JobDetails&partnerid=25771&siteid=5403&jobid=301927
BAE Systems,Phenom,Production Planner I,Manufacturing & Maintenance,,"Westminster, CO",US (CONUS),Full-time,,,,,https://sjobs.brassring.com/TGnewUI/Search/home/HomeWithPreLoad?PageType=JobDetails&partnerid=25771&siteid=5403&jobid=301595
BAE Systems,Phenom,Engineer I - Materials & Process Engineering,Engineering & Technology,,"Boulder, CO",US (CONUS),Full-time,,,,,https://sjobs.brassring.com/TGnewUI/Search/home/HomeWithPreLoad?PageType=JobDetails&partnerid=25771&siteid=5403&jobid=288535
BAE Systems,Phenom,Mid/Senior Systems Administrator,Engineering & Technology,,"Annapolis Junction, MD",US (CONUS),Full-time,,,,,https://sjobs.brassring.com/TGnewUI/Search/home/HomeWithPreLoad?PageType=JobDetails&partnerid=25771&siteid=5403&jobid=303460
