Company,ATS,Title,Field,Team,Location,Region,Employment,PayMin,PayMax,PayInterval,Education,URL
Lockheed Martin,Eightfold,Systems Engineer Sr - E3,Space,,"Littleton, CO",US (CONUS),Full-time,95900,178100,per-year-salary,,https://lockheedmartin.eightfold.ai/careers/job/996476658073
Lockheed Martin,Eightfold,Software Engineer Sr - E3,LM Aeronautics Co- Fort Worth,,"Fort Worth, TX",US (CONUS),Full-time,98100,182100,per-year-salary,,https://lockheedmartin.eightfold.ai/careers/job/996476621284
Lockheed Martin,Eightfold,Software Engineering Asc Manager (Spacecraft Test Systems),Space,,"Littleton, CO",US (CONUS),Full-time,135700,251900,per-year-salary,,https://lockheedmartin.eightfold.ai/careers/job/996476208037
Lockheed Martin,Eightfold,SATCOM System Integration and Test Systems Engineering SME - Principle,Space,,"El Segundo, CA",US (CONUS),Full-time,178500,331500,per-year-salary,,https://lockheedmartin.eightfold.ai/careers/job/996476207532
Lockheed Martin,Eightfold,"Electronic Equipment Specialist, 1st Class - 1st Shift",RMS Manufacturing,,"Moorestown, NJ",US (CONUS),Full-time,33.58,33.58,per-hour-wage,,https://lockheedmartin.eightfold.ai/careers/job/996476290632
Lockheed Martin,Eightfold,Electronic Test Technician - Second Shift,RMS Manufacturing,,"Moorestown, NJ",US (CONUS),Full-time,42.38,42.38,per-hour-wage,,https://lockheedmartin.eightfold.ai/careers/job/996476290644
Lockheed Martin,Eightfold,Electronic Test Technician - First Shift,RMS Manufacturing,,"Moorestown, NJ",US (CONUS),Full-time,42.38,42.38,per-hour-wage,,https://lockheedmartin.eightfold.ai/careers/job/996476290648
Lockheed Martin,Eightfold,Electronic Test Technician - 3rd Shift,RMS Manufacturing,,"Moorestown, NJ",US (CONUS),Full-time,42.38,42.38,per-hour-wage,,https://lockheedmartin.eightfold.ai/careers/job/996476210087
Lockheed Martin,Eightfold,"Electronic Equipment Specialist, 1st Class - 3rd Shift",RMS Manufacturing,,"Moorestown, NJ",US (CONUS),Full-time,33.58,33.58,per-hour-wage,,https://lockheedmartin.eightfold.ai/careers/job/996476290601
Lockheed Martin,Eightfold,Manufacturing Microcircuit Specialist - 1st Shift,RMS Manufacturing,,"Moorestown, NJ",US (CONUS),Full-time,37.3,37.3,per-hour-wage,,https://lockheedmartin.eightfold.ai/careers/job/996476318342
Lockheed Martin,Eightfold,"Director, Navy C6ISR Programs, San Diego Field Office",Corporate Headquarters,,"San Diego, CA",US (CONUS),Full-time,195000,350000,per-year-salary,,https://lockheedmartin.eightfold.ai/careers/job/996476555131
Lockheed Martin,Eightfold,"Director, US Army Fires Portfolio",Corporate Headquarters,,"Arlington, VA",US (CONUS),Full-time,195000,350000,per-year-salary,,https://lockheedmartin.eightfold.ai/careers/job/996476615529
Lockheed Martin,Eightfold,Data Scientist Senior,MFC-Primary,,"Grand Prairie, TX",US (CONUS),Full-time,98100,182100,per-year-salary,,https://lockheedmartin.eightfold.ai/careers/job/996476320468
Lockheed Martin,Eightfold,Electronics Engineer Stf - E4,LM Aeronautics Co- Fort Worth,,"Fort Worth, TX",US (CONUS),Full-time,104900,194700,per-year-salary,,https://lockheedmartin.eightfold.ai/careers/job/996476620812
Lockheed Martin,Eightfold,Overhead Test/Implement Functional Lead,Enterprise Business Services,,"Littleton, CO",US/Remote,Full-time,118000,219100,per-year-salary,,https://lockheedmartin.eightfold.ai/careers/job/996476228055
Lockheed Martin,Eightfold,Systems Engineer Stf,Space,,"Colorado Springs, CO",US (CONUS),Full-time,131100,243500,per-year-salary,,https://lockheedmartin.eightfold.ai/careers/job/996476614253
Lockheed Martin,Eightfold,2nd shift - Technician - Product Test Specialist,RMS Manufacturing,,"Owego, NY",US (CONUS),Full-time,50300,93300,per-year-salary,,https://lockheedmartin.eightfold.ai/careers/job/996476507636
Lockheed Martin,Eightfold,Technician - Product Test Specialist,RMS Manufacturing,,"Owego, NY",US (CONUS),Full-time,50300,93300,per-year-salary,,https://lockheedmartin.eightfold.ai/careers/job/996476551405
Lockheed Martin,Eightfold,Systems Integration Analyst Sr - E3,RMS Core,,"Liverpool, NY",US (CONUS),Full-time,85300,158300,per-year-salary,,https://lockheedmartin.eightfold.ai/careers/job/996476547472
Lockheed Martin,Eightfold,Operations Engineer Senior - Level 3,LM Aeronautics Co- Fort Worth,,"Clarksburg, WV",US (CONUS),Full-time,76700,142500,per-year-salary,,https://lockheedmartin.eightfold.ai/careers/job/996476586666
Lockheed Martin,Eightfold,Deputy Lead Software Engineer,RMS Core,,"Moorestown, NJ",US (CONUS),Full-time,0,0,per-hour-wage,,https://lockheedmartin.eightfold.ai/careers/job/996476510086
Lockheed Martin,Eightfold,Systems Engineer Sr - E3,RMS Core,,"Liverpool, NY",US (CONUS),Full-time,85300,158300,per-year-salary,,https://lockheedmartin.eightfold.ai/careers/job/996476205401
Lockheed Martin,Eightfold,Software Engineer - E2,RMS Core,,"Liverpool, NY",US (CONUS),Full-time,81100,150500,per-year-salary,,https://lockheedmartin.eightfold.ai/careers/job/996476218517
Lockheed Martin,Eightfold,Satellite Mission Engr Sr Stf - E5,Space LMOS,,"White Sands Missile Range, NM",US (CONUS),Full-time,129000,239600,per-year-salary,,https://lockheedmartin.eightfold.ai/careers/job/996476541168
Lockheed Martin,Eightfold,Hardware Engineer Stf,Space,,"Bethesda, MD",US (CONUS),Full-time,118000,219100,per-year-salary,,https://lockheedmartin.eightfold.ai/careers/job/996476557658
Lockheed Martin,Eightfold,Systems Engineer Sr - E3,Space LMOS,,"Boulder, CO",US (CONUS),Full-time,95900,178100,per-year-salary,,https://lockheedmartin.eightfold.ai/careers/job/996476622635
Lockheed Martin,Eightfold,Procurement Rep - E2,MFC-SOFGLSS-LMOS,,"Lexington, KY",US (CONUS),Full-time,53900,100100,per-year-salary,,https://lockheedmartin.eightfold.ai/careers/job/996476616937
Lockheed Martin,Eightfold,Systems Engineer Sr - E3,Space LMOS,,"Boulder, CO",US (CONUS),Full-time,95900,178100,per-year-salary,,https://lockheedmartin.eightfold.ai/careers/job/996476622030
Lockheed Martin,Eightfold,Satellite Mission Engr Sr - E3,Space LMOS,,"Aurora, CO",US (CONUS),Full-time,95900,178100,per-year-salary,,https://lockheedmartin.eightfold.ai/careers/job/996476459849
Lockheed Martin,Eightfold,Multifunctional Engineering & Science Asc Mgr - L4,Space LMOS,,"White Sands Missile Range, NM",US (CONUS),Full-time,104900,194700,per-year-salary,,https://lockheedmartin.eightfold.ai/careers/job/996476646492
Lockheed Martin,Eightfold,Project Engineer Sr - E3,Space,,"Cape Canaveral, FL",US (CONUS),Full-time,85300,158300,per-year-salary,,https://lockheedmartin.eightfold.ai/careers/job/996476370973
Lockheed Martin,Eightfold,Avionics Electro Mechanical Engineering Manager-Secret Clearance,Space,,"Littleton, CO",US (CONUS),Full-time,145100,269500,per-year-salary,,https://lockheedmartin.eightfold.ai/careers/job/996476586717
Lockheed Martin,Eightfold,Satellite Mission Engr Stf - E4,Space LMOS,,"Fort Belvoir, VA",US (CONUS),Full-time,118000,219100,per-year-salary,,https://lockheedmartin.eightfold.ai/careers/job/996476608992
Lockheed Martin,Eightfold,Project Engineer Sr - E3,Space,,"Cape Canaveral, FL",US (CONUS),Full-time,85300,158300,per-year-salary,,https://lockheedmartin.eightfold.ai/careers/job/996476370986
Lockheed Martin,Eightfold,Satellite Mission Engr Sr Stf - E5,Space LMOS,,"White Sands Missile Range, NM",US (CONUS),Full-time,129000,239600,per-year-salary,,https://lockheedmartin.eightfold.ai/careers/job/996476639800
Lockheed Martin,Eightfold,Project Engineering Asc Mgr - L4,Space,,"Englewood, CO",US (CONUS),Full-time,118000,219100,per-year-salary,,https://lockheedmartin.eightfold.ai/careers/job/996476522772
Lockheed Martin,Eightfold,Project Engineering Asc Mgr - L4,Space,,"Englewood, CO",US (CONUS),Full-time,118000,219100,per-year-salary,,https://lockheedmartin.eightfold.ai/careers/job/996476556525
Lockheed Martin,Eightfold,Project Engineering Asc Mgr - L4,Space,,"Englewood, CO",US (CONUS),Full-time,118000,219100,per-year-salary,,https://lockheedmartin.eightfold.ai/careers/job/996476556555
Lockheed Martin,Eightfold,Overhaul Supervisor - 2nd Shift,RMS Sikorsky Manufacturing,,"Shelton, CT",US (CONUS),Full-time,81500,151300,per-year-salary,,https://lockheedmartin.eightfold.ai/careers/job/996476524022
Lockheed Martin,Eightfold,Industrial Engineer Stf - E4,Space,,"Titusville, FL",US (CONUS),Full-time,104900,194700,per-year-salary,,https://lockheedmartin.eightfold.ai/careers/job/996476347726
Lockheed Martin,Eightfold,Program Security Representative,Space,,"Littleton, CO",US (CONUS),Full-time,81500,151300,per-year-salary,,https://lockheedmartin.eightfold.ai/careers/job/996476538525
Lockheed Martin,Eightfold,Flight Sim Sys Admin Sr - E3,RMS-Svcs-LMOS,,"Orlando, FL",US (CONUS),Full-time,85300,158300,per-year-salary,,https://lockheedmartin.eightfold.ai/careers/job/996476624638
Lockheed Martin,Eightfold,Financial Management - E2,LM Aeronautics Co- Palmdale,,"Fort Worth, TX",US (CONUS),Full-time,59900,111300,per-year-salary,,https://lockheedmartin.eightfold.ai/careers/job/996476472194
Lockheed Martin,Eightfold,Administrative Assistant - N2,LM Aeronautics Co- Johnstown,,"Johnstown, PA",US (CONUS),Full-time,37700,69900,per-year-salary,,https://lockheedmartin.eightfold.ai/careers/job/996476282190
Lockheed Martin,Eightfold,Systems Architect Stf - E4,LM Aeronautics Co- Fort Worth,,"Fort Worth, TX",US (CONUS),Full-time,120600,224000,per-year-salary,,https://lockheedmartin.eightfold.ai/careers/job/996476503055
Lockheed Martin,Eightfold,Administrative Support Sr Spec - N4,Space LMOS,,"Aurora, CO",US (CONUS),Full-time,67900,126100,per-year-salary,,https://lockheedmartin.eightfold.ai/careers/job/996476584168
Lockheed Martin,Eightfold,Systems Engineer Sr - E3,Space LMOS,,"Herndon, VA",US (CONUS),Full-time,95900,178100,per-year-salary,,https://lockheedmartin.eightfold.ai/careers/job/996476584876
Lockheed Martin,Eightfold,Systems Engineer Sr - E3,Space LMOS,,"Herndon, VA",US (CONUS),Full-time,95900,178100,per-year-salary,,https://lockheedmartin.eightfold.ai/careers/job/996476585002
Lockheed Martin,Eightfold,Business Process Analyst Sr - E3,MFC-Chelmsford,,"Chelmsford, MA",US/Remote,Full-time,81500,151300,per-year-salary,,https://lockheedmartin.eightfold.ai/careers/job/996476513878
Lockheed Martin,Eightfold,General Maintenance Facilities Team Member,MFC-Chelmsford,,"Andover, MA",US (CONUS),Full-time,56600,105000,per-year-salary,,https://lockheedmartin.eightfold.ai/careers/job/996476337517
Lockheed Martin,Eightfold,Manufacturing Microcircuit Specialist - 3rd Shift,RMS Manufacturing,,"Moorestown, NJ",US (CONUS),Full-time,37.3,37.3,per-hour-wage,,https://lockheedmartin.eightfold.ai/careers/job/996476224607
Lockheed Martin,Eightfold,Systems Engineer - E2,Space,,"King of Prussia, PA",US (CONUS),Full-time,79300,147300,per-year-salary,,https://lockheedmartin.eightfold.ai/careers/job/996476654194
Lockheed Martin,Eightfold,"Systems Engineer, Staff - System Security Engineering Integration Portfolio Project Lead",Space,,"King of Prussia, PA",US (CONUS),Full-time,118000,219100,per-year-salary,,https://lockheedmartin.eightfold.ai/careers/job/996476608856
Lockheed Martin,Eightfold,ASIC & FPGA Design Engineering Asc Mgr - L4,Space,,"King of Prussia, PA",US (CONUS),Full-time,135700,251900,per-year-salary,,https://lockheedmartin.eightfold.ai/careers/job/996476646871
Lockheed Martin,Eightfold,Infastrucutre Engineer II (Active TS/SCI to Start),Space,,"King of Prussia, PA",US (CONUS),Full-time,79300,147300,per-year-salary,,https://lockheedmartin.eightfold.ai/careers/job/996476648825
Lockheed Martin,Eightfold,Sr Member Engineering Stf,RMS Core,,"Moorestown, NJ",US (CONUS),Full-time,91000,181113,per-year-salary,,https://lockheedmartin.eightfold.ai/careers/job/996476228217
Lockheed Martin,Eightfold,Operations Engineer Senior - Level 3,LM Aeronautics Co- Fort Worth,,"Pinellas Park, FL",US (CONUS),Full-time,85300,158300,per-year-salary,,https://lockheedmartin.eightfold.ai/careers/job/996476550814
Lockheed Martin,Eightfold,Systems Engineer Sr Stf - E5,LM Aeronautics Co- Marietta,,"Marietta, GA",US (CONUS),Full-time,129000,239600,per-year-salary,,https://lockheedmartin.eightfold.ai/careers/job/996476189038
Lockheed Martin,Eightfold,"Systems Engineer, Senior",Space,,"Titusville, FL",US (CONUS),Full-time,85300,158300,per-year-salary,,https://lockheedmartin.eightfold.ai/careers/job/996476621248
Lockheed Martin,Eightfold,Systems Engineering Field Tech Support Sr - E3,LM Aeronautics Co- Palmdale,,"Las Vegas, NV",US (CONUS),Full-time,72500,134600,per-year-salary,,https://lockheedmartin.eightfold.ai/careers/job/996476581100
Lockheed Martin,Eightfold,Systems Architect Sr Stf - E5,LM Aeronautics Co- Fort Worth,,"Fort Worth, TX",US (CONUS),Full-time,148300,275500,per-year-salary,,https://lockheedmartin.eightfold.ai/careers/job/996476200448
Lockheed Martin,Eightfold,Computing Systems/Software Engineer Sr,RMS Core,,"Mt Laurel Township, NJ",US (CONUS),Full-time,0,0,per-hour-wage,,https://lockheedmartin.eightfold.ai/careers/job/996476620825
Lockheed Martin,Eightfold,Senior Orion Systems Engineer,Space,,"Littleton, CO",US (CONUS),Full-time,95900,178100,per-year-salary,,https://lockheedmartin.eightfold.ai/careers/job/996476231418
Lockheed Martin,Eightfold,Security Rep - E2,RMS Core,,"Liverpool, NY",US (CONUS),Full-time,59900,111300,per-year-salary,,https://lockheedmartin.eightfold.ai/careers/job/996476548471
Lockheed Martin,Eightfold,"Guidance, Navigation & Control Engineer III (Senior)",Space,,"Littleton, CO",US (CONUS),Full-time,110300,204900,per-year-salary,,https://lockheedmartin.eightfold.ai/careers/job/996476241807
Lockheed Martin,Eightfold,Classified Cyber Security Stf - E4,RMS-Svcs-LMOS,,"Hurlburt Field, FL",US (CONUS),Full-time,94400,175200,per-year-salary,,https://lockheedmartin.eightfold.ai/careers/job/996476548464
Lockheed Martin,Eightfold,Project Engineer - E2,Space,,"Cape Canaveral, FL",US (CONUS),Full-time,70500,130900,per-year-salary,,https://lockheedmartin.eightfold.ai/careers/job/996476617307
Lockheed Martin,Eightfold,Systems Engineer Sr,Space,,"King of Prussia, PA",US (CONUS),Full-time,95900,178100,per-year-salary,,https://lockheedmartin.eightfold.ai/careers/job/996476171637
Lockheed Martin,Eightfold,Subsystems Installation Design Asc Mgr - L4,LM Aeronautics Co- Fort Worth,,"Fort Worth, TX",US (CONUS),Full-time,104900,194700,per-year-salary,,https://lockheedmartin.eightfold.ai/careers/job/996476471642
Lockheed Martin,Eightfold,Systems Engineering Field Tech Support Sr - E3,AFS-LMLS Aero Segment,,"Fort Smith, AR",US (CONUS),Full-time,65200,121200,per-year-salary,,https://lockheedmartin.eightfold.ai/careers/job/996476588213
Lockheed Martin,Eightfold,Mechanical Engineering Mgr - L5,Space,,"Sunnyvale, CA",US (CONUS),Full-time,161300,299500,per-year-salary,,https://lockheedmartin.eightfold.ai/careers/job/996476584522
Lockheed Martin,Eightfold,Flightline Expeditor,AFS-LMLS Aero Segment,,"Fort Smith, AR",US (CONUS),Full-time,65200,121200,per-year-salary,,https://lockheedmartin.eightfold.ai/careers/job/996476620895
Lockheed Martin,Eightfold,Project Engineer Sr - E3,Space,,"Englewood, CO",US (CONUS),Full-time,95900,178100,per-year-salary,,https://lockheedmartin.eightfold.ai/careers/job/996476618559
Lockheed Martin,Eightfold,Systems Engineer Sr - E3,Space LMOS,,"Aurora, CO",US (CONUS),Full-time,95900,178100,per-year-salary,,https://lockheedmartin.eightfold.ai/careers/job/996476616848
Lockheed Martin,Eightfold,Administrative Assistant - Level 2,RMS Manufacturing,,"Moorestown, NJ",US (CONUS),Full-time,47100,87500,per-year-salary,,https://lockheedmartin.eightfold.ai/careers/job/996476520553
Lockheed Martin,Eightfold,Project Engineer Sr - E3,Space,,"Cape Canaveral, FL",US (CONUS),Full-time,85300,158300,per-year-salary,,https://lockheedmartin.eightfold.ai/careers/job/996476370838
Lockheed Martin,Eightfold,Configuration Analyst Asc - E1,Space,,"Sunnyvale, CA",US (CONUS),Full-time,61900,114900,per-year-salary,,https://lockheedmartin.eightfold.ai/careers/job/996476592253
Lockheed Martin,Eightfold,Mechanical Propulsion Engineer Associate-Entry Level,Space,,"Englewood, CO",US (CONUS),Full-time,65500,121700,per-year-salary,,https://lockheedmartin.eightfold.ai/careers/job/996476583059
Lockheed Martin,Eightfold,Mechanical Propulsion Engineer Associate-Entry Level,Space,,"Englewood, CO",US (CONUS),Full-time,65500,121700,per-year-salary,,https://lockheedmartin.eightfold.ai/careers/job/996476582828
Lockheed Martin,Eightfold,Systems Engineer Associate-Entry Level,Space,,"Sunnyvale, CA",US (CONUS),Full-time,58200,108200,per-year-salary,,https://lockheedmartin.eightfold.ai/careers/job/996476621866
Lockheed Martin,Eightfold,Electrical Systems Integration Engineer,Space,,"Cape Canaveral, FL",US (CONUS),Full-time,85300,158300,per-year-salary,,https://lockheedmartin.eightfold.ai/careers/job/996476283505
Lockheed Martin,Eightfold,Systems Engineering Mgr - L5,Space,,"Littleton, CO",US (CONUS),Full-time,145100,269500,per-year-salary,,https://lockheedmartin.eightfold.ai/careers/job/996476320322
Lockheed Martin,Eightfold,Project Engineer Sr,Space,,"Cape Canaveral, FL",US (CONUS),Full-time,85300,158300,per-year-salary,,https://lockheedmartin.eightfold.ai/careers/job/996476616864
Lockheed Martin,Eightfold,Electro Mechanical Engineer II,Space,,"Littleton, CO",US (CONUS),Full-time,79300,147300,per-year-salary,,https://lockheedmartin.eightfold.ai/careers/job/996476349947
Lockheed Martin,Eightfold,"Radio Frequency Test Engineer Sr (RF Engineer) | Moorestown, NJ",MFC-Primary,,"Moorestown, NJ",US (CONUS),Full-time,110300,204900,per-year-salary,,https://lockheedmartin.eightfold.ai/careers/job/996476580647
Lockheed Martin,Eightfold,Systems Engineer Sr,Space,,"Sunnyvale, CA",US (CONUS),Full-time,85300,158300,per-year-salary,,https://lockheedmartin.eightfold.ai/careers/job/996476619621
Lockheed Martin,Eightfold,ERP Business Analyst Sr Stf - E5,Enterprise Business Services,,"Fort Worth, TX",US/Remote,Full-time,129000,239600,per-year-salary,,https://lockheedmartin.eightfold.ai/careers/job/996476553035
Lockheed Martin,Eightfold,Senior Stress Analyst,Space,,"Englewood, CO",US (CONUS),Full-time,118000,219100,per-year-salary,,https://lockheedmartin.eightfold.ai/careers/job/996476514129
Lockheed Martin,Eightfold,Sr Calibration Technician,MFC-Chelmsford,,"Chelmsford, MA",US (CONUS),Full-time,47100,87500,per-year-salary,,https://lockheedmartin.eightfold.ai/careers/job/996476585176
Lockheed Martin,Eightfold,Material Expediter - Tool Room,MFC-SOFGLSS-LMOS,,"Crestview, FL",US (CONUS),Full-time,27.79,27.79,per-hour-wage,,https://lockheedmartin.eightfold.ai/careers/job/996476619048
Lockheed Martin,Eightfold,Military Operations Analyst Stf - E4,MFC-SOFGLSS-LMOS,,", NC",US (CONUS),Full-time,80200,149000,per-year-salary,,https://lockheedmartin.eightfold.ai/careers/job/996476616635
Lockheed Martin,Eightfold,Mechanical Engineer - E2,Space,,"Englewood, CO",US (CONUS),Full-time,79300,147300,per-year-salary,,https://lockheedmartin.eightfold.ai/careers/job/996476481842
Lockheed Martin,Eightfold,Staff Systems Engineer,Space,,"Highlands Ranch, CO",US (CONUS),Full-time,118000,219100,per-year-salary,,https://lockheedmartin.eightfold.ai/careers/job/996476514696
Lockheed Martin,Eightfold,Mechanical Engineer - E2,Space,,"Englewood, CO",US (CONUS),Full-time,79300,147300,per-year-salary,,https://lockheedmartin.eightfold.ai/careers/job/996476613022
Lockheed Martin,Eightfold,ERP Business Analyst Sr Stf - E5,Enterprise Business Services,,"Littleton, CO",US/Remote,Full-time,145100,269500,per-year-salary,,https://lockheedmartin.eightfold.ai/careers/job/996476551802
Lockheed Martin,Eightfold,Material Expediter - Tool Room,MFC-SOFGLSS-LMOS,,"Crestview, FL",US (CONUS),Full-time,27.79,27.79,per-hour-wage,,https://lockheedmartin.eightfold.ai/careers/job/996476618535
Lockheed Martin,Eightfold,Software Engineer - Level 2 (TS/SCI),Space,,"King of Prussia, PA",US (CONUS),Full-time,91200,169400,per-year-salary,,https://lockheedmartin.eightfold.ai/careers/job/996476619712
Lockheed Martin,Eightfold,Administrative Assistant Sr - N3,MFC-Primary,,"Grand Prairie, TX",US (CONUS),Full-time,50300,93300,per-year-salary,,https://lockheedmartin.eightfold.ai/careers/job/996476582823
Lockheed Martin,Eightfold,"Inventory/Material Handler, F-35-Level 3",AFS-LMLS Aero Segment,,"Edwards AFB, CA",US (CONUS),Full-time,23.08,42.88,per-hour-wage,,https://lockheedmartin.eightfold.ai/careers/job/996476619488
Lockheed Martin,Eightfold,Manufacturing Engineer - (Fri-Mon),Space,,", FL",US (CONUS),Full-time,70500,130900,per-year-salary,,https://lockheedmartin.eightfold.ai/careers/job/996476542948
Lockheed Martin,Eightfold,Guidance/Navigation/Control Engineering Sr Stf - E5,Space,,"Sunnyvale, CA",US (CONUS),Full-time,185400,344400,per-year-salary,,https://lockheedmartin.eightfold.ai/careers/job/996476587175
Lockheed Martin,Eightfold,Project Engineer Stf - E4,LM Aeronautics Co- Fort Worth,,"Fort Worth, TX",US (CONUS),Full-time,104900,194700,per-year-salary,,https://lockheedmartin.eightfold.ai/careers/job/996476187247
Lockheed Martin,Eightfold,APG Production Lead,GSO-LMLS Aero Segment,,"Greenville, SC",US (CONUS),Full-time,32.64,58.89,per-hour-wage,,https://lockheedmartin.eightfold.ai/careers/job/996476556620
Lockheed Martin,Eightfold,Systems Engineer Sr,Space,,"Cape Canaveral, FL",US (CONUS),Full-time,85300,158300,per-year-salary,,https://lockheedmartin.eightfold.ai/careers/job/996476534270
Lockheed Martin,Eightfold,"Guidance, Navigation & Control Engineer (Staff, Level IV)",Space,,"Highlands Ranch, CO",US (CONUS),Full-time,135700,251900,per-year-salary,,https://lockheedmartin.eightfold.ai/careers/job/996476230790
Lockheed Martin,Eightfold,"Guidance, Navigation & Control Engineer (Senior, Level III)",Space,,"Highlands Ranch, CO",US (CONUS),Full-time,110300,204900,per-year-salary,,https://lockheedmartin.eightfold.ai/careers/job/996476230786
Lockheed Martin,Eightfold,"Guidance, Navigation & Control Engineer (Senior, Level III)",Space,,"Highlands Ranch, CO",US (CONUS),Full-time,110300,204900,per-year-salary,,https://lockheedmartin.eightfold.ai/careers/job/996476189053
Lockheed Martin,Eightfold,Classified Cyber Sec Asc Mgr - COMSEC - L4,LM Aeronautics Co- Fort Worth,,"Palmdale, CA",US (CONUS),Full-time,104900,194700,per-year-salary,,https://lockheedmartin.eightfold.ai/careers/job/996476568064
Lockheed Martin,Eightfold,Quality Control Analyst Asc - E1,Space,,"Littleton, CO",US (CONUS),Full-time,55700,103400,per-year-salary,,https://lockheedmartin.eightfold.ai/careers/job/996476532945
Lockheed Martin,Eightfold,Personnel Security (PERSEC) Lead,LM Aeronautics Co- Palmdale,,"Palmdale, CA",US (CONUS),Full-time,81500,151300,per-year-salary,,https://lockheedmartin.eightfold.ai/careers/job/996476536821
Lockheed Martin,Eightfold,Project Management & Planning Operations Rep Sr Stf - E5,MFC-Primary,,"Orlando, FL",US (CONUS),Full-time,129000,239600,per-year-salary,,https://lockheedmartin.eightfold.ai/careers/job/996476431724
Lockheed Martin,Eightfold,Ordnance Engineer - 2,Space,,"Englewood, CO",US (CONUS),Full-time,79300,147300,per-year-salary,,https://lockheedmartin.eightfold.ai/careers/job/996476556308
Lockheed Martin,Eightfold,Computing Systems/Software Engineer,RMS Core,,"Mt Laurel Township, NJ",US (CONUS),Full-time,75000,142760,per-year-salary,,https://lockheedmartin.eightfold.ai/careers/job/996476608638
Lockheed Martin,Eightfold,Asmb Worker Structures Sr,LM Aeronautics Co- Marietta,,"Marietta, GA",US (CONUS),Full-time,0,0,per-hour-wage,,https://lockheedmartin.eightfold.ai/careers/job/996476611313
Lockheed Martin,Eightfold,"Guidance, Navigation & Control Engineer II - Top Secret",Space,,"Littleton, CO",US (CONUS),Full-time,91200,169400,per-year-salary,,https://lockheedmartin.eightfold.ai/careers/job/996476241540
Lockheed Martin,Eightfold,"Guidance, Navigation & Control Engineer III (Senior) - Top Secret",Space,,"Littleton, CO",US (CONUS),Full-time,110300,204900,per-year-salary,,https://lockheedmartin.eightfold.ai/careers/job/996476241364
Lockheed Martin,Eightfold,Systems Engineer,Space,,"Sunnyvale, CA",US (CONUS),Full-time,88100,163700,per-year-salary,,https://lockheedmartin.eightfold.ai/careers/job/996476617535
Lockheed Martin,Eightfold,Sr. Systems Engineer,Space,,"Littleton, CO",US (CONUS),Full-time,95900,178100,per-year-salary,,https://lockheedmartin.eightfold.ai/careers/job/996476612805
Lockheed Martin,Eightfold,Cyber Systems Security Engineering,RMS Core,,"Huntsville, AL",US (CONUS),Full-time,81100,150500,per-year-salary,,https://lockheedmartin.eightfold.ai/careers/job/996476620064
Lockheed Martin,Eightfold,Guidance/Navigation/Control Engineering Stf - E4,Space,,"Littleton, CO",US (CONUS),Full-time,135700,251900,per-year-salary,,https://lockheedmartin.eightfold.ai/careers/job/996476204883
Lockheed Martin,Eightfold,Project Management & Planning Operations Rep Stf - E4,LM Aeronautics Co- Marietta,,"Marietta, GA",US (CONUS),Full-time,104900,194700,per-year-salary,,https://lockheedmartin.eightfold.ai/careers/job/996476549245
Lockheed Martin,Eightfold,Systems Engineer Stf,Space,,"Sunnyvale, CA",US (CONUS),Full-time,131100,243500,per-year-salary,,https://lockheedmartin.eightfold.ai/careers/job/996476620291
Lockheed Martin,Eightfold,Systems Integration/Test Engineer (2nd Shift),Space,,", FL",US (CONUS),Full-time,70500,130900,per-year-salary,,https://lockheedmartin.eightfold.ai/careers/job/996476610863
Lockheed Martin,Eightfold,Project Engineer Stf - E4,LM Aeronautics Co- Fort Worth,,"Fort Worth, TX",US (CONUS),Full-time,104900,194700,per-year-salary,,https://lockheedmartin.eightfold.ai/careers/job/996476188238
Lockheed Martin,Eightfold,Financial Management Sr - E3,Corporate Headquarters,,"Bethesda, MD",US (CONUS),Full-time,81500,151300,per-year-salary,,https://lockheedmartin.eightfold.ai/careers/job/996476606630
Lockheed Martin,Eightfold,Applications Engineer - Level 2,LM Aeronautics Co- Fort Worth,,"Fort Worth, TX",US (CONUS),Full-time,70500,130900,per-year-salary,,https://lockheedmartin.eightfold.ai/careers/job/996476544356
Lockheed Martin,Eightfold,Project Engineer Sr - E3,LM Aeronautics Co- Fort Worth,,"Fort Worth, TX",US (CONUS),Full-time,85300,158300,per-year-salary,,https://lockheedmartin.eightfold.ai/careers/job/996476187943
Lockheed Martin,Eightfold,Database Admin / Advanced Reporting Tool / J-NEEO / Nellis AFB,RMS-Svcs-LMOS,,"Nellis AFB, NV",US (CONUS),Full-time,85300,158300,per-year-salary,,https://lockheedmartin.eightfold.ai/careers/job/996476206918
Lockheed Martin,Eightfold,Material Expediter - Tool Room,MFC-SOFGLSS-LMOS,,"Crestview, FL",US (CONUS),Full-time,27.79,27.79,per-hour-wage,,https://lockheedmartin.eightfold.ai/careers/job/996476616946
Lockheed Martin,Eightfold,Project Engineer - E2,LM Aeronautics Co- Fort Worth,,"Fort Worth, TX",US (CONUS),Full-time,70500,130900,per-year-salary,,https://lockheedmartin.eightfold.ai/careers/job/996476187779
Lockheed Martin,Eightfold,Quality Engineer Sr - E3,Space,,"Littleton, CO",US (CONUS),Full-time,95900,178100,per-year-salary,,https://lockheedmartin.eightfold.ai/careers/job/996476546758
Lockheed Martin,Eightfold,Quality Engineer - E2,Space,,"Littleton, CO",US (CONUS),Full-time,79300,147300,per-year-salary,,https://lockheedmartin.eightfold.ai/careers/job/996476545443
Lockheed Martin,Eightfold,Quality Engineer - E2,Space,,"Littleton, CO",US (CONUS),Full-time,79300,147300,per-year-salary,,https://lockheedmartin.eightfold.ai/careers/job/996476545903
Lockheed Martin,Eightfold,Quality Engineer - E2,Space,,"Littleton, CO",US (CONUS),Full-time,79300,147300,per-year-salary,,https://lockheedmartin.eightfold.ai/careers/job/996476543929
Lockheed Martin,Eightfold,Quality Engineer - E2,Space,,"Littleton, CO",US (CONUS),Full-time,79300,147300,per-year-salary,,https://lockheedmartin.eightfold.ai/careers/job/996476544969
Lockheed Martin,Eightfold,Manufacturing Engineer Sr - E3,RMS Core,,"Oldsmar, FL",US (CONUS),Full-time,85300,158300,per-year-salary,,https://lockheedmartin.eightfold.ai/careers/job/996476612619
Lockheed Martin,Eightfold,Systems Engineer Staff,RMS Core,,"Colorado Springs, CO",US (CONUS),Full-time,104900,194700,per-year-salary,,https://lockheedmartin.eightfold.ai/careers/job/996476585474
Lockheed Martin,Eightfold,PCB Design Engineer,RMS Core,,"Moorestown, NJ",US (CONUS),Full-time,0,0,per-hour-wage,,https://lockheedmartin.eightfold.ai/careers/job/996476610752
Lockheed Martin,Eightfold,Systems Engineer Stf,RMS Core,,"Colorado Springs, CO",US (CONUS),Full-time,104900,194700,per-year-salary,,https://lockheedmartin.eightfold.ai/careers/job/996476584894
Lockheed Martin,Eightfold,"Guidance, Navigation & Control Engineer (Staff, Level IV)",Space,,"Highlands Ranch, CO",US (CONUS),Full-time,135700,251900,per-year-salary,,https://lockheedmartin.eightfold.ai/careers/job/996476230794
Lockheed Martin,Eightfold,Flightline Expeditor,AFS-LMLS Aero Segment,,"Fort Smith, AR",US (CONUS),Full-time,65200,121200,per-year-salary,,https://lockheedmartin.eightfold.ai/careers/job/996476575970
Lockheed Martin,Eightfold,Lead Systems Engineer (LSE) - Multidisciplinary Systems Engineering Team,RMS Core,,"Liverpool, NY",US (CONUS),Full-time,129000,239600,per-year-salary,,https://lockheedmartin.eightfold.ai/careers/job/996476490677
Lockheed Martin,Eightfold,Systems Engineering Asc Mgr - L4,RMS Core,,"Moorestown, NJ",US (CONUS),Full-time,118000,219100,per-year-salary,,https://lockheedmartin.eightfold.ai/careers/job/996476211133
Lockheed Martin,Eightfold,Subcontract Management Supv - L3,MFC-SOFGLSS-LMOS,,"Lexington, KY",US (CONUS),Full-time,65200,121200,per-year-salary,,https://lockheedmartin.eightfold.ai/careers/job/996476568798
Lockheed Martin,Eightfold,Software Engineering Mgr - L5,Enterprise Business Services,,"Grand Prairie, TX",US/Remote,Full-time,148300,275500,per-year-salary,,https://lockheedmartin.eightfold.ai/careers/job/996476463785
Lockheed Martin,Eightfold,Space Vehicle Test Engineer Sr,Space,,"Littleton, CO",US (CONUS),Full-time,95900,178100,per-year-salary,,https://lockheedmartin.eightfold.ai/careers/job/996476550549
Lockheed Martin,Eightfold,Associate Manager Quality Engineering,MFC-Chelmsford,,"Chelmsford, MA",US (CONUS),Full-time,118000,219100,per-year-salary,,https://lockheedmartin.eightfold.ai/careers/job/996476611443
Lockheed Martin,Eightfold,Electrician Spec - N3,LM Properties Inc,,"King of Prussia, PA",US (CONUS),Full-time,56600,105000,per-year-salary,,https://lockheedmartin.eightfold.ai/careers/job/996476200933
Lockheed Martin,Eightfold,Senior Manager - Science & Technology (S&T) Programs,Corporate Headquarters,,"Arlington, VA",US (CONUS),Full-time,178500,331500,per-year-salary,,https://lockheedmartin.eightfold.ai/careers/job/996476201066
Lockheed Martin,Eightfold,Data Architect Stf - E4,Enterprise Business Services,,"Colorado Springs, CO",US/Remote,Full-time,135700,251900,per-year-salary,,https://lockheedmartin.eightfold.ai/careers/job/996476378524
Lockheed Martin,Eightfold,Space Vehicle Test Engineer Staff,Space,,"Littleton, CO",US (CONUS),Full-time,118000,219100,per-year-salary,,https://lockheedmartin.eightfold.ai/careers/job/996476547940
Lockheed Martin,Eightfold,Systems Engineer Sr,Space,,"Littleton, CO",US (CONUS),Full-time,95900,178100,per-year-salary,,https://lockheedmartin.eightfold.ai/careers/job/996476617923
Lockheed Martin,Eightfold,Program Integration Meeting & Events Professional,Space,,"Littleton, CO",US (CONUS),Full-time,118000,219100,per-year-salary,,https://lockheedmartin.eightfold.ai/careers/job/996476446818
Lockheed Martin,Eightfold,Systems Engineer Stf,Space,,"Littleton, CO",US (CONUS),Full-time,118000,219100,per-year-salary,,https://lockheedmartin.eightfold.ai/careers/job/996476616828
Lockheed Martin,Eightfold,Integrated Program Planner Stf - E4 - FL,MFC-Primary,,"Orlando, FL",US (CONUS),Full-time,100200,186200,per-year-salary,,https://lockheedmartin.eightfold.ai/careers/job/996476613026
Lockheed Martin,Eightfold,Multifunctional Manufacturing Supv - L3,MFC-Primary,,"Troy, AL",US (CONUS),Full-time,72500,134600,per-year-salary,,https://lockheedmartin.eightfold.ai/careers/job/996476610610
Lockheed Martin,Eightfold,"Systems Integration/Test Engineering Associate (E1) | Grand Prairie, TX (8336)",MFC-Primary,,"Grand Prairie, TX",US (CONUS),Full-time,58200,108200,per-year-salary,,https://lockheedmartin.eightfold.ai/careers/job/996476614773
Lockheed Martin,Eightfold,Project Engineer,Space,,"Cape Canaveral, FL",US (CONUS),Full-time,70500,130900,per-year-salary,,https://lockheedmartin.eightfold.ai/careers/job/996476616420
Lockheed Martin,Eightfold,Systems Architect Stf - E4,LM Aeronautics Co- Fort Worth,,"Marietta, GA",US (CONUS),Full-time,120600,224000,per-year-salary,,https://lockheedmartin.eightfold.ai/careers/job/996476353513
Lockheed Martin,Eightfold,"Full Stack Engineer, Staff / Interim Secret / Onsite: CO or PA",Enterprise Business Services,,"King of Prussia, PA",US (CONUS),Full-time,135700,251900,per-year-salary,,https://lockheedmartin.eightfold.ai/careers/job/996476202867
Lockheed Martin,Eightfold,"Sr. IT Linux System Engineer - Secret Required- Onsite in Orlando, F",Enterprise Business Services,,"Orlando, FL",US (CONUS),Full-time,85300,158300,per-year-salary,,https://lockheedmartin.eightfold.ai/careers/job/996476205609
Lockheed Martin,Eightfold,Systems Integration/Test Engineer Asc.,Space,,", FL",US (CONUS),Full-time,58200,108200,per-year-salary,,https://lockheedmartin.eightfold.ai/careers/job/996476519015
Lockheed Martin,Eightfold,Component Engineer - E2,Space,,"Littleton, CO",US (CONUS),Full-time,79300,147300,per-year-salary,,https://lockheedmartin.eightfold.ai/careers/job/996476580866
Lockheed Martin,Eightfold,EMI/EMC Systems Engineer,Space,,"Littleton, CO",US (CONUS),Full-time,118000,219100,per-year-salary,,https://lockheedmartin.eightfold.ai/careers/job/996476540107
Lockheed Martin,Eightfold,Orion Test Operations - System Test Engineer Third Shift,Space,,", FL",US (CONUS),Full-time,70500,130900,per-year-salary,,https://lockheedmartin.eightfold.ai/careers/job/996476513760
Lockheed Martin,Eightfold,Manufacturing Engineering Sr Mgr - L6,LM Aeronautics Co- Palmdale,,"Palmdale, CA",US (CONUS),Full-time,178500,331500,per-year-salary,,https://lockheedmartin.eightfold.ai/careers/job/996476614025
Lockheed Martin,Eightfold,Quality Control Analyst Sr - E3,MFC-SOFGLSS-LMOS,,"Crestview, FL",US (CONUS),Full-time,65200,121200,per-year-salary,,https://lockheedmartin.eightfold.ai/careers/job/996476546044
Lockheed Martin,Eightfold,"Guidance, Navigation, & Control Manager",Space,,"Highlands Ranch, CO",US (CONUS),Full-time,166900,309900,per-year-salary,,https://lockheedmartin.eightfold.ai/careers/job/996476230783
Lockheed Martin,Eightfold,Supplier Quality Engineer Sr - Level 3,LM Aeronautics Co- Marietta,,"Marietta, GA",US/Remote,Full-time,85300,158300,per-year-salary,,https://lockheedmartin.eightfold.ai/careers/job/996476538196
Lockheed Martin,Eightfold,Electro Mechanical Engineer Asc - Early Career,MFC-Primary,,"Orlando, FL",US (CONUS),Full-time,58200,108200,per-year-salary,,https://lockheedmartin.eightfold.ai/careers/job/996476536343
Lockheed Martin,Eightfold,Security Rep Sr - E3,LM Aeronautics Co- Fort Worth,,"Fort Worth, TX",US (CONUS),Full-time,72500,134600,per-year-salary,,https://lockheedmartin.eightfold.ai/careers/job/996476584995
Lockheed Martin,Eightfold,Program Management Sr Mgr - EXPAT,RMS-LMGI,,"Colorado Springs, CO",US (CONUS),Full-time,164200,305000,per-year-salary,,https://lockheedmartin.eightfold.ai/careers/job/996476542352
Lockheed Martin,Eightfold,Scrum Master,Space,,"Littleton, CO",US (CONUS),Full-time,95900,178100,per-year-salary,,https://lockheedmartin.eightfold.ai/careers/job/996476538487
Lockheed Martin,Eightfold,Technician - Calibration Spec - N3,Space Services,,"Huntsville, AL",US (CONUS),Full-time,50300,93300,per-year-salary,,https://lockheedmartin.eightfold.ai/careers/job/996476545909
Lockheed Martin,Eightfold,Technician - Calibration Sr - N2,Space Services,,"John C. Stennis Space Center, MS",US (CONUS),Full-time,41900,77700,per-year-salary,,https://lockheedmartin.eightfold.ai/careers/job/996476545295
Lockheed Martin,Eightfold,Facilities Projects Rep Stf - E4,MFC-Primary,,"Orlando, FL",US (CONUS),Full-time,104900,194700,per-year-salary,,https://lockheedmartin.eightfold.ai/careers/job/996476284320
Lockheed Martin,Eightfold,Systems Engineering Field Tech Support Staff - Level 4,AFS-LMLS Aero Segment,,"San Diego, CA",US (CONUS),Full-time,100200,186200,per-year-salary,,https://lockheedmartin.eightfold.ai/careers/job/996476615397
Lockheed Martin,Eightfold,Experimental CNC Machinist II,Space,,"King of Prussia, PA",US (CONUS),Full-time,47100,87500,per-year-salary,,https://lockheedmartin.eightfold.ai/careers/job/996476608865
Lockheed Martin,Eightfold,"Systems Engineer, Senior",Space,,"Englewood, CO",US (CONUS),Full-time,95900,178100,per-year-salary,,https://lockheedmartin.eightfold.ai/careers/job/996476513350
Lockheed Martin,Eightfold,Industrial Engineer Senior - Level 3,LM Aeronautics Co- Marietta,,"Marietta, GA",US (CONUS),Full-time,85300,158300,per-year-salary,,https://lockheedmartin.eightfold.ai/careers/job/996476538376
Lockheed Martin,Eightfold,Lead Project Engineer Senior Staff,Space,,"Littleton, CO",US (CONUS),Full-time,145100,269500,per-year-salary,,https://lockheedmartin.eightfold.ai/careers/job/996476615400
Lockheed Martin,Eightfold,Contract Instructor Pilot / Pilot Training / F-35B / Nyutabaru,RMS-Svcs-LMOS,,"Orlando, FL",US (CONUS),Full-time,148300,275500,per-year-salary,,https://lockheedmartin.eightfold.ai/careers/job/996476562655
Lockheed Martin,Eightfold,Quality Engineer Stf - E4,RMS Core,,"Littleton, CO",US (CONUS),Full-time,118000,219100,per-year-salary,,https://lockheedmartin.eightfold.ai/careers/job/996476550577
Lockheed Martin,Eightfold,Configuration Analyst Sr - E3,MFC-Primary,,"Orlando, FL",US (CONUS),Full-time,72500,134600,per-year-salary,,https://lockheedmartin.eightfold.ai/careers/job/996476591294
Lockheed Martin,Eightfold,Configuration Analyst Sr - E3,MFC-Primary,,"Orlando, FL",US (CONUS),Full-time,72500,134600,per-year-salary,,https://lockheedmartin.eightfold.ai/careers/job/996476591604
Lockheed Martin,Eightfold,"Missile Manufacturing Robotics Engineer Weekend Shift - Troy, Alabama",MFC-Primary,,"Troy, AL",US (CONUS),Full-time,85300,158300,per-year-salary,,https://lockheedmartin.eightfold.ai/careers/job/996476600948
Lockheed Martin,Eightfold,Sustainment Engineer Stf - E4,MFC-Primary,,"Grand Prairie, TX",US (CONUS),Full-time,104900,194700,per-year-salary,,https://lockheedmartin.eightfold.ai/careers/job/996476601811
Lockheed Martin,Eightfold,Project Engineering Asc Mgr - L4,MFC-Primary,,"Orlando, FL",US (CONUS),Full-time,104900,194700,per-year-salary,,https://lockheedmartin.eightfold.ai/careers/job/996476602006
Lockheed Martin,Eightfold,Sustainment Engineer Sr - E3,MFC-Primary,,"Grand Prairie, TX",US (CONUS),Full-time,85300,158300,per-year-salary,,https://lockheedmartin.eightfold.ai/careers/job/996476603993
Lockheed Martin,Eightfold,Mechanical Design Engineer - E2,MFC-Primary,,"Grand Prairie, TX",US (CONUS),Full-time,70500,130900,per-year-salary,,https://lockheedmartin.eightfold.ai/careers/job/996476523232
Lockheed Martin,Eightfold,Sustainment Engineer Sr,MFC-Primary,,"Orlando, FL",US (CONUS),Full-time,85300,158300,per-year-salary,,https://lockheedmartin.eightfold.ai/careers/job/996476536657
Lockheed Martin,Eightfold,"Missile Manufacturing Robotics Engineer Second Shift - Troy, Alabama",MFC-Primary,,"Troy, AL",US (CONUS),Full-time,85300,158300,per-year-salary,,https://lockheedmartin.eightfold.ai/careers/job/996476600949
Lockheed Martin,Eightfold,Quality Engineer Sr - E3,RMS Manufacturing,,"Moorestown, NJ",US (CONUS),Full-time,95900,178100,per-year-salary,,https://lockheedmartin.eightfold.ai/careers/job/996476588532
Lockheed Martin,Eightfold,Mechanical Design Engineer Stf - E4,MFC-Primary,,"Grand Prairie, TX",US (CONUS),Full-time,104900,194700,per-year-salary,,https://lockheedmartin.eightfold.ai/careers/job/996476523378
Lockheed Martin,Eightfold,Mechanical Design Engineer - E2,MFC-Primary,,"Grand Prairie, TX",US (CONUS),Full-time,70500,130900,per-year-salary,,https://lockheedmartin.eightfold.ai/careers/job/996476523301
Lockheed Martin,Eightfold,Mechanical Design Engineer Stf - E4,MFC-Primary,,"Grand Prairie, TX",US (CONUS),Full-time,104900,194700,per-year-salary,,https://lockheedmartin.eightfold.ai/careers/job/996476523324
Lockheed Martin,Eightfold,Mechanical Engineer Sr - E3,MFC-Primary,,"Troy, AL",US (CONUS),Full-time,85300,158300,per-year-salary,,https://lockheedmartin.eightfold.ai/careers/job/996476523450
Lockheed Martin,Eightfold,"Manufacturing / Process Engineer (Missile Assembly) - Troy, Alabama",MFC-Primary,,"Troy, AL",US (CONUS),Full-time,70500,130900,per-year-salary,,https://lockheedmartin.eightfold.ai/careers/job/996476600950
Lockheed Martin,Eightfold,Mechanical Design Engineer Sr - E3,MFC-Primary,,"Orlando, FL",US (CONUS),Full-time,85300,158300,per-year-salary,,https://lockheedmartin.eightfold.ai/careers/job/996476523551
Lockheed Martin,Eightfold,Mechanical Design Engineer Sr - E3,MFC-Primary,,"Orlando, FL",US (CONUS),Full-time,85300,158300,per-year-salary,,https://lockheedmartin.eightfold.ai/careers/job/996476523648
Lockheed Martin,Eightfold,Inspector Machined Parts,RMS Sikorsky Manufacturing,,"Shelton, CT",US (CONUS),Full-time,41.22,44.05,per-hour-wage,,https://lockheedmartin.eightfold.ai/careers/job/996476522756
Lockheed Martin,Eightfold,Subcontract Administration Sr - E3,MFC-SOFGLSS-LMOS,,"Lexington, KY",US (CONUS),Full-time,65200,121200,per-year-salary,,https://lockheedmartin.eightfold.ai/careers/job/996476188251
Lockheed Martin,Eightfold,Test Engineer Asc - E1,MFC-Lufkin,,"Lufkin, TX",US (CONUS),Full-time,52400,97400,per-year-salary,,https://lockheedmartin.eightfold.ai/careers/job/996476590765
Lockheed Martin,Eightfold,Computer Vision Analyst (Level II) - Top Secret clearance,Space,,"Littleton, CO",US (CONUS),Full-time,91200,169400,per-year-salary,,https://lockheedmartin.eightfold.ai/careers/job/996476230782
Lockheed Martin,Eightfold,Project Engineer Stf,RMS Core,,"Colorado Springs, CO",US (CONUS),Full-time,104900,194700,per-year-salary,,https://lockheedmartin.eightfold.ai/careers/job/996476571389
Lockheed Martin,Eightfold,Quality Assurance Lead Inspector 2nd Shift,GSO-LMLS Aero Segment,,"Greenville, SC",US (CONUS),Full-time,32.64,58.89,per-hour-wage,,https://lockheedmartin.eightfold.ai/careers/job/996476523204
Lockheed Martin,Eightfold,"Aircraft Field Support Engineer (Misawa AB), F-35 - Level 3",LMLS EEs on EBS LMGI Ldgr,,"Fort Worth, TX",US (CONUS),Full-time,72500,134600,per-year-salary,,https://lockheedmartin.eightfold.ai/careers/job/996476593715
Lockheed Martin,Eightfold,Quality Engineer Sr - Level 3,LM Aeronautics Co- Marietta,,"Marietta, GA",US (CONUS),Full-time,85300,158300,per-year-salary,,https://lockheedmartin.eightfold.ai/careers/job/996476289163
Lockheed Martin,Eightfold,Inventory/Stockroom Clerk - N2,MFC-Primary,,"Goleta, CA",US (CONUS),Full-time,40000,74400,per-year-salary,,https://lockheedmartin.eightfold.ai/careers/job/996476523763
Lockheed Martin,Eightfold,Inspector Sr Spec GSO,GSO-LMLS Aero Segment,,"Greenville, SC",US (CONUS),Full-time,32.64,58.89,per-hour-wage,,https://lockheedmartin.eightfold.ai/careers/job/996476326103
Lockheed Martin,Eightfold,Assembler - N1,MFC-Primary,,"Troy, AL",US (CONUS),Full-time,30900,57500,per-year-salary,,https://lockheedmartin.eightfold.ai/careers/job/996476613919
Lockheed Martin,Eightfold,Quality Control Analyst - E2,Space,,"Courtland, AL",US (CONUS),Full-time,59900,111300,per-year-salary,,https://lockheedmartin.eightfold.ai/careers/job/996476590270
Lockheed Martin,Eightfold,Manufacturing Engineer Sr - E3,MFC-Primary,,"Ocala, FL",US (CONUS),Full-time,85300,158300,per-year-salary,,https://lockheedmartin.eightfold.ai/careers/job/996476510348
Lockheed Martin,Eightfold,Flight Test Insturmentation Specialist Lvl 2,LM Aeronautics Co- Fort Worth,,"Fort Worth, TX",US (CONUS),Full-time,70500,130900,per-year-salary,,https://lockheedmartin.eightfold.ai/careers/job/996476573379
Lockheed Martin,Eightfold,Systems Integration/Test Engineering Manager,Space,,", FL",US (CONUS),Full-time,129000,239600,per-year-salary,,https://lockheedmartin.eightfold.ai/careers/job/996476515150
Lockheed Martin,Eightfold,Software Engineer - E2,Enterprise Business Services,,"Marietta, GA",US/Remote,Full-time,81100,150500,per-year-salary,,https://lockheedmartin.eightfold.ai/careers/job/996476372889
Lockheed Martin,Eightfold,Procurement Engineer Sr - E3,RMS Sikorsky Core,,"Stratford, CT",US (CONUS),Full-time,95900,178100,per-year-salary,,https://lockheedmartin.eightfold.ai/careers/job/996476186975
Lockheed Martin,Eightfold,LCS Ship Repair Designer - AutoCAD (HYBRID TELEWORK),RMS-Svcs-LMOS,,"Virginia Beach, VA",US (CONUS),Full-time,69400,128800,per-year-salary,,https://lockheedmartin.eightfold.ai/careers/job/996476569872
Lockheed Martin,Eightfold,Hardware Engineer Sr - E3,RMS Core,,"Liverpool, NY",US (CONUS),Full-time,85300,158300,per-year-salary,,https://lockheedmartin.eightfold.ai/careers/job/996476225322
Lockheed Martin,Eightfold,Hardware Engineer Sr - E3,RMS Core,,"Liverpool, NY",US (CONUS),Full-time,85300,158300,per-year-salary,,https://lockheedmartin.eightfold.ai/careers/job/996476224182
Lockheed Martin,Eightfold,M&S Software Developer- Secret Clearance,RMS Core,,"Colorado Springs, CO",US (CONUS),Full-time,98100,182100,per-year-salary,,https://lockheedmartin.eightfold.ai/careers/job/996476188296
Lockheed Martin,Eightfold,Facilities Action Officer,MFC-Primary,,"Camden, NJ",US (CONUS),Full-time,85300,158300,per-year-salary,,https://lockheedmartin.eightfold.ai/careers/job/996476367690
Lockheed Martin,Eightfold,Systems Engineer Stf - E4,RMS Core,,"Liverpool, NY",US (CONUS),Full-time,104900,194700,per-year-salary,,https://lockheedmartin.eightfold.ai/careers/job/996476204764
Lockheed Martin,Eightfold,Manufacturing Planner Asc - E1,MFC-Primary,,"Orlando, FL",US (CONUS),Full-time,49500,91900,per-year-salary,,https://lockheedmartin.eightfold.ai/careers/job/996476611030
Lockheed Martin,Eightfold,Procurement Engineer Sr - E3,RMS Sikorsky Core,,"Stratford, CT",US/Remote,Full-time,95900,178100,per-year-salary,,https://lockheedmartin.eightfold.ai/careers/job/996476383624
Lockheed Martin,Eightfold,Financial Management Stf - E4,LM Aeronautics Co- Fort Worth,,"Fort Worth, TX",US (CONUS),Full-time,89100,165500,per-year-salary,,https://lockheedmartin.eightfold.ai/careers/job/996476534239
Lockheed Martin,Eightfold,Multifunctional Manufacturing Supv - L3,Space,,"Courtland, AL",US (CONUS),Full-time,72500,134600,per-year-salary,,https://lockheedmartin.eightfold.ai/careers/job/996476573022
Lockheed Martin,Eightfold,Multifunctional Manufacturing Supv - L3,Space,,"Courtland, AL",US (CONUS),Full-time,72500,134600,per-year-salary,,https://lockheedmartin.eightfold.ai/careers/job/996476572140
Lockheed Martin,Eightfold,Proposal Analyst Sr - E3,LM Aeronautics Co- Fort Worth,,"Fort Worth, TX",US/Remote,Full-time,81500,151300,per-year-salary,,https://lockheedmartin.eightfold.ai/careers/job/996476524946
Lockheed Martin,Eightfold,Finance Business Operations Sr Mgr - L6,LM Aeronautics Co- Marietta,,"Marietta, GA",US (CONUS),Full-time,134900,250500,per-year-salary,,https://lockheedmartin.eightfold.ai/careers/job/996476228520
Lockheed Martin,Eightfold,Assembler - N1,MFC-Primary,,"Troy, AL",US (CONUS),Full-time,30900,57500,per-year-salary,,https://lockheedmartin.eightfold.ai/careers/job/996476542602
Lockheed Martin,Eightfold,Senior Systems Engineer (Product Owner),RMS-Svcs-LMOS,,"Offutt AFB, NE",US (CONUS),Full-time,76700,142500,per-year-salary,,https://lockheedmartin.eightfold.ai/careers/job/996476283802
Lockheed Martin,Eightfold,Inspector Non-Des Eval Spec,Space,,"Cape Canaveral, FL",US (CONUS),Full-time,31.46,56.57,per-hour-wage,,https://lockheedmartin.eightfold.ai/careers/job/996476172482
Lockheed Martin,Eightfold,Systems Engineer Stf - E4,Space,,"Colorado Springs, CO",US (CONUS),Full-time,104900,194700,per-year-salary,,https://lockheedmartin.eightfold.ai/careers/job/996476589526
Lockheed Martin,Eightfold,QA Inspector,RMS Manufacturing,,"Moorestown, NJ",US (CONUS),Full-time,35,35,per-hour-wage,,https://lockheedmartin.eightfold.ai/careers/job/996476552368
Lockheed Martin,Eightfold,Quality Engineer Sr - Level 3,LM Aeronautics Co- Marietta,,"Marietta, GA",US (CONUS),Full-time,85300,158300,per-year-salary,,https://lockheedmartin.eightfold.ai/careers/job/996476523249
Lockheed Martin,Eightfold,Senior Software Engineer - Radar Modeling and Simulation,RMS Core,,"King of Prussia, PA",US (CONUS),Full-time,110300,204900,per-year-salary,,https://lockheedmartin.eightfold.ai/careers/job/996476280147
Lockheed Martin,Eightfold,Tech Refresh Engineering Project Manager,RMS Core,,"Colorado Springs, CO",US (CONUS),Full-time,129000,239600,per-year-salary,,https://lockheedmartin.eightfold.ai/careers/job/996476279662
Lockheed Martin,Eightfold,Hardware IPT Lead,RMS Core,,"Moorestown, NJ",US (CONUS),Full-time,110500,208344,per-year-salary,,https://lockheedmartin.eightfold.ai/careers/job/996476349310
Lockheed Martin,Eightfold,Windows Sr. Systems Engineer -IT (Clearance Required),RMS Core,,"King of Prussia, PA",US (CONUS),Full-time,95900,178100,per-year-salary,,https://lockheedmartin.eightfold.ai/careers/job/996476227445
Lockheed Martin,Eightfold,Systems Integration Analyst - E2,RMS-Svcs-LMOS,,"Virginia Beach, VA",US (CONUS),Full-time,70500,130900,per-year-salary,,https://lockheedmartin.eightfold.ai/careers/job/996476555139
Lockheed Martin,Eightfold,Procurement Engineer - E2,RMS Core,,"Orlando, FL",US (CONUS),Full-time,70500,130900,per-year-salary,,https://lockheedmartin.eightfold.ai/careers/job/996476371368
Lockheed Martin,Eightfold,Program Management Director - Cyber,Space,,"Herndon, VA",US (CONUS),Full-time,180000,325000,per-year-salary,,https://lockheedmartin.eightfold.ai/careers/job/996476580716
Lockheed Martin,Eightfold,Inspector Spec - N3,RMS Manufacturing,,"Orlando, FL",US (CONUS),Full-time,50300,93300,per-year-salary,,https://lockheedmartin.eightfold.ai/careers/job/996476512286
Lockheed Martin,Eightfold,Inspector Sr - N2,RMS Manufacturing,,"Orlando, FL",US (CONUS),Full-time,41900,77700,per-year-salary,,https://lockheedmartin.eightfold.ai/careers/job/996476507844
Lockheed Martin,Eightfold,Lead Senior Tax Accountant - State Tax Compliance,Corporate Headquarters,,"Bethesda, MD",US (CONUS),Full-time,100200,186200,per-year-salary,,https://lockheedmartin.eightfold.ai/careers/job/996476166326
Lockheed Martin,Eightfold,Senior Tax Accountant,Corporate Headquarters,,"Bethesda, MD",US (CONUS),Full-time,81500,151300,per-year-salary,,https://lockheedmartin.eightfold.ai/careers/job/996476205530
Lockheed Martin,Eightfold,Inventory & Materials Assistant - N1,MFC-Primary,,"Troy, AL",US (CONUS),Full-time,30900,57500,per-year-salary,,https://lockheedmartin.eightfold.ai/careers/job/996476575661
Lockheed Martin,Eightfold,Inventory & Materials Assistant - N1,MFC-Primary,,"Troy, AL",US (CONUS),Full-time,30900,57500,per-year-salary,,https://lockheedmartin.eightfold.ai/careers/job/996476514125
Lockheed Martin,Eightfold,Software Engineer,RMS-Svcs-LMOS,,"Offutt AFB, NE",US (CONUS),Full-time,72900,135500,per-year-salary,,https://lockheedmartin.eightfold.ai/careers/job/996476203773
Lockheed Martin,Eightfold,Technician Specialist,Space,,"Littleton, CO",US (CONUS),Full-time,56600,105000,per-year-salary,,https://lockheedmartin.eightfold.ai/careers/job/996476231576
Lockheed Martin,Eightfold,Procurement Engineer - E2,RMS Core,,"Liverpool, NY",US (CONUS),Full-time,70500,130900,per-year-salary,,https://lockheedmartin.eightfold.ai/careers/job/996476533955
Lockheed Martin,Eightfold,Software Engineer Sr,RMS Core,,"King of Prussia, PA",US (CONUS),Full-time,110300,204900,per-year-salary,,https://lockheedmartin.eightfold.ai/careers/job/996476201792
Lockheed Martin,Eightfold,"Senior Production Test Engineer (Missile Assembly)(ATE) - Troy, Alabama",MFC-Primary,,"Troy, AL",US (CONUS),Full-time,85300,158300,per-year-salary,,https://lockheedmartin.eightfold.ai/careers/job/996476600969
Lockheed Martin,Eightfold,Design Engineer Sr - E3,RMS Sikorsky Core,,"Stratford, CT",US (CONUS),Full-time,95900,178100,per-year-salary,,https://lockheedmartin.eightfold.ai/careers/job/996476323576
Lockheed Martin,Eightfold,Systems Engineer-Clearance Required,RMS Core,,"Littleton, CO",US (CONUS),Full-time,79300,147300,per-year-salary,,https://lockheedmartin.eightfold.ai/careers/job/996476201148
Lockheed Martin,Eightfold,Senior Systems Engineer-Clearance Required,RMS Core,,"Littleton, CO",US (CONUS),Full-time,95900,178100,per-year-salary,,https://lockheedmartin.eightfold.ai/careers/job/996476201465
Lockheed Martin,Eightfold,"Manufacturing / Process Engineer Missile Assembly Weekend Shift -Troy, Alabama",MFC-Primary,,"Troy, AL",US (CONUS),Full-time,70500,130900,per-year-salary,,https://lockheedmartin.eightfold.ai/careers/job/996476600970
Lockheed Martin,Eightfold,Senior DevSecOps Engineer - Clearance Required,RMS Core,,"King of Prussia, PA",US (CONUS),Full-time,110300,204900,per-year-salary,,https://lockheedmartin.eightfold.ai/careers/job/996476238630
Lockheed Martin,Eightfold,Manufacturing Engineer Asc (Machining) - Early Career,MFC-Primary,,"Orlando, FL",US (CONUS),Full-time,58200,108200,per-year-salary,,https://lockheedmartin.eightfold.ai/careers/job/996476506689
Lockheed Martin,Eightfold,"Financial Management Sr - E3- Orlando, FL",MFC-Primary,,"Orlando, FL",US (CONUS),Full-time,72500,134600,per-year-salary,,https://lockheedmartin.eightfold.ai/careers/job/996476532450
Lockheed Martin,Eightfold,Project Engineer,Enterprise Business Services,,"Owego, NY",US/Remote,Full-time,70500,130900,per-year-salary,,https://lockheedmartin.eightfold.ai/careers/job/996476554812
Lockheed Martin,Eightfold,"Systems Administration, Senior Staff",RMS-Svcs-LMOS,,", MD",US (CONUS),Full-time,145100,269500,per-year-salary,,https://lockheedmartin.eightfold.ai/careers/job/996476219455
Lockheed Martin,Eightfold,Systems Engineer-IT Sr - Top Secret Clearance Required,RMS Core,,"King of Prussia, PA",US (CONUS),Full-time,95900,178100,per-year-salary,,https://lockheedmartin.eightfold.ai/careers/job/996476168484
Lockheed Martin,Eightfold,Senior Cyber Software Engineer,RMS-Svcs-LMOS,,"Offutt AFB, NE",US (CONUS),Full-time,88300,163900,per-year-salary,,https://lockheedmartin.eightfold.ai/careers/job/996476183856
Lockheed Martin,Eightfold,Electrical/Mechanical Technician,Space,,"Littleton, CO",US (CONUS),Full-time,47100,87500,per-year-salary,,https://lockheedmartin.eightfold.ai/careers/job/996476504086
Lockheed Martin,Eightfold,DevSecOps Software Engineer Stf - E4,RMS Core,,"Manassas, VA",US (CONUS),Full-time,135700,251900,per-year-salary,,https://lockheedmartin.eightfold.ai/careers/job/996476573024
Lockheed Martin,Eightfold,Material Controller,LM Aeronautics Co- Marietta,,"Marietta, GA",US (CONUS),Full-time,0,0,per-hour-wage,,https://lockheedmartin.eightfold.ai/careers/job/996476585671
Lockheed Martin,Eightfold,General Flight Mechanic,LM Aeronautics Co- Marietta,,"Marietta, GA",US (CONUS),Full-time,29.16,54.15,per-hour-wage,,https://lockheedmartin.eightfold.ai/careers/job/996476575201
Lockheed Martin,Eightfold,Competitive Bid Strategist,Space Headquarters,,"Highlands Ranch, CO",US (CONUS),Full-time,145100,269500,per-year-salary,,https://lockheedmartin.eightfold.ai/careers/job/996476591918
Lockheed Martin,Eightfold,"Production Test Engineer (Missile Assembly)(ATE) - Troy, Alabama",MFC-Primary,,"Troy, AL",US (CONUS),Full-time,70500,130900,per-year-salary,,https://lockheedmartin.eightfold.ai/careers/job/996476600967
Lockheed Martin,Eightfold,Business Process Analyst Sr,MFC-Primary,,"Archbald, PA",US (CONUS),Full-time,65200,121200,per-year-salary,,https://lockheedmartin.eightfold.ai/careers/job/996476341412
Lockheed Martin,Eightfold,Subcontract Management Stf - E4,Space,,"Highlands Ranch, CO",US (CONUS),Full-time,100200,186200,per-year-salary,,https://lockheedmartin.eightfold.ai/careers/job/996476587164
Lockheed Martin,Eightfold,"Senior Manufacturing / Process Engineer Missile Assembly - Troy, Alabama",MFC-Primary,,"Troy, AL",US (CONUS),Full-time,85300,158300,per-year-salary,,https://lockheedmartin.eightfold.ai/careers/job/996476601058
Lockheed Martin,Eightfold,Integration and Test - Test Engineer Mid Career,Space,,"Huntsville, AL",US (CONUS),Full-time,85300,158300,per-year-salary,,https://lockheedmartin.eightfold.ai/careers/job/996476274512
Lockheed Martin,Eightfold,Manufacturing Engineer Asc - Early Career,MFC-Camden,,"Camden, AR",US (CONUS),Full-time,52400,97400,per-year-salary,,https://lockheedmartin.eightfold.ai/careers/job/996476533413
Lockheed Martin,Eightfold,Systems Engineer Sr,RMS Core,,"Manassas, VA",US (CONUS),Full-time,95900,178100,per-year-salary,,https://lockheedmartin.eightfold.ai/careers/job/996476533511
Lockheed Martin,Eightfold,Assembler - N1,MFC-Primary,,"Troy, AL",US (CONUS),Full-time,30900,57500,per-year-salary,,https://lockheedmartin.eightfold.ai/careers/job/996476365714
Lockheed Martin,Eightfold,Subcontracts Program Management Leader,RMS Core,,"Moorestown, NJ",US (CONUS),Full-time,145100,269500,per-year-salary,,https://lockheedmartin.eightfold.ai/careers/job/996476411580
Lockheed Martin,Eightfold,Electrical/Mechanical Technician,Space,,"Littleton, CO",US (CONUS),Full-time,47100,87500,per-year-salary,,https://lockheedmartin.eightfold.ai/careers/job/996476504146
Lockheed Martin,Eightfold,Cyber Policy and Strategy Planner Junior - Clearance Required,RMS-Svcs-LMOS,,", MD",US (CONUS),Full-time,91200,169400,per-year-salary,,https://lockheedmartin.eightfold.ai/careers/job/996476227328
Lockheed Martin,Eightfold,Sr Systems Engineer - Platform Integration Lead,RMS Core,,"Manassas, VA",US (CONUS),Full-time,95900,178100,per-year-salary,,https://lockheedmartin.eightfold.ai/careers/job/996476544960
Lockheed Martin,Eightfold,Cyber Operations Planner Journeyman - Clearance Required,RMS-Svcs-LMOS,,", MD",US (CONUS),Full-time,135700,251900,per-year-salary,,https://lockheedmartin.eightfold.ai/careers/job/996476227230
Lockheed Martin,Eightfold,Electrical/Mechanical Technician,Space,,"Littleton, CO",US (CONUS),Full-time,47100,87500,per-year-salary,,https://lockheedmartin.eightfold.ai/careers/job/996476504150
Lockheed Martin,Eightfold,Knowledge Manager Junior,RMS-Svcs-LMOS,,", MD",US (CONUS),Full-time,79300,147300,per-year-salary,,https://lockheedmartin.eightfold.ai/careers/job/996476227153
Lockheed Martin,Eightfold,Systems Engineer - Clearance Required,RMS Core,,"Littleton, CO",US (CONUS),Full-time,79300,147300,per-year-salary,,https://lockheedmartin.eightfold.ai/careers/job/996476189663
Lockheed Martin,Eightfold,Manufacturing Engineer Asc (Machining) - Early Career,MFC-Primary,,"Orlando, FL",US (CONUS),Full-time,58200,108200,per-year-salary,,https://lockheedmartin.eightfold.ai/careers/job/996476507067
Lockheed Martin,Eightfold,Manufacturing Planner - Second Shift,MFC-Primary,,"Archbald, PA",US (CONUS),Full-time,53900,100100,per-year-salary,,https://lockheedmartin.eightfold.ai/careers/job/996476368119
Lockheed Martin,Eightfold,Manufacturing Engineer Asc (Machining) - Early Career,MFC-Primary,,"Orlando, FL",US (CONUS),Full-time,58200,108200,per-year-salary,,https://lockheedmartin.eightfold.ai/careers/job/996476505196
Lockheed Martin,Eightfold,Technician - Product Test Spec - N3,RMS Manufacturing,,"Oldsmar, FL",US (CONUS),Full-time,50300,93300,per-year-salary,,https://lockheedmartin.eightfold.ai/careers/job/996476587714
Lockheed Martin,Eightfold,Systems Engineer - Combat Systems,RMS Core,,"Mt Laurel Township, NJ",US (CONUS),Full-time,0,0,per-hour-wage,,https://lockheedmartin.eightfold.ai/careers/job/996476571951
Lockheed Martin,Eightfold,Systems Administration Sr - E3,RMS-Svcs-LMOS,,", AZ",US (CONUS),Full-time,85300,158300,per-year-salary,,https://lockheedmartin.eightfold.ai/careers/job/996476605378
Lockheed Martin,Eightfold,Chemical Engineer Asc - Early Career,MFC-Camden,,"Camden, AR",US (CONUS),Full-time,52400,97400,per-year-salary,,https://lockheedmartin.eightfold.ai/careers/job/996476537152
Lockheed Martin,Eightfold,"Aircraft Electrical/Avionics Technician, F-22 - Level 4",AFS-LMLS Aero Segment,,"Hampton, VA",US (CONUS),Full-time,33.37,61.92,per-hour-wage,,https://lockheedmartin.eightfold.ai/careers/job/996476580546
Lockheed Martin,Eightfold,Member Engineering Stf,RMS Core,,"Moorestown, NJ",US (CONUS),Full-time,75000,142760,per-year-salary,,https://lockheedmartin.eightfold.ai/careers/job/996476207264
Lockheed Martin,Eightfold,Program Management Asc Mgr - L4,MFC-Primary,,"Orlando, FL",US (CONUS),Full-time,120600,224000,per-year-salary,,https://lockheedmartin.eightfold.ai/careers/job/996476579002
Lockheed Martin,Eightfold,Subcontract Management - E2,MFC-Primary,,"Arlington, TX",US (CONUS),Full-time,59900,111300,per-year-salary,,https://lockheedmartin.eightfold.ai/careers/job/996476554499
Lockheed Martin,Eightfold,Technical Trainer Sr - E3,RMS-Svcs-LMOS,,"Moorestown, NJ",US (CONUS),Full-time,81500,151300,per-year-salary,,https://lockheedmartin.eightfold.ai/careers/job/996476541722
Lockheed Martin,Eightfold,Software Engineer Stf - E4,Space,,"Aurora, CO",US (CONUS),Full-time,135700,251900,per-year-salary,,https://lockheedmartin.eightfold.ai/careers/job/996476168605
Lockheed Martin,Eightfold,Inspector Structures Paint,LM Aeronautics Co- Marietta,,"Marietta, GA",US (CONUS),Full-time,27.77,52.76,per-hour-wage,,https://lockheedmartin.eightfold.ai/careers/job/996476570953
Lockheed Martin,Eightfold,Classified Cyber Security Stf - E4,RMS Core,,"Moorestown, NJ",US (CONUS),Full-time,118000,219100,per-year-salary,,https://lockheedmartin.eightfold.ai/careers/job/996476582945
Lockheed Martin,Eightfold,Business Development Analyst Stf - E4,RMS Core,,"Liverpool, NY",US (CONUS),Full-time,104900,194700,per-year-salary,,https://lockheedmartin.eightfold.ai/careers/job/996476535957
Lockheed Martin,Eightfold,Classified Cyber Sec Asc Mgr/Lead ISSO,RMS Core,,"Lemoore, CA",US (CONUS),Full-time,104900,194700,per-year-salary,,https://lockheedmartin.eightfold.ai/careers/job/996476515145
Lockheed Martin,Eightfold,Manufacturing Planner Asc - Early Career,MFC-Primary,,"Troy, AL",US (CONUS),Full-time,49500,91900,per-year-salary,,https://lockheedmartin.eightfold.ai/careers/job/996476586783
Lockheed Martin,Eightfold,Agile Product Owner,Enterprise Business Services,,"Fort Worth, TX",US (CONUS),Full-time,72500,134600,per-year-salary,,https://lockheedmartin.eightfold.ai/careers/job/996476337926
Lockheed Martin,Eightfold,"Contract Negotiation Mgr - L5 - Arlington, TX",MFC-Primary,,"Arlington, TX",US (CONUS),Full-time,109700,203700,per-year-salary,,https://lockheedmartin.eightfold.ai/careers/job/996476533405
Lockheed Martin,Eightfold,Manufacturing Planner Asc - Weekend Shift,MFC-Primary,,"Troy, AL",US (CONUS),Full-time,49500,91900,per-year-salary,,https://lockheedmartin.eightfold.ai/careers/job/996476587095
Lockheed Martin,Eightfold,Manufacturing Planner Asc - Night Shift,MFC-Primary,,"Troy, AL",US (CONUS),Full-time,49500,91900,per-year-salary,,https://lockheedmartin.eightfold.ai/careers/job/996476587098
Lockheed Martin,Eightfold,Financial Management Asc Mgr - L4,LM Aeronautics Co- Palmdale,,"Palmdale, CA",US (CONUS),Full-time,100200,186200,per-year-salary,,https://lockheedmartin.eightfold.ai/careers/job/996476355426
Lockheed Martin,Eightfold,Contract Negotiation Mgr - L5,LM Aeronautics Co- Fort Worth,,"Fort Worth, TX",US (CONUS),Full-time,109700,203700,per-year-salary,,https://lockheedmartin.eightfold.ai/careers/job/996476518603
Lockheed Martin,Eightfold,Fabricator/Machinist Spec PIN,LM Pinellas,,"Pinellas Park, FL",US (CONUS),Full-time,24.9,41.54,per-hour-wage,,https://lockheedmartin.eightfold.ai/careers/job/996476510424
Lockheed Martin,Eightfold,Financial Management - E2,LM Aeronautics Co- Fort Worth,,"Fort Worth, TX",US (CONUS),Full-time,59900,111300,per-year-salary,,https://lockheedmartin.eightfold.ai/careers/job/996476390974
Lockheed Martin,Eightfold,Assembler PIN,LM Pinellas,,"Pinellas Park, FL",US (CONUS),Full-time,18.85,31.44,per-hour-wage,,https://lockheedmartin.eightfold.ai/careers/job/996476385105
Lockheed Martin,Eightfold,"Cyber Systems Security Engineer - Hybrid / CO, CA, FL, AL, PA",Enterprise Business Services,,"Highlands Ranch, CO",US (CONUS),Full-time,91200,169400,per-year-salary,,https://lockheedmartin.eightfold.ai/careers/job/996476578572
Lockheed Martin,Eightfold,General Maint Person Sr,LM Aeronautics Co- Palmdale,,"Palmdale, CA",US (CONUS),Full-time,30.84,53.14,per-hour-wage,,https://lockheedmartin.eightfold.ai/careers/job/996476353169
Lockheed Martin,Eightfold,Electrical Engineer Sr - E3,MFC-Primary,,"Orlando, FL",US (CONUS),Full-time,85300,158300,per-year-salary,,https://lockheedmartin.eightfold.ai/careers/job/996476512291
Lockheed Martin,Eightfold,Integrated Program Planner - Level 2,Space,,"Littleton, CO",US (CONUS),Full-time,67400,125200,per-year-salary,,https://lockheedmartin.eightfold.ai/careers/job/996476504523
Lockheed Martin,Eightfold,Cyber Systems Security Engineering Asc Mgr - L4,Space,,"King of Prussia, PA",US (CONUS),Full-time,135700,251900,per-year-salary,,https://lockheedmartin.eightfold.ai/careers/job/996476512790
Lockheed Martin,Eightfold,Cyber Systems Security Engineering Sr Stf - E5,Space,,"King of Prussia, PA",US (CONUS),Full-time,166900,309900,per-year-salary,,https://lockheedmartin.eightfold.ai/careers/job/996476363193
Lockheed Martin,Eightfold,Manufacturing Engineer Stf (CNC Machining),MFC-Primary,,"Orlando, FL",US (CONUS),Full-time,104900,194700,per-year-salary,,https://lockheedmartin.eightfold.ai/careers/job/996476524237
Lockheed Martin,Eightfold,Advanced Programs Manufacturing Engineer Stf - E4,MFC-Primary,,"Orlando, FL",US (CONUS),Full-time,94400,175200,per-year-salary,,https://lockheedmartin.eightfold.ai/careers/job/996476501329
Lockheed Martin,Eightfold,Integrated Program Planner Asc - Level 1,Space,,"Littleton, CO",US (CONUS),Full-time,55700,103400,per-year-salary,,https://lockheedmartin.eightfold.ai/careers/job/996476504535
Lockheed Martin,Eightfold,Systems Engineering & Test External Outreach & Standards Lead,Corporate Headquarters,,"Bethesda, MD",US/Remote,Full-time,145100,269500,per-year-salary,,https://lockheedmartin.eightfold.ai/careers/job/996476275485
Lockheed Martin,Eightfold,Project Management & Planning Operations Rep Sr - E3,LM Aeronautics Co- Fort Worth,,"Fort Worth, TX",US (CONUS),Full-time,85300,158300,per-year-salary,,https://lockheedmartin.eightfold.ai/careers/job/996476354751
Lockheed Martin,Eightfold,Systems Engineer Sr Stf - E5,Space,,"Fairfax, VA",US (CONUS),Full-time,145100,269500,per-year-salary,,https://lockheedmartin.eightfold.ai/careers/job/996476592259
Lockheed Martin,Eightfold,"Electronics Engineer IV, Responsible Product Engineer",Space,,"Littleton, CO",US (CONUS),Full-time,118000,219100,per-year-salary,,https://lockheedmartin.eightfold.ai/careers/job/996476366781
Lockheed Martin,Eightfold,Systems Engineer Sr - E3,Space,,"Littleton, CO",US (CONUS),Full-time,95900,178100,per-year-salary,,https://lockheedmartin.eightfold.ai/careers/job/996476469103
Lockheed Martin,Eightfold,Orion Senior Systems Engineer,Space,,"Littleton, CO",US (CONUS),Full-time,95900,178100,per-year-salary,,https://lockheedmartin.eightfold.ai/careers/job/996476227972
Lockheed Martin,Eightfold,Systems Engineer - E2,Space,,"Littleton, CO",US (CONUS),Full-time,79300,147300,per-year-salary,,https://lockheedmartin.eightfold.ai/careers/job/996476469105
Lockheed Martin,Eightfold,Integrated Program Planning Manager - Level 5,Space,,"Littleton, CO",US (CONUS),Full-time,123400,229200,per-year-salary,,https://lockheedmartin.eightfold.ai/careers/job/996476352072
Lockheed Martin,Eightfold,Systems Engineer - E2,Space,,"Littleton, CO",US (CONUS),Full-time,79300,147300,per-year-salary,,https://lockheedmartin.eightfold.ai/careers/job/996476469111
Lockheed Martin,Eightfold,Electrical Engineer Sr,MFC-Primary,,"Grand Prairie, TX",US (CONUS),Full-time,85300,158300,per-year-salary,,https://lockheedmartin.eightfold.ai/careers/job/996476334350
Lockheed Martin,Eightfold,Systems Engineer Sr Stf,Space,,"Littleton, CO",US (CONUS),Full-time,145100,269500,per-year-salary,,https://lockheedmartin.eightfold.ai/careers/job/996476447584
Lockheed Martin,Eightfold,FBM Sustainment Ground Equipment Senior Manager,Space,,"Cape Canaveral, FL",US (CONUS),Full-time,158700,294700,per-year-salary,,https://lockheedmartin.eightfold.ai/careers/job/996476588922
Lockheed Martin,Eightfold,Electrical Engineer,MFC-Primary,,"Grand Prairie, TX",US (CONUS),Full-time,70500,130900,per-year-salary,,https://lockheedmartin.eightfold.ai/careers/job/996476335253
Lockheed Martin,Eightfold,Electrical Engineering Manager,MFC-Primary,,"Orlando, FL",US (CONUS),Full-time,129000,239600,per-year-salary,,https://lockheedmartin.eightfold.ai/careers/job/996476519352
Lockheed Martin,Eightfold,Component Engineer Stf - E4,MFC-Primary,,"Orlando, FL",US (CONUS),Full-time,104900,194700,per-year-salary,,https://lockheedmartin.eightfold.ai/careers/job/996476342260
Lockheed Martin,Eightfold,Component Engineer Stf,MFC-Chelmsford,,"Andover, MA",US (CONUS),Full-time,118000,219100,per-year-salary,,https://lockheedmartin.eightfold.ai/careers/job/996476301802
Lockheed Martin,Eightfold,Operations Engineer Senior Staff - Level 5,LM Aeronautics Co- Fort Worth,,"Fort Worth, TX",US (CONUS),Full-time,129000,239600,per-year-salary,,https://lockheedmartin.eightfold.ai/careers/job/996476419810
Lockheed Martin,Eightfold,Component Engineer Sr - E3,MFC-Primary,,"Orlando, FL",US (CONUS),Full-time,85300,158300,per-year-salary,,https://lockheedmartin.eightfold.ai/careers/job/996476352092
Lockheed Martin,Eightfold,Component Engineer Sr - E3,MFC-Primary,,"Orlando, FL",US (CONUS),Full-time,85300,158300,per-year-salary,,https://lockheedmartin.eightfold.ai/careers/job/996476351700
Lockheed Martin,Eightfold,Mission Engineering & Capability Integration Senior Manager,Corporate Headquarters,,"Arlington, VA",US (CONUS),Full-time,205300,381300,per-year-salary,,https://lockheedmartin.eightfold.ai/careers/job/996476387695
Lockheed Martin,Eightfold,Electrical Engineer - E2,MFC-Primary,,"Orlando, FL",US (CONUS),Full-time,70500,130900,per-year-salary,,https://lockheedmartin.eightfold.ai/careers/job/996476545053
Lockheed Martin,Eightfold,Sustainment Engineer Sr - E3,RMS Core,,"Trumbull, CT",US/Remote,Full-time,76700,142500,per-year-salary,,https://lockheedmartin.eightfold.ai/careers/job/996476506092
Lockheed Martin,Eightfold,"Systems Engineer, Senior",Space,,"Littleton, CO",US (CONUS),Full-time,95900,178100,per-year-salary,,https://lockheedmartin.eightfold.ai/careers/job/996476522727
Lockheed Martin,Eightfold,Electrical Engineer Sr - E3,MFC-Primary,,"Orlando, FL",US (CONUS),Full-time,85300,158300,per-year-salary,,https://lockheedmartin.eightfold.ai/careers/job/996476547096
Lockheed Martin,Eightfold,Systems Engineer Sr - E3,Space,,"Littleton, CO",US (CONUS),Full-time,95900,178100,per-year-salary,,https://lockheedmartin.eightfold.ai/careers/job/996476468813
Lockheed Martin,Eightfold,Systems Engineering Asc Mgr - L4,Space,,"Colorado Springs, CO",US (CONUS),Full-time,104900,194700,per-year-salary,,https://lockheedmartin.eightfold.ai/careers/job/996476477124
Lockheed Martin,Eightfold,Electrical Engineer Stf,MFC-Primary,,"Grand Prairie, TX",US (CONUS),Full-time,104900,194700,per-year-salary,,https://lockheedmartin.eightfold.ai/careers/job/996476335973
Lockheed Martin,Eightfold,Electrical Engineer Sr,MFC-Primary,,"Grand Prairie, TX",US (CONUS),Full-time,85300,158300,per-year-salary,,https://lockheedmartin.eightfold.ai/careers/job/996476334533
Lockheed Martin,Eightfold,Electrical Engineer Sr,MFC-Primary,,"Grand Prairie, TX",US (CONUS),Full-time,85300,158300,per-year-salary,,https://lockheedmartin.eightfold.ai/careers/job/996476492416
Lockheed Martin,Eightfold,Electro Mechanical Engineer Sr.- E3,MFC-Primary,,"Orlando, FL",US (CONUS),Full-time,85300,158300,per-year-salary,,https://lockheedmartin.eightfold.ai/careers/job/996476575177
Lockheed Martin,Eightfold,Cable and Harness Design Manager,Space,,"Littleton, CO",US (CONUS),Full-time,145100,269500,per-year-salary,,https://lockheedmartin.eightfold.ai/careers/job/996476187941
Lockheed Martin,Eightfold,Circuit Design Engineer Stf - E4,MFC-Primary,,"Orlando, FL",US (CONUS),Full-time,120600,224000,per-year-salary,,https://lockheedmartin.eightfold.ai/careers/job/996476569417
Lockheed Martin,Eightfold,Circuit Design Engineer Sr Stf,MFC-Chelmsford,,"Chelmsford, MA",US (CONUS),Full-time,166900,309900,per-year-salary,,https://lockheedmartin.eightfold.ai/careers/job/996476563191
Lockheed Martin,Eightfold,Circuit Design Engineer Sr - E3,MFC-Primary,,"Orlando, FL",US (CONUS),Full-time,98100,182100,per-year-salary,,https://lockheedmartin.eightfold.ai/careers/job/996476556512
Lockheed Martin,Eightfold,ASIC & FPGA Design Engineer Sr Stf - E5,MFC-Primary,,"Orlando, FL",US (CONUS),Full-time,148300,275500,per-year-salary,,https://lockheedmartin.eightfold.ai/careers/job/996476556277
Lockheed Martin,Eightfold,Systems Engineer Sr,Space,,"Littleton, CO",US (CONUS),Full-time,95900,178100,per-year-salary,,https://lockheedmartin.eightfold.ai/careers/job/996476447574
Lockheed Martin,Eightfold,Systems Engineer Stf - E4,Space,,"Littleton, CO",US (CONUS),Full-time,118000,219100,per-year-salary,,https://lockheedmartin.eightfold.ai/careers/job/996476447577
Lockheed Martin,Eightfold,Systems Engineer Stf,Space,,"Littleton, CO",US (CONUS),Full-time,118000,219100,per-year-salary,,https://lockheedmartin.eightfold.ai/careers/job/996476447588
Lockheed Martin,Eightfold,Systems Engineering Mgr - L5,Space,,"Littleton, CO",US (CONUS),Full-time,145100,269500,per-year-salary,,https://lockheedmartin.eightfold.ai/careers/job/996476466918
Lockheed Martin,Eightfold,Systems Engineer Senior,Space,,"Littleton, CO",US (CONUS),Full-time,95900,178100,per-year-salary,,https://lockheedmartin.eightfold.ai/careers/job/996476543832
Lockheed Martin,Eightfold,Circuit Design Engineer Stf - E4,MFC-Primary,,"Goleta, CA",US (CONUS),Full-time,135700,251900,per-year-salary,,https://lockheedmartin.eightfold.ai/careers/job/996476523567
Lockheed Martin,Eightfold,Sonar System Software Test Engineer,RMS Core,,"Manassas, VA",US (CONUS),Full-time,79300,147300,per-year-salary,,https://lockheedmartin.eightfold.ai/careers/job/996476583132
Lockheed Martin,Eightfold,Cyber Applied Research Scientist - Arlington VA,Advanced Technology Labs,,"Arlington, VA",US (CONUS),Full-time,91200,169400,per-year-salary,,https://lockheedmartin.eightfold.ai/careers/job/996476513664
Lockheed Martin,Eightfold,Circuit Design Engineer Stf - E4,MFC-Primary,,"Orlando, FL",US (CONUS),Full-time,120600,224000,per-year-salary,,https://lockheedmartin.eightfold.ai/careers/job/996476536590
Lockheed Martin,Eightfold,"Circuit Design Engineering Asc Mgr, Secret Clearance",Space,,"Littleton, CO",US (CONUS),Full-time,135700,251900,per-year-salary,,https://lockheedmartin.eightfold.ai/careers/job/996476289169
Lockheed Martin,Eightfold,F-35 Information System Security Officer - MCAS Cherry Point (Mid-Career),RMS Core,,"Havelock, NC",US (CONUS),Full-time,76700,142500,per-year-salary,,https://lockheedmartin.eightfold.ai/careers/job/996476513789
Lockheed Martin,Eightfold,"Security Rep Stf - IC4 - Luke AFB, AZ",RMS-Svcs-LMOS,,", AZ",US (CONUS),Full-time,89100,165500,per-year-salary,,https://lockheedmartin.eightfold.ai/careers/job/996476514951
Lockheed Martin,Eightfold,Financial Management Sr - E3,Space,,"Littleton, CO",US (CONUS),Full-time,81500,151300,per-year-salary,,https://lockheedmartin.eightfold.ai/careers/job/996476548611
Lockheed Martin,Eightfold,Software Configuration Analyst Sr,RMS Core,,"Owego, NY",US (CONUS),Full-time,85300,158300,per-year-salary,,https://lockheedmartin.eightfold.ai/careers/job/996476578904
Lockheed Martin,Eightfold,F-35 Information System Security Officer - MCAS Cherry Point (Mid-Career),RMS Core,,"Havelock, NC",US (CONUS),Full-time,76700,142500,per-year-salary,,https://lockheedmartin.eightfold.ai/careers/job/996476513788
Lockheed Martin,Eightfold,Circuit Design Engineer Sr,MFC-Primary,,"Grand Prairie, TX",US (CONUS),Full-time,98100,182100,per-year-salary,,https://lockheedmartin.eightfold.ai/careers/job/996476549901
Lockheed Martin,Eightfold,"Production Flightline APG, F-16 Technician Level 3",GSO-LMLS Aero Segment,,"Greenville, SC",US (CONUS),Full-time,27.21,49.04,per-hour-wage,,https://lockheedmartin.eightfold.ai/careers/job/996476326752
Lockheed Martin,Eightfold,Circuit Design Engineer Sr,MFC-Primary,,"Orlando, FL",US (CONUS),Full-time,98100,182100,per-year-salary,,https://lockheedmartin.eightfold.ai/careers/job/996476542653
Lockheed Martin,Eightfold,Software Engineer Sr - E3,LM Aeronautics Co- Fort Worth,,"Fort Worth, TX",US (CONUS),Full-time,98100,182100,per-year-salary,,https://lockheedmartin.eightfold.ai/careers/job/996476549339
Lockheed Martin,Eightfold,"Systems Engineer, Lead",RMS Core,,"Manassas, VA",US (CONUS),Full-time,79300,147300,per-year-salary,,https://lockheedmartin.eightfold.ai/careers/job/996476583885
Lockheed Martin,Eightfold,Circuit Design Engineer Sr - E3,MFC-Primary,,"Orlando, FL",US (CONUS),Full-time,98100,182100,per-year-salary,,https://lockheedmartin.eightfold.ai/careers/job/996476503710
Lockheed Martin,Eightfold,Circuit Design Engineer Sr - E3,MFC-Primary,,"Orlando, FL",US (CONUS),Full-time,98100,182100,per-year-salary,,https://lockheedmartin.eightfold.ai/careers/job/996476355298
Lockheed Martin,Eightfold,"Systems Engineer, Senior - Missile Performance Simulation/Analysis",Space,,"Littleton, CO",US (CONUS),Full-time,95900,178100,per-year-salary,,https://lockheedmartin.eightfold.ai/careers/job/996476481614
Lockheed Martin,Eightfold,Performance Excellence & CI Operations Engineer Sr. Staff - Level 5,Space,,"Littleton, CO",US (CONUS),Full-time,145100,269500,per-year-salary,,https://lockheedmartin.eightfold.ai/careers/job/996476538280
Lockheed Martin,Eightfold,Quality Auditor Stf - E4,MFC-Primary,,"Orlando, FL",US (CONUS),Full-time,89100,165500,per-year-salary,,https://lockheedmartin.eightfold.ai/careers/job/996476574655
Lockheed Martin,Eightfold,Circuit Design Engineer - E2,MFC-Primary,,"Orlando, FL",US (CONUS),Full-time,81100,150500,per-year-salary,,https://lockheedmartin.eightfold.ai/careers/job/996476549991
Lockheed Martin,Eightfold,Circuit Design Engineer - E2,MFC-Primary,,"Orlando, FL",US (CONUS),Full-time,81100,150500,per-year-salary,,https://lockheedmartin.eightfold.ai/careers/job/996476473238
Lockheed Martin,Eightfold,Program Management Sr Stf - E5,LM Aeronautics Co- Fort Worth,,"Fort Worth, TX",US (CONUS),Full-time,148300,275500,per-year-salary,,https://lockheedmartin.eightfold.ai/careers/job/996476322329
Lockheed Martin,Eightfold,Sr Airframe Asmb,MFC-SOFGLSS-LMOS,,"Lexington, KY",US (CONUS),Full-time,33.5,33.5,per-hour-wage,,https://lockheedmartin.eightfold.ai/careers/job/996476583871
Lockheed Martin,Eightfold,Software Engineer Stf - E4,Space,,"King of Prussia, PA",US (CONUS),Full-time,135700,251900,per-year-salary,,https://lockheedmartin.eightfold.ai/careers/job/996476572908
Lockheed Martin,Eightfold,Software Engineer Sr - E3,Space,,"King of Prussia, PA",US (CONUS),Full-time,110300,204900,per-year-salary,,https://lockheedmartin.eightfold.ai/careers/job/996476555924
Lockheed Martin,Eightfold,ASIC & FPGA Design Engineer Stf - E4,MFC-Primary,,"Orlando, FL",US (CONUS),Full-time,120600,224000,per-year-salary,,https://lockheedmartin.eightfold.ai/careers/job/996476518124
Lockheed Martin,Eightfold,ASIC & FPGA Design Engineer Stf - E4,MFC-Primary,,"Orlando, FL",US (CONUS),Full-time,120600,224000,per-year-salary,,https://lockheedmartin.eightfold.ai/careers/job/996476516233
Lockheed Martin,Eightfold,ASIC & FPGA Design Engineer - E2,MFC-Primary,,"Orlando, FL",US (CONUS),Full-time,81100,150500,per-year-salary,,https://lockheedmartin.eightfold.ai/careers/job/996476538229
Lockheed Martin,Eightfold,Mid-Career Information System Security Officer,RMS Core,,"Littleton, CO",US (CONUS),Full-time,95900,178100,per-year-salary,,https://lockheedmartin.eightfold.ai/careers/job/996476508630
Lockheed Martin,Eightfold,Quality Control Analyst Staff - Level 4,LM Aeronautics Co- Fort Worth,,"Fort Worth, TX",US (CONUS),Full-time,89100,165500,per-year-salary,,https://lockheedmartin.eightfold.ai/careers/job/996476523191
Lockheed Martin,Eightfold,Systems Engineer Senior,Space,,"Huntsville, AL",US (CONUS),Full-time,85300,158300,per-year-salary,,https://lockheedmartin.eightfold.ai/careers/job/996476523238
Lockheed Martin,Eightfold,"Production Flightline Avionics, F-16 Technician Lvl 3 2nd Shift",GSO-LMLS Aero Segment,,"Greenville, SC",US (CONUS),Full-time,27.21,49.04,per-hour-wage,,https://lockheedmartin.eightfold.ai/careers/job/996476524675
Lockheed Martin,Eightfold,Project Engineer Sr - E3,Space,,"Littleton, CO",US (CONUS),Full-time,95900,178100,per-year-salary,,https://lockheedmartin.eightfold.ai/careers/job/996476574152
Lockheed Martin,Eightfold,"Quality Assurance Inspector, F-35 - Level 4",AFS-LMLS Aero Segment,,"Yuma, AZ",US (CONUS),Full-time,30,55.77,per-hour-wage,,https://lockheedmartin.eightfold.ai/careers/job/996476586646
Lockheed Martin,Eightfold,Quality Engineer Sr - E3,Space,,"Littleton, CO",US (CONUS),Full-time,95900,178100,per-year-salary,,https://lockheedmartin.eightfold.ai/careers/job/996476354482
Lockheed Martin,Eightfold,Security Mgr - L5,RMS Core,,"Riviera Beach, FL",US (CONUS),Full-time,109700,203700,per-year-salary,,https://lockheedmartin.eightfold.ai/careers/job/996476472599
Lockheed Martin,Eightfold,Early/Mid-Career Systems Administrator - International Programs,Space LMOS,,"King of Prussia, PA",US (CONUS),Full-time,95900,178100,per-year-salary,,https://lockheedmartin.eightfold.ai/careers/job/996476579148
Lockheed Martin,Eightfold,Project Engineer Stf - E4,Space,,"Littleton, CO",US (CONUS),Full-time,118000,219100,per-year-salary,,https://lockheedmartin.eightfold.ai/careers/job/996476573388
Lockheed Martin,Eightfold,AP Product Center Manufacturing Engineering Mgr - L5,MFC-Primary,,"Grand Prairie, TX",US (CONUS),Full-time,129000,239600,per-year-salary,,https://lockheedmartin.eightfold.ai/careers/job/996476556120
Lockheed Martin,Eightfold,Advanced Programs LOB Manufacturing Engineering Mgr - L5,MFC-Primary,,"Grand Prairie, TX",US (CONUS),Full-time,129000,239600,per-year-salary,,https://lockheedmartin.eightfold.ai/careers/job/996476536345
Lockheed Martin,Eightfold,Program Management Sr Stf - E5,LM Aeronautics Co- Fort Worth,,"Fort Worth, TX",US (CONUS),Full-time,148300,275500,per-year-salary,,https://lockheedmartin.eightfold.ai/careers/job/996476278770
Lockheed Martin,Eightfold,Dev Sec Engineering - Level 2,Space,,"King of Prussia, PA",US (CONUS),Full-time,91200,169400,per-year-salary,,https://lockheedmartin.eightfold.ai/careers/job/996476585492
Lockheed Martin,Eightfold,Dev Sec Engineering Sr - E3,Space,,"King of Prussia, PA",US (CONUS),Full-time,110300,204900,per-year-salary,,https://lockheedmartin.eightfold.ai/careers/job/996476585008
Lockheed Martin,Eightfold,System Integration Engineer,Space,,"King of Prussia, PA",US (CONUS),Full-time,79300,147300,per-year-salary,,https://lockheedmartin.eightfold.ai/careers/job/996476171301
Lockheed Martin,Eightfold,Network Engineer Sr - E3,Space,,"King of Prussia, PA",US (CONUS),Full-time,95900,178100,per-year-salary,,https://lockheedmartin.eightfold.ai/careers/job/996476584396
Lockheed Martin,Eightfold,Contracts Management Sr - E3,Space,,"Huntsville, AL",US (CONUS),Full-time,72500,134600,per-year-salary,,https://lockheedmartin.eightfold.ai/careers/job/996476548814
Lockheed Martin,Eightfold,Dev Sec Engineering - E2,Space,,"King of Prussia, PA",US (CONUS),Full-time,91200,169400,per-year-salary,,https://lockheedmartin.eightfold.ai/careers/job/996476553104
Lockheed Martin,Eightfold,Subcontract Program Management Asc Mgr - L4,MFC-Primary,,"Orlando, FL",US (CONUS),Full-time,104900,194700,per-year-salary,,https://lockheedmartin.eightfold.ai/careers/job/996476536126
Lockheed Martin,Eightfold,Manufacturing Microcircuit Specialist - 2nd Shift,RMS Manufacturing,,"Moorestown, NJ",US (CONUS),Full-time,37.3,37.3,per-hour-wage,,https://lockheedmartin.eightfold.ai/careers/job/996476224270
Lockheed Martin,Eightfold,Finance Business Operations Mgr,Space,,"Littleton, CO",US (CONUS),Full-time,123400,229200,per-year-salary,,https://lockheedmartin.eightfold.ai/careers/job/996476553042
Lockheed Martin,Eightfold,Shipping Packer,RMS Manufacturing,,"Owego, NY",US (CONUS),Full-time,35600,66000,per-year-salary,,https://lockheedmartin.eightfold.ai/careers/job/996476286685
Lockheed Martin,Eightfold,Cyber Software Eng - E2,Space,,"Herndon, VA",US (CONUS),Full-time,91200,169400,per-year-salary,,https://lockheedmartin.eightfold.ai/careers/job/996476545589
Lockheed Martin,Eightfold,Systems Engineer - E2,Space,,"Littleton, CO",US (CONUS),Full-time,79300,147300,per-year-salary,,https://lockheedmartin.eightfold.ai/careers/job/996476314047
Lockheed Martin,Eightfold,Multifunctional Manufacturing Planner Asc Mgr - L4,MFC-Primary,,"Troy, AL",US (CONUS),Full-time,89100,165500,per-year-salary,,https://lockheedmartin.eightfold.ai/careers/job/996476290488
Lockheed Martin,Eightfold,Manufacturing Planner - E2,MFC-Primary,,"Troy, AL",US (CONUS),Full-time,59900,111300,per-year-salary,,https://lockheedmartin.eightfold.ai/careers/job/996476341362
Lockheed Martin,Eightfold,Component Engineer Stf - E4,Space,,"Littleton, CO",US (CONUS),Full-time,131100,243500,per-year-salary,,https://lockheedmartin.eightfold.ai/careers/job/996476554807
Lockheed Martin,Eightfold,Data Scheduling & Control Sr - E3,RMS-Svcs-LMOS,,", AZ",US (CONUS),Full-time,72500,134600,per-year-salary,,https://lockheedmartin.eightfold.ai/careers/job/996476583219
Lockheed Martin,Eightfold,Security Rep Sr - E3,RMS-Svcs-LMOS,,"Beaufort, SC",US (CONUS),Full-time,65200,121200,per-year-salary,,https://lockheedmartin.eightfold.ai/careers/job/996476470826
Lockheed Martin,Eightfold,Systems Engineer - E2,Space,,"Littleton, CO",US (CONUS),Full-time,79300,147300,per-year-salary,,https://lockheedmartin.eightfold.ai/careers/job/996476385494
Lockheed Martin,Eightfold,Dock Worker - Receiving,RMS Manufacturing,,"Owego, NY",US (CONUS),Full-time,35600,66000,per-year-salary,,https://lockheedmartin.eightfold.ai/careers/job/996476283545
Lockheed Martin,Eightfold,Hardware Engineer,RMS Core,,"King of Prussia, PA",US (CONUS),Full-time,79300,147300,per-year-salary,,https://lockheedmartin.eightfold.ai/careers/job/996476536335
Lockheed Martin,Eightfold,Fabricator,MFC-Primary,,"Orlando, FL",US (CONUS),Full-time,23.92,40.93,per-hour-wage,,https://lockheedmartin.eightfold.ai/careers/job/996476283014
Lockheed Martin,Eightfold,Systems Engineer - E2,Space,,"Littleton, CO",US (CONUS),Full-time,79300,147300,per-year-salary,,https://lockheedmartin.eightfold.ai/careers/job/996476385114
Lockheed Martin,Eightfold,Mechanical Design Engineer Sr - E3,MFC-Primary,,"Grand Prairie, TX",US (CONUS),Full-time,85300,158300,per-year-salary,,https://lockheedmartin.eightfold.ai/careers/job/996476523742
Lockheed Martin,Eightfold,Packaging Engineer,MFC-Primary,,"Grand Prairie, TX",US (CONUS),Full-time,70500,130900,per-year-salary,,https://lockheedmartin.eightfold.ai/careers/job/996476550182
Lockheed Martin,Eightfold,Electro Mechanical Engineering Asc Manager,MFC-Primary,,"Grand Prairie, TX",US (CONUS),Full-time,104900,194700,per-year-salary,,https://lockheedmartin.eightfold.ai/careers/job/996476326150
Lockheed Martin,Eightfold,Shipping & Receiving Assistant Sr,RMS Manufacturing,,"Owego, NY",US (CONUS),Full-time,35600,66000,per-year-salary,,https://lockheedmartin.eightfold.ai/careers/job/996476286674
Lockheed Martin,Eightfold,Industrial/Operations Engineer - E2,MFC-Primary,,"Goleta, CA",US (CONUS),Full-time,79300,147300,per-year-salary,,https://lockheedmartin.eightfold.ai/careers/job/996476447872
Lockheed Martin,Eightfold,Internal Mover,RMS Manufacturing,,"Owego, NY",US (CONUS),Full-time,35600,66000,per-year-salary,,https://lockheedmartin.eightfold.ai/careers/job/996476286686
Lockheed Martin,Eightfold,Systems Engineer Sr - E3,Space LMOS,,"Littleton, CO",US (CONUS),Full-time,95900,178100,per-year-salary,,https://lockheedmartin.eightfold.ai/careers/job/996476548614
Lockheed Martin,Eightfold,Systems Engineering Mgr - L5,RMS Core,,"Moorestown, NJ",US (CONUS),Full-time,145100,269500,per-year-salary,,https://lockheedmartin.eightfold.ai/careers/job/996476211051
Lockheed Martin,Eightfold,Radical Interoperability Capability Development Director,Corporate Headquarters,,"Arlington, VA",US (CONUS),Full-time,180000,325000,per-year-salary,,https://lockheedmartin.eightfold.ai/careers/job/996476512575
Lockheed Martin,Eightfold,"Electronics, Tech Maint II (W23182)",RMS Manufacturing,,"Orlando, FL",US (CONUS),Full-time,1,9999999,per-year-salary,,https://lockheedmartin.eightfold.ai/careers/job/996476517601
Lockheed Martin,Eightfold,Subcontract Management Stf,MFC-Primary,,"Grand Prairie, TX",US (CONUS),Full-time,89100,165500,per-year-salary,,https://lockheedmartin.eightfold.ai/careers/job/996476349924
Lockheed Martin,Eightfold,Project Engineer Sr - E3,MFC-Primary,,"Arlington, TX",US (CONUS),Full-time,85300,158300,per-year-salary,,https://lockheedmartin.eightfold.ai/careers/job/996476515575
Lockheed Martin,Eightfold,Maintenance Trainer Stf,MFC-Primary,,"Grand Prairie, TX",US (CONUS),Full-time,89100,165500,per-year-salary,,https://lockheedmartin.eightfold.ai/careers/job/996476550987
Lockheed Martin,Eightfold,Project Engineer Stf,MFC-Primary,,"Grand Prairie, TX",US (CONUS),Full-time,104900,194700,per-year-salary,,https://lockheedmartin.eightfold.ai/careers/job/996476552804
Lockheed Martin,Eightfold,Dev Sec Engineering Sr - E3,Space,,"King of Prussia, PA",US (CONUS),Full-time,110300,204900,per-year-salary,,https://lockheedmartin.eightfold.ai/careers/job/996476554121
Lockheed Martin,Eightfold,Dev Sec Engineering Sr - E3,Space,,"King of Prussia, PA",US (CONUS),Full-time,110300,204900,per-year-salary,,https://lockheedmartin.eightfold.ai/careers/job/996476553601
Lockheed Martin,Eightfold,Operations Engineer Sr - E3,MFC-Primary,,"Grand Prairie, TX",US (CONUS),Full-time,85300,158300,per-year-salary,,https://lockheedmartin.eightfold.ai/careers/job/996476317689
Lockheed Martin,Eightfold,Dev Sec Engineering - E2,Space,,"King of Prussia, PA",US (CONUS),Full-time,91200,169400,per-year-salary,,https://lockheedmartin.eightfold.ai/careers/job/996476569119
Lockheed Martin,Eightfold,Dev Sec Engineering - E2,Space,,"King of Prussia, PA",US (CONUS),Full-time,91200,169400,per-year-salary,,https://lockheedmartin.eightfold.ai/careers/job/996476569862
Lockheed Martin,Eightfold,Systems Engineer - E2,Space,,"Littleton, CO",US (CONUS),Full-time,79300,147300,per-year-salary,,https://lockheedmartin.eightfold.ai/careers/job/996476384559
Lockheed Martin,Eightfold,Sr Manager Program Quality Engineering,MFC-Primary,,"Goleta, CA",US (CONUS),Full-time,178500,331500,per-year-salary,,https://lockheedmartin.eightfold.ai/careers/job/996476522802
Lockheed Martin,Eightfold,Subcontract Management Sr Stf - E5,MFC-Primary,,"Orlando, FL",US (CONUS),Full-time,109700,203700,per-year-salary,,https://lockheedmartin.eightfold.ai/careers/job/996476553215
Lockheed Martin,Eightfold,Project Engineering Asc Mgr - L4,RMS Sikorsky Core,,"Trumbull, CT",US (CONUS),Full-time,118000,219100,per-year-salary,,https://lockheedmartin.eightfold.ai/careers/job/996476318137
Lockheed Martin,Eightfold,Security Rep Asc - E1,RMS-Svcs-LMOS,,"Eglin AFB, FL",US (CONUS),Full-time,44500,82700,per-year-salary,,https://lockheedmartin.eightfold.ai/careers/job/996476470135
Lockheed Martin,Eightfold,Electro Mechanical Engineer Sr,MFC-Primary,,"Orlando, FL",US (CONUS),Full-time,85300,158300,per-year-salary,,https://lockheedmartin.eightfold.ai/careers/job/996476325827
Lockheed Martin,Eightfold,Quality Engineer - Level 2,LM Aeronautics Co- Fort Worth,,"Fort Worth, TX",US (CONUS),Full-time,70500,130900,per-year-salary,,https://lockheedmartin.eightfold.ai/careers/job/996476305409
Lockheed Martin,Eightfold,Field Engineer Asc - E1,MFC-Primary,,"Fort Lewis, WA",US (CONUS),Full-time,55700,103400,per-year-salary,,https://lockheedmartin.eightfold.ai/careers/job/996476568576
Lockheed Martin,Eightfold,Field Engineer Asc - E1,MFC-Primary,,", NC",US (CONUS),Full-time,44500,82700,per-year-salary,,https://lockheedmartin.eightfold.ai/careers/job/996476569130
Lockheed Martin,Eightfold,Sr Satellite Test Engineer,Space,,"Littleton, CO",US (CONUS),Full-time,95900,178100,per-year-salary,,https://lockheedmartin.eightfold.ai/careers/job/996476469479
Lockheed Martin,Eightfold,Electro Mechanical Engineer Sr,MFC-Primary,,"Orlando, FL",US (CONUS),Full-time,85300,158300,per-year-salary,,https://lockheedmartin.eightfold.ai/careers/job/996476298565
Lockheed Martin,Eightfold,Reliability Engineer Sr - E3,MFC-Primary,,"Orlando, FL",US (CONUS),Full-time,85300,158300,per-year-salary,,https://lockheedmartin.eightfold.ai/careers/job/996476577727
Lockheed Martin,Eightfold,Cyber Systems Security Engineering Sr - E3,LM Aeronautics Co- Fort Worth,,"Eglin AFB, FL",US (CONUS),Full-time,88300,163900,per-year-salary,,https://lockheedmartin.eightfold.ai/careers/job/996476357396
Lockheed Martin,Eightfold,Reliability Engineer Sr - E3,MFC-Primary,,"Arlington, TX",US (CONUS),Full-time,85300,158300,per-year-salary,,https://lockheedmartin.eightfold.ai/careers/job/996476578148
Lockheed Martin,Eightfold,Flight Sim Sys Admin Sr,RMS-Svcs-LMOS,,"Eglin AFB, FL",US (CONUS),Full-time,76700,142500,per-year-salary,,https://lockheedmartin.eightfold.ai/careers/job/996476538305
Lockheed Martin,Eightfold,Flight Sim Sys Admin Sr,RMS-Svcs-LMOS,,"Eglin AFB, FL",US (CONUS),Full-time,76700,142500,per-year-salary,,https://lockheedmartin.eightfold.ai/careers/job/996476549373
Lockheed Martin,Eightfold,Flight Sim Sys Admin Sr - E3,RMS-Svcs-LMOS,,"Eglin AFB, FL",US (CONUS),Full-time,76700,142500,per-year-salary,,https://lockheedmartin.eightfold.ai/careers/job/996476538292
Lockheed Martin,Eightfold,Electro Mechanical Engineer Stf - E4,MFC-Primary,,"Orlando, FL",US (CONUS),Full-time,104900,194700,per-year-salary,,https://lockheedmartin.eightfold.ai/careers/job/996476553095
Lockheed Martin,Eightfold,Items Analyst Sr - E3,MFC-Primary,,"Grand Prairie, TX",US (CONUS),Full-time,72500,134600,per-year-salary,,https://lockheedmartin.eightfold.ai/careers/job/996476567116
Lockheed Martin,Eightfold,Field Engineer - E2,MFC-Primary,,"Ft Carson, CO",US (CONUS),Full-time,59900,111300,per-year-salary,,https://lockheedmartin.eightfold.ai/careers/job/996476568433
Lockheed Martin,Eightfold,Manufacturing Engineer Asc - Early Career,MFC-Primary,,"Archbald, PA",US (CONUS),Full-time,52400,97400,per-year-salary,,https://lockheedmartin.eightfold.ai/careers/job/996476511355
Lockheed Martin,Eightfold,Field Engineer Asc - E1,MFC-Primary,,"Lawton, OK",US (CONUS),Full-time,44500,82700,per-year-salary,,https://lockheedmartin.eightfold.ai/careers/job/996476567149
Lockheed Martin,Eightfold,Electro Mechanical Engineer Sr - E3,MFC-Primary,,"Orlando, FL",US (CONUS),Full-time,85300,158300,per-year-salary,,https://lockheedmartin.eightfold.ai/careers/job/996476517166
Lockheed Martin,Eightfold,Cyber Software Eng - E2,Space,,"Herndon, VA",US (CONUS),Full-time,91200,169400,per-year-salary,,https://lockheedmartin.eightfold.ai/careers/job/996476565320
Lockheed Martin,Eightfold,Interactive Media - E2,RMS Core,,"Eglin AFB, FL",US (CONUS),Full-time,53900,100100,per-year-salary,,https://lockheedmartin.eightfold.ai/careers/job/996476536589
Lockheed Martin,Eightfold,Reliability Engineer Sr - E3,MFC-Primary,,"Orlando, FL",US (CONUS),Full-time,85300,158300,per-year-salary,,https://lockheedmartin.eightfold.ai/careers/job/996476578889
Lockheed Martin,Eightfold,Reliability Engineer Sr - E3,MFC-Primary,,"Orlando, FL",US (CONUS),Full-time,85300,158300,per-year-salary,,https://lockheedmartin.eightfold.ai/careers/job/996476580173
Lockheed Martin,Eightfold,Electro Mechanical Engineer,MFC-Primary,,"Grand Prairie, TX",US (CONUS),Full-time,70500,130900,per-year-salary,,https://lockheedmartin.eightfold.ai/careers/job/996476287121
Lockheed Martin,Eightfold,Items Analyst - E2,MFC-Primary,,"Grand Prairie, TX",US (CONUS),Full-time,59900,111300,per-year-salary,,https://lockheedmartin.eightfold.ai/careers/job/996476580262
Lockheed Martin,Eightfold,Sustainment Engineer,MFC-Primary,,"Orlando, FL",US (CONUS),Full-time,70500,130900,per-year-salary,,https://lockheedmartin.eightfold.ai/careers/job/996476384855
Lockheed Martin,Eightfold,Multifunctional Manufacturing Planner Mgr - L5,MFC-Lufkin,,"Lufkin, TX",US (CONUS),Full-time,98700,183300,per-year-salary,,https://lockheedmartin.eightfold.ai/careers/job/996476565948
Lockheed Martin,Eightfold,Project Engineer - E2,RMS Manufacturing,,"Oldsmar, FL",US (CONUS),Full-time,70500,130900,per-year-salary,,https://lockheedmartin.eightfold.ai/careers/job/996476577833
Lockheed Martin,Eightfold,Manufacturing Planner Asc - Ealry Career,MFC-Camden,,"Camden, AR",US (CONUS),Full-time,44500,82700,per-year-salary,,https://lockheedmartin.eightfold.ai/careers/job/996476555521
Lockheed Martin,Eightfold,Engineering Aide Spec,RMS Manufacturing,,"Orlando, FL",US (CONUS),Full-time,57800,107400,per-year-salary,,https://lockheedmartin.eightfold.ai/careers/job/996476553751
Lockheed Martin,Eightfold,F-22 Depot Technical Data Coordinator - Level 2,AFS-LMLS Aero Segment,,"Hill AFB, UT",US (CONUS),Full-time,70500,130900,per-year-salary,,https://lockheedmartin.eightfold.ai/careers/job/996476543599
Lockheed Martin,Eightfold,Electro Mechanical Engineer Lead,MFC-Primary,,"Orlando, FL",US (CONUS),Full-time,104900,194700,per-year-salary,,https://lockheedmartin.eightfold.ai/careers/job/996476288215
Lockheed Martin,Eightfold,Machinist - General Sr,RMS Manufacturing,,"Orlando, FL",US (CONUS),Full-time,41900,77700,per-year-salary,,https://lockheedmartin.eightfold.ai/careers/job/996476344882
Lockheed Martin,Eightfold,Electro Mechanical Engineer Sr Stf,MFC-Primary,,"Orlando, FL",US (CONUS),Full-time,129000,239600,per-year-salary,,https://lockheedmartin.eightfold.ai/careers/job/996476298043
Lockheed Martin,Eightfold,Systems Integration/Test Engineering Asc Mgr - L4,Space,,"Huntsville, AL",US (CONUS),Full-time,104900,194700,per-year-salary,,https://lockheedmartin.eightfold.ai/careers/job/996476325826
Lockheed Martin,Eightfold,"Staff RF Engineer- Grand Prairie, TX",MFC-Primary,,"Grand Prairie, TX",US (CONUS),Full-time,120600,224000,per-year-salary,,https://lockheedmartin.eightfold.ai/careers/job/996476233039
Lockheed Martin,Eightfold,Flight Test Instrumentation Engineer - Mechanical Design (Level 3),LM Aeronautics Co- Palmdale,,"Palmdale, CA",US (CONUS),Full-time,95900,178100,per-year-salary,,https://lockheedmartin.eightfold.ai/careers/job/996476552887
Lockheed Martin,Eightfold,Program Management Sr Stf - E5,LM Aeronautics Co- Fort Worth,,"Fort Worth, TX",US (CONUS),Full-time,148300,275500,per-year-salary,,https://lockheedmartin.eightfold.ai/careers/job/996476502939
Lockheed Martin,Eightfold,Skunk Works Project Engineer,LM Aeronautics Co- Fort Worth,,"Fort Worth, TX",US (CONUS),Full-time,70500,130900,per-year-salary,,https://lockheedmartin.eightfold.ai/careers/job/996476307699
Lockheed Martin,Eightfold,Manufacturing Engineer Staff - E4,LM Aeronautics Co- Palmdale,,"Palmdale, CA",US (CONUS),Full-time,118000,219100,per-year-salary,,https://lockheedmartin.eightfold.ai/careers/job/996476517105
Lockheed Martin,Eightfold,Multifunctional Manufacturing Supv - L3,MFC-Primary,,"Troy, AL",US (CONUS),Full-time,72500,134600,per-year-salary,,https://lockheedmartin.eightfold.ai/careers/job/996476503717
Lockheed Martin,Eightfold,Manufacturing Support Team Member Stf - E4,MFC-Primary,,"Troy, AL",US (CONUS),Full-time,89100,165500,per-year-salary,,https://lockheedmartin.eightfold.ai/careers/job/996476570729
Lockheed Martin,Eightfold,Proposal Analyst Sr - E3,RMS Core,,"Liverpool, NY",US (CONUS),Full-time,72500,134600,per-year-salary,,https://lockheedmartin.eightfold.ai/careers/job/996476228533
Lockheed Martin,Eightfold,Subcontract Administration - E2,MFC-Primary,,"Goleta, CA",US (CONUS),Full-time,67400,125200,per-year-salary,,https://lockheedmartin.eightfold.ai/careers/job/996476448858
Lockheed Martin,Eightfold,Security Rep Sr - ACSSO - Mid-Level,LM Aeronautics Co- Fort Worth,,"Fort Worth, TX",US (CONUS),Full-time,72500,134600,per-year-salary,,https://lockheedmartin.eightfold.ai/careers/job/996476566542
Lockheed Martin,Eightfold,Multifunctional Quality Manager,MFC-Chelmsford,,"Chelmsford, MA",US (CONUS),Full-time,145100,269500,per-year-salary,,https://lockheedmartin.eightfold.ai/careers/job/996476550928
Lockheed Martin,Eightfold,Multifunctional Quality Manager,MFC-Chelmsford,,"Chelmsford, MA",US (CONUS),Full-time,145100,269500,per-year-salary,,https://lockheedmartin.eightfold.ai/careers/job/996476550932
Lockheed Martin,Eightfold,Integrated Program Planner Asc - Level 1,Space,,"Cape Canaveral, FL",US (CONUS),Full-time,49500,91900,per-year-salary,,https://lockheedmartin.eightfold.ai/careers/job/996476459857
Lockheed Martin,Eightfold,Technician Specialist,Space,,"Littleton, CO",US (CONUS),Full-time,56600,105000,per-year-salary,,https://lockheedmartin.eightfold.ai/careers/job/996476489038
Lockheed Martin,Eightfold,Technician Specialist,Space,,"Littleton, CO",US (CONUS),Full-time,56600,105000,per-year-salary,,https://lockheedmartin.eightfold.ai/careers/job/996476489011
Lockheed Martin,Eightfold,Manufacturing Engineer Sr - E3,LM Aeronautics Co- Marietta,,"Marietta, GA",US (CONUS),Full-time,85300,158300,per-year-salary,,https://lockheedmartin.eightfold.ai/careers/job/996476367937
Lockheed Martin,Eightfold,Technician Specialist,Space,,"Littleton, CO",US (CONUS),Full-time,56600,105000,per-year-salary,,https://lockheedmartin.eightfold.ai/careers/job/996476488992
Lockheed Martin,Eightfold,Sustainment Engineer,RMS Core,,"Moorestown, NJ",US (CONUS),Full-time,79300,147300,per-year-salary,,https://lockheedmartin.eightfold.ai/careers/job/996476447756
Lockheed Martin,Eightfold,Security Rep Sr - E3,RMS-Svcs-LMOS,,"Beaufort, SC",US (CONUS),Full-time,65200,121200,per-year-salary,,https://lockheedmartin.eightfold.ai/careers/job/996476469142
Lockheed Martin,Eightfold,Classified Cyber Sec Asc Mgr - L4,RMS Core,,"Yuma, AZ",US (CONUS),Full-time,94400,175200,per-year-salary,,https://lockheedmartin.eightfold.ai/careers/job/996476463367
Lockheed Martin,Eightfold,Data Engineer,Enterprise Business Services,,"Highlands Ranch, CO",US (CONUS),Full-time,79300,147300,per-year-salary,,https://lockheedmartin.eightfold.ai/careers/job/996476318259
Lockheed Martin,Eightfold,RF Engineer Sr Stf - Sensor Calibration,MFC-Primary,,"Grand Prairie, TX",US (CONUS),Full-time,148300,275500,per-year-salary,,https://lockheedmartin.eightfold.ai/careers/job/996476550612
Lockheed Martin,Eightfold,"F-35 Information System Security Officer - Luke AFB, AZ (Mid-Career)",RMS Core,,", AZ",US (CONUS),Full-time,85300,158300,per-year-salary,,https://lockheedmartin.eightfold.ai/careers/job/996476417834
Lockheed Martin,Eightfold,"F-35 Information System Security Officer - Luke AFB, AZ (Mid-Career)",RMS Core,,", AZ",US (CONUS),Full-time,85300,158300,per-year-salary,,https://lockheedmartin.eightfold.ai/careers/job/996476447180
Lockheed Martin,Eightfold,Multi Functional Info Systems Analyst Sr (RAF Lakenheath ALIS Administrator),LMLS EEs on EBS LMGI Ldgr,,"Greenville, SC",US (CONUS),Full-time,85300,158300,per-year-salary,,https://lockheedmartin.eightfold.ai/careers/job/996476293402
Lockheed Martin,Eightfold,Multi Functional Info Systems Analyst Stf - E4 (RAF Lakenheath ALIS Administrator Stf),LMLS EEs on EBS LMGI Ldgr,,"Greenville, SC",US (CONUS),Full-time,104900,194700,per-year-salary,,https://lockheedmartin.eightfold.ai/careers/job/996476294058
Lockheed Martin,Eightfold,Technician Specialist,Space,,"Littleton, CO",US (CONUS),Full-time,56600,105000,per-year-salary,,https://lockheedmartin.eightfold.ai/careers/job/996476488987
Lockheed Martin,Eightfold,Technician Specialist,Space,,"Littleton, CO",US (CONUS),Full-time,56600,105000,per-year-salary,,https://lockheedmartin.eightfold.ai/careers/job/996476488974
Lockheed Martin,Eightfold,Component Engineer Senior,Space,,"Littleton, CO",US (CONUS),Full-time,95900,178100,per-year-salary,,https://lockheedmartin.eightfold.ai/careers/job/996476284695
Lockheed Martin,Eightfold,Manufacturing Engineer Asc - E1,LM Aeronautics Co- Fort Worth,,"Fort Worth, TX",US (CONUS),Full-time,58200,108200,per-year-salary,,https://lockheedmartin.eightfold.ai/careers/job/996476502837
Lockheed Martin,Eightfold,Technician - Calibration Spec - N3,Space Services,,"Littleton, CO",US (CONUS),Full-time,56600,105000,per-year-salary,,https://lockheedmartin.eightfold.ai/careers/job/996476535745
Lockheed Martin,Eightfold,Senior Reliability Engineer,Space,,"Littleton, CO",US (CONUS),Full-time,95900,178100,per-year-salary,,https://lockheedmartin.eightfold.ai/careers/job/996476550504
Lockheed Martin,Eightfold,Security Rep Sr - E3,RMS Core,,"Moorestown, NJ",US (CONUS),Full-time,81500,151300,per-year-salary,,https://lockheedmartin.eightfold.ai/careers/job/996476367162
Lockheed Martin,Eightfold,Manufacturing Expediter Sr - Weekend Shift,MFC-Camden,,"Camden, AR",US (CONUS),Full-time,32000,59400,per-year-salary,,https://lockheedmartin.eightfold.ai/careers/job/996476514710
Lockheed Martin,Eightfold,Manufacturing Expediter Sr - Day Shift,MFC-Camden,,"Camden, AR",US (CONUS),Full-time,32000,59400,per-year-salary,,https://lockheedmartin.eightfold.ai/careers/job/996476522777
Lockheed Martin,Eightfold,Manufacturing Expediter Sr - Night Shift,MFC-Camden,,"Camden, AR",US (CONUS),Full-time,32000,59400,per-year-salary,,https://lockheedmartin.eightfold.ai/careers/job/996476520965
Lockheed Martin,Eightfold,Manufacturing Planner Associate - Weekend Shift,MFC-Camden,,"Camden, AR",US (CONUS),Full-time,44500,82700,per-year-salary,,https://lockheedmartin.eightfold.ai/careers/job/996476548595
Lockheed Martin,Eightfold,Manufacturing Planner Associate 3rd Shift,MFC-Camden,,"Camden, AR",US (CONUS),Full-time,44500,82700,per-year-salary,,https://lockheedmartin.eightfold.ai/careers/job/996476551757
Lockheed Martin,Eightfold,Systems Engineer Mechancial,Space,,"Littleton, CO",US (CONUS),Full-time,79300,147300,per-year-salary,,https://lockheedmartin.eightfold.ai/careers/job/996476556937
Lockheed Martin,Eightfold,Manufacturing Planner Supervisor - Weekend Shift,MFC-Camden,,"Camden, AR",US (CONUS),Full-time,65200,121200,per-year-salary,,https://lockheedmartin.eightfold.ai/careers/job/996476522912
Lockheed Martin,Eightfold,Manufacturing Planner Supervisor - Night Shift,MFC-Camden,,"Camden, AR",US (CONUS),Full-time,65200,121200,per-year-salary,,https://lockheedmartin.eightfold.ai/careers/job/996476523162
Lockheed Martin,Eightfold,Quality Engineer Sr - E3,MFC-SOFGLSS-LMOS,,"Fort Walton Beach, FL",US (CONUS),Full-time,76700,142500,per-year-salary,,https://lockheedmartin.eightfold.ai/careers/job/996476569440
Lockheed Martin,Eightfold,Manufacturing Planner Associate,MFC-Camden,,"Camden, AR",US (CONUS),Full-time,44500,82700,per-year-salary,,https://lockheedmartin.eightfold.ai/careers/job/996476466914
Lockheed Martin,Eightfold,"Aircraft Mechanic, F-35 - Level 3",AFS-LMLS Aero Segment,,"Fort Smith, AR",US (CONUS),Full-time,25,46.44,per-hour-wage,,https://lockheedmartin.eightfold.ai/careers/job/996476552152
Lockheed Martin,Eightfold,Systems Engineer Electrical,Space,,"Littleton, CO",US (CONUS),Full-time,79300,147300,per-year-salary,,https://lockheedmartin.eightfold.ai/careers/job/996476556936
Lockheed Martin,Eightfold,Project Engineer Sr - E3,Space,,"Kings Bay Base, GA",US (CONUS),Full-time,85300,158300,per-year-salary,,https://lockheedmartin.eightfold.ai/careers/job/996476370812
Lockheed Martin,Eightfold,Systems Integration/Test Engineer Stf - E4,Space Services,,"Littleton, CO",US (CONUS),Full-time,118000,219100,per-year-salary,,https://lockheedmartin.eightfold.ai/careers/job/996476536257
Lockheed Martin,Eightfold,Technician - Production Sr - N2,RMS Manufacturing,,"Orlando, FL",US (CONUS),Full-time,41900,77700,per-year-salary,,https://lockheedmartin.eightfold.ai/careers/job/996476553743
Lockheed Martin,Eightfold,Software Engineer - Level 2,Space,,"Colorado Springs, CO",US (CONUS),Full-time,81100,150500,per-year-salary,,https://lockheedmartin.eightfold.ai/careers/job/996476574192
Lockheed Martin,Eightfold,Systems Engineer Stf - E4,Space Services,,"Littleton, CO",US (CONUS),Full-time,118000,219100,per-year-salary,,https://lockheedmartin.eightfold.ai/careers/job/996476537976
Lockheed Martin,Eightfold,Financial Management Sr - E3,MFC-Primary,,"Orlando, FL",US (CONUS),Full-time,72500,134600,per-year-salary,,https://lockheedmartin.eightfold.ai/careers/job/996476533118
Lockheed Martin,Eightfold,Logistics Management Analyst Sr - E3,MFC-SOFGLSS-LMOS,,"Fayetteville, NC",US (CONUS),Full-time,65200,121200,per-year-salary,,https://lockheedmartin.eightfold.ai/careers/job/996476564222
Lockheed Martin,Eightfold,Business Development Analyst Sr Stf - E5,Space,,"Littleton, CO",US (CONUS),Full-time,145100,269500,per-year-salary,,https://lockheedmartin.eightfold.ai/careers/job/996476290650
Lockheed Martin,Eightfold,Logistics Management Analyst Sr - E3,MFC-SOFGLSS-LMOS,,"Fayetteville, NC",US (CONUS),Full-time,65200,121200,per-year-salary,,https://lockheedmartin.eightfold.ai/careers/job/996476564038
Lockheed Martin,Eightfold,Logistics Management Analyst Sr - E3,MFC-SOFGLSS-LMOS,,"Fayetteville, NC",US (CONUS),Full-time,65200,121200,per-year-salary,,https://lockheedmartin.eightfold.ai/careers/job/996476563641
Lockheed Martin,Eightfold,Financial Management Sr - E3,LM Aeronautics Co- Fort Worth,,"Fort Worth, TX",US/Remote,Full-time,72500,134600,per-year-salary,,https://lockheedmartin.eightfold.ai/careers/job/996476519874
Lockheed Martin,Eightfold,Dev Sec Engineering Sr - Level 3,Space,,"King of Prussia, PA",US (CONUS),Full-time,110300,204900,per-year-salary,,https://lockheedmartin.eightfold.ai/careers/job/996476371149
Lockheed Martin,Eightfold,Material Handler Spec - N3,Space,,"King of Prussia, PA",US (CONUS),Full-time,48000,89200,per-year-salary,,https://lockheedmartin.eightfold.ai/careers/job/996476352230
Lockheed Martin,Eightfold,Systems Engineer Stf - E4,Space LMOS,,"Littleton, CO",US (CONUS),Full-time,118000,219100,per-year-salary,,https://lockheedmartin.eightfold.ai/careers/job/996476575443
Lockheed Martin,Eightfold,"F-35 Aircraft Field Service Engineer (NAS Lemoore), Level 2",AFS-LMLS Aero Segment,,"Lemoore, CA",US (CONUS),Full-time,59900,111300,per-year-salary,,https://lockheedmartin.eightfold.ai/careers/job/996476571274
Lockheed Martin,Eightfold,Transactional Tax Systems Administrator,Enterprise Business Services,,"Bethesda, MD",US (CONUS),Full-time,100200,186200,per-year-salary,,https://lockheedmartin.eightfold.ai/careers/job/996476207782
Lockheed Martin,Eightfold,Multifunctional Manufacturing Planner Asc Mgr - L4,GSO-LMLS Aero Segment,,"Greenville, SC",US (CONUS),Full-time,89100,165500,per-year-salary,,https://lockheedmartin.eightfold.ai/careers/job/996476300787
Lockheed Martin,Eightfold,"Maintenance Manager, F-35 - Level 4",LMLS EEs on EBS LMGI Ldgr,,"Greenville, SC",US (CONUS),Full-time,104900,194700,per-year-salary,,https://lockheedmartin.eightfold.ai/careers/job/996476574162
Lockheed Martin,Eightfold,Financial Management Sr - E3,Space,,"Highlands Ranch, CO",US/Remote,Full-time,81500,151300,per-year-salary,,https://lockheedmartin.eightfold.ai/careers/job/996476280648
Lockheed Martin,Eightfold,Systems Integration/Test Engineer Sr - E3,Space LMOS,,"Littleton, CO",US (CONUS),Full-time,95900,178100,per-year-salary,,https://lockheedmartin.eightfold.ai/careers/job/996476537176
Lockheed Martin,Eightfold,Technician Specialist,Space,,"Littleton, CO",US (CONUS),Full-time,56600,105000,per-year-salary,,https://lockheedmartin.eightfold.ai/careers/job/996476488433
Lockheed Martin,Eightfold,Reliability Engineer Stf - E4,LM Aeronautics Co- Fort Worth,,"Fort Worth, TX",US (CONUS),Full-time,104900,194700,per-year-salary,,https://lockheedmartin.eightfold.ai/careers/job/996476511254
Lockheed Martin,Eightfold,"Aircraft Mechanic, F-35 - Level 4",AFS-LMLS Aero Segment,,"Fort Smith, AR",US (CONUS),Full-time,30,55.77,per-hour-wage,,https://lockheedmartin.eightfold.ai/careers/job/996476545371
Lockheed Martin,Eightfold,Manager - Agentic Workflow Automation,Enterprise Business Services,,"Middlebury, CT",US/Remote,Full-time,148300,275500,per-year-salary,,https://lockheedmartin.eightfold.ai/careers/job/996476524273
Lockheed Martin,Eightfold,Systems Engineer Sr - E3,Space,,"Littleton, CO",US (CONUS),Full-time,95900,178100,per-year-salary,,https://lockheedmartin.eightfold.ai/careers/job/996476509082
Lockheed Martin,Eightfold,Project Engineer Sr - E3,LM Aeronautics Co- Palmdale,,"Palmdale, CA",US (CONUS),Full-time,95900,178100,per-year-salary,,https://lockheedmartin.eightfold.ai/careers/job/996476352484
Lockheed Martin,Eightfold,Contracts Management Stf - E4,LM Aeronautics Co- Fort Worth,,"Fort Worth, TX",US (CONUS),Full-time,89100,165500,per-year-salary,,https://lockheedmartin.eightfold.ai/careers/job/996476407008
Lockheed Martin,Eightfold,Senior Staff Network Communications Engineer - UAE Tech Refresh,RMS Core,,"Colorado Springs, CO",US (CONUS),Full-time,129000,239600,per-year-salary,,https://lockheedmartin.eightfold.ai/careers/job/996476205379
Lockheed Martin,Eightfold,Principal Engineer - Design for Automation,RMS Sikorsky Core,,"Stratford, CT",US (CONUS),Full-time,178500,331500,per-year-salary,,https://lockheedmartin.eightfold.ai/careers/job/996476205741
Lockheed Martin,Eightfold,Dev Sec Engineering - Level 2,Space,,"King of Prussia, PA",US (CONUS),Full-time,91200,169400,per-year-salary,,https://lockheedmartin.eightfold.ai/careers/job/996476577210
Lockheed Martin,Eightfold,Machine Shop Manufacturing Supervisor - Level 3,RMS Sikorsky Manufacturing,,"Stratford, CT",US (CONUS),Full-time,81500,151300,per-year-salary,,https://lockheedmartin.eightfold.ai/careers/job/996476537975
Lockheed Martin,Eightfold,Cyber Systems Security Engineering Sr - E3,Space,,"Littleton, CO",US (CONUS),Full-time,110300,204900,per-year-salary,,https://lockheedmartin.eightfold.ai/careers/job/996476572276
Lockheed Martin,Eightfold,Mechanical Engineer Sr - E3,Space,,"King of Prussia, PA",US (CONUS),Full-time,95900,178100,per-year-salary,,https://lockheedmartin.eightfold.ai/careers/job/996476339129
Lockheed Martin,Eightfold,Capture Management Prin - E6,MFC-Primary,,"Orlando, FL",US (CONUS),Full-time,158700,294700,per-year-salary,,https://lockheedmartin.eightfold.ai/careers/job/996476378964
Lockheed Martin,Eightfold,Logistics Management Analyst Sr - E3,MFC-SOFGLSS-LMOS,,"Fayetteville, NC",US (CONUS),Full-time,65200,121200,per-year-salary,,https://lockheedmartin.eightfold.ai/careers/job/996476562955
Lockheed Martin,Eightfold,Mechanical Engineer Sr - E3,Space,,"King of Prussia, PA",US (CONUS),Full-time,95900,178100,per-year-salary,,https://lockheedmartin.eightfold.ai/careers/job/996476344781
Lockheed Martin,Eightfold,Rotors Manufacturing Supervisor - Level 3,RMS Sikorsky Manufacturing,,"Stratford, CT",US (CONUS),Full-time,81500,151300,per-year-salary,,https://lockheedmartin.eightfold.ai/careers/job/996476542684
Lockheed Martin,Eightfold,Program Quality Engineer Asc - E1,Space,,"Littleton, CO",US (CONUS),Full-time,65500,121700,per-year-salary,,https://lockheedmartin.eightfold.ai/careers/job/996476477047
Lockheed Martin,Eightfold,Systems Engineer Senior Staff,Space,,"Sunnyvale, CA",US (CONUS),Full-time,161300,299500,per-year-salary,,https://lockheedmartin.eightfold.ai/careers/job/996476549255
Lockheed Martin,Eightfold,Financial Management - E2,MFC-Primary,,"Orlando, FL",US (CONUS),Full-time,59900,111300,per-year-salary,,https://lockheedmartin.eightfold.ai/careers/job/996476515919
Lockheed Martin,Eightfold,Systems Engineer Staff,Space,,"Huntsville, AL",US (CONUS),Full-time,104900,194700,per-year-salary,,https://lockheedmartin.eightfold.ai/careers/job/996476523218
Lockheed Martin,Eightfold,Financial Management Sr,MFC-Primary,,"Orlando, FL",US (CONUS),Full-time,72500,134600,per-year-salary,,https://lockheedmartin.eightfold.ai/careers/job/996476343620
Lockheed Martin,Eightfold,Manufacturing Engineer Sr Stf - E5,LM Aeronautics Co- Marietta,,"Marietta, GA",US (CONUS),Full-time,129000,239600,per-year-salary,,https://lockheedmartin.eightfold.ai/careers/job/996476462173
Lockheed Martin,Eightfold,Manufacturing Engineering Asc Mgr - L4,MFC-Primary,,"Orlando, FL",US (CONUS),Full-time,104900,194700,per-year-salary,,https://lockheedmartin.eightfold.ai/careers/job/996476538304
Lockheed Martin,Eightfold,Systems Integration/Test Engineer Stf - E4,LM Aeronautics Co- Fort Worth,,"Fort Worth, TX",US (CONUS),Full-time,104900,194700,per-year-salary,,https://lockheedmartin.eightfold.ai/careers/job/996476463781
Lockheed Martin,Eightfold,Manufacturing Engineer Sr - E3,RMS Core,,"Oldsmar, FL",US (CONUS),Full-time,85300,158300,per-year-salary,,https://lockheedmartin.eightfold.ai/careers/job/996476564975
Lockheed Martin,Eightfold,Financial Management Stf - E4,LM Aeronautics Co- Fort Worth,,"Fort Worth, TX",US (CONUS),Full-time,89100,165500,per-year-salary,,https://lockheedmartin.eightfold.ai/careers/job/996476371780
Lockheed Martin,Eightfold,Project Management & Planning Operations Rep Stf - E4,LM Aeronautics Co- Marietta,,"Marietta, GA",US (CONUS),Full-time,104900,194700,per-year-salary,,https://lockheedmartin.eightfold.ai/careers/job/996476550503
Lockheed Martin,Eightfold,Reliability Engineer,Space,,"Littleton, CO",US (CONUS),Full-time,79300,147300,per-year-salary,,https://lockheedmartin.eightfold.ai/careers/job/996476550500
Lockheed Martin,Eightfold,Tool Engineering Mgr - L5,LM Aeronautics Co- Marietta,,"Marietta, GA",US (CONUS),Full-time,129000,239600,per-year-salary,,https://lockheedmartin.eightfold.ai/careers/job/996476364679
Lockheed Martin,Eightfold,F-35 Maintenance Supervisor - Level 3,AFS-LMLS Aero Segment,,"Fallon, NV",US (CONUS),Full-time,72500,134600,per-year-salary,,https://lockheedmartin.eightfold.ai/careers/job/996476541270
Lockheed Martin,Eightfold,Manufacturing Project Manager - Mid-Career - Level 3,RMS Core,,"Riviera Beach, FL",US (CONUS),Full-time,85300,158300,per-year-salary,,https://lockheedmartin.eightfold.ai/careers/job/996476280009
Lockheed Martin,Eightfold,Project Engineer Stf - E4,RMS Core,,"Riviera Beach, FL",US (CONUS),Full-time,104900,194700,per-year-salary,,https://lockheedmartin.eightfold.ai/careers/job/996476229268
Lockheed Martin,Eightfold,Software Infrastructure Lead - Level 4,LM Aeronautics Co- Fort Worth,,"Fort Worth, TX",US (CONUS),Full-time,120600,224000,per-year-salary,,https://lockheedmartin.eightfold.ai/careers/job/996476327913
Lockheed Martin,Eightfold,ERP Business Analyst Stf - E4,LM Aeronautics Co- Fort Worth,,"Lufkin, TX",US/Remote,Full-time,94400,175200,per-year-salary,,https://lockheedmartin.eightfold.ai/careers/job/996476511617
Lockheed Martin,Eightfold,Engineering Project Management Sr Stf - E5,RMS Core,,"Colorado Springs, CO",US (CONUS),Full-time,129000,239600,per-year-salary,,https://lockheedmartin.eightfold.ai/careers/job/996476205594
Lockheed Martin,Eightfold,Network Engineer Sr - E3,RMS-Svcs-LMOS,,"Jacksonville, AR",US (CONUS),Full-time,76700,142500,per-year-salary,,https://lockheedmartin.eightfold.ai/careers/job/996476389992
Lockheed Martin,Eightfold,Reliability Engineer,Space,,"Littleton, CO",US (CONUS),Full-time,79300,147300,per-year-salary,,https://lockheedmartin.eightfold.ai/careers/job/996476550510
Lockheed Martin,Eightfold,Manufacturing Engineer - E2,Space,,"Littleton, CO",US (CONUS),Full-time,79300,147300,per-year-salary,,https://lockheedmartin.eightfold.ai/careers/job/996476290074
Lockheed Martin,Eightfold,Systems Integration/Test Engineer Stf - 4x10B Tues-Friday E4,LM Aeronautics Co- Fort Worth,,"Fort Worth, TX",US (CONUS),Full-time,104900,194700,per-year-salary,,https://lockheedmartin.eightfold.ai/careers/job/996476465960
Lockheed Martin,Eightfold,Senior Buyer,MFC-SOFGLSS-LMOS,,"Lexington, KY",US (CONUS),Full-time,65200,121200,per-year-salary,,https://lockheedmartin.eightfold.ai/careers/job/996476519130
Lockheed Martin,Eightfold,Sustainment Engineer Stf - E4,RMS Sikorsky Core,,"Stratford, CT",US/Remote,Full-time,118000,219100,per-year-salary,,https://lockheedmartin.eightfold.ai/careers/job/996476570116
Lockheed Martin,Eightfold,Production Planner Sr - N2,Space,,"Littleton, CO",US (CONUS),Full-time,54200,100600,per-year-salary,,https://lockheedmartin.eightfold.ai/careers/job/996476305891
Lockheed Martin,Eightfold,Production Planner Sr - N2,Space,,"Littleton, CO",US (CONUS),Full-time,54200,100600,per-year-salary,,https://lockheedmartin.eightfold.ai/careers/job/996476285190
Lockheed Martin,Eightfold,Procurement Representative,MFC-SOFGLSS-LMOS,,"Lexington, KY",US (CONUS),Full-time,53900,100100,per-year-salary,,https://lockheedmartin.eightfold.ai/careers/job/996476507625
Lockheed Martin,Eightfold,Manufacturing Planner Asc - Early Career,MFC-Primary,,"Ocala, FL",US (CONUS),Full-time,49500,91900,per-year-salary,,https://lockheedmartin.eightfold.ai/careers/job/996476311784
Lockheed Martin,Eightfold,Systems Engineer - E2,RMS Core,,"Trumbull, CT",US/Remote,Full-time,70500,130900,per-year-salary,,https://lockheedmartin.eightfold.ai/careers/job/996476571306
Lockheed Martin,Eightfold,Manufacturing Project Manager,Space,,"Severn, MD",US (CONUS),Full-time,118000,219100,per-year-salary,,https://lockheedmartin.eightfold.ai/careers/job/996476204873
Lockheed Martin,Eightfold,Software Product Manager - Level 4,LM Aeronautics Co- Fort Worth,,"Fort Worth, TX",US (CONUS),Full-time,104900,194700,per-year-salary,,https://lockheedmartin.eightfold.ai/careers/job/996476343843
Lockheed Martin,Eightfold,Systems Engineer Sr - E3,RMS Core,,"Orlando, FL",US/Remote,Full-time,85300,158300,per-year-salary,,https://lockheedmartin.eightfold.ai/careers/job/996476521497
Lockheed Martin,Eightfold,Security Rep Sr - E3,GRS/Core-LMLS Aero Segment,,"Greenville, SC",US (CONUS),Full-time,72500,134600,per-year-salary,,https://lockheedmartin.eightfold.ai/careers/job/996476563067
Lockheed Martin,Eightfold,Senior Administrative Assistant,Space,,"Louisville, CO",US (CONUS),Full-time,56600,105000,per-year-salary,,https://lockheedmartin.eightfold.ai/careers/job/996476207672
Lockheed Martin,Eightfold,F-35 Classified Cyber Security Asc Mgr/Lead ISSO - MCAS Miramar (Mid-Career),RMS Core,,"San Diego, CA",US (CONUS),Full-time,118000,219100,per-year-salary,,https://lockheedmartin.eightfold.ai/careers/job/996476372852
Lockheed Martin,Eightfold,Senior Software Engineer,Space,,"Severn, MD",US (CONUS),Full-time,166900,309900,per-year-salary,,https://lockheedmartin.eightfold.ai/careers/job/996476200344
Lockheed Martin,Eightfold,Quantum Opto-electronics Research Manager,Space,,"Louisville, CO",US (CONUS),Full-time,166900,309900,per-year-salary,,https://lockheedmartin.eightfold.ai/careers/job/996476221475
Lockheed Martin,Eightfold,"Systems Integration & Test Sr - Orlando, FL",MFC-Primary,,"Orlando, FL",US (CONUS),Full-time,85300,158300,per-year-salary,,https://lockheedmartin.eightfold.ai/careers/job/996476274166
Lockheed Martin,Eightfold,Senior Printed Circuit Board (PCB) Designer,Space,,"Severn, MD",US (CONUS),Full-time,145100,269500,per-year-salary,,https://lockheedmartin.eightfold.ai/careers/job/996476227349
Lockheed Martin,Eightfold,Field Engineer Stf - E4,MFC-SOFGLSS-LMOS,,"Virginia Beach, VA",US (CONUS),Full-time,89100,165500,per-year-salary,,https://lockheedmartin.eightfold.ai/careers/job/996476279112
Lockheed Martin,Eightfold,"Proposal Analysis Mgr - L5 - Arlington, TX",MFC-Primary,,"Arlington, TX",US (CONUS),Full-time,109700,203700,per-year-salary,,https://lockheedmartin.eightfold.ai/careers/job/996476503116
Lockheed Martin,Eightfold,Optical Inspector,MFC-Primary,,"Orlando, FL",US (CONUS),Full-time,0,0,per-hour-wage,,https://lockheedmartin.eightfold.ai/careers/job/996476568526
Lockheed Martin,Eightfold,Facilities Engineer Stf - E4,RMS Sikorsky Core,,"Stratford, CT",US (CONUS),Full-time,118000,219100,per-year-salary,,https://lockheedmartin.eightfold.ai/careers/job/996476349080
Lockheed Martin,Eightfold,Systems Integration/Test Engineer - E2,LM Aeronautics Co- Fort Worth,,"Fort Worth, TX",US (CONUS),Full-time,70500,130900,per-year-salary,,https://lockheedmartin.eightfold.ai/careers/job/996476461049
Lockheed Martin,Eightfold,Integration and Test Engineering Associate,MFC-Primary,,"Orlando, FL",US (CONUS),Full-time,58200,108200,per-year-salary,,https://lockheedmartin.eightfold.ai/careers/job/996476301958
Lockheed Martin,Eightfold,Test Engineer Sr - E3,MFC-Lufkin,,"Lufkin, TX",US (CONUS),Full-time,76700,142500,per-year-salary,,https://lockheedmartin.eightfold.ai/careers/job/996476511053
Lockheed Martin,Eightfold,Software Engineering Mgr - L5,LM Aeronautics Co- Fort Worth,,"Fort Worth, TX",US (CONUS),Full-time,148300,275500,per-year-salary,,https://lockheedmartin.eightfold.ai/careers/job/996476187129
Lockheed Martin,Eightfold,Manufacturing Engineer,MFC-Camden,,"Camden, AR",US (CONUS),Full-time,63400,117800,per-year-salary,,https://lockheedmartin.eightfold.ai/careers/job/996476537306
Lockheed Martin,Eightfold,CMM/PCMM Inspector Programmer C,RMS Sikorsky Manufacturing,,"Stratford, CT",US (CONUS),Full-time,44.94,47.83,per-hour-wage,,https://lockheedmartin.eightfold.ai/careers/job/996476353828
Lockheed Martin,Eightfold,Actions Officer - MTA Program - Prod Ops,LM Aeronautics Co- Marietta,,"Marietta, GA",US (CONUS),Full-time,104900,194700,per-year-salary,,https://lockheedmartin.eightfold.ai/careers/job/996476492911
Lockheed Martin,Eightfold,Orion Test Operations - Certified Test Conductor,Space,,", FL",US (CONUS),Full-time,85300,158300,per-year-salary,,https://lockheedmartin.eightfold.ai/careers/job/996476567135
Lockheed Martin,Eightfold,Project Management & Planning Operations Rep Sr Stf - E5,MFC-Primary,,"Grand Prairie, TX",US (CONUS),Full-time,129000,239600,per-year-salary,,https://lockheedmartin.eightfold.ai/careers/job/996476280654
Lockheed Martin,Eightfold,"Guidance, Navigation & Control Sr Engineer",MFC-Primary,,"Grand Prairie, TX",US (CONUS),Full-time,98100,182100,per-year-salary,,https://lockheedmartin.eightfold.ai/careers/job/996476347088
Lockheed Martin,Eightfold,"Site Security Mgr - L4/Montgomery ANGB, AL",RMS Core,,"Montgomery, AL",US (CONUS),Full-time,89100,165500,per-year-salary,,https://lockheedmartin.eightfold.ai/careers/job/996476370990
Lockheed Martin,Eightfold,Security Rep - E2,RMS-Svcs-LMOS,,"Eglin AFB, FL",US (CONUS),Full-time,53900,100100,per-year-salary,,https://lockheedmartin.eightfold.ai/careers/job/996476372246
Lockheed Martin,Eightfold,Cyber Systems Security Engineering Sr - E3,RMS Core,,"King of Prussia, PA",US (CONUS),Full-time,110300,204900,per-year-salary,,https://lockheedmartin.eightfold.ai/careers/job/996476372887
Lockheed Martin,Eightfold,Systems Engineer - E2,Space,,"Sunnyvale, CA",US (CONUS),Full-time,88100,163700,per-year-salary,,https://lockheedmartin.eightfold.ai/careers/job/996476434046
Lockheed Martin,Eightfold,Project Engineer - E2,Enterprise Business Services,,"Aurora, CO",US/Remote,Full-time,70500,130900,per-year-salary,,https://lockheedmartin.eightfold.ai/careers/job/996476554803
Lockheed Martin,Eightfold,Manufacturing Engineer Stf,RMS Manufacturing,,"Orlando, FL",US (CONUS),Full-time,104900,194700,per-year-salary,,https://lockheedmartin.eightfold.ai/careers/job/996476554613
Lockheed Martin,Eightfold,Assembler Sr - N2,RMS Manufacturing,,"Oldsmar, FL",US (CONUS),Full-time,35600,66000,per-year-salary,,https://lockheedmartin.eightfold.ai/careers/job/996476562543
Lockheed Martin,Eightfold,Missile Defense Solutions Strategy & Business Development Senior Manager,RMS Core,,"Huntsville, AL",US (CONUS),Full-time,158700,294700,per-year-salary,,https://lockheedmartin.eightfold.ai/careers/job/996476396789
Lockheed Martin,Eightfold,Security Rep - E2,RMS-Svcs-LMOS,,"Eglin AFB, FL",US (CONUS),Full-time,53900,100100,per-year-salary,,https://lockheedmartin.eightfold.ai/careers/job/996476340078
Lockheed Martin,Eightfold,Multifunctional Manufacturing Asc Mgr - L4,MFC-SOFGLSS-LMOS,,"Lexington, KY",US (CONUS),Full-time,80200,149000,per-year-salary,,https://lockheedmartin.eightfold.ai/careers/job/996476387724
Lockheed Martin,Eightfold,Master Production Scheduler Sr - E3,MFC-SOFGLSS-LMOS,,"Lexington, KY",US (CONUS),Full-time,65200,121200,per-year-salary,,https://lockheedmartin.eightfold.ai/careers/job/996476538505
Lockheed Martin,Eightfold,Program Security Representative Sr.,Space,,"King of Prussia, PA",US (CONUS),Full-time,81500,151300,per-year-salary,,https://lockheedmartin.eightfold.ai/careers/job/996476536910
Lockheed Martin,Eightfold,Administrative Assistant Spec - N4,LM Aeronautics Co- Marietta,,"Marietta, GA",US (CONUS),Full-time,60300,112100,per-year-salary,,https://lockheedmartin.eightfold.ai/careers/job/996476325770
Lockheed Martin,Eightfold,"Electro Mechanical Assembler / Archbald, PA",MFC-Primary,,"Archbald, PA",US (CONUS),Full-time,21.77,21.77,per-hour-wage,,https://lockheedmartin.eightfold.ai/careers/job/996476524345
Lockheed Martin,Eightfold,"Nondestructive Inspection Technician, F-35- Level 4",AFS-LMLS Aero Segment,,"Fort Smith, AR",US (CONUS),Full-time,54300,100900,per-year-salary,,https://lockheedmartin.eightfold.ai/careers/job/996476338685
Lockheed Martin,Eightfold,Assembler Sr,RMS Manufacturing,,"Oldsmar, FL",US (CONUS),Full-time,35600,66000,per-year-salary,,https://lockheedmartin.eightfold.ai/careers/job/996476561796
Lockheed Martin,Eightfold,Field Engineer - E2,MFC-Primary,,"Fort Drum, NY",US (CONUS),Full-time,59900,111300,per-year-salary,,https://lockheedmartin.eightfold.ai/careers/job/996476565710
Lockheed Martin,Eightfold,Sr. Project Engineer,Enterprise Business Services,,"Orlando, FL",US/Remote,Full-time,85300,158300,per-year-salary,,https://lockheedmartin.eightfold.ai/careers/job/996476344772
Lockheed Martin,Eightfold,Manufacturing Planner Asc - E1,MFC-SOFGLSS-LMOS,,"Lexington, KY",US (CONUS),Full-time,44500,82700,per-year-salary,,https://lockheedmartin.eightfold.ai/careers/job/996476534749
Lockheed Martin,Eightfold,EMC2 Business Development Analyst Stf - E4,RMS Core,,"Littleton, CO",US (CONUS),Full-time,118000,219100,per-year-salary,,https://lockheedmartin.eightfold.ai/careers/job/996476354759
Lockheed Martin,Eightfold,"Security Rep Asc - IC1 - Luke AFB, AZ",RMS-Svcs-LMOS,,", AZ",US (CONUS),Full-time,49500,91900,per-year-salary,,https://lockheedmartin.eightfold.ai/careers/job/996476368885
Lockheed Martin,Eightfold,Subcontract Management Stf - E4,MFC-Primary,,"Orlando, FL",US (CONUS),Full-time,89100,165500,per-year-salary,,https://lockheedmartin.eightfold.ai/careers/job/996476551505
Lockheed Martin,Eightfold,Classified Cyber Security - E2,RMS Core,,"Williamsburg, VA",US (CONUS),Full-time,70500,130900,per-year-salary,,https://lockheedmartin.eightfold.ai/careers/job/996476367940
Lockheed Martin,Eightfold,Design Engineer Stf - E4,RMS Sikorsky Core,,"Stratford, CT",US (CONUS),Full-time,118000,219100,per-year-salary,,https://lockheedmartin.eightfold.ai/careers/job/996476323941
Lockheed Martin,Eightfold,Environment Health & Safety Engineer,MFC-Camden,,"Camden, AR",US (CONUS),Full-time,53900,100100,per-year-salary,,https://lockheedmartin.eightfold.ai/careers/job/996476524235
Lockheed Martin,Eightfold,Subcontract Administration - E2,LM Aeronautics Co- Fort Worth,,"Fort Worth, TX",US (CONUS),Full-time,59900,111300,per-year-salary,,https://lockheedmartin.eightfold.ai/careers/job/996476514894
Lockheed Martin,Eightfold,Operations Engineer Stf - E4,LM Aeronautics Co- Palmdale,,"Palmdale, CA",US (CONUS),Full-time,118000,219100,per-year-salary,,https://lockheedmartin.eightfold.ai/careers/job/996476502502
Lockheed Martin,Eightfold,Manufacturing Engineer - Second Shift,MFC-Chelmsford,,"Chelmsford, MA",US (CONUS),Full-time,79300,147300,per-year-salary,,https://lockheedmartin.eightfold.ai/careers/job/996476524205
Lockheed Martin,Eightfold,Electro Mechanical Assembler Senior - Second Shift,MFC-Primary,,"Archbald, PA",US (CONUS),Full-time,23.58,23.58,per-hour-wage,,https://lockheedmartin.eightfold.ai/careers/job/996476523549
Lockheed Martin,Eightfold,Electro Mechanical Assembler - Second Shift,MFC-Primary,,"Archbald, PA",US (CONUS),Full-time,21.77,21.77,per-hour-wage,,https://lockheedmartin.eightfold.ai/careers/job/996476523485
Lockheed Martin,Eightfold,Supply Chain - Subcontract Management - Staff - Level 4,LM Aeronautics Co- Palmdale,,"Fort Worth, TX",US (CONUS),Full-time,100200,186200,per-year-salary,,https://lockheedmartin.eightfold.ai/careers/job/996476390176
Lockheed Martin,Eightfold,Project Management - Change Request Integrator,LM Aeronautics Co- Fort Worth,,"Fort Worth, TX",US (CONUS),Full-time,85300,158300,per-year-salary,,https://lockheedmartin.eightfold.ai/careers/job/996476524155
Lockheed Martin,Eightfold,Systems Integration & Test Engineer Sr - E3,MFC-Primary,,"Goleta, CA",US (CONUS),Full-time,95900,178100,per-year-salary,,https://lockheedmartin.eightfold.ai/careers/job/996476550935
Lockheed Martin,Eightfold,Project Management & Planning Operations Rep Sr - E3,LM Aeronautics Co- Fort Worth,,"Fort Worth, TX",US (CONUS),Full-time,85300,158300,per-year-salary,,https://lockheedmartin.eightfold.ai/careers/job/996476321117
Lockheed Martin,Eightfold,Supply Chain - Subcontract Management - Level 3,LM Aeronautics Co- Fort Worth,,"Fort Worth, TX",US (CONUS),Full-time,72500,134600,per-year-salary,,https://lockheedmartin.eightfold.ai/careers/job/996476390012
Lockheed Martin,Eightfold,Subcontract Administration - E2,LM Aeronautics Co- Fort Worth,,"Fort Worth, TX",US (CONUS),Full-time,59900,111300,per-year-salary,,https://lockheedmartin.eightfold.ai/careers/job/996476378145
Lockheed Martin,Eightfold,Subcontract Administration - E2,LM Aeronautics Co- Fort Worth,,"Fort Worth, TX",US (CONUS),Full-time,59900,111300,per-year-salary,,https://lockheedmartin.eightfold.ai/careers/job/996476450515
Lockheed Martin,Eightfold,Supply Chain Procurement Manager - L5,LM Aeronautics Co- Fort Worth,,"Fort Worth, TX",US (CONUS),Full-time,129000,239600,per-year-salary,,https://lockheedmartin.eightfold.ai/careers/job/996476544587
Lockheed Martin,Eightfold,Subcontract Administration - E2,LM Aeronautics Co- Fort Worth,,"Fort Worth, TX",US (CONUS),Full-time,59900,111300,per-year-salary,,https://lockheedmartin.eightfold.ai/careers/job/996476509682
Lockheed Martin,Eightfold,Supply Chain - Subcontract Program Management - E5,LM Aeronautics Co- Fort Worth,,"Fort Worth, TX",US (CONUS),Full-time,129000,239600,per-year-salary,,https://lockheedmartin.eightfold.ai/careers/job/996476517558
Lockheed Martin,Eightfold,Project Management & Planning Operations Rep Stf - E4,LM Aeronautics Co- Fort Worth,,"Fort Worth, TX",US (CONUS),Full-time,104900,194700,per-year-salary,,https://lockheedmartin.eightfold.ai/careers/job/996476355243
Lockheed Martin,Eightfold,Subcontract Program Management Sr Stf - E5,LM Aeronautics Co- Fort Worth,,"Fort Worth, TX",US (CONUS),Full-time,129000,239600,per-year-salary,,https://lockheedmartin.eightfold.ai/careers/job/996476510640
Lockheed Martin,Eightfold,Systems Integration & Test Engineer - E2,MFC-Primary,,"Goleta, CA",US (CONUS),Full-time,79300,147300,per-year-salary,,https://lockheedmartin.eightfold.ai/careers/job/996476551538
Lockheed Martin,Eightfold,"UAS CSO/Mission Planner, Palmdale CA - Level 5",LM Aeronautics Co- Palmdale,,"Palmdale, CA",US (CONUS),Full-time,145100,269500,per-year-salary,,https://lockheedmartin.eightfold.ai/careers/job/996476446333
Lockheed Martin,Eightfold,"UAS Pilot - Skunk Works, Palmdale, CA - Level 5",LM Aeronautics Co- Palmdale,,"Palmdale, CA",US (CONUS),Full-time,145100,269500,per-year-salary,,https://lockheedmartin.eightfold.ai/careers/job/996476446270
Lockheed Martin,Eightfold,Flight Test Ground System Engineer -- Level 3,ADP - LMLS Aero Segment AFS,,"Las Vegas, NV",US (CONUS),Full-time,85300,158300,per-year-salary,,https://lockheedmartin.eightfold.ai/careers/job/996476524259
Lockheed Martin,Eightfold,QA Inspector,RMS Manufacturing,,"Moorestown, NJ",US (CONUS),Full-time,35,35,per-hour-wage,,https://lockheedmartin.eightfold.ai/careers/job/996476551288
Lockheed Martin,Eightfold,Inspector Sr - N2 (3rd Shift),MFC-Lufkin,,"Lufkin, TX",US (CONUS),Full-time,37700,69900,per-year-salary,,https://lockheedmartin.eightfold.ai/careers/job/996476551354
Lockheed Martin,Eightfold,Software Engineer - E2,Space LMOS,,"Littleton, CO",US (CONUS),Full-time,91200,169400,per-year-salary,,https://lockheedmartin.eightfold.ai/careers/job/996476543775
Lockheed Martin,Eightfold,Software Engineer Sr - E3,Space Services,,"Littleton, CO",US (CONUS),Full-time,110300,204900,per-year-salary,,https://lockheedmartin.eightfold.ai/careers/job/996476544351
Lockheed Martin,Eightfold,Software Engineer Stf - E4,Space LMOS,,"Littleton, CO",US (CONUS),Full-time,135700,251900,per-year-salary,,https://lockheedmartin.eightfold.ai/careers/job/996476544555
Lockheed Martin,Eightfold,"Systems Engineer, Senior",Space,,"Titusville, FL",US (CONUS),Full-time,85300,158300,per-year-salary,,https://lockheedmartin.eightfold.ai/careers/job/996476461573
Lockheed Martin,Eightfold,Systems Engineer Stf,Space,,"Littleton, CO",US (CONUS),Full-time,118000,219100,per-year-salary,,https://lockheedmartin.eightfold.ai/careers/job/996476208540
Lockheed Martin,Eightfold,Applications Engineer Senior - Level 3,LM Aeronautics Co- Marietta,,"Marietta, GA",US (CONUS),Full-time,85300,158300,per-year-salary,,https://lockheedmartin.eightfold.ai/careers/job/996476550425
Lockheed Martin,Eightfold,"Systems Integration & Test Engineer, Stf - E4",MFC-Primary,,"Goleta, CA",US (CONUS),Full-time,118000,219100,per-year-salary,,https://lockheedmartin.eightfold.ai/careers/job/996476550490
Lockheed Martin,Eightfold,Systems Integration & Test Engineer - E2,MFC-Primary,,"Goleta, CA",US (CONUS),Full-time,79300,147300,per-year-salary,,https://lockheedmartin.eightfold.ai/careers/job/996476551529
Lockheed Martin,Eightfold,Systems Integration and Test Engineer,RMS Core,,"Moorestown, NJ",US (CONUS),Full-time,0,0,per-hour-wage,,https://lockheedmartin.eightfold.ai/careers/job/996476387071
Lockheed Martin,Eightfold,Industrial Engineer - Level 2,LM Aeronautics Co- Fort Worth,,"Fort Worth, TX",US (CONUS),Full-time,70500,130900,per-year-salary,,https://lockheedmartin.eightfold.ai/careers/job/996476555939
Lockheed Martin,Eightfold,Electro-Optical Engineer Sr - E3,MFC-Primary,,"Orlando, FL",US (CONUS),Full-time,98100,182100,per-year-salary,,https://lockheedmartin.eightfold.ai/careers/job/996476555835
Lockheed Martin,Eightfold,Project Management & Planning Operations Rep Sr Stf - E5,MFC-Primary,,"Arlington, TX",US (CONUS),Full-time,129000,239600,per-year-salary,,https://lockheedmartin.eightfold.ai/careers/job/996476327950
Lockheed Martin,Eightfold,Dev Sec Ops Senior Software Engineer,RMS Core,,"Mt Laurel Township, NJ",US (CONUS),Full-time,0,0,per-hour-wage,,https://lockheedmartin.eightfold.ai/careers/job/996476521336
Lockheed Martin,Eightfold,Low Observable (RF) Engineer Sr - E3,MFC-Primary,,"Orlando, FL",US (CONUS),Full-time,98100,182100,per-year-salary,,https://lockheedmartin.eightfold.ai/careers/job/996476524255
Lockheed Martin,Eightfold,Systems Integration & Test Engineer Sr - E3,MFC-Primary,,"Goleta, CA",US (CONUS),Full-time,95900,178100,per-year-salary,,https://lockheedmartin.eightfold.ai/careers/job/996476550989
Lockheed Martin,Eightfold,"Systems Engineer, Senior",Space,,"Littleton, CO",US (CONUS),Full-time,95900,178100,per-year-salary,,https://lockheedmartin.eightfold.ai/careers/job/996476480880
Lockheed Martin,Eightfold,Systems Engineer/Training Developer - Level 3,LM Aeronautics Co- Fort Worth,,"Marietta, GA",US (CONUS),Full-time,85300,158300,per-year-salary,,https://lockheedmartin.eightfold.ai/careers/job/996476502578
Lockheed Martin,Eightfold,Mechanical Engineer Asc - Early Career,Space,,"Sunnyvale, CA",US (CONUS),Full-time,72800,135200,per-year-salary,,https://lockheedmartin.eightfold.ai/careers/job/996476515038
Lockheed Martin,Eightfold,Systems Engineer Sr - E3,LM Aeronautics Co- Fort Worth,,"Fort Worth, TX",US (CONUS),Full-time,85300,158300,per-year-salary,,https://lockheedmartin.eightfold.ai/careers/job/996476501620
Lockheed Martin,Eightfold,Dev Sec Ops Software Engineer,RMS Core,,"Mt Laurel Township, NJ",US (CONUS),Full-time,0,0,per-hour-wage,,https://lockheedmartin.eightfold.ai/careers/job/996476521323
Lockheed Martin,Eightfold,Flight Simulator Technician / FMS / F-35 / Tyndall AFB,RMS-Svcs-LMOS,,"Tyndall AFB, FL",US (CONUS),Full-time,76700,142500,per-year-salary,,https://lockheedmartin.eightfold.ai/careers/job/996476211504
Lockheed Martin,Eightfold,Mechanical Engineer Asc -Early Career,Space,,"Sunnyvale, CA",US (CONUS),Full-time,72800,135200,per-year-salary,,https://lockheedmartin.eightfold.ai/careers/job/996476523760
Lockheed Martin,Eightfold,"Electronics Engineer, Cable and Harness Design, Secret Clearance",Space,,"Huntsville, AL",US (CONUS),Full-time,104900,194700,per-year-salary,,https://lockheedmartin.eightfold.ai/careers/job/996476277529
Lockheed Martin,Eightfold,Systems Engineering Mgr,RMS Core,,"Mt Laurel Township, NJ",US (CONUS),Full-time,145100,269500,per-year-salary,,https://lockheedmartin.eightfold.ai/careers/job/996476370512
Lockheed Martin,Eightfold,"Systems Engineer, Senior",Space,,"Littleton, CO",US (CONUS),Full-time,95900,178100,per-year-salary,,https://lockheedmartin.eightfold.ai/careers/job/996476547362
Lockheed Martin,Eightfold,SATCOM System Integration and Test Systems Engineering SME - Sr. Staff,Space,,"El Segundo, CA",US (CONUS),Full-time,145100,269500,per-year-salary,,https://lockheedmartin.eightfold.ai/careers/job/996476233800
Lockheed Martin,Eightfold,Assembly Inspector B,MFC-Primary,,"Archbald, PA",US (CONUS),Full-time,25.1,25.1,per-hour-wage,,https://lockheedmartin.eightfold.ai/careers/job/996476458379
Lockheed Martin,Eightfold,System Safety Engineering Lead,Space,,"Littleton, CO",US (CONUS),Full-time,118000,219100,per-year-salary,,https://lockheedmartin.eightfold.ai/careers/job/996476188302
Lockheed Martin,Eightfold,Senior Staff Hardware/Software Systems Integration Engineer,Space,,"Littleton, CO",US (CONUS),Full-time,145100,269500,per-year-salary,,https://lockheedmartin.eightfold.ai/careers/job/996476231785
Lockheed Martin,Eightfold,SATCOM System Integration and Test Systems Engineering SME - Sr. Staff,Space,,"El Segundo, CA",US (CONUS),Full-time,145100,269500,per-year-salary,,https://lockheedmartin.eightfold.ai/careers/job/996476187935
Lockheed Martin,Eightfold,Senior System Safety Engineer,Space,,"Titusville, FL",US (CONUS),Full-time,85300,158300,per-year-salary,,https://lockheedmartin.eightfold.ai/careers/job/996476188257
Lockheed Martin,Eightfold,Quality Analyst - E2,MFC-Primary,,"Arlington, TX",US (CONUS),Full-time,55580,103220,per-year-salary,,https://lockheedmartin.eightfold.ai/careers/job/996476508373
Lockheed Martin,Eightfold,Mechanical Inspection Supervisor,MFC-Primary,,"Grand Prairie, TX",US (CONUS),Full-time,72500,134600,per-year-salary,,https://lockheedmartin.eightfold.ai/careers/job/996476547077
Lockheed Martin,Eightfold,Software Engineer - E2,Space LMOS,,"Littleton, CO",US (CONUS),Full-time,91200,169400,per-year-salary,,https://lockheedmartin.eightfold.ai/careers/job/996476540219
Lockheed Martin,Eightfold,Inspector Spec - N3,RMS Core,,"Ventura, CA",US (CONUS),Full-time,56600,105000,per-year-salary,,https://lockheedmartin.eightfold.ai/careers/job/996476463588
Lockheed Martin,Eightfold,Aegis SPY-1 Radar Sustainment Lead,RMS Core,,"Moorestown, NJ",US (CONUS),Full-time,118000,219100,per-year-salary,,https://lockheedmartin.eightfold.ai/careers/job/996476492641
Lockheed Martin,Eightfold,Project Specialist Sr - E3,RMS Core,,"Moorestown, NJ",US (CONUS),Full-time,95900,178100,per-year-salary,,https://lockheedmartin.eightfold.ai/careers/job/996476492645
Lockheed Martin,Eightfold,Accounting - E2,RMS Derco Aerospace,,"Milwaukee, WI",US (CONUS),Full-time,59900,111300,per-year-salary,,https://lockheedmartin.eightfold.ai/careers/job/996476342655
Lockheed Martin,Eightfold,Classified Cyber Security Stf - E4,RMS Core,,"Liverpool, NY",US (CONUS),Full-time,104900,194700,per-year-salary,,https://lockheedmartin.eightfold.ai/careers/job/996476301610
Lockheed Martin,Eightfold,Financial Management Sr Stf - E5,LM Aeronautics Co- Marietta,,"Fort Worth, TX",US (CONUS),Full-time,109700,203700,per-year-salary,,https://lockheedmartin.eightfold.ai/careers/job/996476447182
Lockheed Martin,Eightfold,Program Management Asc Mgr - L4,RMS Sikorsky Core,,"Stratford, CT",US (CONUS),Full-time,135700,251900,per-year-salary,,https://lockheedmartin.eightfold.ai/careers/job/996476347081
Lockheed Martin,Eightfold,Software Engineer Stf - E4,RMS Core,,"Orlando, FL",US/Remote,Full-time,135700,251900,per-year-salary,,https://lockheedmartin.eightfold.ai/careers/job/996476369079
Lockheed Martin,Eightfold,Manufacturing Support Team Member Asc - E1,GSO-LMLS Aero Segment,,"Greenville, SC",US (CONUS),Full-time,49500,91900,per-year-salary,,https://lockheedmartin.eightfold.ai/careers/job/996476341530
Lockheed Martin,Eightfold,Software Engineering Asc Mgr - L4,RMS Core,,"Orlando, FL",US/Remote,Full-time,135700,251900,per-year-salary,,https://lockheedmartin.eightfold.ai/careers/job/996476550392
Lockheed Martin,Eightfold,Manufacturing Engineer Stf - Capital Projects,MFC-Primary,,"Arlington, TX",US (CONUS),Full-time,104900,194700,per-year-salary,,https://lockheedmartin.eightfold.ai/careers/job/996476374502
Lockheed Martin,Eightfold,Program Manager Air Force Programs,RMS Sikorsky Core,,"Stratford, CT",US (CONUS),Full-time,166900,309900,per-year-salary,,https://lockheedmartin.eightfold.ai/careers/job/996476519140
Lockheed Martin,Eightfold,Systems Integration & Test Engineer,RMS Core,,"Mt Laurel Township, NJ",US (CONUS),Full-time,0,0,per-hour-wage,,https://lockheedmartin.eightfold.ai/careers/job/996476317259
Lockheed Martin,Eightfold,Project Management & Planning Operations Rep Sr - E3,RMS-Svcs-LMOS,,"San Diego, CA",US (CONUS),Full-time,95900,178100,per-year-salary,,https://lockheedmartin.eightfold.ai/careers/job/996476551805
Lockheed Martin,Eightfold,Systems Engineer Sr - Level 3,Space,,"Colorado Springs, CO",US (CONUS),Full-time,85300,158300,per-year-salary,,https://lockheedmartin.eightfold.ai/careers/job/996476477126
Lockheed Martin,Eightfold,Aeronautical Engineer Sr Stf - E5,LM Aeronautics Co- Fort Worth,,"Fort Worth, TX",US (CONUS),Full-time,129000,239600,per-year-salary,,https://lockheedmartin.eightfold.ai/careers/job/996476513883
Lockheed Martin,Eightfold,Administrative Assistant Sr - N3,RMS Sikorsky Core,,"Stratford, CT",US (CONUS),Full-time,56600,105000,per-year-salary,,https://lockheedmartin.eightfold.ai/careers/job/996476386692
Lockheed Martin,Eightfold,Numerical Control Programming Stf - E4,MFC-Primary,,"Grand Prairie, TX",US (CONUS),Full-time,89100,165500,per-year-salary,,https://lockheedmartin.eightfold.ai/careers/job/996476513747
Lockheed Martin,Eightfold,Security Rep Asc - E1,RMS-Svcs-LMOS,,"Eglin AFB, FL",US (CONUS),Full-time,44500,82700,per-year-salary,,https://lockheedmartin.eightfold.ai/careers/job/996476340074
Lockheed Martin,Eightfold,"Security Rep - IC2 - Luke AFB, AZ",RMS-Svcs-LMOS,,", AZ",US (CONUS),Full-time,59900,111300,per-year-salary,,https://lockheedmartin.eightfold.ai/careers/job/996476321343
Lockheed Martin,Eightfold,Manufacturing Support Team Member Stf - E4,LM Aeronautics Co- Marietta,,"Marietta, GA",US (CONUS),Full-time,89100,165500,per-year-salary,,https://lockheedmartin.eightfold.ai/careers/job/996476324426
Lockheed Martin,Eightfold,Cyber Systems Security Engineering Sr - E3,MFC-Primary,,"Orlando, FL",US (CONUS),Full-time,98100,182100,per-year-salary,,https://lockheedmartin.eightfold.ai/careers/job/996476534876
Lockheed Martin,Eightfold,Cyber Software Engineer Staff (Embedded),MFC-Primary,,"Orlando, FL",US (CONUS),Full-time,120600,224000,per-year-salary,,https://lockheedmartin.eightfold.ai/careers/job/996476289857
Lockheed Martin,Eightfold,Systems Engineer-IT - E2,RMS Core,,"Littleton, CO",US (CONUS),Full-time,79300,147300,per-year-salary,,https://lockheedmartin.eightfold.ai/careers/job/996476299170
Lockheed Martin,Eightfold,Systems Engineer Stf,Space,,"Colorado Springs, CO",US (CONUS),Full-time,104900,194700,per-year-salary,,https://lockheedmartin.eightfold.ai/careers/job/996476233744
Lockheed Martin,Eightfold,Multifunctional Manufacturing Mgr - L5,LM Aeronautics Co- Fort Worth,,"Fort Worth, TX",US (CONUS),Full-time,109700,203700,per-year-salary,,https://lockheedmartin.eightfold.ai/careers/job/996476347738
Lockheed Martin,Eightfold,Program Quality Engineer Sr - E3,RMS Core,,"Moorestown, NJ",US (CONUS),Full-time,95900,178100,per-year-salary,,https://lockheedmartin.eightfold.ai/careers/job/996476521295
Lockheed Martin,Eightfold,Program Quality Engineer Stf - E4,RMS Core,,"Moorestown, NJ",US (CONUS),Full-time,118000,219100,per-year-salary,,https://lockheedmartin.eightfold.ai/careers/job/996476521230
Lockheed Martin,Eightfold,Experimental CNC Machinist III,Space,,"King of Prussia, PA",US (CONUS),Full-time,56600,105000,per-year-salary,,https://lockheedmartin.eightfold.ai/careers/job/996476368724
Lockheed Martin,Eightfold,Senior RF Engineer (Level III) - Top Secret clearance,Space,,"Littleton, CO",US (CONUS),Full-time,110300,204900,per-year-salary,,https://lockheedmartin.eightfold.ai/careers/job/996476186344
Lockheed Martin,Eightfold,Systems Engineer Stf,Space,,"Littleton, CO",US (CONUS),Full-time,118000,219100,per-year-salary,,https://lockheedmartin.eightfold.ai/careers/job/996476208375
Lockheed Martin,Eightfold,Systems Engineer Sr - E3,LM Aeronautics Co- Palmdale,,"Palmdale, CA",US (CONUS),Full-time,95900,178100,per-year-salary,,https://lockheedmartin.eightfold.ai/careers/job/996476356974
Lockheed Martin,Eightfold,Systems Engineer Rapid Advanced Payload Test,Space,,"Littleton, CO",US (CONUS),Full-time,95900,178100,per-year-salary,,https://lockheedmartin.eightfold.ai/careers/job/996476189865
Lockheed Martin,Eightfold,Systems Engineering Mgr - L5,Space,,"Littleton, CO",US (CONUS),Full-time,145100,269500,per-year-salary,,https://lockheedmartin.eightfold.ai/careers/job/996476204882
Lockheed Martin,Eightfold,Senior Software Engineer - EADGE-T Tech Refresh - EXPAT UAE,RMS Core,,"King of Prussia, PA",US (CONUS),Full-time,110300,204900,per-year-salary,,https://lockheedmartin.eightfold.ai/careers/job/996476203823
Lockheed Martin,Eightfold,Aeronautical Engineer Sr - E3,LM Aeronautics Co- Fort Worth,,"Fort Worth, TX",US (CONUS),Full-time,85300,158300,per-year-salary,,https://lockheedmartin.eightfold.ai/careers/job/996476478193
Lockheed Martin,Eightfold,Senior Network Communications Engineer - EADGE-T EXPAT UAE,RMS Core,,"King of Prussia, PA",US (CONUS),Full-time,95900,178100,per-year-salary,,https://lockheedmartin.eightfold.ai/careers/job/996476202602
Lockheed Martin,Eightfold,Procurement Engineer Sr - E3,MFC-Primary,,"Orlando, FL",US (CONUS),Full-time,85300,158300,per-year-salary,,https://lockheedmartin.eightfold.ai/careers/job/996476492901
Lockheed Martin,Eightfold,Systems Engineer Stf - E4,RMS Core,,"Colorado Springs, CO",US (CONUS),Full-time,104900,194700,per-year-salary,,https://lockheedmartin.eightfold.ai/careers/job/996476187684
Lockheed Martin,Eightfold,Systems Engineer Staff,Space,,"Littleton, CO",US (CONUS),Full-time,118000,219100,per-year-salary,,https://lockheedmartin.eightfold.ai/careers/job/996476538191
Lockheed Martin,Eightfold,Project Engineer Staff,Space,,"Littleton, CO",US (CONUS),Full-time,118000,219100,per-year-salary,,https://lockheedmartin.eightfold.ai/careers/job/996476545690
Lockheed Martin,Eightfold,Project Engineer Sr,Space,,"Highlands Ranch, CO",US (CONUS),Full-time,95900,178100,per-year-salary,,https://lockheedmartin.eightfold.ai/careers/job/996476390489
Lockheed Martin,Eightfold,Staff Project Engineer,Enterprise Business Services,,"Aurora, CO",US/Remote,Full-time,104900,194700,per-year-salary,,https://lockheedmartin.eightfold.ai/careers/job/996476513877
Lockheed Martin,Eightfold,Project Engineer Stf,Space,,"Louisville, CO",US (CONUS),Full-time,118000,219100,per-year-salary,,https://lockheedmartin.eightfold.ai/careers/job/996476277522
Lockheed Martin,Eightfold,Procurement Engineer Stf - E4,MFC-Primary,,"Grand Prairie, TX",US (CONUS),Full-time,104900,194700,per-year-salary,,https://lockheedmartin.eightfold.ai/careers/job/996476492893
Lockheed Martin,Eightfold,Software Systems Architecture Sr Stf - E5,Space,,"Colorado Springs, CO",US/Remote,Full-time,145100,269500,per-year-salary,,https://lockheedmartin.eightfold.ai/careers/job/996476384715
Lockheed Martin,Eightfold,Program Management Stf,Space,,"Highlands Ranch, CO",US/Remote,Full-time,135700,251900,per-year-salary,,https://lockheedmartin.eightfold.ai/careers/job/996476276247
Lockheed Martin,Eightfold,"Project Engineer Senior, Requirement of Verification",Space,,"Littleton, CO",US (CONUS),Full-time,95900,178100,per-year-salary,,https://lockheedmartin.eightfold.ai/careers/job/996476545922
Lockheed Martin,Eightfold,Program Management Sr Stf,Space,,"Highlands Ranch, CO",US/Remote,Full-time,166900,309900,per-year-salary,,https://lockheedmartin.eightfold.ai/careers/job/996476276222
Lockheed Martin,Eightfold,Quality Engineer Stf - E4,RMS Manufacturing,,"Oldsmar, FL",US (CONUS),Full-time,104900,194700,per-year-salary,,https://lockheedmartin.eightfold.ai/careers/job/996476523498
Lockheed Martin,Eightfold,Systems Integration/Test Engineer Sr.,Space,,"Sunnyvale, CA",US (CONUS),Full-time,106600,198000,per-year-salary,,https://lockheedmartin.eightfold.ai/careers/job/996476503310
Lockheed Martin,Eightfold,Multifunctional Manufacturing Supv - L3,MFC-Primary,,"Troy, AL",US (CONUS),Full-time,72500,134600,per-year-salary,,https://lockheedmartin.eightfold.ai/careers/job/996476515922
Lockheed Martin,Eightfold,Systems Integration/Test Engineer Sr,Space,,"Sunnyvale, CA",US (CONUS),Full-time,106600,198000,per-year-salary,,https://lockheedmartin.eightfold.ai/careers/job/996476280144
Lockheed Martin,Eightfold,Manufacturing Planner Sr - E3,LM Aeronautics Co- Fort Worth,,"Fort Worth, TX",US (CONUS),Full-time,72500,134600,per-year-salary,,https://lockheedmartin.eightfold.ai/careers/job/996476349084
Lockheed Martin,Eightfold,Systems Engineer Sr,Space,,"Littleton, CO",US (CONUS),Full-time,95900,178100,per-year-salary,,https://lockheedmartin.eightfold.ai/careers/job/996476207929
Lockheed Martin,Eightfold,A/AI Machine Learning Engineering Sr - E3,MFC-Primary,,"Littleton, CO",US (CONUS),Full-time,110300,204900,per-year-salary,,https://lockheedmartin.eightfold.ai/careers/job/996476289215
Lockheed Martin,Eightfold,Systems Engineer Sr Stf,Space,,"Littleton, CO",US (CONUS),Full-time,145100,269500,per-year-salary,,https://lockheedmartin.eightfold.ai/careers/job/996476205813
Lockheed Martin,Eightfold,Multifunctional Manufacturing Asc Mgr - L4,MFC-Primary,,"Troy, AL",US (CONUS),Full-time,89100,165500,per-year-salary,,https://lockheedmartin.eightfold.ai/careers/job/996476515947
Lockheed Martin,Eightfold,SEMS Advanced Concepts Strategy and Business Development Director,RMS Core,,"Moorestown, NJ",US (CONUS),Full-time,180000,325000,per-year-salary,,https://lockheedmartin.eightfold.ai/careers/job/996476533697
Lockheed Martin,Eightfold,Inspection Supv - L3,RMS Manufacturing,,"Moorestown, NJ",US (CONUS),Full-time,81500,151300,per-year-salary,,https://lockheedmartin.eightfold.ai/careers/job/996476520225
Lockheed Martin,Eightfold,Manufacturing Planner Sr - E3,LM Aeronautics Co- Marietta,,"Marietta, GA",US (CONUS),Full-time,72500,134600,per-year-salary,,https://lockheedmartin.eightfold.ai/careers/job/996476347210
Lockheed Martin,Eightfold,Multifunctional Quality Mgr - L5,RMS Core,,"Oldsmar, FL",US (CONUS),Full-time,129000,239600,per-year-salary,,https://lockheedmartin.eightfold.ai/careers/job/996476493045
Lockheed Martin,Eightfold,Multifunctional Quality Supv - L3,RMS Manufacturing,,"Oldsmar, FL",US (CONUS),Full-time,85300,158300,per-year-salary,,https://lockheedmartin.eightfold.ai/careers/job/996476321321
Lockheed Martin,Eightfold,Systems Engineer-IT Sr - E3,Space,,"Colorado Springs, CO",US (CONUS),Full-time,85300,158300,per-year-salary,,https://lockheedmartin.eightfold.ai/careers/job/996476520557
Lockheed Martin,Eightfold,Metal Fitter - 2nd Shift,LM Aeronautics Co- Fort Worth,,"Fort Worth, TX",US (CONUS),Full-time,31.15,52.83,per-hour-wage,,https://lockheedmartin.eightfold.ai/careers/job/996476391295
Lockheed Martin,Eightfold,Program Management Prin - E6,Enterprise Business Services,,"Fort Worth, TX",US (CONUS),Full-time,182500,338900,per-year-salary,,https://lockheedmartin.eightfold.ai/careers/job/996476510528
Lockheed Martin,Eightfold,ILS Systems Engineer-IT Stf - E4,Space,,"Colorado Springs, CO",US (CONUS),Full-time,104900,194700,per-year-salary,,https://lockheedmartin.eightfold.ai/careers/job/996476518805
Lockheed Martin,Eightfold,Systems Engineer,Space,,"Sunnyvale, CA",US (CONUS),Full-time,88100,163700,per-year-salary,,https://lockheedmartin.eightfold.ai/careers/job/996476520584
Lockheed Martin,Eightfold,Quality Engineer - E2,RMS Manufacturing,,"Liverpool, NY",US (CONUS),Full-time,70500,130900,per-year-salary,,https://lockheedmartin.eightfold.ai/careers/job/996476506180
Lockheed Martin,Eightfold,Missile Systems Integration/ Electrical Test Engineer - E2,Space,,"Cape Canaveral, FL",US (CONUS),Full-time,70500,130900,per-year-salary,,https://lockheedmartin.eightfold.ai/careers/job/996476277621
Lockheed Martin,Eightfold,Mechanical Engineer Asc - Early Career,Space,,"Sunnyvale, CA",US (CONUS),Full-time,72800,135200,per-year-salary,,https://lockheedmartin.eightfold.ai/careers/job/996476329714
Lockheed Martin,Eightfold,Software Engineer Sr - E3,Space LMOS,,"Herndon, VA",US (CONUS),Full-time,110300,204900,per-year-salary,,https://lockheedmartin.eightfold.ai/careers/job/996476467746
Lockheed Martin,Eightfold,Systems Engineer - E2,MFC-Chelmsford,,"Chelmsford, MA",US (CONUS),Full-time,79300,147300,per-year-salary,,https://lockheedmartin.eightfold.ai/careers/job/996476305241
Lockheed Martin,Eightfold,CNC Machining Capability Project Engineer,MFC-Primary,,"Grand Prairie, TX",US (CONUS),Full-time,129000,239600,per-year-salary,,https://lockheedmartin.eightfold.ai/careers/job/996476492839
Lockheed Martin,Eightfold,Systems Engineer Stf - E4,MFC-Chelmsford,,"Chelmsford, MA",US (CONUS),Full-time,118000,219100,per-year-salary,,https://lockheedmartin.eightfold.ai/careers/job/996476301567
Lockheed Martin,Eightfold,Packaging Engineer,MFC-Primary,,"Grand Prairie, TX",US (CONUS),Full-time,70500,130900,per-year-salary,,https://lockheedmartin.eightfold.ai/careers/job/996476547924
Lockheed Martin,Eightfold,Multifunctional Manufacturing Planner Supv - L3,MFC-Primary,,"Ocala, FL",US (CONUS),Full-time,72500,134600,per-year-salary,,https://lockheedmartin.eightfold.ai/careers/job/996476514908
Lockheed Martin,Eightfold,Maintenance Mechanic/HVAC,RMS Manufacturing,,"Moorestown, NJ",US (CONUS),Full-time,41.86,41.86,per-hour-wage,,https://lockheedmartin.eightfold.ai/careers/job/996476168754
Lockheed Martin,Eightfold,F-16 Avionics/Aircraft Systems Crew Chief - Level 3,AFS-LMLS Aero Segment,,"Hill AFB, UT",US (CONUS),Full-time,85300,158300,per-year-salary,,https://lockheedmartin.eightfold.ai/careers/job/996476542957
Lockheed Martin,Eightfold,"Staff Project Engineer- Secret Clearance- Onsite- Ft. Worth, TX",Enterprise Business Services,,"Fort Worth, TX",US (CONUS),Full-time,104900,194700,per-year-salary,,https://lockheedmartin.eightfold.ai/careers/job/996476549475
Lockheed Martin,Eightfold,Project Engineer Sr.,Space,,"Sunnyvale, CA",US (CONUS),Full-time,106600,198000,per-year-salary,,https://lockheedmartin.eightfold.ai/careers/job/996476317581
Lockheed Martin,Eightfold,Systems Engineer Sr - E3,LM Aeronautics Co- Fort Worth,,"Fort Worth, TX",US (CONUS),Full-time,85300,158300,per-year-salary,,https://lockheedmartin.eightfold.ai/careers/job/996476325210
Lockheed Martin,Eightfold,Business Development Analyst Principle,Space,,"Herndon, VA",US (CONUS),Full-time,178500,331500,per-year-salary,,https://lockheedmartin.eightfold.ai/careers/job/996476318491
Lockheed Martin,Eightfold,Strategic Planner Prin - E6,LM Aeronautics Co- Fort Worth,,"Fort Worth, TX",US (CONUS),Full-time,158700,294700,per-year-salary,,https://lockheedmartin.eightfold.ai/careers/job/996476397705
Lockheed Martin,Eightfold,"Aircraft Mechanic, F-35 - Level 3",AFS-LMLS Aero Segment,,"Fallon, NV",US (CONUS),Full-time,27.79,51.63,per-hour-wage,,https://lockheedmartin.eightfold.ai/careers/job/996476544314
Lockheed Martin,Eightfold,"Aircraft Mechanic, F-35 - Level 4",AFS-LMLS Aero Segment,,"Fallon, NV",US (CONUS),Full-time,33.37,61.92,per-hour-wage,,https://lockheedmartin.eightfold.ai/careers/job/996476474411
Lockheed Martin,Eightfold,Integrated & Executive Communications Rep Level 3,MFC-Primary,,"Orlando, FL",US (CONUS),Full-time,72500,134600,per-year-salary,,https://lockheedmartin.eightfold.ai/careers/job/996476516572
Lockheed Martin,Eightfold,Security Mgr - Special Programs,LM Aeronautics Co- Marietta,,"Marietta, GA",US (CONUS),Full-time,109700,203700,per-year-salary,,https://lockheedmartin.eightfold.ai/careers/job/996476337511
Lockheed Martin,Eightfold,Procurement Rep - E2,MFC-Primary,,"Orlando, FL",US (CONUS),Full-time,59900,111300,per-year-salary,,https://lockheedmartin.eightfold.ai/careers/job/996476283341
Lockheed Martin,Eightfold,Fire Protection Engineer - Level 2,GRS/Core-LMLS Aero Segment,,"Greenville, SC",US (CONUS),Full-time,59900,111300,per-year-salary,,https://lockheedmartin.eightfold.ai/careers/job/996476346913
Lockheed Martin,Eightfold,Project Management & Planning Operations Rep Sr - E3,LM Aeronautics Co- Fort Worth,,"Fort Worth, TX",US (CONUS),Full-time,85300,158300,per-year-salary,,https://lockheedmartin.eightfold.ai/careers/job/996476515226
Lockheed Martin,Eightfold,Manufacturing Planner Stf - Program Lead,MFC-Primary,,"Orlando, FL",US (CONUS),Full-time,89100,165500,per-year-salary,,https://lockheedmartin.eightfold.ai/careers/job/996476489249
Lockheed Martin,Eightfold,Multifunctional Manufacturing Supervisor,RMS Manufacturing,,"Oldsmar, FL",US (CONUS),Full-time,72500,134600,per-year-salary,,https://lockheedmartin.eightfold.ai/careers/job/996476541037
Lockheed Martin,Eightfold,Systems Engineer,RMS Core,,"Colorado Springs, CO",US (CONUS),Full-time,70500,130900,per-year-salary,,https://lockheedmartin.eightfold.ai/careers/job/996476538277
Lockheed Martin,Eightfold,Systems Integration/Test Engineer Stf - E4,LM Aeronautics Co- Fort Worth,,"Fort Worth, TX",US (CONUS),Full-time,104900,194700,per-year-salary,,https://lockheedmartin.eightfold.ai/careers/job/996476275847
Lockheed Martin,Eightfold,Software Engineer Stf - E4,LM Aeronautics Co- Marietta,,"Marietta, GA",US (CONUS),Full-time,120600,224000,per-year-salary,,https://lockheedmartin.eightfold.ai/careers/job/996476301575
Lockheed Martin,Eightfold,Sr. Systems Engineer,RMS Core,,"Colorado Springs, CO",US (CONUS),Full-time,85300,158300,per-year-salary,,https://lockheedmartin.eightfold.ai/careers/job/996476523215
Lockheed Martin,Eightfold,Integrated Program Planner Sr Stf - E5,LM Aeronautics Co- Fort Worth,,"Fort Worth, TX",US (CONUS),Full-time,109700,203700,per-year-salary,,https://lockheedmartin.eightfold.ai/careers/job/996476536437
Lockheed Martin,Eightfold,Manufacturing Planner Asc Mgr - L4,MFC-Primary,,"Orlando, FL",US (CONUS),Full-time,89100,165500,per-year-salary,,https://lockheedmartin.eightfold.ai/careers/job/996476489153
Lockheed Martin,Eightfold,Electrical Engineer Asc - E1,LM Aeronautics Co- Fort Worth,,"Fort Worth, TX",US (CONUS),Full-time,58200,108200,per-year-salary,,https://lockheedmartin.eightfold.ai/careers/job/996476343542
Lockheed Martin,Eightfold,Critical Materials Supply Chain Engineer,MFC-Primary,,"Orlando, FL",US (CONUS),Full-time,129000,239600,per-year-salary,,https://lockheedmartin.eightfold.ai/careers/job/996476427302
Lockheed Martin,Eightfold,"APG Aircraft Mechanic, F-35 - Level 4",AFS-LMLS Aero Segment,,"Edwards AFB, CA",US (CONUS),Full-time,37.55,69.71,per-hour-wage,,https://lockheedmartin.eightfold.ai/careers/job/996476308925
Lockheed Martin,Eightfold,Software Engineer Sr - E3,Space,,"Littleton, CO",US (CONUS),Full-time,110300,204900,per-year-salary,,https://lockheedmartin.eightfold.ai/careers/job/996476507699
Lockheed Martin,Eightfold,Project Engineer Sr,Space,,"Littleton, CO",US (CONUS),Full-time,95900,178100,per-year-salary,,https://lockheedmartin.eightfold.ai/careers/job/996476317390
Lockheed Martin,Eightfold,ERP Business Analyst,Enterprise Business Services,,"Orlando, FL",US/Remote,Full-time,63400,117800,per-year-salary,,https://lockheedmartin.eightfold.ai/careers/job/996476447775
Lockheed Martin,Eightfold,Systems Engineer-IT Sr - E3,LM Aeronautics Co- Fort Worth,,"Las Vegas, NV",US (CONUS),Full-time,85300,158300,per-year-salary,,https://lockheedmartin.eightfold.ai/careers/job/996476356250
Lockheed Martin,Eightfold,Systems Engineer - E2,LM Aeronautics Co- Fort Worth,,"Fort Worth, TX",US (CONUS),Full-time,70500,130900,per-year-salary,,https://lockheedmartin.eightfold.ai/careers/job/996476387112
Lockheed Martin,Eightfold,Strategic Sourcing Project Manager,MFC-Primary,,"Orlando, FL",US (CONUS),Full-time,104900,194700,per-year-salary,,https://lockheedmartin.eightfold.ai/careers/job/996476394153
Lockheed Martin,Eightfold,Manufacturing Engineer Asc - E1,MFC-Primary,,"Grand Prairie, TX",US (CONUS),Full-time,58200,108200,per-year-salary,,https://lockheedmartin.eightfold.ai/careers/job/996476350368
Lockheed Martin,Eightfold,Systems Engineer Sr Stf - E5,LM Aeronautics Co- Fort Worth,,"Fort Worth, TX",US (CONUS),Full-time,129000,239600,per-year-salary,,https://lockheedmartin.eightfold.ai/careers/job/996476386199
Lockheed Martin,Eightfold,Software Engineer Sr - Level 3 (Top Secret),Space,,"Colorado Springs, CO",US (CONUS),Full-time,98100,182100,per-year-salary,,https://lockheedmartin.eightfold.ai/careers/job/996476543041
Lockheed Martin,Eightfold,Multifunctional Engineering & Science Asc Mgr - L4,Space,,"Cape Canaveral, FL",US (CONUS),Full-time,104900,194700,per-year-salary,,https://lockheedmartin.eightfold.ai/careers/job/996476533486
Lockheed Martin,Eightfold,Component Engineer - E2,Space,,"Titusville, FL",US (CONUS),Full-time,70500,130900,per-year-salary,,https://lockheedmartin.eightfold.ai/careers/job/996476507646
Lockheed Martin,Eightfold,Component Engineer Sr - E3,Space,,"Englewood, CO",US (CONUS),Full-time,95900,178100,per-year-salary,,https://lockheedmartin.eightfold.ai/careers/job/996476510404
Lockheed Martin,Eightfold,Component Engineer - E2,Space,,"Titusville, FL",US (CONUS),Full-time,70500,130900,per-year-salary,,https://lockheedmartin.eightfold.ai/careers/job/996476508144
Lockheed Martin,Eightfold,Systems Engineering Mgr - L5,Space,,"Littleton, CO",US (CONUS),Full-time,145100,269500,per-year-salary,,https://lockheedmartin.eightfold.ai/careers/job/996476304769
Lockheed Martin,Eightfold,Facilities Projects Rep Sr - E3,Space,,"Sunnyvale, CA",US (CONUS),Full-time,106600,198000,per-year-salary,,https://lockheedmartin.eightfold.ai/careers/job/996476356680
Lockheed Martin,Eightfold,Stress Analysis,Space,,"Englewood, CO",US (CONUS),Full-time,118000,219100,per-year-salary,,https://lockheedmartin.eightfold.ai/careers/job/996476493442
Lockheed Martin,Eightfold,System Admin - Advanced Electronic Systems (EXPAT- Marshall Islands),RMS-Svcs-LMOS,,"Littleton, CO",US (CONUS),Full-time,95900,178100,per-year-salary,,https://lockheedmartin.eightfold.ai/careers/job/996476227967
Lockheed Martin,Eightfold,Inspector Sr - N2,MFC-Lufkin,,"Lufkin, TX",US (CONUS),Full-time,37700,69900,per-year-salary,,https://lockheedmartin.eightfold.ai/careers/job/996476403278
Lockheed Martin,Eightfold,Manufacturing Engineer - CNC Machining,MFC-Primary,,"Orlando, FL",US (CONUS),Full-time,70500,130900,per-year-salary,,https://lockheedmartin.eightfold.ai/careers/job/996476507331
Lockheed Martin,Eightfold,Proposal Analyst Sr - E3,Space,,"Titusville, FL",US (CONUS),Full-time,72500,134600,per-year-salary,,https://lockheedmartin.eightfold.ai/careers/job/996476347759
Lockheed Martin,Eightfold,Integrated Program Planner Sr - E3,RMS Sikorsky Core,,"Stratford, CT",US (CONUS),Full-time,81500,151300,per-year-salary,,https://lockheedmartin.eightfold.ai/careers/job/996476515219
Lockheed Martin,Eightfold,Systems Engineering Mgr,Space,,"Huntsville, AL",US (CONUS),Full-time,129000,239600,per-year-salary,,https://lockheedmartin.eightfold.ai/careers/job/996476450410
Lockheed Martin,Eightfold,Proposal Analysis Asc Mgr - L4,Space,,"Titusville, FL",US (CONUS),Full-time,89100,165500,per-year-salary,,https://lockheedmartin.eightfold.ai/careers/job/996476516616
Lockheed Martin,Eightfold,Staff Thermal Protection System Analysis Engineer,Space,,"Littleton, CO",US (CONUS),Full-time,118000,219100,per-year-salary,,https://lockheedmartin.eightfold.ai/careers/job/996476227977
Lockheed Martin,Eightfold,Shipping & Receiving Assistant Sr,MFC-Chelmsford,,"Chelmsford, MA",US (CONUS),Full-time,40000,74400,per-year-salary,,https://lockheedmartin.eightfold.ai/careers/job/996476375559
Lockheed Martin,Eightfold,"International Programs & Policy, Missiles & Fire Control",Corporate Headquarters,,"Arlington, VA",US (CONUS),Full-time,178500,331500,per-year-salary,,https://lockheedmartin.eightfold.ai/careers/job/996476518161
Lockheed Martin,Eightfold,Technician Sr - N2,Space,,"Littleton, CO",US (CONUS),Full-time,47100,87500,per-year-salary,,https://lockheedmartin.eightfold.ai/careers/job/996476278537
Lockheed Martin,Eightfold,Technician Spec - N3,Space,,"Littleton, CO",US (CONUS),Full-time,56600,105000,per-year-salary,,https://lockheedmartin.eightfold.ai/careers/job/996476342271
Lockheed Martin,Eightfold,Sr. Systems Engineer,RMS Core,,"Colorado Springs, CO",US (CONUS),Full-time,85300,158300,per-year-salary,,https://lockheedmartin.eightfold.ai/careers/job/996476523206
Lockheed Martin,Eightfold,Systems Engineer,RMS Core,,"Colorado Springs, CO",US (CONUS),Full-time,70500,130900,per-year-salary,,https://lockheedmartin.eightfold.ai/careers/job/996476523202
Lockheed Martin,Eightfold,Electro Mechanical Engineer Stf - E4,MFC-Primary,,"Orlando, FL",US (CONUS),Full-time,104900,194700,per-year-salary,,https://lockheedmartin.eightfold.ai/careers/job/996476283732
Lockheed Martin,Eightfold,Logistics Management Analyst,Space,,"Littleton, CO",US (CONUS),Full-time,67400,125200,per-year-salary,,https://lockheedmartin.eightfold.ai/careers/job/996476354996
Lockheed Martin,Eightfold,Software Engineering Mgr - L5,Space,,"Huntsville, AL",US (CONUS),Full-time,148300,275500,per-year-salary,,https://lockheedmartin.eightfold.ai/careers/job/996476378722
Lockheed Martin,Eightfold,Senior Stress Analyst,Space,,"Englewood, CO",US (CONUS),Full-time,95900,178100,per-year-salary,,https://lockheedmartin.eightfold.ai/careers/job/996476447653
Lockheed Martin,Eightfold,Facility Operations Sr - E3,MFC-SOFGLSS-LMOS,,", NC",US (CONUS),Full-time,65200,121200,per-year-salary,,https://lockheedmartin.eightfold.ai/careers/job/996476536129
Lockheed Martin,Eightfold,Army & Air Force Systems Program Operations Sr Mgr,RMS Sikorsky Manufacturing,,"Stratford, CT",US (CONUS),Full-time,178500,331500,per-year-salary,,https://lockheedmartin.eightfold.ai/careers/job/996476203074
Lockheed Martin,Eightfold,Multifunctional Quality Supv,RMS Sikorsky Core,,"Stratford, CT",US (CONUS),Full-time,95900,178100,per-year-salary,,https://lockheedmartin.eightfold.ai/careers/job/996476462006
Lockheed Martin,Eightfold,Systems Engineer Sr - Level 3 (Top Secret),Space,,"Colorado Springs, CO",US (CONUS),Full-time,85300,158300,per-year-salary,,https://lockheedmartin.eightfold.ai/careers/job/996476474066
Lockheed Martin,Eightfold,Software Engineer - E2,Space,,"King of Prussia, PA",US (CONUS),Full-time,91200,169400,per-year-salary,,https://lockheedmartin.eightfold.ai/careers/job/996476228775
Lockheed Martin,Eightfold,Manufacturing Engineering Supv - L3,MFC-Primary,,"Troy, AL",US (CONUS),Full-time,85300,158300,per-year-salary,,https://lockheedmartin.eightfold.ai/careers/job/996476345040
Lockheed Martin,Eightfold,Manufacturing Engineering Asc Mgr - L4,MFC-Primary,,"Troy, AL",US (CONUS),Full-time,104900,194700,per-year-salary,,https://lockheedmartin.eightfold.ai/careers/job/996476342697
Lockheed Martin,Eightfold,Systems Engineer Sr - E3,LM Aeronautics Co- Palmdale,,"Palmdale, CA",US (CONUS),Full-time,95900,178100,per-year-salary,,https://lockheedmartin.eightfold.ai/careers/job/996476444420
Lockheed Martin,Eightfold,Subcontract Management Sr,MFC-Primary,,"Grand Prairie, TX",US (CONUS),Full-time,72500,134600,per-year-salary,,https://lockheedmartin.eightfold.ai/careers/job/996476368797
Lockheed Martin,Eightfold,Manufacturing Engineering Supv - L3,MFC-Primary,,"Troy, AL",US (CONUS),Full-time,85300,158300,per-year-salary,,https://lockheedmartin.eightfold.ai/careers/job/996476345575
Lockheed Martin,Eightfold,"Program Manager, SBIRS Modernization",Space,,"Boulder, CO",US (CONUS),Full-time,166900,309900,per-year-salary,,https://lockheedmartin.eightfold.ai/careers/job/996476289897
Lockheed Martin,Eightfold,Manufacturing Engineering Asc Mgr - L4,MFC-Primary,,"Troy, AL",US (CONUS),Full-time,104900,194700,per-year-salary,,https://lockheedmartin.eightfold.ai/careers/job/996476342702
Lockheed Martin,Eightfold,Office Planner Sr - E3,Space,,"King of Prussia, PA",US (CONUS),Full-time,81500,151300,per-year-salary,,https://lockheedmartin.eightfold.ai/careers/job/996476309999
Lockheed Martin,Eightfold,Manufacturing Engineering Mgr - L5,MFC-Primary,,"Troy, AL",US (CONUS),Full-time,129000,239600,per-year-salary,,https://lockheedmartin.eightfold.ai/careers/job/996476341503
Lockheed Martin,Eightfold,Manufacturing Engineering Mgr - L5,MFC-Primary,,"Troy, AL",US (CONUS),Full-time,129000,239600,per-year-salary,,https://lockheedmartin.eightfold.ai/careers/job/996476341397
Lockheed Martin,Eightfold,Systems Engineering Asc Mgr - L4,LM Aeronautics Co- Fort Worth,,"Fort Worth, TX",US (CONUS),Full-time,104900,194700,per-year-salary,,https://lockheedmartin.eightfold.ai/careers/job/996476281970
Lockheed Martin,Eightfold,Subcontract Management Sr,MFC-Primary,,"Grand Prairie, TX",US (CONUS),Full-time,72500,134600,per-year-salary,,https://lockheedmartin.eightfold.ai/careers/job/996476349929
Lockheed Martin,Eightfold,Senior 3D Artist - E3,LM Aeronautics Co- Fort Worth,,"Fort Worth, TX",US (CONUS),Full-time,72500,134600,per-year-salary,,https://lockheedmartin.eightfold.ai/careers/job/996476352481
Lockheed Martin,Eightfold,Hardware Engineering Sr Manager,Space,,"Huntsville, AL",US (CONUS),Full-time,158700,294700,per-year-salary,,https://lockheedmartin.eightfold.ai/careers/job/996476450247
Lockheed Martin,Eightfold,"Senior Thermal Engineer, Orion Program",Space,,", FL",US (CONUS),Full-time,85300,158300,per-year-salary,,https://lockheedmartin.eightfold.ai/careers/job/996476227166
Lockheed Martin,Eightfold,Production Asmb,LM Aeronautics Co- Marietta,,"Clarksburg, WV",US (CONUS),Full-time,0,0,per-hour-wage,,https://lockheedmartin.eightfold.ai/careers/job/996476536260
Lockheed Martin,Eightfold,Structural Design Engineer Sr - Level 3,LM Aeronautics Co- Marietta,,"Marietta, GA",US (CONUS),Full-time,85300,158300,per-year-salary,,https://lockheedmartin.eightfold.ai/careers/job/996476320307
Lockheed Martin,Eightfold,Inspector Asmb A,LM Aeronautics Co- Fort Worth,,"Fort Worth, TX",US (CONUS),Full-time,34.34,54.27,per-hour-wage,,https://lockheedmartin.eightfold.ai/careers/job/996476286076
Lockheed Martin,Eightfold,Inspector Asmb A,LM Aeronautics Co- Fort Worth,,"Fort Worth, TX",US (CONUS),Full-time,34.34,54.27,per-hour-wage,,https://lockheedmartin.eightfold.ai/careers/job/996476290461
Lockheed Martin,Eightfold,Systems Engineering Mgr,Space,,"Huntsville, AL",US (CONUS),Full-time,129000,239600,per-year-salary,,https://lockheedmartin.eightfold.ai/careers/job/996476450351
Lockheed Martin,Eightfold,Engineering Planner (Project Engineer),Space,,"King of Prussia, PA",US (CONUS),Full-time,79300,147300,per-year-salary,,https://lockheedmartin.eightfold.ai/careers/job/996476184297
Lockheed Martin,Eightfold,IPT Lead IV,Space,,"Littleton, CO",US (CONUS),Full-time,118000,219100,per-year-salary,,https://lockheedmartin.eightfold.ai/careers/job/996476201770
Lockheed Martin,Eightfold,Electronics Test Specialist,MFC-Primary,,"Orlando, FL",US (CONUS),Full-time,27.04,43.42,per-hour-wage,,https://lockheedmartin.eightfold.ai/careers/job/996476285368
Lockheed Martin,Eightfold,Manufacturing Support Team Member - E2,Space,,"Silverdale, WA",US (CONUS),Full-time,67400,125200,per-year-salary,,https://lockheedmartin.eightfold.ai/careers/job/996476433474
Lockheed Martin,Eightfold,Program Management Stf - E4,LM Aeronautics Co- Fort Worth,,"Fort Worth, TX",US (CONUS),Full-time,120600,224000,per-year-salary,,https://lockheedmartin.eightfold.ai/careers/job/996476473675
Lockheed Martin,Eightfold,Project Engineer Sr - E3,LM Aeronautics Co- Fort Worth,,"Fort Worth, TX",US (CONUS),Full-time,85300,158300,per-year-salary,,https://lockheedmartin.eightfold.ai/careers/job/996476289562
Lockheed Martin,Eightfold,CNC Machinist Sr. - GD&T - G & M Code - Setup - 2nd Shift,MFC-Primary,,"Orlando, FL",US (CONUS),Full-time,27.04,43.42,per-hour-wage,,https://lockheedmartin.eightfold.ai/careers/job/996476283720
Lockheed Martin,Eightfold,"Level 2 DevSecOps Engineer- Secret- Marietta, GA",Enterprise Business Services,,"Marietta, GA",US (CONUS),Full-time,81100,150500,per-year-salary,,https://lockheedmartin.eightfold.ai/careers/job/996476351080
Lockheed Martin,Eightfold,CNC Machinist / GD&T - 2nd Shift,MFC-Primary,,"Orlando, FL",US (CONUS),Full-time,23.92,40.93,per-hour-wage,,https://lockheedmartin.eightfold.ai/careers/job/996476277989
Lockheed Martin,Eightfold,"Systems Engineer, Principal - Survivability & Nuclear Hardness",Space,,"Littleton, CO",US (CONUS),Full-time,178500,331500,per-year-salary,,https://lockheedmartin.eightfold.ai/careers/job/996476199039
Lockheed Martin,Eightfold,Dynamics and Technical Lead - Acoustics Mechanical Engineering,Space,,"Sunnyvale, CA",US (CONUS),Full-time,131100,243500,per-year-salary,,https://lockheedmartin.eightfold.ai/careers/job/996476198452
Lockheed Martin,Eightfold,Stress Analyst,Space,,"Littleton, CO",US (CONUS),Full-time,95900,178100,per-year-salary,,https://lockheedmartin.eightfold.ai/careers/job/996476201742
Lockheed Martin,Eightfold,Ethics Analyst Stf - E4,MFC-Primary,,"Orlando, FL",US (CONUS),Full-time,89100,165500,per-year-salary,,https://lockheedmartin.eightfold.ai/careers/job/996476303639
Lockheed Martin,Eightfold,Subcontract Administration Asc - E1,Enterprise Business Services,,"Fort Worth, TX",US (CONUS),Full-time,49500,91900,per-year-salary,,https://lockheedmartin.eightfold.ai/careers/job/996476523480
Lockheed Martin,Eightfold,Property Analyst,Space,,"Silverdale, WA",US (CONUS),Full-time,67400,125200,per-year-salary,,https://lockheedmartin.eightfold.ai/careers/job/996476279926
Lockheed Martin,Eightfold,Multifunctional Quality Supv - L3,RMS Sikorsky Core,,"Stratford, CT",US (CONUS),Full-time,95900,178100,per-year-salary,,https://lockheedmartin.eightfold.ai/careers/job/996476426424
Lockheed Martin,Eightfold,Project Engineer IPT Lead/CAM,Space,,"Littleton, CO",US (CONUS),Full-time,118000,219100,per-year-salary,,https://lockheedmartin.eightfold.ai/careers/job/996476186998
Lockheed Martin,Eightfold,"Electro-Optical Engineer, Staff",Space,,"Sunnyvale, CA",US (CONUS),Full-time,150800,280000,per-year-salary,,https://lockheedmartin.eightfold.ai/careers/job/996476186682
Lockheed Martin,Eightfold,Laser Communication Engineer,Space,,"Littleton, CO",US (CONUS),Full-time,135700,251900,per-year-salary,,https://lockheedmartin.eightfold.ai/careers/job/996476187446
Lockheed Martin,Eightfold,Systems Engineer Stf - E4,LM Aeronautics Co- Fort Worth,,"Fort Worth, TX",US (CONUS),Full-time,104900,194700,per-year-salary,,https://lockheedmartin.eightfold.ai/careers/job/996476327396
Lockheed Martin,Eightfold,Systems Engineer Sr - E3,LM Aeronautics Co- Fort Worth,,"Fort Worth, TX",US (CONUS),Full-time,85300,158300,per-year-salary,,https://lockheedmartin.eightfold.ai/careers/job/996476327305
Lockheed Martin,Eightfold,Subcontract Program Management Sr Mgr - L6,Space,,"Sunnyvale, CA",US (CONUS),Full-time,198400,368400,per-year-salary,,https://lockheedmartin.eightfold.ai/careers/job/996476492765
Lockheed Martin,Eightfold,Systems Engineer,LM Aeronautics Co- Fort Worth,,"Fort Worth, TX",US (CONUS),Full-time,70500,130900,per-year-salary,,https://lockheedmartin.eightfold.ai/careers/job/996476306854
Lockheed Martin,Eightfold,Software Engineering Asc Mgr - L4,Space,,"Sunnyvale, CA",US (CONUS),Full-time,150800,280000,per-year-salary,,https://lockheedmartin.eightfold.ai/careers/job/996476433507
Lockheed Martin,Eightfold,Multi Functional Info Systems Analyst Sr - E3,AFS-LMLS Aero Segment,,"Fallon, NV",US (CONUS),Full-time,85300,158300,per-year-salary,,https://lockheedmartin.eightfold.ai/careers/job/996476474233
Lockheed Martin,Eightfold,Associate Engineer,RMS-Svcs-CORP,,"Uniondale, NY",US (CONUS),Full-time,101654,160620,per-year-salary,,https://lockheedmartin.eightfold.ai/careers/job/996476176208
Lockheed Martin,Eightfold,Software Engineer Stf - E4,LM Aeronautics Co- Fort Worth,,"Fort Worth, TX",US (CONUS),Full-time,120600,224000,per-year-salary,,https://lockheedmartin.eightfold.ai/careers/job/996476385308
Lockheed Martin,Eightfold,Software Engineer - E2,LM Aeronautics Co- Fort Worth,,"Fort Worth, TX",US (CONUS),Full-time,81100,150500,per-year-salary,,https://lockheedmartin.eightfold.ai/careers/job/996476317145
Lockheed Martin,Eightfold,Project Engineer Stf - E4,LM Aeronautics Co- Fort Worth,,"Fort Worth, TX",US (CONUS),Full-time,104900,194700,per-year-salary,,https://lockheedmartin.eightfold.ai/careers/job/996476314988
Lockheed Martin,Eightfold,Project Management & Planning Operations Mgr - L5,RMS Sikorsky Manufacturing,,"Stratford, CT",US (CONUS),Full-time,145100,269500,per-year-salary,,https://lockheedmartin.eightfold.ai/careers/job/996476338969
Lockheed Martin,Eightfold,"Sr. DevSecOps Engineer- Secret- Marietta, GA",Enterprise Business Services,,"Marietta, GA",US (CONUS),Full-time,98100,182100,per-year-salary,,https://lockheedmartin.eightfold.ai/careers/job/996476406987
Lockheed Martin,Eightfold,Manufacturing Engineer Asc.,Space,,"Littleton, CO",US (CONUS),Full-time,65500,121700,per-year-salary,,https://lockheedmartin.eightfold.ai/careers/job/996476283900
Lockheed Martin,Eightfold,Multi Functional Info Systems Analyst Sr - E3,LMLS EEs on EBS LMGI Ldgr,,"Greenville, SC",US (CONUS),Full-time,85300,158300,per-year-salary,,https://lockheedmartin.eightfold.ai/careers/job/996476523972
Lockheed Martin,Eightfold,Technician Sr.,Space,,"Littleton, CO",US (CONUS),Full-time,47100,87500,per-year-salary,,https://lockheedmartin.eightfold.ai/careers/job/996476320949
Lockheed Martin,Eightfold,Systems Engineer Sr - E3,Space,,"Littleton, CO",US (CONUS),Full-time,95900,178100,per-year-salary,,https://lockheedmartin.eightfold.ai/careers/job/996476310669
Lockheed Martin,Eightfold,Mechanical Engineer Stf - E4,MFC-SOFGLSS-LMOS,,"Lexington, KY",US (CONUS),Full-time,94400,175200,per-year-salary,,https://lockheedmartin.eightfold.ai/careers/job/996476532162
Lockheed Martin,Eightfold,Field Service Engineer Engineer Staff (Belgium)- Level 4,AFS-LMLS Aero Segment,,"Greenville, SC",US (CONUS),Full-time,104900,194700,per-year-salary,,https://lockheedmartin.eightfold.ai/careers/job/996476390015
Lockheed Martin,Eightfold,Electronics Tech Maint II - Flight Line,MFC-SOFGLSS-LMOS,,"Crestview, FL",US (CONUS),Full-time,36.66,36.66,per-hour-wage,,https://lockheedmartin.eightfold.ai/careers/job/996476523248
Lockheed Martin,Eightfold,"Structures/Sheet Metal Technician, F-35 - Level 4",AFS-LMLS Aero Segment,,"Eglin AFB, FL",US (CONUS),Full-time,30,55.77,per-hour-wage,,https://lockheedmartin.eightfold.ai/careers/job/996476319316
Lockheed Martin,Eightfold,Multi Functional Info Systems Analyst - E2,Enterprise Business Services,,"Fort Worth, TX",US (CONUS),Full-time,70500,130900,per-year-salary,,https://lockheedmartin.eightfold.ai/careers/job/996476410077
Lockheed Martin,Eightfold,Field Engineer - E2,MFC-Primary,,"Gilbert, AZ",US (CONUS),Full-time,59900,111300,per-year-salary,,https://lockheedmartin.eightfold.ai/careers/job/996476520589
Lockheed Martin,Eightfold,Manufacturing Engineer,Space,,"Littleton, CO",US (CONUS),Full-time,79300,147300,per-year-salary,,https://lockheedmartin.eightfold.ai/careers/job/996476300116
Lockheed Martin,Eightfold,Field Service Engineer Staff - Level 4,AFS-LMLS Aero Segment,,"Greenville, SC",US (CONUS),Full-time,89100,165500,per-year-salary,,https://lockheedmartin.eightfold.ai/careers/job/996476341753
Lockheed Martin,Eightfold,Project Engineering Mgr - L5,MFC-Primary,,"Grand Prairie, TX",US (CONUS),Full-time,129000,239600,per-year-salary,,https://lockheedmartin.eightfold.ai/careers/job/996476523190
Lockheed Martin,Eightfold,Logistics Support Representative Sr - Level 3,LMLS EEs on EBS LMGI Ldgr,,"Greenville, SC",US (CONUS),Full-time,72500,134600,per-year-salary,,https://lockheedmartin.eightfold.ai/careers/job/996476343630
Lockheed Martin,Eightfold,Security Represented Associate - E1,Space,,"Sunnyvale, CA",US (CONUS),Full-time,61900,114900,per-year-salary,,https://lockheedmartin.eightfold.ai/careers/job/996476476732
Lockheed Martin,Eightfold,Project Engineering Asc Mgr - L4,MFC-Primary,,"Orlando, FL",US (CONUS),Full-time,104900,194700,per-year-salary,,https://lockheedmartin.eightfold.ai/careers/job/996476523479
Lockheed Martin,Eightfold,Manufacturing Engineer,Space,,"Littleton, CO",US (CONUS),Full-time,79300,147300,per-year-salary,,https://lockheedmartin.eightfold.ai/careers/job/996476297303
Lockheed Martin,Eightfold,"Sr. Network Engineer- Secret - Onsite ~ Orlando, Fl",Enterprise Business Services,,"Orlando, FL",US (CONUS),Full-time,85300,158300,per-year-salary,,https://lockheedmartin.eightfold.ai/careers/job/996476493583
Lockheed Martin,Eightfold,"Avionics/Electrical Technician, F-35 - Level 4",AFS-LMLS Aero Segment,,"Eglin AFB, FL",US (CONUS),Full-time,30,55.77,per-hour-wage,,https://lockheedmartin.eightfold.ai/careers/job/996476529187
Lockheed Martin,Eightfold,Systems Engineer Sr Stf - E5 ( Secret clearance required),Space,,"Littleton, CO",US (CONUS),Full-time,145100,269500,per-year-salary,,https://lockheedmartin.eightfold.ai/careers/job/996476492662
Lockheed Martin,Eightfold,C-130J Structural Technician (T4),AFS-LMLS Aero Segment,,"Greenville, SC",US (CONUS),Full-time,33.37,61.92,per-hour-wage,,https://lockheedmartin.eightfold.ai/careers/job/996476517867
Lockheed Martin,Eightfold,Quality Associate Spec PIN,LM Pinellas,,"Pinellas Park, FL",US (CONUS),Full-time,22.64,37.74,per-hour-wage,,https://lockheedmartin.eightfold.ai/careers/job/996476279411
Lockheed Martin,Eightfold,Financial Management Stf - E4,LM Aeronautics Co- Fort Worth,,"Fort Worth, TX",US (CONUS),Full-time,89100,165500,per-year-salary,,https://lockheedmartin.eightfold.ai/careers/job/996476341364
Lockheed Martin,Eightfold,Proposal Analysis Mgr - L5,LM Aeronautics Co- Fort Worth,,"Fort Worth, TX",US (CONUS),Full-time,109700,203700,per-year-salary,,https://lockheedmartin.eightfold.ai/careers/job/996476344707
Lockheed Martin,Eightfold,Financial Management Sr - E3,LM Aeronautics Co- Fort Worth,,"Fort Worth, TX",US (CONUS),Full-time,72500,134600,per-year-salary,,https://lockheedmartin.eightfold.ai/careers/job/996476374237
Lockheed Martin,Eightfold,Proposal Analyst Stf - E4,LM Aeronautics Co- Palmdale,,"Palmdale, CA",US (CONUS),Full-time,89100,165500,per-year-salary,,https://lockheedmartin.eightfold.ai/careers/job/996476315351
Lockheed Martin,Eightfold,Administrative Assistant Spec - N4,LM Aeronautics Co- Fort Worth,,"Fort Worth, TX",US (CONUS),Full-time,60300,112100,per-year-salary,,https://lockheedmartin.eightfold.ai/careers/job/996476325172
Lockheed Martin,Eightfold,Processor/Painter/Coater Spec PIN,LM Pinellas,,"Pinellas Park, FL",US (CONUS),Full-time,24.9,41.54,per-hour-wage,,https://lockheedmartin.eightfold.ai/careers/job/996476338691
Lockheed Martin,Eightfold,Aeronautical Engineer Sr - E3,LM Aeronautics Co- Palmdale,,"Palmdale, CA",US (CONUS),Full-time,95900,178100,per-year-salary,,https://lockheedmartin.eightfold.ai/careers/job/996476319670
Lockheed Martin,Eightfold,Aeronautical Engineer Stf - E4,LM Aeronautics Co- Palmdale,,"Palmdale, CA",US (CONUS),Full-time,118000,219100,per-year-salary,,https://lockheedmartin.eightfold.ai/careers/job/996476322469
Lockheed Martin,Eightfold,Communications Rep Stf - E4,LM Aeronautics Co- Fort Worth,,"Fort Worth, TX",US/Remote,Full-time,80200,149000,per-year-salary,,https://lockheedmartin.eightfold.ai/careers/job/996476343039
Lockheed Martin,Eightfold,Project Management & Planning Operations Rep Stf - E4,RMS Core,,"Orlando, FL",US (CONUS),Full-time,104900,194700,per-year-salary,,https://lockheedmartin.eightfold.ai/careers/job/996476367379
Lockheed Martin,Eightfold,Engagement Center Ambassador,Space,,"Arlington, VA",US (CONUS),Full-time,118000,219100,per-year-salary,,https://lockheedmartin.eightfold.ai/careers/job/996476348192
Lockheed Martin,Eightfold,Systems Engineer - E2,Space,,"King of Prussia, PA",US (CONUS),Full-time,79300,147300,per-year-salary,,https://lockheedmartin.eightfold.ai/careers/job/996476523553
Lockheed Martin,Eightfold,Facility Design Engineer Sr - E3,Space,,"Cape Canaveral, FL",US (CONUS),Full-time,85300,158300,per-year-salary,,https://lockheedmartin.eightfold.ai/careers/job/996476391465
Lockheed Martin,Eightfold,Program Management Sr Mgr - L6,RMS Core,,"Moorestown, NJ",US (CONUS),Full-time,205300,381300,per-year-salary,,https://lockheedmartin.eightfold.ai/careers/job/996476290583
Lockheed Martin,Eightfold,Industrial Engineer Sr - E3,GRS/Core-LMLS Aero Segment,,"Fort Worth, TX",US (CONUS),Full-time,85300,158300,per-year-salary,,https://lockheedmartin.eightfold.ai/careers/job/996476288681
Lockheed Martin,Eightfold,Field Operations Business Ops Sr. Manager - L6,GRS/Core-LMLS Aero Segment,,"Fort Worth, TX",US (CONUS),Full-time,158700,294700,per-year-salary,,https://lockheedmartin.eightfold.ai/careers/job/996476521245
Lockheed Martin,Eightfold,Systems Engineer - Level 2,GRS/Core-LMLS Aero Segment,,"Marietta, GA",US (CONUS),Full-time,70500,130900,per-year-salary,,https://lockheedmartin.eightfold.ai/careers/job/996476355164
Lockheed Martin,Eightfold,Systems Engineer Sr - E3,Space,,"Littleton, CO",US (CONUS),Full-time,95900,178100,per-year-salary,,https://lockheedmartin.eightfold.ai/careers/job/996476523487
Lockheed Martin,Eightfold,Integrated Program Planner Stf - Level  4,Space,,"Littleton, CO",US (CONUS),Full-time,100200,186200,per-year-salary,,https://lockheedmartin.eightfold.ai/careers/job/996476504155
Lockheed Martin,Eightfold,Quality Engineer Sr - E3,Space,,"Littleton, CO",US (CONUS),Full-time,95900,178100,per-year-salary,,https://lockheedmartin.eightfold.ai/careers/job/996476521500
Lockheed Martin,Eightfold,Manufacturing Supervisor,MFC-Primary,,"Archbald, PA",US (CONUS),Full-time,65200,121200,per-year-salary,,https://lockheedmartin.eightfold.ai/careers/job/996476322325
Lockheed Martin,Eightfold,Mechanical Engineer - Propulsion,Space,,"Englewood, CO",US (CONUS),Full-time,79300,147300,per-year-salary,,https://lockheedmartin.eightfold.ai/careers/job/996476208036
Lockheed Martin,Eightfold,Engineering Planner - E2,MFC-Primary,,"Grand Prairie, TX",US (CONUS),Full-time,59900,111300,per-year-salary,,https://lockheedmartin.eightfold.ai/careers/job/996476421758
Lockheed Martin,Eightfold,Project Engineer - E2,Space,,"Englewood, CO",US (CONUS),Full-time,79300,147300,per-year-salary,,https://lockheedmartin.eightfold.ai/careers/job/996476490699
Lockheed Martin,Eightfold,Systems Engineer Sr - E3,Space,,"King of Prussia, PA",US (CONUS),Full-time,95900,178100,per-year-salary,,https://lockheedmartin.eightfold.ai/careers/job/996476464993
Lockheed Martin,Eightfold,Project Engineer Stf - E4,Space,,"Englewood, CO",US (CONUS),Full-time,118000,219100,per-year-salary,,https://lockheedmartin.eightfold.ai/careers/job/996476490942
Lockheed Martin,Eightfold,Systems Engineer Sr - Level 3,GRS/Core-LMLS Aero Segment,,"Marietta, GA",US (CONUS),Full-time,85300,158300,per-year-salary,,https://lockheedmartin.eightfold.ai/careers/job/996476355145
Lockheed Martin,Eightfold,Project Engineer Sr - E3,Space,,"Englewood, CO",US (CONUS),Full-time,95900,178100,per-year-salary,,https://lockheedmartin.eightfold.ai/careers/job/996476490686
Lockheed Martin,Eightfold,Systems Engineer Sr - E3,LM Aeronautics Co- Fort Worth,,"Fort Worth, TX",US (CONUS),Full-time,85300,158300,per-year-salary,,https://lockheedmartin.eightfold.ai/careers/job/996476190166
Lockheed Martin,Eightfold,Senior Manager - International Programs & Policy,Corporate Headquarters,,"Arlington, VA",US (CONUS),Full-time,178500,331500,per-year-salary,,https://lockheedmartin.eightfold.ai/careers/job/996476518138
Lockheed Martin,Eightfold,Industrial Engineer - Level 2,GSO-LMLS Aero Segment,,"Greenville, SC",US (CONUS),Full-time,70500,130900,per-year-salary,,https://lockheedmartin.eightfold.ai/careers/job/996476515211
Lockheed Martin,Eightfold,Contracts Management Sr,RMS Core,,"Littleton, CO",US (CONUS),Full-time,81500,151300,per-year-salary,,https://lockheedmartin.eightfold.ai/careers/job/996476517201
Lockheed Martin,Eightfold,Systems Engineer Stf - Level 4,GRS/Core-LMLS Aero Segment,,"Marietta, GA",US (CONUS),Full-time,104900,194700,per-year-salary,,https://lockheedmartin.eightfold.ai/careers/job/996476355154
Lockheed Martin,Eightfold,Aircraft Maintenance Support Engineer - E2,GRS/Core-LMLS Aero Segment,,"Fort Worth, TX",US (CONUS),Full-time,70500,130900,per-year-salary,,https://lockheedmartin.eightfold.ai/careers/job/996476314542
Lockheed Martin,Eightfold,Aircraft Maintenance Support Engineer - E2,GRS/Core-LMLS Aero Segment,,"Fort Worth, TX",US (CONUS),Full-time,70500,130900,per-year-salary,,https://lockheedmartin.eightfold.ai/careers/job/996476313954
Lockheed Martin,Eightfold,Industrial Engineer Senior - Level 3,GSO-LMLS Aero Segment,,"Greenville, SC",US (CONUS),Full-time,85300,158300,per-year-salary,,https://lockheedmartin.eightfold.ai/careers/job/996476512628
Lockheed Martin,Eightfold,Project Engineer Sr - E3,Space,,"Littleton, CO",US (CONUS),Full-time,95900,178100,per-year-salary,,https://lockheedmartin.eightfold.ai/careers/job/996476523246
Lockheed Martin,Eightfold,General Machinist C,LM Aeronautics Co- Johnstown,,"Johnstown, PA",US (CONUS),Full-time,22.02,30.49,per-hour-wage,,https://lockheedmartin.eightfold.ai/careers/job/996476327701
Lockheed Martin,Eightfold,Operations Analyst Staff - Level 4,GSO-LMLS Aero Segment,,"Greenville, SC",US (CONUS),Full-time,104900,194700,per-year-salary,,https://lockheedmartin.eightfold.ai/careers/job/996476276834
Lockheed Martin,Eightfold,Integrated Program Planner Stf - E4,LM Aeronautics Co- Marietta,,"Fort Worth, TX",US (CONUS),Full-time,89100,165500,per-year-salary,,https://lockheedmartin.eightfold.ai/careers/job/996476190028
Lockheed Martin,Eightfold,Software Engineer Stf - E4,LM Aeronautics Co- Marietta,,"Marietta, GA",US (CONUS),Full-time,120600,224000,per-year-salary,,https://lockheedmartin.eightfold.ai/careers/job/996476479364
Lockheed Martin,Eightfold,Circuit Design Engineer Sr,MFC-Primary,,"Orlando, FL",US (CONUS),Full-time,98100,182100,per-year-salary,,https://lockheedmartin.eightfold.ai/careers/job/996476450282
Lockheed Martin,Eightfold,DevOps Cyber Systems Security Engineering Senior,RMS-Svcs-LMOS,,", MD",US (CONUS),Full-time,110300,204900,per-year-salary,,https://lockheedmartin.eightfold.ai/careers/job/996476476895
Lockheed Martin,Eightfold,DevOps Cyber Systems Security Engineering Senior,RMS-Svcs-LMOS,,", MD",US (CONUS),Full-time,110300,204900,per-year-salary,,https://lockheedmartin.eightfold.ai/careers/job/996476476154
Lockheed Martin,Eightfold,Project Management & Planning Operations Rep Prin - E6,LM Aeronautics Co- Fort Worth,,"Fort Worth, TX",US (CONUS),Full-time,158700,294700,per-year-salary,,https://lockheedmartin.eightfold.ai/careers/job/996476189967
Lockheed Martin,Eightfold,Cyber Software Engineer Senior Staff,RMS-Svcs-CORP,,"Fort Meade, MD",US (CONUS),Full-time,166900,309900,per-year-salary,,https://lockheedmartin.eightfold.ai/careers/job/996476477127
Lockheed Martin,Eightfold,Integrated Program Planner Sr - E3,LM Aeronautics Co- Marietta,,"Marietta, GA",US (CONUS),Full-time,72500,134600,per-year-salary,,https://lockheedmartin.eightfold.ai/careers/job/996476190373
Lockheed Martin,Eightfold,Electrical Engineering Asc Mgr - L4,LM Aeronautics Co- Fort Worth,,"Fort Worth, TX",US (CONUS),Full-time,104900,194700,per-year-salary,,https://lockheedmartin.eightfold.ai/careers/job/996476189635
Lockheed Martin,Eightfold,Systems Engineering Mgr - L5,Space,,"Littleton, CO",US (CONUS),Full-time,145100,269500,per-year-salary,,https://lockheedmartin.eightfold.ai/careers/job/996476305965
Lockheed Martin,Eightfold,Integrated Program Planning Mgr - L5,LM Aeronautics Co- Fort Worth,,"Fort Worth, TX",US (CONUS),Full-time,109700,203700,per-year-salary,,https://lockheedmartin.eightfold.ai/careers/job/996476355772
Lockheed Martin,Eightfold,Project Engineer Sr - E3,Space,,"Englewood, CO",US (CONUS),Full-time,95900,178100,per-year-salary,,https://lockheedmartin.eightfold.ai/careers/job/996476490956
Lockheed Martin,Eightfold,Systems Engineering Asc Mgr - L4,Space,,"Englewood, CO",US (CONUS),Full-time,118000,219100,per-year-salary,,https://lockheedmartin.eightfold.ai/careers/job/996476510908
Lockheed Martin,Eightfold,Integrated Program Planner Stf - E4,LM Aeronautics Co- Fort Worth,,"Fort Worth, TX",US (CONUS),Full-time,89100,165500,per-year-salary,,https://lockheedmartin.eightfold.ai/careers/job/996476356203
Lockheed Martin,Eightfold,Integrated Program Planner Stf - E4,LM Aeronautics Co- Fort Worth,,"Fort Worth, TX",US (CONUS),Full-time,89100,165500,per-year-salary,,https://lockheedmartin.eightfold.ai/careers/job/996476356345
Lockheed Martin,Eightfold,Material Support,LM Aeronautics Co- Marietta,,"Marietta, GA",US (CONUS),Full-time,0,0,per-hour-wage,,https://lockheedmartin.eightfold.ai/careers/job/996476519162
Lockheed Martin,Eightfold,Electrical Wiring Fab,LM Aeronautics Co- Marietta,,"Marietta, GA",US (CONUS),Full-time,18.1,38.71,per-hour-wage,,https://lockheedmartin.eightfold.ai/careers/job/996476510633
Lockheed Martin,Eightfold,Forklift Driver (CDL Class A),MFC-Primary,,"Orlando, FL",US (CONUS),Full-time,0,0,per-hour-wage,,https://lockheedmartin.eightfold.ai/careers/job/996476325416
Lockheed Martin,Eightfold,Electrical Electronics Mech M,LM Aeronautics Co- Marietta,,"Marietta, GA",US (CONUS),Full-time,19.95,44.3,per-hour-wage,,https://lockheedmartin.eightfold.ai/careers/job/996476509686
Lockheed Martin,Eightfold,Production Control Manufacturing Planner Sr,LM Aeronautics Co- Palmdale,,"Palmdale, CA",US (CONUS),Full-time,81500,151300,per-year-salary,,https://lockheedmartin.eightfold.ai/careers/job/996476209197
Lockheed Martin,Eightfold,Mech Elec Controls Mechanic,LM Aeronautics Co- Marietta,,"Marietta, GA",US (CONUS),Full-time,19.95,44.3,per-hour-wage,,https://lockheedmartin.eightfold.ai/careers/job/996476508388
Lockheed Martin,Eightfold,Integrated Program Planner - E2,LM Aeronautics Co- Fort Worth,,"Palmdale, CA",US (CONUS),Full-time,67400,125200,per-year-salary,,https://lockheedmartin.eightfold.ai/careers/job/996476354937
Lockheed Martin,Eightfold,Operations Engineer Staff - Level 4,LM Aeronautics Co- Fort Worth,,"Fort Worth, TX",US (CONUS),Full-time,104900,194700,per-year-salary,,https://lockheedmartin.eightfold.ai/careers/job/996476421983
Lockheed Martin,Eightfold,Project Engineer Sr Stf - E5,LM Aeronautics Co- Marietta,,"Marietta, GA",US (CONUS),Full-time,129000,239600,per-year-salary,,https://lockheedmartin.eightfold.ai/careers/job/996476282607
Lockheed Martin,Eightfold,Operations Engineer Staff - Level 4,LM Aeronautics Co- Fort Worth,,"Fort Worth, TX",US (CONUS),Full-time,104900,194700,per-year-salary,,https://lockheedmartin.eightfold.ai/careers/job/996476422015
Lockheed Martin,Eightfold,Software Engineer Stf - E4,RMS Core,,"Huntsville, AL",US (CONUS),Full-time,120600,224000,per-year-salary,,https://lockheedmartin.eightfold.ai/careers/job/996476506236
Lockheed Martin,Eightfold,Business Development Analyst Sr Stf - E5,RMS Core,,"Orlando, FL",US (CONUS),Full-time,116100,215700,per-year-salary,,https://lockheedmartin.eightfold.ai/careers/job/996476371155
Lockheed Martin,Eightfold,Manufacturing Support Team Member - E2,Space,,"Silverdale, WA",US (CONUS),Full-time,67400,125200,per-year-salary,,https://lockheedmartin.eightfold.ai/careers/job/996476354549
Lockheed Martin,Eightfold,Machining Manufacturing Engineer III,Space,,"King of Prussia, PA",US (CONUS),Full-time,95900,178100,per-year-salary,,https://lockheedmartin.eightfold.ai/careers/job/996476307730
Lockheed Martin,Eightfold,Network Engineer - Orlando FL,Enterprise Business Services,,"Orlando, FL",US (CONUS),Full-time,70500,130900,per-year-salary,,https://lockheedmartin.eightfold.ai/careers/job/996476369379
Lockheed Martin,Eightfold,Systems Engineer Senior Staff,Space,,"Highlands Ranch, CO",US (CONUS),Full-time,145100,269500,per-year-salary,,https://lockheedmartin.eightfold.ai/careers/job/996476356444
Lockheed Martin,Eightfold,DevOps Cyber Systems Security Engineering Senior Staff,RMS-Svcs-LMOS,,", MD",US (CONUS),Full-time,166900,309900,per-year-salary,,https://lockheedmartin.eightfold.ai/careers/job/996476478181
Lockheed Martin,Eightfold,DevOps Cyber Systems Security Engineering Senior Staff,RMS-Svcs-LMOS,,", MD",US (CONUS),Full-time,166900,309900,per-year-salary,,https://lockheedmartin.eightfold.ai/careers/job/996476479490
Lockheed Martin,Eightfold,Integrated Program Planner Sr - E3,LM Aeronautics Co- Fort Worth,,"Fort Worth, TX",US (CONUS),Full-time,72500,134600,per-year-salary,,https://lockheedmartin.eightfold.ai/careers/job/996476189510
Lockheed Martin,Eightfold,Systems Engineer Sr - E3,LM Aeronautics Co- Fort Worth,,"Fort Worth, TX",US (CONUS),Full-time,85300,158300,per-year-salary,,https://lockheedmartin.eightfold.ai/careers/job/996476190237
Lockheed Martin,Eightfold,Machining Manufacturing Engineer III,Space,,"King of Prussia, PA",US (CONUS),Full-time,95900,178100,per-year-salary,,https://lockheedmartin.eightfold.ai/careers/job/996476352470
Lockheed Martin,Eightfold,1LMX RMS Digital Thread Software Engineer - FULLTIME TELEWORK,RMS Core,,"Denver, CO",US/Remote,Full-time,135700,251900,per-year-salary,,https://lockheedmartin.eightfold.ai/careers/job/996476230123
Lockheed Martin,Eightfold,Cyber Software Eng Sr Stf - E5,RMS-Svcs-CORP,,"Fort Meade, MD",US (CONUS),Full-time,166900,309900,per-year-salary,,https://lockheedmartin.eightfold.ai/careers/job/996476480317
Lockheed Martin,Eightfold,Electrical Engineer - E2,LM Aeronautics Co- Fort Worth,,"Fort Worth, TX",US (CONUS),Full-time,70500,130900,per-year-salary,,https://lockheedmartin.eightfold.ai/careers/job/996476169067
Lockheed Martin,Eightfold,Cyber RF Software Engineer Senior Staff,RMS-Svcs-LMOS,,"Fort Meade, MD",US (CONUS),Full-time,110300,204900,per-year-salary,,https://lockheedmartin.eightfold.ai/careers/job/996476480602
Lockheed Martin,Eightfold,Stress Analyst,Space,,"Englewood, CO",US (CONUS),Full-time,95900,178100,per-year-salary,,https://lockheedmartin.eightfold.ai/careers/job/996476475182
Lockheed Martin,Eightfold,Integrated Program Planning Mgr - L5,LM Aeronautics Co- Fort Worth,,"Fort Worth, TX",US (CONUS),Full-time,109700,203700,per-year-salary,,https://lockheedmartin.eightfold.ai/careers/job/996476189183
Lockheed Martin,Eightfold,Fabricator,MFC-Primary,,"Orlando, FL",US (CONUS),Full-time,23.92,40.93,per-hour-wage,,https://lockheedmartin.eightfold.ai/careers/job/996476380891
Lockheed Martin,Eightfold,Senior Data Manager,RMS Core,,"Colorado Springs, CO",US (CONUS),Full-time,72500,134600,per-year-salary,,https://lockheedmartin.eightfold.ai/careers/job/996476204741
Lockheed Martin,Eightfold,Material Evaluator Processor,Space,,"Sunnyvale, CA",US (CONUS),Full-time,26.11,44.5,per-hour-wage,,https://lockheedmartin.eightfold.ai/careers/job/996476511055
Lockheed Martin,Eightfold,Software Engineer,RMS Core,,"Colorado Springs, CO",US (CONUS),Full-time,81100,150500,per-year-salary,,https://lockheedmartin.eightfold.ai/careers/job/996476227736
Lockheed Martin,Eightfold,Operations Engineer Senior - Level 3,LM Aeronautics Co- Fort Worth,,"Fort Worth, TX",US (CONUS),Full-time,85300,158300,per-year-salary,,https://lockheedmartin.eightfold.ai/careers/job/996476419654
Lockheed Martin,Eightfold,Software Engineer - E2,Space,,"Littleton, CO",US (CONUS),Full-time,91200,169400,per-year-salary,,https://lockheedmartin.eightfold.ai/careers/job/996476518457
Lockheed Martin,Eightfold,Software Test Automation Engineer Sr - E3,RMS Core,,"Huntsville, AL",US (CONUS),Full-time,98100,182100,per-year-salary,,https://lockheedmartin.eightfold.ai/careers/job/996476288577
Lockheed Martin,Eightfold,Multifunctional Manufacturing Manager - Level 5,RMS Manufacturing,,"Moorestown, NJ",US (CONUS),Full-time,123400,229200,per-year-salary,,https://lockheedmartin.eightfold.ai/careers/job/996476317447
Lockheed Martin,Eightfold,Systems Integration Analyst Sr - PTC Windchill Admin,Enterprise Business Services,,"Owego, NY",US/Remote,Full-time,85300,158300,per-year-salary,,https://lockheedmartin.eightfold.ai/careers/job/996476390030
Lockheed Martin,Eightfold,Administrative Assistant Sr - N3,MFC-Primary,,"Arlington, TX",US (CONUS),Full-time,50300,93300,per-year-salary,,https://lockheedmartin.eightfold.ai/careers/job/996476344440
Lockheed Martin,Eightfold,Aeronautical Engineer II (CFD Analyst),Space,,"Sunnyvale, CA",US (CONUS),Full-time,88100,163700,per-year-salary,,https://lockheedmartin.eightfold.ai/careers/job/996476356936
Lockheed Martin,Eightfold,Assembler Sr Spec - N4,MFC-Lufkin,,"Lufkin, TX",US (CONUS),Full-time,46200,85800,per-year-salary,,https://lockheedmartin.eightfold.ai/careers/job/996476517580
Lockheed Martin,Eightfold,Purchasing & Material Administration Analyst - E2,MFC-SOFGLSS-LMOS,,"Lexington, KY",US (CONUS),Full-time,53900,100100,per-year-salary,,https://lockheedmartin.eightfold.ai/careers/job/996476388249
Lockheed Martin,Eightfold,Software Engineer - E2,Space,,"King of Prussia, PA",US (CONUS),Full-time,91200,169400,per-year-salary,,https://lockheedmartin.eightfold.ai/careers/job/996476341746
Lockheed Martin,Eightfold,Sr Tool Crib Attendant - 2nd Shift,RMS Sikorsky Manufacturing,,"Stratford, CT",US (CONUS),Full-time,0,0,per-hour-wage,,https://lockheedmartin.eightfold.ai/careers/job/996476340073
Lockheed Martin,Eightfold,Sr Tool Crib Attendant - 2nd Shift,RMS Sikorsky Manufacturing,,"Stratford, CT",US (CONUS),Full-time,37.87,40.79,per-hour-wage,,https://lockheedmartin.eightfold.ai/careers/job/996476340055
Lockheed Martin,Eightfold,Software Engineer Integration,RMS Core,,"Huntsville, AL",US (CONUS),Full-time,98100,182100,per-year-salary,,https://lockheedmartin.eightfold.ai/careers/job/996476357121
Lockheed Martin,Eightfold,Operations Engineer - Level 2,LM Aeronautics Co- Fort Worth,,"Fort Worth, TX",US (CONUS),Full-time,70500,130900,per-year-salary,,https://lockheedmartin.eightfold.ai/careers/job/996476417925
Lockheed Martin,Eightfold,Software Engineer Algorithms & Analysis,RMS Core,,"Huntsville, AL",US (CONUS),Full-time,81100,150500,per-year-salary,,https://lockheedmartin.eightfold.ai/careers/job/996476356979
Lockheed Martin,Eightfold,Subcontract Management Stf - E4,LM Aeronautics Co- Fort Worth,,"Fort Worth, TX",US (CONUS),Full-time,89100,165500,per-year-salary,,https://lockheedmartin.eightfold.ai/careers/job/996476517843
Lockheed Martin,Eightfold,Systems Engineer Sr - E3,Space,,"Huntsville, AL",US (CONUS),Full-time,85300,158300,per-year-salary,,https://lockheedmartin.eightfold.ai/careers/job/996476308881
Lockheed Martin,Eightfold,Logistics Management Analyst Asc,RMS-Svcs-LMOS,,"Mt Laurel Township, NJ",US (CONUS),Full-time,55700,103400,per-year-salary,,https://lockheedmartin.eightfold.ai/careers/job/996476386765
Lockheed Martin,Eightfold,Software Engineer - Level 2,LM Aeronautics Co- Fort Worth,,"Fort Worth, TX",US (CONUS),Full-time,81100,150500,per-year-salary,,https://lockheedmartin.eightfold.ai/careers/job/996476281073
Lockheed Martin,Eightfold,Subcontract Management Sr - E3,LM Aeronautics Co- Fort Worth,,"Fort Worth, TX",US (CONUS),Full-time,72500,134600,per-year-salary,,https://lockheedmartin.eightfold.ai/careers/job/996476517852
Lockheed Martin,Eightfold,Software Engineer Algorithms and Analysis,RMS Core,,"Huntsville, AL",US (CONUS),Full-time,98100,182100,per-year-salary,,https://lockheedmartin.eightfold.ai/careers/job/996476356275
Lockheed Martin,Eightfold,Embedded Software Engineering Mgr - L5,MFC-Primary,,"Grand Prairie, TX",US (CONUS),Full-time,148300,275500,per-year-salary,,https://lockheedmartin.eightfold.ai/careers/job/996476514327
Lockheed Martin,Eightfold,Subcontract Management - E2,MFC-Primary,,"Grand Prairie, TX",US (CONUS),Full-time,59900,111300,per-year-salary,,https://lockheedmartin.eightfold.ai/careers/job/996476295526
Lockheed Martin,Eightfold,"Systems Engineer, Staff",Space,,"Hill AFB, UT",US (CONUS),Full-time,104900,194700,per-year-salary,,https://lockheedmartin.eightfold.ai/careers/job/996476391297
Lockheed Martin,Eightfold,Procurement Rep - E2,MFC-Primary,,"Orlando, FL",US (CONUS),Full-time,59900,111300,per-year-salary,,https://lockheedmartin.eightfold.ai/careers/job/996476373528
Lockheed Martin,Eightfold,Inspector Sr Spec GSO- 1st Shift,GSO-LMLS Aero Segment,,"Greenville, SC",US (CONUS),Full-time,32.64,58.89,per-hour-wage,,https://lockheedmartin.eightfold.ai/careers/job/996476500685
Lockheed Martin,Eightfold,Financial Management - E2,MFC-SOFGLSS-LMOS,,"Lexington, KY",US (CONUS),Full-time,53900,100100,per-year-salary,,https://lockheedmartin.eightfold.ai/careers/job/996476515633
Lockheed Martin,Eightfold,Program Management Mgr - L5,Space,,"King of Prussia, PA",US (CONUS),Full-time,166900,309900,per-year-salary,,https://lockheedmartin.eightfold.ai/careers/job/996476461305
Lockheed Martin,Eightfold,Manufacturing Engineer,Space,,"Titusville, FL",US (CONUS),Full-time,70500,130900,per-year-salary,,https://lockheedmartin.eightfold.ai/careers/job/996476385108
Lockheed Martin,Eightfold,"Sr Optical Coater/Thin Film/Optical Surfaces/ Orlando, FL/2nd Shift",MFC-Primary,,"Orlando, FL",US (CONUS),Full-time,27.04,43.42,per-hour-wage,,https://lockheedmartin.eightfold.ai/careers/job/996476364033
Lockheed Martin,Eightfold,Subcontract Administration Sr - E3,RMS Derco Aerospace,,"Orlando, FL",US (CONUS),Full-time,72500,134600,per-year-salary,,https://lockheedmartin.eightfold.ai/careers/job/996476338964
Lockheed Martin,Eightfold,Assembly Inspector B,MFC-Primary,,"Archbald, PA",US (CONUS),Full-time,25.1,25.1,per-hour-wage,,https://lockheedmartin.eightfold.ai/careers/job/996476457069
Lockheed Martin,Eightfold,Software Project Engineer Stf - E4,LM Aeronautics Co- Fort Worth,,"Fort Worth, TX",US (CONUS),Full-time,120600,224000,per-year-salary,,https://lockheedmartin.eightfold.ai/careers/job/996476385333
Lockheed Martin,Eightfold,Assembly Inspector,MFC-Primary,,"Archbald, PA",US (CONUS),Full-time,28.73,28.73,per-hour-wage,,https://lockheedmartin.eightfold.ai/careers/job/996476455634
Lockheed Martin,Eightfold,"Depot Low Observable Field Support Engineer, F-22  - Level 3",AFS-LMLS Aero Segment,,"Hill AFB, UT",US (CONUS),Full-time,85300,158300,per-year-salary,,https://lockheedmartin.eightfold.ai/careers/job/996476515146
Lockheed Martin,Eightfold,Assembly Inspector,MFC-Primary,,"Archbald, PA",US (CONUS),Full-time,28.73,28.73,per-hour-wage,,https://lockheedmartin.eightfold.ai/careers/job/996476365045
Lockheed Martin,Eightfold,"Director, Engineering and Technology Applied Research - Lockheed Martin Missiles & Fire Control",MFC-Primary,,"Grand Prairie, TX",US (CONUS),Full-time,180000,325000,per-year-salary,,https://lockheedmartin.eightfold.ai/careers/job/996476400514
Lockheed Martin,Eightfold,Accounting Asc - E1,Enterprise Business Services,,"Lakeland, FL",US/Remote,Full-time,49500,91900,per-year-salary,,https://lockheedmartin.eightfold.ai/careers/job/996476512310
Lockheed Martin,Eightfold,Communications Rep Sr - E3,MFC-Primary,,"Orlando, FL",US (CONUS),Full-time,72500,134600,per-year-salary,,https://lockheedmartin.eightfold.ai/careers/job/996476491872
Lockheed Martin,Eightfold,Project Engineering Asc Mgr - L4,MFC-Primary,,"Arlington, TX",US/Remote,Full-time,104900,194700,per-year-salary,,https://lockheedmartin.eightfold.ai/careers/job/996476379373
Lockheed Martin,Eightfold,Financial Management - E2,LM Aeronautics Co- Fort Worth,,"Fort Worth, TX",US/Remote,Full-time,53900,100100,per-year-salary,,https://lockheedmartin.eightfold.ai/careers/job/996476290174
Lockheed Martin,Eightfold,Manufacturing Planner Sr - E3,LM Aeronautics Co- Fort Worth,,"Fort Worth, TX",US (CONUS),Full-time,72500,134600,per-year-salary,,https://lockheedmartin.eightfold.ai/careers/job/996476322210
Lockheed Martin,Eightfold,Software Engineer Stf | Sensor Fusion Data Association,LM Aeronautics Co- Fort Worth,,"Fort Worth, TX",US (CONUS),Full-time,120600,224000,per-year-salary,,https://lockheedmartin.eightfold.ai/careers/job/996476319588
Lockheed Martin,Eightfold,Assembler,MFC-Primary,,"Orlando, FL",US (CONUS),Full-time,20.8,28.04,per-hour-wage,,https://lockheedmartin.eightfold.ai/careers/job/996476283858
Lockheed Martin,Eightfold,Maintenance Trainer Stf - E4,LM Aeronautics Co- Marietta,,"Marietta, GA",US (CONUS),Full-time,89100,165500,per-year-salary,,https://lockheedmartin.eightfold.ai/careers/job/996476347480
Lockheed Martin,Eightfold,Systems Integration Analyst - PTC Windchill Admin,Enterprise Business Services,,"Owego, NY",US/Remote,Full-time,79300,147300,per-year-salary,,https://lockheedmartin.eightfold.ai/careers/job/996476387134
Lockheed Martin,Eightfold,Program Management Stf - E4,LM Aeronautics Co- Fort Worth,,"Fort Worth, TX",US (CONUS),Full-time,120600,224000,per-year-salary,,https://lockheedmartin.eightfold.ai/careers/job/996476347749
Lockheed Martin,Eightfold,Program Management Stf - E4,LM Aeronautics Co- Fort Worth,,"Fort Worth, TX",US (CONUS),Full-time,120600,224000,per-year-salary,,https://lockheedmartin.eightfold.ai/careers/job/996476347494
Lockheed Martin,Eightfold,Data Engineer - E2,Enterprise Business Services,,"Fort Worth, TX",US (CONUS),Full-time,70500,130900,per-year-salary,,https://lockheedmartin.eightfold.ai/careers/job/996476353217
Lockheed Martin,Eightfold,Component Engineer,Space,,"Arlington, TX",US (CONUS),Full-time,70500,130900,per-year-salary,,https://lockheedmartin.eightfold.ai/careers/job/996476403295
Lockheed Martin,Eightfold,Maintenance Trainer Sr - E3,LM Aeronautics Co- Marietta,,"Marietta, GA",US (CONUS),Full-time,72500,134600,per-year-salary,,https://lockheedmartin.eightfold.ai/careers/job/996476283345
Lockheed Martin,Eightfold,Manufacturing Supervisor,MFC-Primary,,"Archbald, PA",US (CONUS),Full-time,65200,121200,per-year-salary,,https://lockheedmartin.eightfold.ai/careers/job/996476504064
Lockheed Martin,Eightfold,General Maintenance Spec,MFC-Camden,,"Camden, AR",US (CONUS),Full-time,45200,84000,per-year-salary,,https://lockheedmartin.eightfold.ai/careers/job/996476374121
Lockheed Martin,Eightfold,Electro Mechanical Engineer,MFC-Primary,,"Orlando, FL",US (CONUS),Full-time,70500,130900,per-year-salary,,https://lockheedmartin.eightfold.ai/careers/job/996476461365
Lockheed Martin,Eightfold,Circuit Design Engineer Sr Stf,MFC-Primary,,"Orlando, FL",US (CONUS),Full-time,148300,275500,per-year-salary,,https://lockheedmartin.eightfold.ai/careers/job/996476317402
Lockheed Martin,Eightfold,Flight Completion Supv - L3,LM Aeronautics Co- Fort Worth,,"Fort Worth, TX",US (CONUS),Full-time,72500,134600,per-year-salary,,https://lockheedmartin.eightfold.ai/careers/job/996476317965
Lockheed Martin,Eightfold,Assembler - N1,MFC-Lufkin,,"Lufkin, TX",US (CONUS),Full-time,27900,51700,per-year-salary,,https://lockheedmartin.eightfold.ai/careers/job/996476513585
Lockheed Martin,Eightfold,Circuit Design Engineer Sr,MFC-Primary,,"Grand Prairie, TX",US (CONUS),Full-time,98100,182100,per-year-salary,,https://lockheedmartin.eightfold.ai/careers/job/996476462393
Lockheed Martin,Eightfold,Materials Engineer - Late Career,Space,,"Sunnyvale, CA",US (CONUS),Full-time,161300,299500,per-year-salary,,https://lockheedmartin.eightfold.ai/careers/job/996476428870
Lockheed Martin,Eightfold,Materials Engineer,Space,,"Sunnyvale, CA",US (CONUS),Full-time,88100,163700,per-year-salary,,https://lockheedmartin.eightfold.ai/careers/job/996476427192
Lockheed Martin,Eightfold,Subcontract Administration Stf - E4,Space,,"King of Prussia, PA",US (CONUS),Full-time,100200,186200,per-year-salary,,https://lockheedmartin.eightfold.ai/careers/job/996476475003
Lockheed Martin,Eightfold,Project Engineer,Space,,"Huntsville, AL",US (CONUS),Full-time,70500,130900,per-year-salary,,https://lockheedmartin.eightfold.ai/careers/job/996476414004
Lockheed Martin,Eightfold,Program Management Sr Stf - E5,LM Aeronautics Co- Fort Worth,,"Fort Worth, TX",US (CONUS),Full-time,148300,275500,per-year-salary,,https://lockheedmartin.eightfold.ai/careers/job/996476347715
Lockheed Martin,Eightfold,Component Engineer,Space,,"Arlington, TX",US (CONUS),Full-time,70500,130900,per-year-salary,,https://lockheedmartin.eightfold.ai/careers/job/996476446434
Lockheed Martin,Eightfold,Capture Management Prin - E6,LM Aeronautics Co- Palmdale,,"Fort Worth, TX",US (CONUS),Full-time,158700,294700,per-year-salary,,https://lockheedmartin.eightfold.ai/careers/job/996476207529
Lockheed Martin,Eightfold,General Maintenance Spec,MFC-Camden,,"Camden, AR",US (CONUS),Full-time,45200,84000,per-year-salary,,https://lockheedmartin.eightfold.ai/careers/job/996476371894
Lockheed Martin,Eightfold,Flight Completion Sr Mgr - L6,LM Aeronautics Co- Marietta,,"Marietta, GA",US (CONUS),Full-time,134900,250500,per-year-salary,,https://lockheedmartin.eightfold.ai/careers/job/996476444372
Lockheed Martin,Eightfold,Parts Cataloger Information Specialist,GRS/Core-LMLS Aero Segment,,"Fort Worth, TX",US (CONUS),Full-time,22.84,38.71,per-hour-wage,,https://lockheedmartin.eightfold.ai/careers/job/996476187433
Lockheed Martin,Eightfold,Systems Integration/Test Engineer Sr - E3,MFC-Primary,,"Goleta, CA",US (CONUS),Full-time,95900,178100,per-year-salary,,https://lockheedmartin.eightfold.ai/careers/job/996476481970
Lockheed Martin,Eightfold,"Aircraft Structural Technician (Beale AFB, CA), U-2 PDM - Level 4",AFS-LMLS Aero Segment,,"Beale AFB, CA",US (CONUS),Full-time,37.55,69.71,per-hour-wage,,https://lockheedmartin.eightfold.ai/careers/job/996476225846
Lockheed Martin,Eightfold,"Aircraft Modification Technical Lead (Beale, CA), U-2 PDM - Level 3",AFS-LMLS Aero Segment,,"Beale AFB, CA",US (CONUS),Full-time,81500,151300,per-year-salary,,https://lockheedmartin.eightfold.ai/careers/job/996476226411
Lockheed Martin,Eightfold,Compensation Sr Mgr - L6,Corporate Headquarters,,"Bethesda, MD",US/Remote,Full-time,134900,250500,per-year-salary,,https://lockheedmartin.eightfold.ai/careers/job/996476503124
Lockheed Martin,Eightfold,Project Engineer Stf - E4,LM Aeronautics Co- Fort Worth,,"Fort Worth, TX",US (CONUS),Full-time,104900,194700,per-year-salary,,https://lockheedmartin.eightfold.ai/careers/job/996476280952
Lockheed Martin,Eightfold,"Avionics Technician (Beale AFB, CA), U-2 - Level 4",AFS-LMLS Aero Segment,,"Beale AFB, CA",US (CONUS),Full-time,37.55,69.71,per-hour-wage,,https://lockheedmartin.eightfold.ai/careers/job/996476205383
Lockheed Martin,Eightfold,"Electrical & Environmental Technician (Beale AFB CA), U-2 - Level 4",AFS-LMLS Aero Segment,,"Beale AFB, CA",US (CONUS),Full-time,37.55,69.71,per-hour-wage,,https://lockheedmartin.eightfold.ai/careers/job/996476205489
Lockheed Martin,Eightfold,Manufacturing Engineer,Space,,"Courtland, AL",US (CONUS),Full-time,70500,130900,per-year-salary,,https://lockheedmartin.eightfold.ai/careers/job/996476339583
Lockheed Martin,Eightfold,"Supply Field Logistics Support Rep Stf (Beale, CA), U-2 PDM - Level 4",AFS-LMLS Aero Segment,,"Beale AFB, CA",US (CONUS),Full-time,100200,186200,per-year-salary,,https://lockheedmartin.eightfold.ai/careers/job/996476187127
Lockheed Martin,Eightfold,"Aircraft Maintenance Field Team Supervisor, U-2 PDM - Level 3 Status",AFS-LMLS Aero Segment,,"Beale AFB, CA",US (CONUS),Full-time,81500,151300,per-year-salary,,https://lockheedmartin.eightfold.ai/careers/job/996476187288
Lockheed Martin,Eightfold,General Maintenance Spec,MFC-Camden,,"Camden, AR",US (CONUS),Full-time,45200,84000,per-year-salary,,https://lockheedmartin.eightfold.ai/careers/job/996476280107
Lockheed Martin,Eightfold,Investor Relations Sr Mgr - L6,Corporate Headquarters,,"Bethesda, MD",US (CONUS),Full-time,151800,281800,per-year-salary,,https://lockheedmartin.eightfold.ai/careers/job/996476462694
Lockheed Martin,Eightfold,Subcontract Management Sr - E3,Space,,"Highlands Ranch, CO",US (CONUS),Full-time,81500,151300,per-year-salary,,https://lockheedmartin.eightfold.ai/careers/job/996476469110
Lockheed Martin,Eightfold,Flight Completion Supv - L3,LM Aeronautics Co- Fort Worth,,"Fort Worth, TX",US (CONUS),Full-time,72500,134600,per-year-salary,,https://lockheedmartin.eightfold.ai/careers/job/996476327424
Lockheed Martin,Eightfold,"Inventory/Material Supply Tech (Beale AFB, CA), U-2 PDM - Level 3",AFS-LMLS Aero Segment,,"Beale AFB, CA",US (CONUS),Full-time,23.08,42.88,per-hour-wage,,https://lockheedmartin.eightfold.ai/careers/job/996476186971
Lockheed Martin,Eightfold,Manufacturing Robotics Engineer Sr,MFC-Camden,,"Camden, AR",US (CONUS),Full-time,76700,142500,per-year-salary,,https://lockheedmartin.eightfold.ai/careers/job/996476507643
Lockheed Martin,Eightfold,Logistics Management Analyst - E2,MFC-SOFGLSS-LMOS,,"Lexington, KY",US (CONUS),Full-time,53900,100100,per-year-salary,,https://lockheedmartin.eightfold.ai/careers/job/996476313164
Lockheed Martin,Eightfold,Sustainment Engineer,RMS Core,,"Owego, NY",US (CONUS),Full-time,70500,130900,per-year-salary,,https://lockheedmartin.eightfold.ai/careers/job/996476341829
Lockheed Martin,Eightfold,Sustainment Engineer,RMS Core,,"Owego, NY",US (CONUS),Full-time,70500,130900,per-year-salary,,https://lockheedmartin.eightfold.ai/careers/job/996476342043
Lockheed Martin,Eightfold,Data Analyst - E2,LM Aeronautics Co- Fort Worth,,"Fort Worth, TX",US (CONUS),Full-time,70500,130900,per-year-salary,,https://lockheedmartin.eightfold.ai/careers/job/996476344926
Lockheed Martin,Eightfold,Systems Integration/Test Engineer Sr - E3,Space,,"Courtland, AL",US (CONUS),Full-time,85300,158300,per-year-salary,,https://lockheedmartin.eightfold.ai/careers/job/996476320952
Lockheed Martin,Eightfold,Manufacturing Support Team Member Stf - E4,LM Aeronautics Co- Fort Worth,,"Fort Worth, TX",US (CONUS),Full-time,89100,165500,per-year-salary,,https://lockheedmartin.eightfold.ai/careers/job/996476283337
Lockheed Martin,Eightfold,Manufacturing Supervisor - Second Shift,MFC-Primary,,"Archbald, PA",US (CONUS),Full-time,65200,121200,per-year-salary,,https://lockheedmartin.eightfold.ai/careers/job/996476306934
Lockheed Martin,Eightfold,Material Controller,MFC-Primary,,"Archbald, PA",US (CONUS),Full-time,23.58,23.58,per-hour-wage,,https://lockheedmartin.eightfold.ai/careers/job/996476307743
Lockheed Martin,Eightfold,Program Management Stf,LM Aeronautics Co- Fort Worth,,"Fort Worth, TX",US (CONUS),Full-time,120600,224000,per-year-salary,,https://lockheedmartin.eightfold.ai/careers/job/996476324169
Lockheed Martin,Eightfold,Financial Management - E2,MFC-SOFGLSS-LMOS,,"Lexington, KY",US (CONUS),Full-time,53900,100100,per-year-salary,,https://lockheedmartin.eightfold.ai/careers/job/996476319137
Lockheed Martin,Eightfold,"Aircraft Mechanic (Beale AFB, CA), U-2 - Level 4",AFS-LMLS Aero Segment,,"Beale AFB, CA",US (CONUS),Full-time,37.55,69.71,per-hour-wage,,https://lockheedmartin.eightfold.ai/careers/job/996476186399
Lockheed Martin,Eightfold,Technician 4 AFS,AFS-LMLS Aero Segment,,"Beale AFB, CA",US (CONUS),Full-time,37.55,69.71,per-hour-wage,,https://lockheedmartin.eightfold.ai/careers/job/996476186794
Lockheed Martin,Eightfold,Manufacturing Controls/Robotics Engineer,MFC-Camden,,"Camden, AR",US (CONUS),Full-time,76700,142500,per-year-salary,,https://lockheedmartin.eightfold.ai/careers/job/996476204880
Lockheed Martin,Eightfold,"Electrical/Avionics Technician (Beale AFB CA), U-2 PDM - Level 4",AFS-LMLS Aero Segment,,"Beale AFB, CA",US (CONUS),Full-time,37.55,69.71,per-hour-wage,,https://lockheedmartin.eightfold.ai/careers/job/996476186669
Lockheed Martin,Eightfold,"Aircraft Maintenance Field Team Manager, U-2 - Level 4",AFS-LMLS Aero Segment,,"Beale AFB, CA",US (CONUS),Full-time,118000,219100,per-year-salary,,https://lockheedmartin.eightfold.ai/careers/job/996476186259
Lockheed Martin,Eightfold,"Aircraft Modification Technical Lead, U-2 - Level 3",AFS-LMLS Aero Segment,,"Beale AFB, CA",US (CONUS),Full-time,81500,151300,per-year-salary,,https://lockheedmartin.eightfold.ai/careers/job/996476185930
Lockheed Martin,Eightfold,"Quality Delivery & Sustainment Representative, F-35 - Level 2",AFS-LMLS Aero Segment,,"Hill AFB, UT",US (CONUS),Full-time,70500,130900,per-year-salary,,https://lockheedmartin.eightfold.ai/careers/job/996476510638
Lockheed Martin,Eightfold,"Quality Delivery & Sustainment Representative Sr, F-35 - Level 3",AFS-LMLS Aero Segment,,"Hill AFB, UT",US (CONUS),Full-time,85300,158300,per-year-salary,,https://lockheedmartin.eightfold.ai/careers/job/996476506760
Lockheed Martin,Eightfold,Delivery & Sustainment Quality Representative,MFC-Primary,,"Gilbert, AZ",US (CONUS),Full-time,70500,130900,per-year-salary,,https://lockheedmartin.eightfold.ai/careers/job/996476463775
Lockheed Martin,Eightfold,Project Engineer Senior Staff,Space,,"Highlands Ranch, CO",US (CONUS),Full-time,145100,269500,per-year-salary,,https://lockheedmartin.eightfold.ai/careers/job/996476492717
Lockheed Martin,Eightfold,Engineering Aide Sr - N2,RMS Manufacturing,,"Orlando, FL",US (CONUS),Full-time,48200,89400,per-year-salary,,https://lockheedmartin.eightfold.ai/careers/job/996476507295
Lockheed Martin,Eightfold,Inspector Sr - N2,RMS Manufacturing,,"Orlando, FL",US (CONUS),Full-time,41900,77700,per-year-salary,,https://lockheedmartin.eightfold.ai/careers/job/996476347084
Lockheed Martin,Eightfold,Manufacturing Engineer Stf - CNC Machining,MFC-Camden,,"Camden, AR",US (CONUS),Full-time,94400,175200,per-year-salary,,https://lockheedmartin.eightfold.ai/careers/job/996476507935
Lockheed Martin,Eightfold,"Sr Quality Engineer - Orlando, FL",MFC-Primary,,"Orlando, FL",US (CONUS),Full-time,85300,158300,per-year-salary,,https://lockheedmartin.eightfold.ai/careers/job/996476465008
Lockheed Martin,Eightfold,"Quality Engineer - Orlando, FL",MFC-Primary,,"Orlando, FL",US (CONUS),Full-time,70500,130900,per-year-salary,,https://lockheedmartin.eightfold.ai/careers/job/996476464345
Lockheed Martin,Eightfold,"Information Systems Security Officer, Classified Cybersecurity - Clearance Required",Space LMOS,,"Colorado Springs, CO",US (CONUS),Full-time,85300,158300,per-year-salary,,https://lockheedmartin.eightfold.ai/careers/job/996476317441
Lockheed Martin,Eightfold,Software Engineer Stf - E4,LM Aeronautics Co- Fort Worth,,"Fort Worth, TX",US (CONUS),Full-time,120600,224000,per-year-salary,,https://lockheedmartin.eightfold.ai/careers/job/996476188259
Lockheed Martin,Eightfold,Mechanical Engineer Sr - E3,MFC-SOFGLSS-LMOS,,"Lexington, KY",US (CONUS),Full-time,76700,142500,per-year-salary,,https://lockheedmartin.eightfold.ai/careers/job/996476225714
Lockheed Martin,Eightfold,Financial Management - E2,MFC-SOFGLSS-LMOS,,"Fort Walton Beach, FL",US (CONUS),Full-time,53900,100100,per-year-salary,,https://lockheedmartin.eightfold.ai/careers/job/996476226353
Lockheed Martin,Eightfold,Mechanical Engineer Sr - E3,MFC-SOFGLSS-LMOS,,"Lexington, KY",US (CONUS),Full-time,76700,142500,per-year-salary,,https://lockheedmartin.eightfold.ai/careers/job/996476206533
Lockheed Martin,Eightfold,Logistics Management Analyst Sr - E3,MFC-SOFGLSS-LMOS,,"Fayetteville, NC",US (CONUS),Full-time,65200,121200,per-year-salary,,https://lockheedmartin.eightfold.ai/careers/job/996476206819
Lockheed Martin,Eightfold,Logistics Management Analyst Sr - E3,MFC-SOFGLSS-LMOS,,"Fayetteville, NC",US (CONUS),Full-time,65200,121200,per-year-salary,,https://lockheedmartin.eightfold.ai/careers/job/996476230718
Lockheed Martin,Eightfold,Technical Service Engineer Sr - E3,MFC-SOFGLSS-LMOS,,"Fayetteville, NC",US (CONUS),Full-time,65200,121200,per-year-salary,,https://lockheedmartin.eightfold.ai/careers/job/996476199402
Lockheed Martin,Eightfold,Chief Engineer Sr Stf - E5,MFC-SOFGLSS-LMOS,,"Lexington, KY",US (CONUS),Full-time,133500,247900,per-year-salary,,https://lockheedmartin.eightfold.ai/careers/job/996476188269
Lockheed Martin,Eightfold,Logistics Management Analyst Sr - E3,MFC-SOFGLSS-LMOS,,"Tampa, FL",US (CONUS),Full-time,72500,134600,per-year-salary,,https://lockheedmartin.eightfold.ai/careers/job/996476187681
Lockheed Martin,Eightfold,Mechanical Engineer - E2,MFC-SOFGLSS-LMOS,,"Lexington, KY",US (CONUS),Full-time,63400,117800,per-year-salary,,https://lockheedmartin.eightfold.ai/careers/job/996476187763
Lockheed Martin,Eightfold,Military Operations Analyst Sr Stf - E5,MFC-SOFGLSS-LMOS,,", NC",US (CONUS),Full-time,98700,183300,per-year-salary,,https://lockheedmartin.eightfold.ai/careers/job/996476185318
Lockheed Martin,Eightfold,Software Engineer Stf - E4,MFC-SOFGLSS-LMOS,,", NC",US (CONUS),Full-time,108600,201600,per-year-salary,,https://lockheedmartin.eightfold.ai/careers/job/996476187435
Lockheed Martin,Eightfold,Mechanical Engineer - Structural Dynamics Analyst - Secret Clearance,Space,,"King of Prussia, PA",US (CONUS),Full-time,79300,147300,per-year-salary,,https://lockheedmartin.eightfold.ai/careers/job/996476322066
Lockheed Martin,Eightfold,Logistics Management Analyst - E2,MFC-SOFGLSS-LMOS,,"Fayetteville, NC",US (CONUS),Full-time,53900,100100,per-year-salary,,https://lockheedmartin.eightfold.ai/careers/job/996476231084
Lockheed Martin,Eightfold,Manufacturing Engineer - E2,MFC-Primary,,"Grand Prairie, TX",US (CONUS),Full-time,70500,130900,per-year-salary,,https://lockheedmartin.eightfold.ai/careers/job/996476344720
Lockheed Martin,Eightfold,Data Architect Sr Stf - E5,MFC-SOFGLSS,,"Spanish Fork, UT",US (CONUS),Full-time,133500,247900,per-year-salary,,https://lockheedmartin.eightfold.ai/careers/job/996476340970
Lockheed Martin,Eightfold,Material Support,LM Aeronautics Co- Marietta,,"Marietta, GA",US (CONUS),Full-time,18.87,41.52,per-hour-wage,,https://lockheedmartin.eightfold.ai/careers/job/996476388102
Lockheed Martin,Eightfold,Data Engineer Stf - E4,MFC-SOFGLSS,,"Lexington, KY",US (CONUS),Full-time,94400,175200,per-year-salary,,https://lockheedmartin.eightfold.ai/careers/job/996476340934
Lockheed Martin,Eightfold,Painter Finish,LM Aeronautics Co- Marietta,,"Marietta, GA",US (CONUS),Full-time,22.08,47.7,per-hour-wage,,https://lockheedmartin.eightfold.ai/careers/job/996476503103
Lockheed Martin,Eightfold,Data Analyst Sr - E3,MFC-SOFGLSS,,"Lexington, KY",US (CONUS),Full-time,76700,142500,per-year-salary,,https://lockheedmartin.eightfold.ai/careers/job/996476340937
Lockheed Martin,Eightfold,C-130J Electrical and Environmental Technician (T4),AFS-LMLS Aero Segment,,"Greenville, SC",US (CONUS),Full-time,33.37,61.92,per-hour-wage,,https://lockheedmartin.eightfold.ai/careers/job/996476503787
Lockheed Martin,Eightfold,Inspector Structures Paint,LM Aeronautics Co- Marietta,,"Marietta, GA",US (CONUS),Full-time,27.77,52.76,per-hour-wage,,https://lockheedmartin.eightfold.ai/careers/job/996476503888
Lockheed Martin,Eightfold,Project Engineer Stf,MFC-Primary,,"Ocala, FL",US (CONUS),Full-time,104900,194700,per-year-salary,,https://lockheedmartin.eightfold.ai/careers/job/996476414835
Lockheed Martin,Eightfold,Manufacturing Engineer Stf - E4,RMS Manufacturing,,"Orlando, FL",US (CONUS),Full-time,104900,194700,per-year-salary,,https://lockheedmartin.eightfold.ai/careers/job/996476493245
Lockheed Martin,Eightfold,"Depot Supply Technician, F-35 - Level 3",AFS-LMLS Aero Segment,,"Hill AFB, UT",US (CONUS),Full-time,20.53,38.13,per-hour-wage,,https://lockheedmartin.eightfold.ai/careers/job/996476507710
Lockheed Martin,Eightfold,MSE/AEGIS Sustainment Engineer Staff,MFC-Primary,,"Arlington, TX",US (CONUS),Full-time,104900,194700,per-year-salary,,https://lockheedmartin.eightfold.ai/careers/job/996476342645
Lockheed Martin,Eightfold,Configuration Analyst Sr - E3,MFC-Primary,,"Orlando, FL",US (CONUS),Full-time,72500,134600,per-year-salary,,https://lockheedmartin.eightfold.ai/careers/job/996476354473
Lockheed Martin,Eightfold,Mechanical Design Engineer Sr - E3,MFC-Primary,,"Orlando, FL",US (CONUS),Full-time,85300,158300,per-year-salary,,https://lockheedmartin.eightfold.ai/careers/job/996476387300
Lockheed Martin,Eightfold,Multi Functional Info Systems Analyst Sr - E3,AFS-LMLS Aero Segment,,", AZ",US (CONUS),Full-time,85300,158300,per-year-salary,,https://lockheedmartin.eightfold.ai/careers/job/996476285539
Lockheed Martin,Eightfold,Software Engineer Sr - E3,RMS Core,,"Liverpool, NY",US (CONUS),Full-time,98100,182100,per-year-salary,,https://lockheedmartin.eightfold.ai/careers/job/996476304975
Lockheed Martin,Eightfold,Staff Process Quality Engineer (E4),MFC-Primary,,"Goleta, CA",US (CONUS),Full-time,118000,219100,per-year-salary,,https://lockheedmartin.eightfold.ai/careers/job/996476470314
Lockheed Martin,Eightfold,M&A Corporate Development Analyst,Corporate Headquarters,,"Bethesda, MD",US (CONUS),Full-time,95900,178100,per-year-salary,,https://lockheedmartin.eightfold.ai/careers/job/996476374712
Lockheed Martin,Eightfold,Manufacturing Robotics Engineer,MFC-Camden,,"Camden, AR",US (CONUS),Full-time,63400,117800,per-year-salary,,https://lockheedmartin.eightfold.ai/careers/job/996476313033
Lockheed Martin,Eightfold,Specialty Engineering and Analysis Senior Manager,Space,,"Littleton, CO",US (CONUS),Full-time,178500,331500,per-year-salary,,https://lockheedmartin.eightfold.ai/careers/job/996476347791
Lockheed Martin,Eightfold,Manufacturing Robotics Engineer Associate,MFC-Camden,,"Camden, AR",US (CONUS),Full-time,52400,97400,per-year-salary,,https://lockheedmartin.eightfold.ai/careers/job/996476502152
Lockheed Martin,Eightfold,Material Planner/Controller Sr - E3,RMS Sikorsky Manufacturing,,"Shelton, CT",US (CONUS),Full-time,81500,151300,per-year-salary,,https://lockheedmartin.eightfold.ai/careers/job/996476400635
Lockheed Martin,Eightfold,Program Quality Engineering Mgr - L5,MFC-Primary,,"Arlington, TX",US (CONUS),Full-time,129000,239600,per-year-salary,,https://lockheedmartin.eightfold.ai/careers/job/996476462169
Lockheed Martin,Eightfold,Guidance Navigation & Control Engineer - Orlando,MFC-Primary,,"Orlando, FL",US (CONUS),Full-time,81100,150500,per-year-salary,,https://lockheedmartin.eightfold.ai/careers/job/996476338528
Lockheed Martin,Eightfold,Engineering Planner - E2,RMS Core,,"Owego, NY",US (CONUS),Full-time,59900,111300,per-year-salary,,https://lockheedmartin.eightfold.ai/careers/job/996476319336
Lockheed Martin,Eightfold,Contracts Management - E2,LM Aeronautics Co- Palmdale,,"Palmdale, CA",US (CONUS),Full-time,67400,125200,per-year-salary,,https://lockheedmartin.eightfold.ai/careers/job/996476186370
Lockheed Martin,Eightfold,Software Engineer Sr - E3,LM Aeronautics Co- Fort Worth,,"Fort Worth, TX",US (CONUS),Full-time,98100,182100,per-year-salary,,https://lockheedmartin.eightfold.ai/careers/job/996476276875
Lockheed Martin,Eightfold,Multi Functional Info Systems Analyst Sr - E3,AFS-LMLS Aero Segment,,"Madison, WI",US (CONUS),Full-time,85300,158300,per-year-salary,,https://lockheedmartin.eightfold.ai/careers/job/996476283854
Lockheed Martin,Eightfold,Avionics/Flight Manual Technical Writer - Level 3,AFS-LMLS Aero Segment,,"Hill AFB, UT",US (CONUS),Full-time,85300,158300,per-year-salary,,https://lockheedmartin.eightfold.ai/careers/job/996476502981
Lockheed Martin,Eightfold,Industrial Engineer Staff,MFC-Camden,,"Camden, AR",US (CONUS),Full-time,94400,175200,per-year-salary,,https://lockheedmartin.eightfold.ai/careers/job/996476205818
Lockheed Martin,Eightfold,Manufacturing Robotics Engineer Sr,MFC-Camden,,"Camden, AR",US (CONUS),Full-time,76700,142500,per-year-salary,,https://lockheedmartin.eightfold.ai/careers/job/996476366063
Lockheed Martin,Eightfold,Multi Functional Info Systems Analyst Sr - E3,AFS-LMLS Aero Segment,,"Edwards AFB, CA",US (CONUS),Full-time,95900,178100,per-year-salary,,https://lockheedmartin.eightfold.ai/careers/job/996476276416
Lockheed Martin,Eightfold,"Network Engineer - IT, Sr / Cleared / Onsite - Manassas/Herndon",Enterprise Business Services,,"Manassas, VA",US (CONUS),Full-time,95900,178100,per-year-salary,,https://lockheedmartin.eightfold.ai/careers/job/996476224848
Lockheed Martin,Eightfold,Manufacturing Robotics Engineer Sr,MFC-Camden,,"Camden, AR",US (CONUS),Full-time,76700,142500,per-year-salary,,https://lockheedmartin.eightfold.ai/careers/job/996476364948
Lockheed Martin,Eightfold,"IT Systems Engineer l Onsite - Orlando, FL",Enterprise Business Services,,"Orlando, FL",US (CONUS),Full-time,70500,130900,per-year-salary,,https://lockheedmartin.eightfold.ai/careers/job/996476183522
Lockheed Martin,Eightfold,Assembler Sr,MFC-Camden,,"Camden, AR",US (CONUS),Full-time,32000,59400,per-year-salary,,https://lockheedmartin.eightfold.ai/careers/job/996476503006
Lockheed Martin,Eightfold,Security Rep Asc Mgr,Enterprise Business Services,,"Orlando, FL",US (CONUS),Full-time,89100,165500,per-year-salary,,https://lockheedmartin.eightfold.ai/careers/job/996476367472
Lockheed Martin,Eightfold,Communications Rep - E2,MFC-Primary,,"Grand Prairie, TX",US (CONUS),Full-time,59900,111300,per-year-salary,,https://lockheedmartin.eightfold.ai/careers/job/996476345260
Lockheed Martin,Eightfold,Communications Rep - E2,MFC-Primary,,"Orlando, FL",US (CONUS),Full-time,59900,111300,per-year-salary,,https://lockheedmartin.eightfold.ai/careers/job/996476383011
Lockheed Martin,Eightfold,Aircraft Maintenance Supv - L3,LM Aeronautics Co- Fort Worth,,"Edwards AFB, CA",US (CONUS),Full-time,81500,151300,per-year-salary,,https://lockheedmartin.eightfold.ai/careers/job/996476207789
Lockheed Martin,Eightfold,"F-35 Support Equipment Field Engineer Supervisor / Edwards AFB, CA",RMS-Svcs-LMOS,,"Edwards AFB, CA",US (CONUS),Full-time,95900,178100,per-year-salary,,https://lockheedmartin.eightfold.ai/careers/job/996476211756
Lockheed Martin,Eightfold,"RF Engineer, Electronic Warfare Systems, Sr Staff - Grand Prairie, TX",MFC-Primary,,"Grand Prairie, TX",US (CONUS),Full-time,148300,275500,per-year-salary,,https://lockheedmartin.eightfold.ai/careers/job/996476326669
Lockheed Martin,Eightfold,"RF Engineer, Sr Staff - Andover, MA",MFC-Chelmsford,,"Andover, MA",US (CONUS),Full-time,166900,309900,per-year-salary,,https://lockheedmartin.eightfold.ai/careers/job/996476233025
Lockheed Martin,Eightfold,Pulsed Power Design Engineer,MFC-Primary,,"Grand Prairie, TX",US (CONUS),Full-time,81100,150500,per-year-salary,,https://lockheedmartin.eightfold.ai/careers/job/996476492352
Lockheed Martin,Eightfold,Production Scheduler - Level 2,Space,,"King of Prussia, PA",US (CONUS),Full-time,67400,125200,per-year-salary,,https://lockheedmartin.eightfold.ai/careers/job/996476466729
Lockheed Martin,Eightfold,Production Planner - Level 2,Space,,"King of Prussia, PA",US (CONUS),Full-time,67400,125200,per-year-salary,,https://lockheedmartin.eightfold.ai/careers/job/996476282599
Lockheed Martin,Eightfold,Multi Functional Info Systems Analyst Stf - E4,LMLS EEs on EBS LMGI Ldgr,,"Greenville, SC",US (CONUS),Full-time,104900,194700,per-year-salary,,https://lockheedmartin.eightfold.ai/careers/job/996476493395
Lockheed Martin,Eightfold,Data Fusion Software Engineering Mgr - L5,LM Aeronautics Co- Fort Worth,,"Fort Worth, TX",US (CONUS),Full-time,148300,275500,per-year-salary,,https://lockheedmartin.eightfold.ai/careers/job/996476301005
Lockheed Martin,Eightfold,Software Quality Engineer Sr - E3,MFC-Primary,,"Grand Prairie, TX",US (CONUS),Full-time,85300,158300,per-year-salary,,https://lockheedmartin.eightfold.ai/careers/job/996476347086
Lockheed Martin,Eightfold,Program Management Mgr - L5,MFC-Primary,,"Orlando, FL",US (CONUS),Full-time,148300,275500,per-year-salary,,https://lockheedmartin.eightfold.ai/careers/job/996476390363
Lockheed Martin,Eightfold,Quality Engineer - E2,MFC-Primary,,"Grand Prairie, TX",US (CONUS),Full-time,70500,130900,per-year-salary,,https://lockheedmartin.eightfold.ai/careers/job/996476390021
Lockheed Martin,Eightfold,"RADAR Signal Processing & Algorithm Engineer, Sr. - Grand Prairie, TX",MFC-Primary,,"Grand Prairie, TX",US (CONUS),Full-time,98100,182100,per-year-salary,,https://lockheedmartin.eightfold.ai/careers/job/996476343548
Lockheed Martin,Eightfold,Quality Engineer Stf - E4,MFC-Primary,,"Grand Prairie, TX",US (CONUS),Full-time,104900,194700,per-year-salary,,https://lockheedmartin.eightfold.ai/careers/job/996476390969
Lockheed Martin,Eightfold,Computational Electromagnetics Software Developer CEM - Level 3,LM Aeronautics Co- Fort Worth,,"Fort Worth, TX",US (CONUS),Full-time,98100,182100,per-year-salary,,https://lockheedmartin.eightfold.ai/careers/job/996476203790
Lockheed Martin,Eightfold,"Low Observable/Structures Technician, F-22 - Level 3",AFS-LMLS Aero Segment,,"Hampton, VA",US (CONUS),Full-time,27.79,51.63,per-hour-wage,,https://lockheedmartin.eightfold.ai/careers/job/996476368101
Lockheed Martin,Eightfold,Level 2 Production Planner,Space,,"King of Prussia, PA",US (CONUS),Full-time,67400,125200,per-year-salary,,https://lockheedmartin.eightfold.ai/careers/job/996476388199
Lockheed Martin,Eightfold,Radio Frequency Engineer - E2,Space,,"Littleton, CO",US (CONUS),Full-time,91200,169400,per-year-salary,,https://lockheedmartin.eightfold.ai/careers/job/996476378098
Lockheed Martin,Eightfold,Manufacturing Project Engineering Manager,Space,,"King of Prussia, PA",US (CONUS),Full-time,145100,269500,per-year-salary,,https://lockheedmartin.eightfold.ai/careers/job/996476342955
Lockheed Martin,Eightfold,Software Engineering Sr Mgr - L6,Space,,"Longmont, CO",US (CONUS),Full-time,205300,381300,per-year-salary,,https://lockheedmartin.eightfold.ai/careers/job/996476475374
Lockheed Martin,Eightfold,Software Engineer Sr - E3,Space,,"Littleton, CO",US (CONUS),Full-time,110300,204900,per-year-salary,,https://lockheedmartin.eightfold.ai/careers/job/996476477145
Lockheed Martin,Eightfold,Systems Engineer Staff (Level 4),Space,,"Cape Canaveral, FL",US (CONUS),Full-time,104900,194700,per-year-salary,,https://lockheedmartin.eightfold.ai/careers/job/996476475381
Lockheed Martin,Eightfold,Financial Management - E2,Space,,"Littleton, CO",US (CONUS),Full-time,67400,125200,per-year-salary,,https://lockheedmartin.eightfold.ai/careers/job/996476384906
Lockheed Martin,Eightfold,Mechanical Engineering Asc Mgr - Structural Analysis,Space,,"Englewood, CO",US (CONUS),Full-time,118000,219100,per-year-salary,,https://lockheedmartin.eightfold.ai/careers/job/996476474668
Lockheed Martin,Eightfold,Radio Frequency Engineer Sr - E3,Space,,"Littleton, CO",US (CONUS),Full-time,110300,204900,per-year-salary,,https://lockheedmartin.eightfold.ai/careers/job/996476474149
Lockheed Martin,Eightfold,Systems Engineer Stf - Analysis Integration,Space,,"Littleton, CO",US (CONUS),Full-time,118000,219100,per-year-salary,,https://lockheedmartin.eightfold.ai/careers/job/996476474508
Lockheed Martin,Eightfold,Software Engineering Project Manager / Deputy IPT Lead,Space,,"Littleton, CO",US (CONUS),Full-time,118000,219100,per-year-salary,,https://lockheedmartin.eightfold.ai/careers/job/996476373242
Lockheed Martin,Eightfold,Financial Management Stf - E4,Space,,"Highlands Ranch, CO",US (CONUS),Full-time,100200,186200,per-year-salary,,https://lockheedmartin.eightfold.ai/careers/job/996476374104
Lockheed Martin,Eightfold,Military Operations Analyst Stf - E4,MFC-SOFGLSS-LMOS,,"Fayetteville, NC",US (CONUS),Full-time,80200,149000,per-year-salary,,https://lockheedmartin.eightfold.ai/careers/job/996476472439
Lockheed Martin,Eightfold,Contracts Management - E2 (Top Secret Clearance Required),Space LMOS,,"Herndon, VA",US (CONUS),Full-time,67400,125200,per-year-salary,,https://lockheedmartin.eightfold.ai/careers/job/996476385310
Lockheed Martin,Eightfold,Systems Engineer Stf - Level 4,Space,,"King of Prussia, PA",US (CONUS),Full-time,118000,219100,per-year-salary,,https://lockheedmartin.eightfold.ai/careers/job/996476348133
Lockheed Martin,Eightfold,Material Coordinator (W21030),MFC-SOFGLSS-LMOS,,"Fort Knox, KY",US (CONUS),Full-time,1,9999999,per-year-salary,,https://lockheedmartin.eightfold.ai/careers/job/996476471217
Lockheed Martin,Eightfold,Systems Engineer Sr - Level 3,Space,,"King of Prussia, PA",US (CONUS),Full-time,95900,178100,per-year-salary,,https://lockheedmartin.eightfold.ai/careers/job/996476340955
Lockheed Martin,Eightfold,Software Engineer Stf - E4,Space,,"Littleton, CO",US (CONUS),Full-time,135700,251900,per-year-salary,,https://lockheedmartin.eightfold.ai/careers/job/996476372932
Lockheed Martin,Eightfold,Systems Engineer - Level 2,Space,,"King of Prussia, PA",US (CONUS),Full-time,79300,147300,per-year-salary,,https://lockheedmartin.eightfold.ai/careers/job/996476308883
Lockheed Martin,Eightfold,Facility Operations Sr - E3,MFC-SOFGLSS-LMOS,,"Fort Knox, KY",US (CONUS),Full-time,65200,121200,per-year-salary,,https://lockheedmartin.eightfold.ai/careers/job/996476298040
Lockheed Martin,Eightfold,Financial Management Stf - E4,Space,,"King of Prussia, PA",US (CONUS),Full-time,100200,186200,per-year-salary,,https://lockheedmartin.eightfold.ai/careers/job/996476277171
Lockheed Martin,Eightfold,Subcontract Program Management Mgr - L5,MFC-Primary,,"Orlando, FL",US (CONUS),Full-time,129000,239600,per-year-salary,,https://lockheedmartin.eightfold.ai/careers/job/996476459530
Lockheed Martin,Eightfold,Category Management Mgr - L5,Space,,"Highlands Ranch, CO",US (CONUS),Full-time,123400,229200,per-year-salary,,https://lockheedmartin.eightfold.ai/careers/job/996476285270
Lockheed Martin,Eightfold,Quality Engineer Sr - E3,RMS Sikorsky Manufacturing,,"Stratford, CT",US (CONUS),Full-time,95900,178100,per-year-salary,,https://lockheedmartin.eightfold.ai/careers/job/996476385729
Lockheed Martin,Eightfold,Manufacturing Process Technician,Space,,"King of Prussia, PA",US (CONUS),Full-time,56600,105000,per-year-salary,,https://lockheedmartin.eightfold.ai/careers/job/996476387947
Lockheed Martin,Eightfold,Project Management & Planning Operations Rep Sr - E3,MFC-Camden,,"Camden, AR",US (CONUS),Full-time,76700,142500,per-year-salary,,https://lockheedmartin.eightfold.ai/careers/job/996476347434
Lockheed Martin,Eightfold,Subcontract Management Sr - E3,MFC-Primary,,"Orlando, FL",US (CONUS),Full-time,72500,134600,per-year-salary,,https://lockheedmartin.eightfold.ai/careers/job/996476323955
Lockheed Martin,Eightfold,Dev Sec Engineering - E2,Space,,"Boulder, CO",US (CONUS),Full-time,91200,169400,per-year-salary,,https://lockheedmartin.eightfold.ai/careers/job/996476305280
Lockheed Martin,Eightfold,ERP Business Analyst Sr Stf - E5,LM Aeronautics Co- Fort Worth,,"Fort Worth, TX",US/Remote,Full-time,129000,239600,per-year-salary,,https://lockheedmartin.eightfold.ai/careers/job/996476346881
Lockheed Martin,Eightfold,Electronics Tech Maint II,MFC-SOFGLSS-LMOS,,"Crestview, FL",US (CONUS),Full-time,36.66,36.66,per-hour-wage,,https://lockheedmartin.eightfold.ai/careers/job/996476465968
Lockheed Martin,Eightfold,Technician Spec - N3,Space,,"Courtland, AL",US (CONUS),Full-time,50300,93300,per-year-salary,,https://lockheedmartin.eightfold.ai/careers/job/996476317036
Lockheed Martin,Eightfold,Multifunctional Manufacturing Asc Mgr - L4,Space,,"Courtland, AL",US (CONUS),Full-time,89100,165500,per-year-salary,,https://lockheedmartin.eightfold.ai/careers/job/996476280569
Lockheed Martin,Eightfold,Electronics Tech Maint 1,MFC-SOFGLSS-LMOS,,"Crestview, FL",US (CONUS),Full-time,34.23,34.23,per-hour-wage,,https://lockheedmartin.eightfold.ai/careers/job/996476467723
Lockheed Martin,Eightfold,Electrical Engineer Sr - E3,MFC-SOFGLSS-LMOS,,"Lexington, KY",US (CONUS),Full-time,76700,142500,per-year-salary,,https://lockheedmartin.eightfold.ai/careers/job/996476464514
Lockheed Martin,Eightfold,External Communications and Events Director,Space Headquarters,,"Highlands Ranch, CO",US (CONUS),Full-time,180000,325000,per-year-salary,,https://lockheedmartin.eightfold.ai/careers/job/996476462392
Lockheed Martin,Eightfold,Mechanical Propulsion Engineer,Space,,"Englewood, CO",US (CONUS),Full-time,79300,147300,per-year-salary,,https://lockheedmartin.eightfold.ai/careers/job/996476468832
Lockheed Martin,Eightfold,Systems Engineer Senior,Space,,"Littleton, CO",US (CONUS),Full-time,95900,178100,per-year-salary,,https://lockheedmartin.eightfold.ai/careers/job/996476465009
Lockheed Martin,Eightfold,Engineering Aide Sr - Second Shift,MFC-Primary,,"Archbald, PA",US (CONUS),Full-time,43300,80500,per-year-salary,,https://lockheedmartin.eightfold.ai/careers/job/996476384862
Lockheed Martin,Eightfold,Contracts Management Asc - E1,Space,,"Washington, DC",US (CONUS),Full-time,55700,103400,per-year-salary,,https://lockheedmartin.eightfold.ai/careers/job/996476357471
Lockheed Martin,Eightfold,Systems Engineer,Space,,"Littleton, CO",US (CONUS),Full-time,79300,147300,per-year-salary,,https://lockheedmartin.eightfold.ai/careers/job/996476446448
Lockheed Martin,Eightfold,Applications Engineer Principal - Level 6,LM Aeronautics Co- Fort Worth,,"Fort Worth, TX",US (CONUS),Full-time,158700,294700,per-year-salary,,https://lockheedmartin.eightfold.ai/careers/job/996476417744
Lockheed Martin,Eightfold,Manufacturing Technology Engineer- Level 3,LM Aeronautics Co- Fort Worth,,"Fort Worth, TX",US (CONUS),Full-time,85300,158300,per-year-salary,,https://lockheedmartin.eightfold.ai/careers/job/996476423563
Lockheed Martin,Eightfold,Systems Engineer Sr Stf,Space,,"Littleton, CO",US (CONUS),Full-time,145100,269500,per-year-salary,,https://lockheedmartin.eightfold.ai/careers/job/996476356264
Lockheed Martin,Eightfold,Electro Mechanical Engineer Sr,MFC-Primary,,"Grand Prairie, TX",US (CONUS),Full-time,85300,158300,per-year-salary,,https://lockheedmartin.eightfold.ai/careers/job/996476390959
Lockheed Martin,Eightfold,Electro Mechanical Engineering Asc Mgr,MFC-Primary,,"Grand Prairie, TX",US (CONUS),Full-time,104900,194700,per-year-salary,,https://lockheedmartin.eightfold.ai/careers/job/996476289303
Lockheed Martin,Eightfold,"Systems Engineer, Senior - Simulation",Space,,"Littleton, CO",US (CONUS),Full-time,95900,178100,per-year-salary,,https://lockheedmartin.eightfold.ai/careers/job/996476342382
Lockheed Martin,Eightfold,ElectroMechanical Packaging Engineer (Hardware Protection Focus),MFC-Primary,,"Orlando, FL",US (CONUS),Full-time,104900,194700,per-year-salary,,https://lockheedmartin.eightfold.ai/careers/job/996476276879
Lockheed Martin,Eightfold,Financial Management Stf - E4,Space,,"Titusville, FL",US (CONUS),Full-time,89100,165500,per-year-salary,,https://lockheedmartin.eightfold.ai/careers/job/996476352107
Lockheed Martin,Eightfold,Accounting Asc - E1,Enterprise Business Services,,"Lakeland, FL",US/Remote,Full-time,44500,82700,per-year-salary,,https://lockheedmartin.eightfold.ai/careers/job/996476414091
Lockheed Martin,Eightfold,ERP Business Analyst Sr Stf - E5,LM Aeronautics Co- Fort Worth,,"Fort Worth, TX",US/Remote,Full-time,129000,239600,per-year-salary,,https://lockheedmartin.eightfold.ai/careers/job/996476350861
Lockheed Martin,Eightfold,Communications Sr Mgr - L6,LM Aeronautics Co- Fort Worth,,"Fort Worth, TX",US (CONUS),Full-time,134900,250500,per-year-salary,,https://lockheedmartin.eightfold.ai/careers/job/996476323159
Lockheed Martin,Eightfold,Financial Management - E2,LM Aeronautics Co- Fort Worth,,"Fort Worth, TX",US (CONUS),Full-time,59900,111300,per-year-salary,,https://lockheedmartin.eightfold.ai/careers/job/996476339434
Lockheed Martin,Eightfold,Financial Management Stf - E4,LM Aeronautics Co- Fort Worth,,"Fort Worth, TX",US (CONUS),Full-time,89100,165500,per-year-salary,,https://lockheedmartin.eightfold.ai/careers/job/996476339955
Lockheed Martin,Eightfold,Financial Management Stf - E4,LM Aeronautics Co- Palmdale,,"Palmdale, CA",US (CONUS),Full-time,100200,186200,per-year-salary,,https://lockheedmartin.eightfold.ai/careers/job/996476308873
Lockheed Martin,Eightfold,Manufacturing Engineer Sr - Second Shift,MFC-Primary,,"Archbald, PA",US (CONUS),Full-time,76700,142500,per-year-salary,,https://lockheedmartin.eightfold.ai/careers/job/996476315640
Lockheed Martin,Eightfold,Manufacturing Engineer Sr,MFC-Primary,,"Archbald, PA",US (CONUS),Full-time,76700,142500,per-year-salary,,https://lockheedmartin.eightfold.ai/careers/job/996476318032
Lockheed Martin,Eightfold,Tool Engineer Sr - E3,MFC-Primary,,"Archbald, PA",US (CONUS),Full-time,76700,142500,per-year-salary,,https://lockheedmartin.eightfold.ai/careers/job/996476315061
Lockheed Martin,Eightfold,"Systems Engineer, Senior - Simulation",Space,,"Littleton, CO",US (CONUS),Full-time,95900,178100,per-year-salary,,https://lockheedmartin.eightfold.ai/careers/job/996476434019
Lockheed Martin,Eightfold,Software Engineer Stf - E4,LM Aeronautics Co- Fort Worth,,"Fort Worth, TX",US (CONUS),Full-time,120600,224000,per-year-salary,,https://lockheedmartin.eightfold.ai/careers/job/996476378005
Lockheed Martin,Eightfold,Capture Management Stf - E4,MFC-Primary,,"Orlando, FL",US (CONUS),Full-time,104900,194700,per-year-salary,,https://lockheedmartin.eightfold.ai/careers/job/996476390038
Lockheed Martin,Eightfold,Systems Engineer Stf,Space,,"Colorado Springs, CO",US (CONUS),Full-time,104900,194700,per-year-salary,,https://lockheedmartin.eightfold.ai/careers/job/996476281268
Lockheed Martin,Eightfold,Contracts Management Asc - E1,Space,,"Huntsville, AL",US (CONUS),Full-time,49500,91900,per-year-salary,,https://lockheedmartin.eightfold.ai/careers/job/996476402149
Lockheed Martin,Eightfold,Manufacturing Planner - E2,MFC-SOFGLSS-LMOS,,"Lexington, KY",US (CONUS),Full-time,53900,100100,per-year-salary,,https://lockheedmartin.eightfold.ai/careers/job/996476349181
Lockheed Martin,Eightfold,Program & Customer Relationship Rep Sr - E3,RMS Sikorsky Core,,"Trumbull, CT",US (CONUS),Full-time,81500,151300,per-year-salary,,https://lockheedmartin.eightfold.ai/careers/job/996476320327
Lockheed Martin,Eightfold,Program Management Mgr - L5,LM Aeronautics Co- Fort Worth,,"Fort Worth, TX",US (CONUS),Full-time,148300,275500,per-year-salary,,https://lockheedmartin.eightfold.ai/careers/job/996476355894
Lockheed Martin,Eightfold,Program Management Sr Mgr - L6,MFC-Primary,,"Orlando, FL",US (CONUS),Full-time,182500,338900,per-year-salary,,https://lockheedmartin.eightfold.ai/careers/job/996476370151
Lockheed Martin,Eightfold,Shop Floor/Production Controller (Manufacturing Operations),Space,,"King of Prussia, PA",US (CONUS),Full-time,81500,151300,per-year-salary,,https://lockheedmartin.eightfold.ai/careers/job/996476320616
Lockheed Martin,Eightfold,Manufacturing Operations Manager,Space,,"King of Prussia, PA",US (CONUS),Full-time,100200,186200,per-year-salary,,https://lockheedmartin.eightfold.ai/careers/job/996476285400
Lockheed Martin,Eightfold,Technician - Product Test Sr - N2,MFC-Lufkin,,"Lufkin, TX",US (CONUS),Full-time,37700,69900,per-year-salary,,https://lockheedmartin.eightfold.ai/careers/job/996476390967
Lockheed Martin,Eightfold,"External Loads Engineer, Level 3",LM Aeronautics Co- Palmdale,,"Palmdale, CA",US (CONUS),Full-time,95900,178100,per-year-salary,,https://lockheedmartin.eightfold.ai/careers/job/996476353832
Lockheed Martin,Eightfold,Administrative Assistant Specialist,MFC-Camden,,"Camden, AR",US (CONUS),Full-time,54300,100900,per-year-salary,,https://lockheedmartin.eightfold.ai/careers/job/996476339578
Lockheed Martin,Eightfold,Assembler Sr,MFC-Camden,,"Camden, AR",US (CONUS),Full-time,32000,59400,per-year-salary,,https://lockheedmartin.eightfold.ai/careers/job/996476403266
Lockheed Martin,Eightfold,General Counsel Director,MFC-Primary,,"Grand Prairie, TX",US (CONUS),Full-time,180000,325000,per-year-salary,,https://lockheedmartin.eightfold.ai/careers/job/996476326727
Lockheed Martin,Eightfold,Multifunctional Facilities Asc Mgr - L4,MFC-Primary,,"Grand Prairie, TX",US/Remote,Full-time,89100,165500,per-year-salary,,https://lockheedmartin.eightfold.ai/careers/job/996476286905
Lockheed Martin,Eightfold,Program Management Sr Mgr - L6,LM Aeronautics Co- Fort Worth,,"Fort Worth, TX",US (CONUS),Full-time,182500,338900,per-year-salary,,https://lockheedmartin.eightfold.ai/careers/job/996476277429
Lockheed Martin,Eightfold,Systems Engineer Sr,RMS Core,,"Camden, NJ",US (CONUS),Full-time,0,0,per-hour-wage,,https://lockheedmartin.eightfold.ai/careers/job/996476378737
Lockheed Martin,Eightfold,Inventory Specialist,Space,,"Silverdale, WA",US (CONUS),Full-time,67400,125200,per-year-salary,,https://lockheedmartin.eightfold.ai/careers/job/996476277542
Lockheed Martin,Eightfold,Software Quality Engineer Stf - E4,MFC-Primary,,"Grand Prairie, TX",US (CONUS),Full-time,104900,194700,per-year-salary,,https://lockheedmartin.eightfold.ai/careers/job/996476342987
Lockheed Martin,Eightfold,Machinist General Specialist - 3rd Shift,MFC-Camden,,"Camden, AR",US (CONUS),Full-time,45200,84000,per-year-salary,,https://lockheedmartin.eightfold.ai/careers/job/996476400584
Lockheed Martin,Eightfold,Transformation & Enablement Associate Manager,Enterprise Business Services,,"Fort Worth, TX",US (CONUS),Full-time,104900,194700,per-year-salary,,https://lockheedmartin.eightfold.ai/careers/job/996476386086
Lockheed Martin,Eightfold,Contracts Management Sr Stf - E5,MFC-Primary,,"Grand Prairie, TX",US (CONUS),Full-time,109700,203700,per-year-salary,,https://lockheedmartin.eightfold.ai/careers/job/996476308481
Lockheed Martin,Eightfold,Systems Engineer - E2,LM Aeronautics Co- Palmdale,,"Palmdale, CA",US (CONUS),Full-time,79300,147300,per-year-salary,,https://lockheedmartin.eightfold.ai/careers/job/996476354606
Lockheed Martin,Eightfold,Program Management Stf - E4,LM Aeronautics Co- Fort Worth,,"Fort Worth, TX",US (CONUS),Full-time,120600,224000,per-year-salary,,https://lockheedmartin.eightfold.ai/careers/job/996476289210
Lockheed Martin,Eightfold,Integrated Program Planner - E2,Space,,"Silverdale, WA",US (CONUS),Full-time,67400,125200,per-year-salary,,https://lockheedmartin.eightfold.ai/careers/job/996476352626
Lockheed Martin,Eightfold,Mechanical Engineer Stf - E4,Space,,"Englewood, CO",US (CONUS),Full-time,118000,219100,per-year-salary,,https://lockheedmartin.eightfold.ai/careers/job/996476290176
Lockheed Martin,Eightfold,Electronics Engineer - E2,LM Aeronautics Co- Fort Worth,,", MD",US (CONUS),Full-time,79300,147300,per-year-salary,,https://lockheedmartin.eightfold.ai/careers/job/996476345049
Lockheed Martin,Eightfold,Multi Functional Info Systems Analyst Stf - E4,AFS-LMLS Aero Segment,,"Tyndall AFB, FL",US (CONUS),Full-time,94400,175200,per-year-salary,,https://lockheedmartin.eightfold.ai/careers/job/996476277232
Lockheed Martin,Eightfold,Systems Engineer - E2,MFC-Primary,,"Orlando, FL",US (CONUS),Full-time,70500,130900,per-year-salary,,https://lockheedmartin.eightfold.ai/careers/job/996476387331
Lockheed Martin,Eightfold,Systems Architect Sr - E3,MFC-Primary,,"Orlando, FL",US (CONUS),Full-time,98100,182100,per-year-salary,,https://lockheedmartin.eightfold.ai/careers/job/996476385109
Lockheed Martin,Eightfold,Assembler Sr,MFC-Camden,,"Camden, AR",US (CONUS),Full-time,32000,59400,per-year-salary,,https://lockheedmartin.eightfold.ai/careers/job/996476354745
Lockheed Martin,Eightfold,Manufacturing Supervisor,MFC-Camden,,"Camden, AR",US (CONUS),Full-time,65200,121200,per-year-salary,,https://lockheedmartin.eightfold.ai/careers/job/996476387301
Lockheed Martin,Eightfold,Systems Engineer Sr Stf - E5,MFC-Primary,,"Orlando, FL",US (CONUS),Full-time,129000,239600,per-year-salary,,https://lockheedmartin.eightfold.ai/careers/job/996476384281
Lockheed Martin,Eightfold,Supply Chain - Subcontract Management Staff- Level 4,LM Aeronautics Co- Fort Worth,,"Fort Worth, TX",US (CONUS),Full-time,89100,165500,per-year-salary,,https://lockheedmartin.eightfold.ai/careers/job/996476350390
Lockheed Martin,Eightfold,Systems Engineer Stf - E4,MFC-Primary,,"Orlando, FL",US (CONUS),Full-time,104900,194700,per-year-salary,,https://lockheedmartin.eightfold.ai/careers/job/996476378912
Lockheed Martin,Eightfold,Driver General Sr,MFC-Camden,,"Camden, AR",US (CONUS),Full-time,32000,59400,per-year-salary,,https://lockheedmartin.eightfold.ai/careers/job/996476390006
Lockheed Martin,Eightfold,RF Sensor Product Center IPT Lead - Systems Engineer Stf - E4,MFC-Primary,,"Orlando, FL",US (CONUS),Full-time,104900,194700,per-year-salary,,https://lockheedmartin.eightfold.ai/careers/job/996476375625
Lockheed Martin,Eightfold,Financial Management Sr - E3,MFC-Primary,,"Orlando, FL",US (CONUS),Full-time,72500,134600,per-year-salary,,https://lockheedmartin.eightfold.ai/careers/job/996476282945
Lockheed Martin,Eightfold,"Metrologist - Archbald, PA",MFC-Primary,,"Archbald, PA",US (CONUS),Full-time,63400,117800,per-year-salary,,https://lockheedmartin.eightfold.ai/careers/job/996476356493
Lockheed Martin,Eightfold,Program Management Mgr,RMS Core,,"Liverpool, NY",US (CONUS),Full-time,148300,275500,per-year-salary,,https://lockheedmartin.eightfold.ai/careers/job/996476369264
Lockheed Martin,Eightfold,Component Engineer Asc - E1,Space,,"Littleton, CO",US (CONUS),Full-time,65500,121700,per-year-salary,,https://lockheedmartin.eightfold.ai/careers/job/996476386417
Lockheed Martin,Eightfold,Manufacturing Engineer Sr,MFC-Primary,,"Archbald, PA",US (CONUS),Full-time,76700,142500,per-year-salary,,https://lockheedmartin.eightfold.ai/careers/job/996476316087
Lockheed Martin,Eightfold,Proposal Analyst - E2,RMS Core,,"Orlando, FL",US (CONUS),Full-time,59900,111300,per-year-salary,,https://lockheedmartin.eightfold.ai/careers/job/996476370551
Lockheed Martin,Eightfold,Manufacturing Engineer - E2,MFC-Primary,,"Archbald, PA",US (CONUS),Full-time,63400,117800,per-year-salary,,https://lockheedmartin.eightfold.ai/careers/job/996476301342
Lockheed Martin,Eightfold,Contracts Management Stf - E4,RMS Core,,"Manassas, VA",US (CONUS),Full-time,100200,186200,per-year-salary,,https://lockheedmartin.eightfold.ai/careers/job/996476388107
Lockheed Martin,Eightfold,Manufacturing Engineering Asc Mgr - L4,MFC-Primary,,"Archbald, PA",US (CONUS),Full-time,94400,175200,per-year-salary,,https://lockheedmartin.eightfold.ai/careers/job/996476338385
Lockheed Martin,Eightfold,Subcontract Administration (Buyer) - E2,LM Aeronautics Co- Marietta,,"Marietta, GA",US (CONUS),Full-time,59900,111300,per-year-salary,,https://lockheedmartin.eightfold.ai/careers/job/996476277479
Lockheed Martin,Eightfold,Multifunctional Manufacturing Supv - L3,MFC-Primary,,"Orlando, FL",US (CONUS),Full-time,72500,134600,per-year-salary,,https://lockheedmartin.eightfold.ai/careers/job/996476348811
Lockheed Martin,Eightfold,"Embedded Software Engineer - Safety C++ / Grand Prairie, Texas",MFC-Primary,,"Grand Prairie, TX",US (CONUS),Full-time,98100,182100,per-year-salary,,https://lockheedmartin.eightfold.ai/careers/job/996476326252
Lockheed Martin,Eightfold,Contracts Management Sr,RMS Core,,"Manassas, VA",US (CONUS),Full-time,81500,151300,per-year-salary,,https://lockheedmartin.eightfold.ai/careers/job/996476322867
Lockheed Martin,Eightfold,Operations Engineer,MFC-Primary,,"Orlando, FL",US (CONUS),Full-time,104900,194700,per-year-salary,,https://lockheedmartin.eightfold.ai/careers/job/996476315669
Lockheed Martin,Eightfold,Items Analyst Sr - E3,LM Aeronautics Co- Fort Worth,,", MD",US (CONUS),Full-time,81500,151300,per-year-salary,,https://lockheedmartin.eightfold.ai/careers/job/996476317253
Lockheed Martin,Eightfold,Systems Engineering Mgr - L5,Space,,"Littleton, CO",US (CONUS),Full-time,145100,269500,per-year-salary,,https://lockheedmartin.eightfold.ai/careers/job/996476305277
Lockheed Martin,Eightfold,Procurement Engineering - Manager - Level 5,LM Aeronautics Co- Fort Worth,,"Fort Worth, TX",US (CONUS),Full-time,129000,239600,per-year-salary,,https://lockheedmartin.eightfold.ai/careers/job/996476353502
Lockheed Martin,Eightfold,Data Fusion Block Lead (Release Train Engineer) Prin - E6,LM Aeronautics Co- Fort Worth,,"Fort Worth, TX",US (CONUS),Full-time,182500,338900,per-year-salary,,https://lockheedmartin.eightfold.ai/careers/job/996476309164
Lockheed Martin,Eightfold,F-16 Subcontract Management Stf - E4,LM Aeronautics Co- Fort Worth,,"Fort Worth, TX",US (CONUS),Full-time,89100,165500,per-year-salary,,https://lockheedmartin.eightfold.ai/careers/job/996476313673
Lockheed Martin,Eightfold,Manufacturing Readiness Lead,MFC-Primary,,"Orlando, FL",US (CONUS),Full-time,104900,194700,per-year-salary,,https://lockheedmartin.eightfold.ai/careers/job/996476319749
Lockheed Martin,Eightfold,Technical Trainer,Space,,"John C. Stennis Space Center, MS",US (CONUS),Full-time,59900,111300,per-year-salary,,https://lockheedmartin.eightfold.ai/careers/job/996476385118
Lockheed Martin,Eightfold,Multi Functional Info Systems Analyst - E2,AFS-LMLS Aero Segment,,", AZ",US (CONUS),Full-time,70500,130900,per-year-salary,,https://lockheedmartin.eightfold.ai/careers/job/996476277373
Lockheed Martin,Eightfold,Technical Trainer,Space,,"Sunnyvale, CA",US (CONUS),Full-time,74900,139100,per-year-salary,,https://lockheedmartin.eightfold.ai/careers/job/996476349383
Lockheed Martin,Eightfold,Avionics Intermediate Shop Field Service Engineer Staff (Bahrain)- Level 4,AFS-LMLS Aero Segment,,"Greenville, SC",US (CONUS),Full-time,104900,194700,per-year-salary,,https://lockheedmartin.eightfold.ai/careers/job/996476345555
Lockheed Martin,Eightfold,System Integration Business Analyst - Software Compliance,Enterprise Business Services,,"Huntsville, AL",US/Remote,Full-time,59900,111300,per-year-salary,,https://lockheedmartin.eightfold.ai/careers/job/996476225015
Lockheed Martin,Eightfold,"IT Operations Associate Manager / TS / Onsite: Sunnyvale, CA",Enterprise Business Services,,"Sunnyvale, CA",US (CONUS),Full-time,131100,243500,per-year-salary,,https://lockheedmartin.eightfold.ai/careers/job/996476228706
Lockheed Martin,Eightfold,Subcontract Administration - E2,LM Aeronautics Co- Marietta,,"Marietta, GA",US (CONUS),Full-time,59900,111300,per-year-salary,,https://lockheedmartin.eightfold.ai/careers/job/996476312669
Lockheed Martin,Eightfold,Program Management Mgr - L5,MFC-Primary,,"Grand Prairie, TX",US (CONUS),Full-time,148300,275500,per-year-salary,,https://lockheedmartin.eightfold.ai/careers/job/996476299663
Lockheed Martin,Eightfold,Test Engineer,RMS Core,,"Colorado Springs, CO",US (CONUS),Full-time,70500,130900,per-year-salary,,https://lockheedmartin.eightfold.ai/careers/job/996476354979
Lockheed Martin,Eightfold,Software Engineer Asc,RMS Core,,"Huntsville, AL",US (CONUS),Full-time,67000,124400,per-year-salary,,https://lockheedmartin.eightfold.ai/careers/job/996476350640
Lockheed Martin,Eightfold,Aeronautical Engineer Asc Mgr - L4,LM Aeronautics Co- Marietta,,"Marietta, GA",US (CONUS),Full-time,104900,194700,per-year-salary,,https://lockheedmartin.eightfold.ai/careers/job/996476315277
Lockheed Martin,Eightfold,Electrical Engineer - E2,LM Aeronautics Co- Marietta,,"Marietta, GA",US (CONUS),Full-time,70500,130900,per-year-salary,,https://lockheedmartin.eightfold.ai/careers/job/996476315172
Lockheed Martin,Eightfold,Subcontract Management Sr - E3,RMS Core,,"Liverpool, NY",US (CONUS),Full-time,81500,151300,per-year-salary,,https://lockheedmartin.eightfold.ai/careers/job/996476325663
Lockheed Martin,Eightfold,2nd Shift Inspector - Machined Parts Sr - N2,RMS Manufacturing,,"Owego, NY",US (CONUS),Full-time,48200,89400,per-year-salary,,https://lockheedmartin.eightfold.ai/careers/job/996476352229
Lockheed Martin,Eightfold,Subcontract Management Sr - E3,RMS Core,,"Moorestown, NJ",US/Remote,Full-time,81500,151300,per-year-salary,,https://lockheedmartin.eightfold.ai/careers/job/996476348664
Lockheed Martin,Eightfold,"System Engineer Staff - Mission Planning - Orlando, FL",MFC-Primary,,"Orlando, FL",US (CONUS),Full-time,104900,194700,per-year-salary,,https://lockheedmartin.eightfold.ai/careers/job/996476313031
Lockheed Martin,Eightfold,Packaging Engineer - E2,MFC-Primary,,"Grand Prairie, TX",US (CONUS),Full-time,70500,130900,per-year-salary,,https://lockheedmartin.eightfold.ai/careers/job/996476353686
Lockheed Martin,Eightfold,Systems Engineering Asc Mgr - L4,Space,,"Sunnyvale, CA",US (CONUS),Full-time,131100,243500,per-year-salary,,https://lockheedmartin.eightfold.ai/careers/job/996476381422
Lockheed Martin,Eightfold,Data Engineer Stf - E4,Enterprise Business Services,,"Fort Worth, TX",US (CONUS),Full-time,104900,194700,per-year-salary,,https://lockheedmartin.eightfold.ai/careers/job/996476352475
Lockheed Martin,Eightfold,Mechanical & Tool Inspector,MFC-Primary,,"Orlando, FL",US (CONUS),Full-time,27.04,43.42,per-hour-wage,,https://lockheedmartin.eightfold.ai/careers/job/996476382871
Lockheed Martin,Eightfold,Safety Engineer - E2,Space,,"Kings Bay Base, GA",US (CONUS),Full-time,70500,130900,per-year-salary,,https://lockheedmartin.eightfold.ai/careers/job/996476277531
Lockheed Martin,Eightfold,Technician - Product Test Sr - N2,MFC-Lufkin,,"Lufkin, TX",US (CONUS),Full-time,37700,69900,per-year-salary,,https://lockheedmartin.eightfold.ai/careers/job/996476378504
Lockheed Martin,Eightfold,Proposal Analyst Stf - E4,MFC-Primary,,"Orlando, FL",US (CONUS),Full-time,89100,165500,per-year-salary,,https://lockheedmartin.eightfold.ai/careers/job/996476319151
Lockheed Martin,Eightfold,Program Quality Engineering Mgr - L5,RMS Manufacturing,,"Liverpool, NY",US (CONUS),Full-time,129000,239600,per-year-salary,,https://lockheedmartin.eightfold.ai/careers/job/996476281590
Lockheed Martin,Eightfold,Systems Engineer - MBSE,RMS Core,,"Manassas, VA",US (CONUS),Full-time,79300,147300,per-year-salary,,https://lockheedmartin.eightfold.ai/careers/job/996476370314
Lockheed Martin,Eightfold,Manufacturing Engineer Sr,MFC-Primary,,"Ocala, FL",US (CONUS),Full-time,85300,158300,per-year-salary,,https://lockheedmartin.eightfold.ai/careers/job/996476351792
Lockheed Martin,Eightfold,Multi Functional Info Systems Analyst - E2,AFS-LMLS Aero Segment,,"Hill AFB, UT",US (CONUS),Full-time,70500,130900,per-year-salary,,https://lockheedmartin.eightfold.ai/careers/job/996476368116
Lockheed Martin,Eightfold,Multi Functional Info Systems Analyst Sr - E3,AFS-LMLS Aero Segment,,"Hill AFB, UT",US (CONUS),Full-time,85300,158300,per-year-salary,,https://lockheedmartin.eightfold.ai/careers/job/996476347499
Lockheed Martin,Eightfold,Multi Functional Info Systems Analyst Stf - E4,AFS-LMLS Aero Segment,,"Westford, MA",US (CONUS),Full-time,104900,194700,per-year-salary,,https://lockheedmartin.eightfold.ai/careers/job/996476368429
Lockheed Martin,Eightfold,Proposal Analyst Stf - E4,MFC-Primary,,"Orlando, FL",US (CONUS),Full-time,89100,165500,per-year-salary,,https://lockheedmartin.eightfold.ai/careers/job/996476317456
Lockheed Martin,Eightfold,Core Coating Processor Sr,LM Aeronautics Co- Marietta,,"Marietta, GA",US (CONUS),Full-time,27.77,52.76,per-hour-wage,,https://lockheedmartin.eightfold.ai/careers/job/996476372046
Lockheed Martin,Eightfold,Systems Engineer Stf - E4,MFC-Primary,,"Orlando, FL",US (CONUS),Full-time,104900,194700,per-year-salary,,https://lockheedmartin.eightfold.ai/careers/job/996476309699
Lockheed Martin,Eightfold,Acft Mechanic II,MFC-SOFGLSS-LMOS,,"Crestview, FL",US (CONUS),Full-time,38.02,38.02,per-hour-wage,,https://lockheedmartin.eightfold.ai/careers/job/996476368031
Lockheed Martin,Eightfold,Aeronautical Engineer - E2,MFC-SOFGLSS-LMOS,,"Lexington, KY",US (CONUS),Full-time,63400,117800,per-year-salary,,https://lockheedmartin.eightfold.ai/careers/job/996476344805
Lockheed Martin,Eightfold,"Systems Integration Test & Evaluation Engineer, Staff - Dallas, TX",MFC-Primary,,"Grand Prairie, TX",US (CONUS),Full-time,104900,194700,per-year-salary,,https://lockheedmartin.eightfold.ai/careers/job/996476301235
Lockheed Martin,Eightfold,Aircraft Mechanic I,MFC-SOFGLSS-LMOS,,"Crestview, FL",US (CONUS),Full-time,36.14,36.14,per-hour-wage,,https://lockheedmartin.eightfold.ai/careers/job/996476343793
Lockheed Martin,Eightfold,Flight Instructor Sr Stf - E5,RMS Core,,"Hill AFB, UT",US (CONUS),Full-time,148300,275500,per-year-salary,,https://lockheedmartin.eightfold.ai/careers/job/996476366698
Lockheed Martin,Eightfold,"Aircraft Field Support Engineer, F-35 - Level 4",LMLS EEs on EBS LMGI Ldgr,,"Fort Worth, TX",US (CONUS),Full-time,89100,165500,per-year-salary,,https://lockheedmartin.eightfold.ai/careers/job/996476300806
Lockheed Martin,Eightfold,Sr Power House Equipment Operator,RMS Sikorsky Core,,"Stratford, CT",US (CONUS),Full-time,49.36,52.14,per-hour-wage,,https://lockheedmartin.eightfold.ai/careers/job/996476224300
Lockheed Martin,Eightfold,Software Engineer - E2,LM Aeronautics Co- Palmdale,,"Palmdale, CA",US (CONUS),Full-time,91200,169400,per-year-salary,,https://lockheedmartin.eightfold.ai/careers/job/996476277360
Lockheed Martin,Eightfold,Manufacturing Planner Sr - E3,MFC-Primary,,"Grand Prairie, TX",US (CONUS),Full-time,72500,134600,per-year-salary,,https://lockheedmartin.eightfold.ai/careers/job/996476304299
Lockheed Martin,Eightfold,Manufacturing Planner - E2,MFC-Primary,,"Grand Prairie, TX",US (CONUS),Full-time,59900,111300,per-year-salary,,https://lockheedmartin.eightfold.ai/careers/job/996476302129
Lockheed Martin,Eightfold,Multifunctional Manufacturing Planner Supv - L3,LM Aeronautics Co- Marietta,,"Marietta, GA",US (CONUS),Full-time,72500,134600,per-year-salary,,https://lockheedmartin.eightfold.ai/careers/job/996476283848
Lockheed Martin,Eightfold,Hardware Engineer - E2,Space,,"Boulder, CO",US (CONUS),Full-time,79300,147300,per-year-salary,,https://lockheedmartin.eightfold.ai/careers/job/996476373986
Lockheed Martin,Eightfold,Software Engineer Sr - E3,Space,,"Houston, TX",US (CONUS),Full-time,110300,204900,per-year-salary,,https://lockheedmartin.eightfold.ai/careers/job/996476374225
Lockheed Martin,Eightfold,Integrated Program Planner Sr - (HYBRID TELEWORK),RMS Sikorsky Core,,"Stratford, CT",US (CONUS),Full-time,81500,151300,per-year-salary,,https://lockheedmartin.eightfold.ai/careers/job/996476372856
Lockheed Martin,Eightfold,Project Management & Planning Operations Mgr - L5,LM Aeronautics Co- Fort Worth,,"Fort Worth, TX",US (CONUS),Full-time,129000,239600,per-year-salary,,https://lockheedmartin.eightfold.ai/careers/job/996476287131
Lockheed Martin,Eightfold,Facilities Engineer Stf - E4,MFC-Primary,,"Grand Prairie, TX",US (CONUS),Full-time,104900,194700,per-year-salary,,https://lockheedmartin.eightfold.ai/careers/job/996476340796
Lockheed Martin,Eightfold,Multifunctional Quality Associate Manager - L4,LM Aeronautics Co- Marietta,,"Marietta, GA",US (CONUS),Full-time,104900,194700,per-year-salary,,https://lockheedmartin.eightfold.ai/careers/job/996476276797
Lockheed Martin,Eightfold,Software Engineer - E2,Space,,"Huntsville, AL",US (CONUS),Full-time,81100,150500,per-year-salary,,https://lockheedmartin.eightfold.ai/careers/job/996476371786
Lockheed Martin,Eightfold,"Responsible Systems Engineer V, Avionics, Secret clearance",Space,,"Littleton, CO",US (CONUS),Full-time,145100,269500,per-year-salary,,https://lockheedmartin.eightfold.ai/careers/job/996476372576
Lockheed Martin,Eightfold,Financial Management - E2,MFC-Primary,,"Grand Prairie, TX",US (CONUS),Full-time,59900,111300,per-year-salary,,https://lockheedmartin.eightfold.ai/careers/job/996476308568
Lockheed Martin,Eightfold,Electronics Design Support Engineer II,Space,,"Littleton, CO",US (CONUS),Full-time,79300,147300,per-year-salary,,https://lockheedmartin.eightfold.ai/careers/job/996476372073
Lockheed Martin,Eightfold,Finance Business Operations Mgr,MFC-Primary,,"Grand Prairie, TX",US (CONUS),Full-time,109700,203700,per-year-salary,,https://lockheedmartin.eightfold.ai/careers/job/996476308580
Lockheed Martin,Eightfold,Chief Engineer Mgr - L5,MFC-Primary,,"Orlando, FL",US (CONUS),Full-time,148300,275500,per-year-salary,,https://lockheedmartin.eightfold.ai/careers/job/996476354455
Lockheed Martin,Eightfold,Cyber Integration Engineer Sr - (Represented) Status: Open,RMS Core,,"Mt Laurel Township, NJ",US (CONUS),Full-time,91000,181113,per-year-salary,,https://lockheedmartin.eightfold.ai/careers/job/996476168028
Lockheed Martin,Eightfold,Software Engineer Sr Stf - E5,Space,,"King of Prussia, PA",US (CONUS),Full-time,166900,309900,per-year-salary,,https://lockheedmartin.eightfold.ai/careers/job/996476370156
Lockheed Martin,Eightfold,Proposal Analyst - E2,MFC-Primary,,"Orlando, FL",US (CONUS),Full-time,59900,111300,per-year-salary,,https://lockheedmartin.eightfold.ai/careers/job/996476344416
Lockheed Martin,Eightfold,Electrical Engineer Senior - E3,RMS Core,,"Orlando, FL",US (CONUS),Full-time,85300,158300,per-year-salary,,https://lockheedmartin.eightfold.ai/careers/job/996476321584
Lockheed Martin,Eightfold,Global Supply Chain Manager,MFC-Primary,,"Arlington, TX",US (CONUS),Full-time,129000,239600,per-year-salary,,https://lockheedmartin.eightfold.ai/careers/job/996476322658
Lockheed Martin,Eightfold,Project Management & Planning Operations Rep Stf - E4,RMS Core,,"Orlando, FL",US (CONUS),Full-time,104900,194700,per-year-salary,,https://lockheedmartin.eightfold.ai/careers/job/996476337523
Lockheed Martin,Eightfold,Hardware Engineer Staff - E4,RMS Core,,"Orlando, FL",US (CONUS),Full-time,104900,194700,per-year-salary,,https://lockheedmartin.eightfold.ai/careers/job/996476321100
Lockheed Martin,Eightfold,Painter Finish,LM Aeronautics Co- Marietta,,"Marietta, GA",US (CONUS),Full-time,22.08,47.7,per-hour-wage,,https://lockheedmartin.eightfold.ai/careers/job/996476355251
Lockheed Martin,Eightfold,"System Engineer Sr. - Mission Planning - Orlando, FL",MFC-Primary,,"Orlando, FL",US (CONUS),Full-time,85300,158300,per-year-salary,,https://lockheedmartin.eightfold.ai/careers/job/996476299192
Lockheed Martin,Eightfold,Systems Engineer Sr - E3,RMS Core,,"Orlando, FL",US (CONUS),Full-time,85300,158300,per-year-salary,,https://lockheedmartin.eightfold.ai/careers/job/996476317977
Lockheed Martin,Eightfold,Contractor SAP Security Officer,RMS Core,,"Williamsburg, VA",US (CONUS),Full-time,89100,165500,per-year-salary,,https://lockheedmartin.eightfold.ai/careers/job/996476354110
Lockheed Martin,Eightfold,Program Management Sr Mgr - L6,MFC-Primary,,"Orlando, FL",US (CONUS),Full-time,182500,338900,per-year-salary,,https://lockheedmartin.eightfold.ai/careers/job/996476341924
Lockheed Martin,Eightfold,"Circuit Design Engineer II, Secret Clearance",Space,,"Littleton, CO",US (CONUS),Full-time,91200,169400,per-year-salary,,https://lockheedmartin.eightfold.ai/careers/job/996476373649
Lockheed Martin,Eightfold,Manufacturing Engineer - E2,MFC-Primary,,"Archbald, PA",US (CONUS),Full-time,63400,117800,per-year-salary,,https://lockheedmartin.eightfold.ai/careers/job/996476317423
Lockheed Martin,Eightfold,Electrical Engineer Sr - E3,RMS Core,,"Liverpool, NY",US (CONUS),Full-time,85300,158300,per-year-salary,,https://lockheedmartin.eightfold.ai/careers/job/996476275834
Lockheed Martin,Eightfold,F-35 Communications Navigation Identification Program Management Sr Mgr - L6,LM Aeronautics Co- Fort Worth,,"Fort Worth, TX",US (CONUS),Full-time,182500,338900,per-year-salary,,https://lockheedmartin.eightfold.ai/careers/job/996476291243
Lockheed Martin,Eightfold,F-35 Weapons Program Management Sr Mgr - L6,LM Aeronautics Co- Fort Worth,,"Fort Worth, TX",US (CONUS),Full-time,182500,338900,per-year-salary,,https://lockheedmartin.eightfold.ai/careers/job/996476291125
Lockheed Martin,Eightfold,Manufacturing Engineer - E2,MFC-Primary,,"Archbald, PA",US (CONUS),Full-time,63400,117800,per-year-salary,,https://lockheedmartin.eightfold.ai/careers/job/996476306923
Lockheed Martin,Eightfold,Software Engineer Sr - E3,Space,,"Houston, TX",US (CONUS),Full-time,110300,204900,per-year-salary,,https://lockheedmartin.eightfold.ai/careers/job/996476201601
Lockheed Martin,Eightfold,Manufacturing Expediter Sr,MFC-Camden,,"Camden, AR",US (CONUS),Full-time,32000,59400,per-year-salary,,https://lockheedmartin.eightfold.ai/careers/job/996476322463
Lockheed Martin,Eightfold,Structural Design Manager,LM Aeronautics Co- Marietta,,"Marietta, GA",US (CONUS),Full-time,129000,239600,per-year-salary,,https://lockheedmartin.eightfold.ai/careers/job/996476310245
Lockheed Martin,Eightfold,Dev Sec Engineering - E2,Space,,"Boulder, CO",US (CONUS),Full-time,91200,169400,per-year-salary,,https://lockheedmartin.eightfold.ai/careers/job/996476352727
Lockheed Martin,Eightfold,Security Generalist / Tyndall AFB,RMS-Svcs-LMOS,,"Tyndall AFB, FL",US (CONUS),Full-time,44500,82700,per-year-salary,,https://lockheedmartin.eightfold.ai/careers/job/996476303441
Lockheed Martin,Eightfold,Security Rep Sr - E3,RMS-Svcs-LMOS,,"Eglin AFB, FL",US (CONUS),Full-time,65200,121200,per-year-salary,,https://lockheedmartin.eightfold.ai/careers/job/996476340347
Lockheed Martin,Eightfold,Security Rep - E2,RMS-Svcs-LMOS,,"Beaufort, SC",US (CONUS),Full-time,53900,100100,per-year-salary,,https://lockheedmartin.eightfold.ai/careers/job/996476348896
Lockheed Martin,Eightfold,Security Rep Asc - E1,RMS-Svcs-LMOS,,"Beaufort, SC",US (CONUS),Full-time,44500,82700,per-year-salary,,https://lockheedmartin.eightfold.ai/careers/job/996476350078
Lockheed Martin,Eightfold,Security Rep - E2,RMS-Svcs-LMOS,,"Beaufort, SC",US (CONUS),Full-time,53900,100100,per-year-salary,,https://lockheedmartin.eightfold.ai/careers/job/996476348898
Lockheed Martin,Eightfold,"F-35 Information System Security Manager (ISSM) | Eglin AFB, FL (Senior)",RMS Core,,"Eglin AFB, FL",US (CONUS),Full-time,116100,215700,per-year-salary,,https://lockheedmartin.eightfold.ai/careers/job/996476338638
Lockheed Martin,Eightfold,"F-35 Information System Security Officer - Luke AFB, AZ (Mid-Career)",RMS Core,,", AZ",US (CONUS),Full-time,85300,158300,per-year-salary,,https://lockheedmartin.eightfold.ai/careers/job/996476278504
Lockheed Martin,Eightfold,Classified Cyber Security Sr - E3,RMS Core,,"Owego, NY",US (CONUS),Full-time,85300,158300,per-year-salary,,https://lockheedmartin.eightfold.ai/careers/job/996476299645
Lockheed Martin,Eightfold,F-35 Information System Security Officer - MCAS Miramar (Mid-Career),RMS Core,,"San Diego, CA",US (CONUS),Full-time,95900,178100,per-year-salary,,https://lockheedmartin.eightfold.ai/careers/job/996476278314
Lockheed Martin,Eightfold,Security Rep - E2,RMS Core,,"Moorestown, NJ",US (CONUS),Full-time,67400,125200,per-year-salary,,https://lockheedmartin.eightfold.ai/careers/job/996476282468
Lockheed Martin,Eightfold,Facilities Engineer - E2,MFC-Primary,,"Ocala, FL",US (CONUS),Full-time,70500,130900,per-year-salary,,https://lockheedmartin.eightfold.ai/careers/job/996476336065
Lockheed Martin,Eightfold,Classified Cyber Security Sr - E3,RMS Core,,"Manassas, VA",US (CONUS),Full-time,95900,178100,per-year-salary,,https://lockheedmartin.eightfold.ai/careers/job/996476353366
Lockheed Martin,Eightfold,Financial Management Mgr - L5,LM Aeronautics Co- Palmdale,,"Palmdale, CA",US (CONUS),Full-time,123400,229200,per-year-salary,,https://lockheedmartin.eightfold.ai/careers/job/996476284780
Lockheed Martin,Eightfold,ADP Portfolio Business Management Sr Mgr - L6,LM Aeronautics Co- Palmdale,,"Marietta, GA",US (CONUS),Full-time,134900,250500,per-year-salary,,https://lockheedmartin.eightfold.ai/careers/job/996476290696
Lockheed Martin,Eightfold,Strategic Competitive Bid Analyst - Level 4,LM Aeronautics Co- Fort Worth,,"Fort Worth, TX",US (CONUS),Full-time,104900,194700,per-year-salary,,https://lockheedmartin.eightfold.ai/careers/job/996476284983
Lockheed Martin,Eightfold,Security Mgr - L5,RMS Core,,", AZ",US (CONUS),Full-time,109700,203700,per-year-salary,,https://lockheedmartin.eightfold.ai/careers/job/996476349384
Lockheed Martin,Eightfold,Intelligence Analyst Sr Stf - E5,RMS Core,,"Stratford, CT",US (CONUS),Full-time,145100,269500,per-year-salary,,https://lockheedmartin.eightfold.ai/careers/job/996476344896
Lockheed Martin,Eightfold,Production Scheduler - Level 3,Space,,"Sunnyvale, CA",US (CONUS),Full-time,90600,168200,per-year-salary,,https://lockheedmartin.eightfold.ai/careers/job/996476286498
Lockheed Martin,Eightfold,Integrated Program Planner - E2,LM Aeronautics Co- Fort Worth,,"Marietta, GA",US (CONUS),Full-time,59900,111300,per-year-salary,,https://lockheedmartin.eightfold.ai/careers/job/996476355242
Lockheed Martin,Eightfold,Integrated Program Planning Mgr - L5,LM Aeronautics Co- Fort Worth,,"Marietta, GA",US (CONUS),Full-time,109700,203700,per-year-salary,,https://lockheedmartin.eightfold.ai/careers/job/996476349659
Lockheed Martin,Eightfold,Chief Architect - Mission Development & Integration,Corporate Headquarters,,"Bethesda, MD",US (CONUS),Full-time,224400,416800,per-year-salary,,https://lockheedmartin.eightfold.ai/careers/job/996476348640
Lockheed Martin,Eightfold,Supply Chain - Subcontract Management Senior Staff - Level 5,LM Aeronautics Co- Fort Worth,,"Marietta, GA",US (CONUS),Full-time,109700,203700,per-year-salary,,https://lockheedmartin.eightfold.ai/careers/job/996476301340
Lockheed Martin,Eightfold,Subcontract Administration Sr - E3,LM Aeronautics Co- Fort Worth,,"Fort Worth, TX",US (CONUS),Full-time,72500,134600,per-year-salary,,https://lockheedmartin.eightfold.ai/careers/job/996476341177
Lockheed Martin,Eightfold,Supply Chain - Subcontract Management Staff - Level 4,LM Aeronautics Co- Fort Worth,,"Fort Worth, TX",US (CONUS),Full-time,89100,165500,per-year-salary,,https://lockheedmartin.eightfold.ai/careers/job/996476326586
Lockheed Martin,Eightfold,Supply Chain - Subcontract Management Stf - E4,LM Aeronautics Co- Fort Worth,,"Fort Worth, TX",US (CONUS),Full-time,89100,165500,per-year-salary,,https://lockheedmartin.eightfold.ai/careers/job/996476326627
Lockheed Martin,Eightfold,Weapons Integration Engineer Sr - Level 3,LM Aeronautics Co- Fort Worth,,"Fort Worth, TX",US (CONUS),Full-time,85300,158300,per-year-salary,,https://lockheedmartin.eightfold.ai/careers/job/996476326034
Lockheed Martin,Eightfold,Procurement Engineer Senior - Level 3,LM Aeronautics Co- Fort Worth,,"Fort Worth, TX",US (CONUS),Full-time,85300,158300,per-year-salary,,https://lockheedmartin.eightfold.ai/careers/job/996476349271
Lockheed Martin,Eightfold,Electrical/Test Engineer II,Space,,"Littleton, CO",US (CONUS),Full-time,79300,147300,per-year-salary,,https://lockheedmartin.eightfold.ai/careers/job/996476356460
Lockheed Martin,Eightfold,Test Engineering Associate Manager - Antenna Ranges,RMS Core,,"Moorestown, NJ",US (CONUS),Full-time,118000,219100,per-year-salary,,https://lockheedmartin.eightfold.ai/careers/job/996476290912
Lockheed Martin,Eightfold,Manufacturing Support Team Member - Level 2,Space,,"Sunnyvale, CA",US (CONUS),Full-time,74900,139100,per-year-salary,,https://lockheedmartin.eightfold.ai/careers/job/996476302560
Lockheed Martin,Eightfold,"Test Engineer II, Secret Clearance",Space,,"Littleton, CO",US (CONUS),Full-time,79300,147300,per-year-salary,,https://lockheedmartin.eightfold.ai/careers/job/996476356331
Lockheed Martin,Eightfold,Supply Chain - Subcontract Manager - Level 3,LM Aeronautics Co- Marietta,,"Marietta, GA",US (CONUS),Full-time,72500,134600,per-year-salary,,https://lockheedmartin.eightfold.ai/careers/job/996476284642
Lockheed Martin,Eightfold,Subcontract Management Sr - E3,LM Aeronautics Co- Fort Worth,,"Fort Worth, TX",US (CONUS),Full-time,72500,134600,per-year-salary,,https://lockheedmartin.eightfold.ai/careers/job/996476280936
Lockheed Martin,Eightfold,Subcontract Administration - E2,LM Aeronautics Co- Fort Worth,,"Fort Worth, TX",US (CONUS),Full-time,59900,111300,per-year-salary,,https://lockheedmartin.eightfold.ai/careers/job/996476282880
Lockheed Martin,Eightfold,"Circuit Design Engineer IV, Secret Clearance",Space,,"Littleton, CO",US (CONUS),Full-time,135700,251900,per-year-salary,,https://lockheedmartin.eightfold.ai/careers/job/996476356273
Lockheed Martin,Eightfold,Courtland and Huntsville Site Director,Space,,"Courtland, AL",US (CONUS),Full-time,195000,350000,per-year-salary,,https://lockheedmartin.eightfold.ai/careers/job/996476283438
Lockheed Martin,Eightfold,Subcontract Program Management Sr Staff,Space,,"Louisville, CO",US (CONUS),Full-time,145100,269500,per-year-salary,,https://lockheedmartin.eightfold.ai/careers/job/996476277643
Lockheed Martin,Eightfold,Multifunctional Quality Supervisor - Fabrication,MFC-Primary,,"Archbald, PA",US (CONUS),Full-time,76700,142500,per-year-salary,,https://lockheedmartin.eightfold.ai/careers/job/996476351217
Lockheed Martin,Eightfold,Project Management & Planning Operations Rep Sr - E3,LM Aeronautics Co- Fort Worth,,"Fort Worth, TX",US (CONUS),Full-time,85300,158300,per-year-salary,,https://lockheedmartin.eightfold.ai/careers/job/996476324398
Lockheed Martin,Eightfold,Multifunctional Manufacturing Supv - L3,LM Aeronautics Co- Fort Worth,,"Fort Worth, TX",US (CONUS),Full-time,72500,134600,per-year-salary,,https://lockheedmartin.eightfold.ai/careers/job/996476282659
Lockheed Martin,Eightfold,Operations Program Manager - L5,RMS Manufacturing,,"Moorestown, NJ",US (CONUS),Full-time,145100,269500,per-year-salary,,https://lockheedmartin.eightfold.ai/careers/job/996476318345
Lockheed Martin,Eightfold,Administrative Assistant Spec - N4,RMS Core,,"Moorestown, NJ",US (CONUS),Full-time,67900,126100,per-year-salary,,https://lockheedmartin.eightfold.ai/careers/job/996476354192
Lockheed Martin,Eightfold,Manufacturing Support Team Member - E2,LM Aeronautics Co- Fort Worth,,"Fort Worth, TX",US (CONUS),Full-time,59900,111300,per-year-salary,,https://lockheedmartin.eightfold.ai/careers/job/996476280135
Lockheed Martin,Eightfold,Training Integrator Sr.,LM Aeronautics Co- Fort Worth,,"Fort Worth, TX",US (CONUS),Full-time,85300,158300,per-year-salary,,https://lockheedmartin.eightfold.ai/careers/job/996476287508
Lockheed Martin,Eightfold,Property Analyst Stf - E4,Corporate Headquarters,,"King of Prussia, PA",US/Remote,Full-time,100200,186200,per-year-salary,,https://lockheedmartin.eightfold.ai/careers/job/996476300272
Lockheed Martin,Eightfold,Staff Systems Engineer - System Integration (Mass),Space,,", FL",US (CONUS),Full-time,104900,194700,per-year-salary,,https://lockheedmartin.eightfold.ai/careers/job/996476188544
Lockheed Martin,Eightfold,Electrical Systems Engineer,Space,,"Littleton, CO",US (CONUS),Full-time,95900,178100,per-year-salary,,https://lockheedmartin.eightfold.ai/careers/job/996476188233
Lockheed Martin,Eightfold,Field Sales Support Systems Engineer Sr - E3,LM Aeronautics Co- Palmdale,,"Beale AFB, CA",US (CONUS),Full-time,95900,178100,per-year-salary,,https://lockheedmartin.eightfold.ai/careers/job/996476324412
Lockheed Martin,Eightfold,Systems Engineer Sr - E3,LM Aeronautics Co- Fort Worth,,"Fort Worth, TX",US (CONUS),Full-time,85300,158300,per-year-salary,,https://lockheedmartin.eightfold.ai/careers/job/996476290540
Lockheed Martin,Eightfold,Financial Management Stf - E4,MFC-Primary,,"Orlando, FL",US (CONUS),Full-time,89100,165500,per-year-salary,,https://lockheedmartin.eightfold.ai/careers/job/996476311173
Lockheed Martin,Eightfold,Financial Management Sr - E3,RMS Manufacturing,,"Oldsmar, FL",US (CONUS),Full-time,72500,134600,per-year-salary,,https://lockheedmartin.eightfold.ai/careers/job/996476301251
Lockheed Martin,Eightfold,Aeronautical Engineer Asc Mgr - L4,LM Aeronautics Co- Fort Worth,,"Fort Worth, TX",US (CONUS),Full-time,104900,194700,per-year-salary,,https://lockheedmartin.eightfold.ai/careers/job/996476344813
Lockheed Martin,Eightfold,Inspector Sr Spec GSO,GSO-LMLS Aero Segment,,"Greenville, SC",US (CONUS),Full-time,32.64,58.89,per-hour-wage,,https://lockheedmartin.eightfold.ai/careers/job/996476288323
Lockheed Martin,Eightfold,Semiconductor Process Engineer - E2,MFC-Primary,,"Goleta, CA",US (CONUS),Full-time,91200,169400,per-year-salary,,https://lockheedmartin.eightfold.ai/careers/job/996476317114
Lockheed Martin,Eightfold,Semiconductor Process Integration Engineer Sr,MFC-Primary,,"Goleta, CA",US (CONUS),Full-time,110300,204900,per-year-salary,,https://lockheedmartin.eightfold.ai/careers/job/996476341150
Lockheed Martin,Eightfold,Program Quality Engineering Mgr,MFC-Camden,,"Camden, AR",US (CONUS),Full-time,116100,215700,per-year-salary,,https://lockheedmartin.eightfold.ai/careers/job/996476338655
Lockheed Martin,Eightfold,Quality Engineer - E2,MFC-Primary,,"Grand Prairie, TX",US (CONUS),Full-time,70500,130900,per-year-salary,,https://lockheedmartin.eightfold.ai/careers/job/996476309174
Lockheed Martin,Eightfold,Project Management & Planning Operations Rep Sr - E3,LM Aeronautics Co- Fort Worth,,"Fort Worth, TX",US (CONUS),Full-time,85300,158300,per-year-salary,,https://lockheedmartin.eightfold.ai/careers/job/996476282866
Lockheed Martin,Eightfold,"Structures/Sheet Metal Technician, F-35 - Level 4",AFS-LMLS Aero Segment,,"Hill AFB, UT",US (CONUS),Full-time,33.37,61.92,per-hour-wage,,https://lockheedmartin.eightfold.ai/careers/job/996476284700
Lockheed Martin,Eightfold,Electro-Mechanical Test Technician IV,Space,,"King of Prussia, PA",US (CONUS),Full-time,67900,126100,per-year-salary,,https://lockheedmartin.eightfold.ai/careers/job/996476277099
Lockheed Martin,Eightfold,Culture & Development Engineering Associate Manager,MFC-Camden,,"Camden, AR",US (CONUS),Full-time,94400,175200,per-year-salary,,https://lockheedmartin.eightfold.ai/careers/job/996476284890
Lockheed Martin,Eightfold,Documentation Library Team Lead,Space,,"Silverdale, WA",US (CONUS),Full-time,100200,186200,per-year-salary,,https://lockheedmartin.eightfold.ai/careers/job/996476282899
Lockheed Martin,Eightfold,Quality Engineer Stf - E4,MFC-Primary,,"Grand Prairie, TX",US (CONUS),Full-time,104900,194700,per-year-salary,,https://lockheedmartin.eightfold.ai/careers/job/996476327295
Lockheed Martin,Eightfold,Quality Engineer Sr - E3,MFC-Primary,,"Grand Prairie, TX",US (CONUS),Full-time,85300,158300,per-year-salary,,https://lockheedmartin.eightfold.ai/careers/job/996476326625
Lockheed Martin,Eightfold,Multifunctional Manufacturing Planner Supv - L3,MFC-Primary,,"Ocala, FL",US (CONUS),Full-time,72500,134600,per-year-salary,,https://lockheedmartin.eightfold.ai/careers/job/996476284155
Lockheed Martin,Eightfold,Subcontract Program Management Mgr - L5,MFC-Primary,,"Orlando, FL",US (CONUS),Full-time,129000,239600,per-year-salary,,https://lockheedmartin.eightfold.ai/careers/job/996476336383
Lockheed Martin,Eightfold,Mechanical Engineer Stf - E4,MFC-SOFGLSS-LMOS,,"Lexington, KY",US (CONUS),Full-time,94400,175200,per-year-salary,,https://lockheedmartin.eightfold.ai/careers/job/996476226097
Lockheed Martin,Eightfold,Project Management & Planning Operations Mgr - L5,MFC-Primary,,"Arlington, TX",US (CONUS),Full-time,129000,239600,per-year-salary,,https://lockheedmartin.eightfold.ai/careers/job/996476322645
Lockheed Martin,Eightfold,Manufacturing Planner Sr - E3,LM Aeronautics Co- Fort Worth,,"Fort Worth, TX",US (CONUS),Full-time,72500,134600,per-year-salary,,https://lockheedmartin.eightfold.ai/careers/job/996476282651
Lockheed Martin,Eightfold,ADP- Production  Associate Mgr - L4,LM Aeronautics Co- Marietta,,"Marietta, GA",US (CONUS),Full-time,89100,165500,per-year-salary,,https://lockheedmartin.eightfold.ai/careers/job/996476283082
Lockheed Martin,Eightfold,ADP Production Associate Manager - L4,LM Aeronautics Co- Marietta,,"Marietta, GA",US (CONUS),Full-time,89100,165500,per-year-salary,,https://lockheedmartin.eightfold.ai/careers/job/996476282667
Lockheed Martin,Eightfold,Material Planner/Controller,RMS Sikorsky Manufacturing,,"Shelton, CT",US (CONUS),Full-time,67400,125200,per-year-salary,,https://lockheedmartin.eightfold.ai/careers/job/996476307329
Lockheed Martin,Eightfold,Material Planner/Controller,RMS Sikorsky Manufacturing,,"Shelton, CT",US (CONUS),Full-time,67400,125200,per-year-salary,,https://lockheedmartin.eightfold.ai/careers/job/996476306930
Lockheed Martin,Eightfold,ADP Production Specialist Sr - E3,LM Aeronautics Co- Marietta,,"Marietta, GA",US (CONUS),Full-time,72500,134600,per-year-salary,,https://lockheedmartin.eightfold.ai/careers/job/996476281120
Lockheed Martin,Eightfold,Material Planner/Controller,RMS Sikorsky Manufacturing,,"Shelton, CT",US (CONUS),Full-time,67400,125200,per-year-salary,,https://lockheedmartin.eightfold.ai/careers/job/996476305909
Lockheed Martin,Eightfold,Semiconductor Process Integration Engineer Stf,MFC-Primary,,"Goleta, CA",US (CONUS),Full-time,135700,251900,per-year-salary,,https://lockheedmartin.eightfold.ai/careers/job/996476341620
Lockheed Martin,Eightfold,Manufacturing Support Team Member - E2,Space,,"Silverdale, WA",US (CONUS),Full-time,67400,125200,per-year-salary,,https://lockheedmartin.eightfold.ai/careers/job/996476276242
Lockheed Martin,Eightfold,"Space Vehicle Test Engineer, Staff",Space,,"Littleton, CO",US (CONUS),Full-time,118000,219100,per-year-salary,,https://lockheedmartin.eightfold.ai/careers/job/996476352466
Lockheed Martin,Eightfold,Dewar Process Integration Engineer Sr,MFC-Primary,,"Goleta, CA",US (CONUS),Full-time,110300,204900,per-year-salary,,https://lockheedmartin.eightfold.ai/careers/job/996476342069
Lockheed Martin,Eightfold,Material Handler Sr,RMS Manufacturing,,"Orlando, FL",US (CONUS),Full-time,35600,66000,per-year-salary,,https://lockheedmartin.eightfold.ai/careers/job/996476352220
Lockheed Martin,Eightfold,A/AI Machine Learning Engineering Stf - E4,Enterprise Business Services,,"Shelton, CT",US (CONUS),Full-time,135700,251900,per-year-salary,,https://lockheedmartin.eightfold.ai/careers/job/996476339134
Lockheed Martin,Eightfold,HVAC Technician,Space LMOS,,"Cape Canaveral, FL",US (CONUS),Full-time,1,9999999,per-year-salary,,https://lockheedmartin.eightfold.ai/careers/job/996476350904
Lockheed Martin,Eightfold,Material Handler Sr,RMS Manufacturing,,"Orlando, FL",US (CONUS),Full-time,35600,66000,per-year-salary,,https://lockheedmartin.eightfold.ai/careers/job/996476350564
Lockheed Martin,Eightfold,Manufacturing Planner Asc - E1,MFC-Primary,,"Orlando, FL",US (CONUS),Full-time,49500,91900,per-year-salary,,https://lockheedmartin.eightfold.ai/careers/job/996476340064
Lockheed Martin,Eightfold,Security Rep Stf - E4,"Deposition Science, Inc",,"Santa Rosa, CA",US (CONUS),Full-time,100200,186200,per-year-salary,,https://lockheedmartin.eightfold.ai/careers/job/996476228707
Lockheed Martin,Eightfold,Cyber Systems Security Engineer,RMS Core,,"Fort Walton Beach, FL",US (CONUS),Full-time,72900,135500,per-year-salary,,https://lockheedmartin.eightfold.ai/careers/job/996476349390
Lockheed Martin,Eightfold,Tool Engineer Sr,MFC-Primary,,"Ocala, FL",US (CONUS),Full-time,85300,158300,per-year-salary,,https://lockheedmartin.eightfold.ai/careers/job/996476309176
Lockheed Martin,Eightfold,Manufacturing Planner Sr - E3,MFC-Primary,,"Orlando, FL",US (CONUS),Full-time,72500,134600,per-year-salary,,https://lockheedmartin.eightfold.ai/careers/job/996476341357
Lockheed Martin,Eightfold,HVAC Technician,Space LMOS,,"Cape Canaveral, FL",US (CONUS),Full-time,1,9999999,per-year-salary,,https://lockheedmartin.eightfold.ai/careers/job/996476349830
Lockheed Martin,Eightfold,Subcontract Program Management Asc Mgr,MFC-Primary,,"Orlando, FL",US (CONUS),Full-time,104900,194700,per-year-salary,,https://lockheedmartin.eightfold.ai/careers/job/996476343972
Lockheed Martin,Eightfold,Systems Engineer Stf - E4,LM Aeronautics Co- Fort Worth,,"Fort Worth, TX",US (CONUS),Full-time,104900,194700,per-year-salary,,https://lockheedmartin.eightfold.ai/careers/job/996476188636
Lockheed Martin,Eightfold,Project Management & Planning Operations Rep Sr - E3,LM Aeronautics Co- Fort Worth,,"Fort Worth, TX",US (CONUS),Full-time,85300,158300,per-year-salary,,https://lockheedmartin.eightfold.ai/careers/job/996476286305
Lockheed Martin,Eightfold,Cyber Software Eng Sr - E3,RMS-Svcs-LMOS,,", MD",US (CONUS),Full-time,110300,204900,per-year-salary,,https://lockheedmartin.eightfold.ai/careers/job/996476349495
Lockheed Martin,Eightfold,Guidance/Navigation/Control Engineering Stf - E4,Space,,"Sunnyvale, CA",US (CONUS),Full-time,150800,280000,per-year-salary,,https://lockheedmartin.eightfold.ai/careers/job/996476349361
Lockheed Martin,Eightfold,"Sr. IT Systems Engineer- Onsite, FL- Top Secret",Enterprise Business Services,,"Titusville, FL",US (CONUS),Full-time,85300,158300,per-year-salary,,https://lockheedmartin.eightfold.ai/careers/job/996476280093
Lockheed Martin,Eightfold,"Aircraft Mechanic, F-35 (Crew Chief) - Level 4",AFS-LMLS Aero Segment,,", AZ",US (CONUS),Full-time,33.37,61.92,per-hour-wage,,https://lockheedmartin.eightfold.ai/careers/job/996476317738
Lockheed Martin,Eightfold,Software Engineer - PTC Windchill Developer,Enterprise Business Services,,"Owego, NY",US/Remote,Full-time,91200,169400,per-year-salary,,https://lockheedmartin.eightfold.ai/careers/job/996476339428
Lockheed Martin,Eightfold,Project Management & Planning Operations Mgr - L5,MFC-Primary,,"Arlington, TX",US (CONUS),Full-time,129000,239600,per-year-salary,,https://lockheedmartin.eightfold.ai/careers/job/996476322063
Lockheed Martin,Eightfold,Manufacturing Program Manager,RMS Sikorsky Manufacturing,,"Stratford, CT",US (CONUS),Full-time,118000,219100,per-year-salary,,https://lockheedmartin.eightfold.ai/careers/job/996476323136
Lockheed Martin,Eightfold,Configuration Analyst Sr - E3,Space,,"Littleton, CO",US (CONUS),Full-time,81500,151300,per-year-salary,,https://lockheedmartin.eightfold.ai/careers/job/996476346869
Lockheed Martin,Eightfold,Software Engineer Sr - PTC Windchill Developer,Enterprise Business Services,,"Owego, NY",US/Remote,Full-time,98100,182100,per-year-salary,,https://lockheedmartin.eightfold.ai/careers/job/996476312269
Lockheed Martin,Eightfold,Flight Completion Supv - L3,GSO-LMLS Aero Segment,,"Greenville, SC",US (CONUS),Full-time,72500,134600,per-year-salary,,https://lockheedmartin.eightfold.ai/careers/job/996476344918
Lockheed Martin,Eightfold,Calibration Technician,MFC-Primary,,"Orlando, FL",US (CONUS),Full-time,27.04,43.42,per-hour-wage,,https://lockheedmartin.eightfold.ai/careers/job/996476340944
Lockheed Martin,Eightfold,Subcontract Program Management Sr Stf - E5,RMS Core,,"Manassas, VA",US (CONUS),Full-time,145100,269500,per-year-salary,,https://lockheedmartin.eightfold.ai/careers/job/996476308475
Lockheed Martin,Eightfold,Engineering Aide Sr - N2,MFC-Primary,,"Archbald, PA",US (CONUS),Full-time,43300,80500,per-year-salary,,https://lockheedmartin.eightfold.ai/careers/job/996476319738
Lockheed Martin,Eightfold,ADP- Assembly Supervisor - L3,LM Aeronautics Co- Marietta,,"Marietta, GA",US (CONUS),Full-time,72500,134600,per-year-salary,,https://lockheedmartin.eightfold.ai/careers/job/996476279850
Lockheed Martin,Eightfold,Multifunctional Manufacturing Planner Mgr - L5,LM Aeronautics Co- Fort Worth,,"Fort Worth, TX",US (CONUS),Full-time,109700,203700,per-year-salary,,https://lockheedmartin.eightfold.ai/careers/job/996476280002
Lockheed Martin,Eightfold,Manufacturing Engineer,RMS Manufacturing,,"Orlando, FL",US (CONUS),Full-time,70500,130900,per-year-salary,,https://lockheedmartin.eightfold.ai/careers/job/996476347218
Lockheed Martin,Eightfold,Manufacturing Engineer Sr - Second Shift,MFC-Primary,,"Archbald, PA",US (CONUS),Full-time,76700,142500,per-year-salary,,https://lockheedmartin.eightfold.ai/careers/job/996476321147
Lockheed Martin,Eightfold,Technician Lead - N5,RMS Sikorsky Core,,"Stratford, CT",US (CONUS),Full-time,81400,151200,per-year-salary,,https://lockheedmartin.eightfold.ai/careers/job/996476308004
Lockheed Martin,Eightfold,Systems Engineer Sr - F-16 Configuration Management - Level 3,LM Aeronautics Co- Fort Worth,,"Fort Worth, TX",US (CONUS),Full-time,85300,158300,per-year-salary,,https://lockheedmartin.eightfold.ai/careers/job/996476277473
Lockheed Martin,Eightfold,"L5 IT Operations Manager- Onsite, CO- TS/SCI W/Poly",Enterprise Business Services,,"Littleton, CO",US (CONUS),Full-time,145100,269500,per-year-salary,,https://lockheedmartin.eightfold.ai/careers/job/996476277482
Lockheed Martin,Eightfold,Manufacturing Engineer Stf - E4,RMS Manufacturing,,"Oldsmar, FL",US (CONUS),Full-time,104900,194700,per-year-salary,,https://lockheedmartin.eightfold.ai/careers/job/996476296997
Lockheed Martin,Eightfold,"Quality Engineer (Second Shift) - Chelmsford, MA",MFC-Chelmsford,,"Chelmsford, MA",US (CONUS),Full-time,79300,147300,per-year-salary,,https://lockheedmartin.eightfold.ai/careers/job/996476343719
Lockheed Martin,Eightfold,Manufacturing Support Team Member - E2,Space,,"Silverdale, WA",US (CONUS),Full-time,67400,125200,per-year-salary,,https://lockheedmartin.eightfold.ai/careers/job/996476306953
Lockheed Martin,Eightfold,Mechanical Design Engineer Sr - E3,MFC-Primary,,"Orlando, FL",US (CONUS),Full-time,85300,158300,per-year-salary,,https://lockheedmartin.eightfold.ai/careers/job/996476326593
Lockheed Martin,Eightfold,Software Engineer Sr - E3,LM Aeronautics Co- Palmdale,,"Palmdale, CA",US (CONUS),Full-time,110300,204900,per-year-salary,,https://lockheedmartin.eightfold.ai/careers/job/996476289835
Lockheed Martin,Eightfold,Mechanical Design Engineer Sr - E3,MFC-Primary,,"Orlando, FL",US (CONUS),Full-time,85300,158300,per-year-salary,,https://lockheedmartin.eightfold.ai/careers/job/996476326671
Lockheed Martin,Eightfold,Engineering Aide Sr,RMS Manufacturing,,"Orlando, FL",US (CONUS),Full-time,48200,89400,per-year-salary,,https://lockheedmartin.eightfold.ai/careers/job/996476326105
Lockheed Martin,Eightfold,Mechanical Design Engineer Sr - E3,MFC-Primary,,"Orlando, FL",US (CONUS),Full-time,85300,158300,per-year-salary,,https://lockheedmartin.eightfold.ai/careers/job/996476326755
Lockheed Martin,Eightfold,Mechanical Design Engineer - E2,MFC-Primary,,"Orlando, FL",US (CONUS),Full-time,70500,130900,per-year-salary,,https://lockheedmartin.eightfold.ai/careers/job/996476326799
Lockheed Martin,Eightfold,Mechanical Design Engineer Stf - E4,MFC-Primary,,"Orlando, FL",US (CONUS),Full-time,104900,194700,per-year-salary,,https://lockheedmartin.eightfold.ai/careers/job/996476326855
Lockheed Martin,Eightfold,Manufacturing Engineer Asc,RMS Manufacturing,,"Orlando, FL",US (CONUS),Full-time,58200,108200,per-year-salary,,https://lockheedmartin.eightfold.ai/careers/job/996476324407
Lockheed Martin,Eightfold,Project Management & Planning Operations Rep Sr - E3,Space,,"Littleton, CO",US (CONUS),Full-time,95900,178100,per-year-salary,,https://lockheedmartin.eightfold.ai/careers/job/996476288597
Lockheed Martin,Eightfold,Proposal Analyst Sr - E3,Space,,"Highlands Ranch, CO",US (CONUS),Full-time,81500,151300,per-year-salary,,https://lockheedmartin.eightfold.ai/careers/job/996476345223
Lockheed Martin,Eightfold,Manufacturing Supervisor,MFC-Camden,,"Camden, AR",US (CONUS),Full-time,65200,121200,per-year-salary,,https://lockheedmartin.eightfold.ai/careers/job/996476345601
Lockheed Martin,Eightfold,"Quality Engineer - Machine Shop - Orlando, FL",MFC-Primary,,"Orlando, FL",US (CONUS),Full-time,70500,130900,per-year-salary,,https://lockheedmartin.eightfold.ai/careers/job/996476342274
Lockheed Martin,Eightfold,KSA Subcontract-Program Manager,MFC-Primary,,"Arlington, TX",US (CONUS),Full-time,142800,265200,per-year-salary,,https://lockheedmartin.eightfold.ai/careers/job/996476321767
Lockheed Martin,Eightfold,Security Supv - L3,MFC-Primary,,"Troy, AL",US (CONUS),Full-time,72500,134600,per-year-salary,,https://lockheedmartin.eightfold.ai/careers/job/996476287545
Lockheed Martin,Eightfold,Assembler Sr - N2,MFC-Camden,,"Camden, AR",US (CONUS),Full-time,32000,59400,per-year-salary,,https://lockheedmartin.eightfold.ai/careers/job/996476326933
Lockheed Martin,Eightfold,Quality Engineer,MFC-Primary,,"Orlando, FL",US (CONUS),Full-time,70500,130900,per-year-salary,,https://lockheedmartin.eightfold.ai/careers/job/996476336853
Lockheed Martin,Eightfold,Manufacturing Support Team Member Sr - E3,LM Aeronautics Co- Fort Worth,,"Fort Worth, TX",US (CONUS),Full-time,72500,134600,per-year-salary,,https://lockheedmartin.eightfold.ai/careers/job/996476281163
Lockheed Martin,Eightfold,Protective Intelligence Analyst,Corporate Headquarters,,"Orlando, FL",US/Remote,Full-time,79300,147300,per-year-salary,,https://lockheedmartin.eightfold.ai/careers/job/996476340949
Lockheed Martin,Eightfold,Research Scientist Stf - E4,LM Aeronautics Co- Fort Worth,,"Fort Worth, TX",US (CONUS),Full-time,120600,224000,per-year-salary,,https://lockheedmartin.eightfold.ai/careers/job/996476321316
Lockheed Martin,Eightfold,Research Scientist Sr - E3,LM Aeronautics Co- Fort Worth,,"Fort Worth, TX",US (CONUS),Full-time,98100,182100,per-year-salary,,https://lockheedmartin.eightfold.ai/careers/job/996476322085
Lockheed Martin,Eightfold,"Sr. Quality Engineer - Archbald, PA",MFC-Primary,,"Archbald, PA",US (CONUS),Full-time,76700,142500,per-year-salary,,https://lockheedmartin.eightfold.ai/careers/job/996476342997
Lockheed Martin,Eightfold,Project Management & Planning Operations Rep Stf - E4,RMS-Svcs-LMOS,,"Orlando, FL",US/Remote,Full-time,118000,219100,per-year-salary,,https://lockheedmartin.eightfold.ai/careers/job/996476290110
Lockheed Martin,Eightfold,Mechanical Design Engineer Sr - E3,MFC-Primary,,"Grand Prairie, TX",US (CONUS),Full-time,85300,158300,per-year-salary,,https://lockheedmartin.eightfold.ai/careers/job/996476327296
Lockheed Martin,Eightfold,Project Management & Planning Operations Rep Sr - E3,RMS-Svcs-LMOS,,", AZ",US (CONUS),Full-time,85300,158300,per-year-salary,,https://lockheedmartin.eightfold.ai/careers/job/996476289156
Lockheed Martin,Eightfold,Transmission Assembly Supervisor - Level 3,RMS Sikorsky Manufacturing,,"Stratford, CT",US (CONUS),Full-time,81500,151300,per-year-salary,,https://lockheedmartin.eightfold.ai/careers/job/996476279634
Lockheed Martin,Eightfold,Security Rep - E2,MFC-Primary,,"Grand Prairie, TX",US (CONUS),Full-time,59900,111300,per-year-salary,,https://lockheedmartin.eightfold.ai/careers/job/996476335865
Lockheed Martin,Eightfold,Engineering Aide - N1,Space,,"Littleton, CO",US (CONUS),Full-time,47100,87500,per-year-salary,,https://lockheedmartin.eightfold.ai/careers/job/996476309685
Lockheed Martin,Eightfold,Field Engineer Asc - E1,MFC-Primary,,"Archbald, PA",US (CONUS),Full-time,44500,82700,per-year-salary,,https://lockheedmartin.eightfold.ai/careers/job/996476338393
Lockheed Martin,Eightfold,Mechanical Design Engineer - E2,MFC-Primary,,"Orlando, FL",US (CONUS),Full-time,70500,130900,per-year-salary,,https://lockheedmartin.eightfold.ai/careers/job/996476327180
Lockheed Martin,Eightfold,Software Engineer Stf - E4,Space,,"King of Prussia, PA",US (CONUS),Full-time,135700,251900,per-year-salary,,https://lockheedmartin.eightfold.ai/careers/job/996476338641
Lockheed Martin,Eightfold,Manufacturing Engineering Aide Sr,RMS Manufacturing,,"Orlando, FL",US (CONUS),Full-time,48200,89400,per-year-salary,,https://lockheedmartin.eightfold.ai/careers/job/996476283857
Lockheed Martin,Eightfold,Mechanical Design Engineer Sr - E3,MFC-Primary,,"Grand Prairie, TX",US (CONUS),Full-time,85300,158300,per-year-salary,,https://lockheedmartin.eightfold.ai/careers/job/996476327215
Lockheed Martin,Eightfold,Mechanical Design Engineer Sr - E3,MFC-Primary,,"Grand Prairie, TX",US (CONUS),Full-time,85300,158300,per-year-salary,,https://lockheedmartin.eightfold.ai/careers/job/996476327264
Lockheed Martin,Eightfold,Financial Management Sr - E3,MFC-Primary,,"Orlando, FL",US (CONUS),Full-time,72500,134600,per-year-salary,,https://lockheedmartin.eightfold.ai/careers/job/996476276807
Lockheed Martin,Eightfold,Environmental Health & Safety Engineer Stf - E4,RMS Core,,"Liverpool, NY",US (CONUS),Full-time,89100,165500,per-year-salary,,https://lockheedmartin.eightfold.ai/careers/job/996476315647
Lockheed Martin,Eightfold,Environmental Health & Safety Engineer Sr,RMS Core,,"Liverpool, NY",US (CONUS),Full-time,72500,134600,per-year-salary,,https://lockheedmartin.eightfold.ai/careers/job/996476315705
Lockheed Martin,Eightfold,Environmental Health & Safety Engineer,RMS Core,,"Liverpool, NY",US (CONUS),Full-time,59900,111300,per-year-salary,,https://lockheedmartin.eightfold.ai/careers/job/996476315144
Lockheed Martin,Eightfold,Administrative Support Sr - N2,Space,,"Kings Bay Base, GA",US (CONUS),Full-time,41900,77700,per-year-salary,,https://lockheedmartin.eightfold.ai/careers/job/996476282646
Lockheed Martin,Eightfold,Manufacturing Engineer Sr - E3,MFC-Camden,,"Camden, AR",US (CONUS),Full-time,76700,142500,per-year-salary,,https://lockheedmartin.eightfold.ai/careers/job/996476283524
Lockheed Martin,Eightfold,Mechanical Test Engineer Stf,LM Aeronautics Co- Marietta,,"Marietta, GA",US (CONUS),Full-time,104900,194700,per-year-salary,,https://lockheedmartin.eightfold.ai/careers/job/996476338687
Lockheed Martin,Eightfold,"Senior Quality Engineer - Orlando, FL",MFC-Primary,,"Orlando, FL",US (CONUS),Full-time,85300,158300,per-year-salary,,https://lockheedmartin.eightfold.ai/careers/job/996476345227
Lockheed Martin,Eightfold,Security Rep Asc,Corporate Headquarters,,"Orlando, FL",US (CONUS),Full-time,49500,91900,per-year-salary,,https://lockheedmartin.eightfold.ai/careers/job/996476317237
Lockheed Martin,Eightfold,Subcontract Management Sr - E3,LM Aeronautics Co- Fort Worth,,"Fort Worth, TX",US (CONUS),Full-time,72500,134600,per-year-salary,,https://lockheedmartin.eightfold.ai/careers/job/996476277634
Lockheed Martin,Eightfold,"Sr. Quality Engineer - Archbald, PA",MFC-Primary,,"Archbald, PA",US (CONUS),Full-time,76700,142500,per-year-salary,,https://lockheedmartin.eightfold.ai/careers/job/996476344636
Lockheed Martin,Eightfold,Engineering Aide Spec - N3,MFC-Primary,,"Grand Prairie, TX",US (CONUS),Full-time,57800,107400,per-year-salary,,https://lockheedmartin.eightfold.ai/careers/job/996476302659
Lockheed Martin,Eightfold,"Sr. Quality Engineer - Archbald, PA",MFC-Primary,,"Archbald, PA",US (CONUS),Full-time,76700,142500,per-year-salary,,https://lockheedmartin.eightfold.ai/careers/job/996476344079
Lockheed Martin,Eightfold,Software Engineering Asc Mgr - L4,Space,,"Littleton, CO",US (CONUS),Full-time,135700,251900,per-year-salary,,https://lockheedmartin.eightfold.ai/careers/job/996476344081
Lockheed Martin,Eightfold,Mechanical Design Engineer Sr - E3,MFC-Primary,,"Orlando, FL",US (CONUS),Full-time,85300,158300,per-year-salary,,https://lockheedmartin.eightfold.ai/careers/job/996476326435
Lockheed Martin,Eightfold,Sniper Embedded Software Engineer Stf - E4,MFC-Primary,,"Orlando, FL",US (CONUS),Full-time,120600,224000,per-year-salary,,https://lockheedmartin.eightfold.ai/careers/job/996476337392
Lockheed Martin,Eightfold,Mechanical Design Engineer Sr - E3,MFC-Primary,,"Orlando, FL",US (CONUS),Full-time,85300,158300,per-year-salary,,https://lockheedmartin.eightfold.ai/careers/job/996476326144
Lockheed Martin,Eightfold,Embedded Software Engineer Sr Stf - E5,MFC-Primary,,"Orlando, FL",US (CONUS),Full-time,148300,275500,per-year-salary,,https://lockheedmartin.eightfold.ai/careers/job/996476323301
Lockheed Martin,Eightfold,Research Scientist Sr Stf - E5,LM Aeronautics Co- Palmdale,,"Palmdale, CA",US (CONUS),Full-time,166900,309900,per-year-salary,,https://lockheedmartin.eightfold.ai/careers/job/996476320956
Lockheed Martin,Eightfold,Software Engineer Sr Stf - E5,Space,,"Huntsville, AL",US (CONUS),Full-time,148300,275500,per-year-salary,,https://lockheedmartin.eightfold.ai/careers/job/996476201972
Lockheed Martin,Eightfold,"Quality Engineer - Orlando, FL",MFC-Primary,,"Orlando, FL",US (CONUS),Full-time,70500,130900,per-year-salary,,https://lockheedmartin.eightfold.ai/careers/job/996476341871
Lockheed Martin,Eightfold,Security Representative Sr. - Clearance Required,Space,,"Huntsville, AL",US (CONUS),Full-time,72500,134600,per-year-salary,,https://lockheedmartin.eightfold.ai/careers/job/996476284625
Lockheed Martin,Eightfold,Systems Engineer Stf - E4,LM Aeronautics Co- Fort Worth,,"Fort Worth, TX",US (CONUS),Full-time,104900,194700,per-year-salary,,https://lockheedmartin.eightfold.ai/careers/job/996476288219
Lockheed Martin,Eightfold,Project Management & Planning Operations Rep - E2,Space,,"Kings Bay Base, GA",US (CONUS),Full-time,70500,130900,per-year-salary,,https://lockheedmartin.eightfold.ai/careers/job/996476316591
Lockheed Martin,Eightfold,Quality Engineer Asc - E1,MFC-Chelmsford,,"Chelmsford, MA",US (CONUS),Full-time,65500,121700,per-year-salary,,https://lockheedmartin.eightfold.ai/careers/job/996476340404
Lockheed Martin,Eightfold,"Systems Engineer Mgr - Architecture, and Requirements & Verification",Space,,"Littleton, CO",US (CONUS),Full-time,145100,269500,per-year-salary,,https://lockheedmartin.eightfold.ai/careers/job/996476318546
Lockheed Martin,Eightfold,Finance Manager,MFC-Primary,,"Orlando, FL",US (CONUS),Full-time,109700,203700,per-year-salary,,https://lockheedmartin.eightfold.ai/careers/job/996476282664
Lockheed Martin,Eightfold,"Sr Supplier Quality Engineer- Orlando, FL",MFC-Primary,,"Orlando, FL",US (CONUS),Full-time,85300,158300,per-year-salary,,https://lockheedmartin.eightfold.ai/careers/job/996476340058
Lockheed Martin,Eightfold,Contract Negotiation Asc Mgr - L4,LM Aeronautics Co- Fort Worth,,"Fort Worth, TX",US (CONUS),Full-time,89100,165500,per-year-salary,,https://lockheedmartin.eightfold.ai/careers/job/996476312205
Lockheed Martin,Eightfold,Subcontract Program Management Sr Stf - E5,LM Aeronautics Co- Fort Worth,,"Fort Worth, TX",US (CONUS),Full-time,129000,239600,per-year-salary,,https://lockheedmartin.eightfold.ai/careers/job/996476302289
Lockheed Martin,Eightfold,Project Management & Planning Operations Rep Stf - E4,MFC-Primary,,"Orlando, FL",US (CONUS),Full-time,104900,194700,per-year-salary,,https://lockheedmartin.eightfold.ai/careers/job/996476277881
Lockheed Martin,Eightfold,Contract Negotiation Mgr - L5,LM Aeronautics Co- Fort Worth,,"Fort Worth, TX",US (CONUS),Full-time,98700,183300,per-year-salary,,https://lockheedmartin.eightfold.ai/careers/job/996476308878
Lockheed Martin,Eightfold,Systems Engineering Asc Mgr - L4,MFC-Primary,,"Orlando, FL",US (CONUS),Full-time,104900,194700,per-year-salary,,https://lockheedmartin.eightfold.ai/careers/job/996476336382
Lockheed Martin,Eightfold,Subcontract Administration - E2,Space,,"Titusville, FL",US (CONUS),Full-time,67400,125200,per-year-salary,,https://lockheedmartin.eightfold.ai/careers/job/996476277462
Lockheed Martin,Eightfold,Mechanical Design Engineer Sr,MFC-Primary,,"Orlando, FL",US (CONUS),Full-time,85300,158300,per-year-salary,,https://lockheedmartin.eightfold.ai/careers/job/996476319746
Lockheed Martin,Eightfold,Proposal Analysis Sr Mgr - L6,LM Aeronautics Co- Fort Worth,,"Fort Worth, TX",US (CONUS),Full-time,134900,250500,per-year-salary,,https://lockheedmartin.eightfold.ai/careers/job/996476290260
Lockheed Martin,Eightfold,Guidance/Navigation/Control Engineering Asc - E1,Space,,"King of Prussia, PA",US (CONUS),Full-time,75400,140000,per-year-salary,,https://lockheedmartin.eightfold.ai/careers/job/996476321071
Lockheed Martin,Eightfold,Business Development Principal- Integrated Air & Missile Defense,MFC-Primary,,"Lawton, OK",US (CONUS),Full-time,142800,265200,per-year-salary,,https://lockheedmartin.eightfold.ai/careers/job/996476200599
Lockheed Martin,Eightfold,Research Scientist - E2,LM Aeronautics Co- Palmdale,,"Palmdale, CA",US (CONUS),Full-time,91200,169400,per-year-salary,,https://lockheedmartin.eightfold.ai/careers/job/996476318257
Lockheed Martin,Eightfold,Systems Engineer Sr (CAM) - E3,LM Aeronautics Co- Fort Worth,,"Fort Worth, TX",US (CONUS),Full-time,85300,158300,per-year-salary,,https://lockheedmartin.eightfold.ai/careers/job/996476286534
Lockheed Martin,Eightfold,"MultifunctionaAssociate Manager - Multi-Functional Quality - Troy, ALl Quality Asc Mgr - L4",MFC-Primary,,"Troy, AL",US (CONUS),Full-time,104900,194700,per-year-salary,,https://lockheedmartin.eightfold.ai/careers/job/996476340963
Lockheed Martin,Eightfold,Cloud Architect Stf - E4,Space LMOS,,"Littleton, CO",US (CONUS),Full-time,135700,251900,per-year-salary,,https://lockheedmartin.eightfold.ai/careers/job/996476183860
Lockheed Martin,Eightfold,Financial Management Level 2,LM Aeronautics Co- Fort Worth,,"Fort Worth, TX",US (CONUS),Full-time,59900,111300,per-year-salary,,https://lockheedmartin.eightfold.ai/careers/job/996476277613
Lockheed Martin,Eightfold,Financial Management - E2,LM Aeronautics Co- Palmdale,,"Palmdale, CA",US (CONUS),Full-time,59900,111300,per-year-salary,,https://lockheedmartin.eightfold.ai/careers/job/996476291477
Lockheed Martin,Eightfold,Industrial Engineer Stf - E4,MFC-Primary,,"Ocala, FL",US (CONUS),Full-time,104900,194700,per-year-salary,,https://lockheedmartin.eightfold.ai/careers/job/996476318541
Lockheed Martin,Eightfold,Industrial Engineer Sr - E3,MFC-Primary,,"Ocala, FL",US (CONUS),Full-time,85300,158300,per-year-salary,,https://lockheedmartin.eightfold.ai/careers/job/996476318503
Lockheed Martin,Eightfold,ERP Business Analyst Sr Stf - E5,Enterprise Business Services,,"Sunnyvale, CA",US/Remote,Full-time,116100,215700,per-year-salary,,https://lockheedmartin.eightfold.ai/careers/job/996476205531
Lockheed Martin,Eightfold,Industrial Engineer - E2,MFC-Primary,,"Ocala, FL",US (CONUS),Full-time,70500,130900,per-year-salary,,https://lockheedmartin.eightfold.ai/careers/job/996476335864
Lockheed Martin,Eightfold,"Aircraft Operations Analyst Sr, F-35 - Level 3",AFS-LMLS Aero Segment,,"Beaufort, SC",US (CONUS),Full-time,65200,121200,per-year-salary,,https://lockheedmartin.eightfold.ai/careers/job/996476299761
Lockheed Martin,Eightfold,"Field Sales Support Systems Engineering Manager, F-35 - Level 5",LMLS EEs on EBS LMGI Ldgr,,"Fort Worth, TX",US (CONUS),Full-time,129000,239600,per-year-salary,,https://lockheedmartin.eightfold.ai/careers/job/996476276422
Lockheed Martin,Eightfold,"Quality Assurance Inspector (Beale AFB, CA), U-2 - Level 4",AFS-LMLS Aero Segment,,"Beale AFB, CA",US (CONUS),Full-time,37.55,69.71,per-hour-wage,,https://lockheedmartin.eightfold.ai/careers/job/996476285930
Lockheed Martin,Eightfold,Financial Management Sr - E3,Space,,"Highlands Ranch, CO",US (CONUS),Full-time,81500,151300,per-year-salary,,https://lockheedmartin.eightfold.ai/careers/job/996476291001
Lockheed Martin,Eightfold,Contracts Management Stf - E4,Space,,"Littleton, CO",US (CONUS),Full-time,100200,186200,per-year-salary,,https://lockheedmartin.eightfold.ai/careers/job/996476321311
Lockheed Martin,Eightfold,Financial Management Sr - E3,Space,,"Titusville, FL",US (CONUS),Full-time,72500,134600,per-year-salary,,https://lockheedmartin.eightfold.ai/careers/job/996476290053
Lockheed Martin,Eightfold,Accounting Associate,Space,,"Highlands Ranch, CO",US (CONUS),Full-time,67400,125200,per-year-salary,,https://lockheedmartin.eightfold.ai/careers/job/996476280683
Lockheed Martin,Eightfold,Cyber Software Eng Sr - E3,RMS-Svcs-LMOS,,", MD",US (CONUS),Full-time,110300,204900,per-year-salary,,https://lockheedmartin.eightfold.ai/careers/job/996476321453
Lockheed Martin,Eightfold,Quality Engineer Sr,LM Aeronautics Co- Fort Worth,,"Edwards AFB, CA",US (CONUS),Full-time,95900,178100,per-year-salary,,https://lockheedmartin.eightfold.ai/careers/job/996476277490
Lockheed Martin,Eightfold,Security Rep,Corporate Headquarters,,"Suffolk, VA",US (CONUS),Full-time,59900,111300,per-year-salary,,https://lockheedmartin.eightfold.ai/careers/job/996476282402
Lockheed Martin,Eightfold,Project Engineer Stf - E4,LM Aeronautics Co- Fort Worth,,"Fort Worth, TX",US (CONUS),Full-time,104900,194700,per-year-salary,,https://lockheedmartin.eightfold.ai/careers/job/996476280067
Lockheed Martin,Eightfold,"Structures/Sheet Metal Technician, F-35 - Level 4",AFS-LMLS Aero Segment,,"Yuma, AZ",US (CONUS),Full-time,30,55.77,per-hour-wage,,https://lockheedmartin.eightfold.ai/careers/job/996476277028
Lockheed Martin,Eightfold,THAAD DevSecOps Engineer Senior,Space,,"Huntsville, AL",US (CONUS),Full-time,98100,182100,per-year-salary,,https://lockheedmartin.eightfold.ai/careers/job/996476320518
Lockheed Martin,Eightfold,Category Management Sr - E3,Enterprise Business Services,,"Mt Laurel Township, NJ",US/Remote,Full-time,90600,168200,per-year-salary,,https://lockheedmartin.eightfold.ai/careers/job/996476317426
Lockheed Martin,Eightfold,Quality Engineer Sr Staff - E5,LM Aeronautics Co- Fort Worth,,"Fort Worth, TX",US (CONUS),Full-time,129000,239600,per-year-salary,,https://lockheedmartin.eightfold.ai/careers/job/996476276534
Lockheed Martin,Eightfold,Manufacturing Engineer Sr - E3,MFC-Primary,,"Orlando, FL",US (CONUS),Full-time,85300,158300,per-year-salary,,https://lockheedmartin.eightfold.ai/careers/job/996476278355
Lockheed Martin,Eightfold,Experienced Supplier Quality Engineer,LM Aeronautics Co- Fort Worth,,"Fort Worth, TX",US/Remote,Full-time,104900,194700,per-year-salary,,https://lockheedmartin.eightfold.ai/careers/job/996476282649
Lockheed Martin,Eightfold,Quality Control Analyst Sr - E3,LM Aeronautics Co- Fort Worth,,"Fort Worth, TX",US (CONUS),Full-time,72500,134600,per-year-salary,,https://lockheedmartin.eightfold.ai/careers/job/996476280925
Lockheed Martin,Eightfold,Project Engineering Mgr - L5,Space,,"Washington, DC",US (CONUS),Full-time,145100,269500,per-year-salary,,https://lockheedmartin.eightfold.ai/careers/job/996476277652
Lockheed Martin,Eightfold,Quality Engineer Sr - E3,MFC-Primary,,"Grand Prairie, TX",US (CONUS),Full-time,85300,158300,per-year-salary,,https://lockheedmartin.eightfold.ai/careers/job/996476312508
Lockheed Martin,Eightfold,Multifunctional Quality Supv - L3,LM Aeronautics Co- Fort Worth,,"Fort Worth, TX",US (CONUS),Full-time,85300,158300,per-year-salary,,https://lockheedmartin.eightfold.ai/careers/job/996476290434
Lockheed Martin,Eightfold,Traffic Rate Specialist,LM Aeronautics Co- Fort Worth,,"Fort Worth, TX",US (CONUS),Full-time,20.95,37.34,per-hour-wage,,https://lockheedmartin.eightfold.ai/careers/job/996476280926
Lockheed Martin,Eightfold,Contracts Management Sr - E3,LM Aeronautics Co- Fort Worth,,"Fort Worth, TX",US/Remote,Full-time,72500,134600,per-year-salary,,https://lockheedmartin.eightfold.ai/careers/job/996476288951
Lockheed Martin,Eightfold,ADP Project Engineer Sr - Level 3,LM Aeronautics Co- Marietta,,"Fort Worth, TX",US (CONUS),Full-time,85300,158300,per-year-salary,,https://lockheedmartin.eightfold.ai/careers/job/996476281312
Lockheed Martin,Eightfold,Contracts Management Sr - E3,LM Aeronautics Co- Fort Worth,,"Fort Worth, TX",US/Remote,Full-time,72500,134600,per-year-salary,,https://lockheedmartin.eightfold.ai/careers/job/996476282252
Lockheed Martin,Eightfold,Systems Engineering Asc Mgr - L4,MFC-Primary,,"Grand Prairie, TX",US (CONUS),Full-time,104900,194700,per-year-salary,,https://lockheedmartin.eightfold.ai/careers/job/996476322041
Lockheed Martin,Eightfold,Field Sales Support Systems Engineer Sr - Level 3,AFS-LMLS Aero Segment,,"Fort Worth, TX",US/Remote,Full-time,85300,158300,per-year-salary,,https://lockheedmartin.eightfold.ai/careers/job/996476299757
Lockheed Martin,Eightfold,Systems Engineering Asc Mgr - L4,MFC-Primary,,"Orlando, FL",US (CONUS),Full-time,104900,194700,per-year-salary,,https://lockheedmartin.eightfold.ai/careers/job/996476321083
Lockheed Martin,Eightfold,Software Engineer Stf / Control Account Manager - E4,Space,,"King of Prussia, PA",US (CONUS),Full-time,135700,251900,per-year-salary,,https://lockheedmartin.eightfold.ai/careers/job/996476337843
Lockheed Martin,Eightfold,"Senior Manager, Supply Chain AI and Digital Solutions",MFC-Primary,,"Grand Prairie, TX",US (CONUS),Full-time,158700,294700,per-year-salary,,https://lockheedmartin.eightfold.ai/careers/job/996476318023
Lockheed Martin,Eightfold,Software Engineer - E2,LM Aeronautics Co- Palmdale,,"Palmdale, CA",US (CONUS),Full-time,91200,169400,per-year-salary,,https://lockheedmartin.eightfold.ai/careers/job/996476325284
Lockheed Martin,Eightfold,Manufacturing Engineer,MFC-Primary,,"Ocala, FL",US (CONUS),Full-time,70500,130900,per-year-salary,,https://lockheedmartin.eightfold.ai/careers/job/996476309170
Lockheed Martin,Eightfold,Associate Cyber Software Engineer - Hybrid / Rockville MD,Enterprise Business Services,,"Rockville, MD",US (CONUS),Full-time,75400,140000,per-year-salary,,https://lockheedmartin.eightfold.ai/careers/job/996476277225
Lockheed Martin,Eightfold,Cyber Testing Exploitation Senior / Red Team - Hybrid / TX / FL / MD,Enterprise Business Services,,"Bethesda, MD",US (CONUS),Full-time,110300,204900,per-year-salary,,https://lockheedmartin.eightfold.ai/careers/job/996476280933
Lockheed Martin,Eightfold,"LabVIEW Developer, Sr",MFC-Primary,,"Grand Prairie, TX",US (CONUS),Full-time,85300,158300,per-year-salary,,https://lockheedmartin.eightfold.ai/careers/job/996476172022
Lockheed Martin,Eightfold,"Test Engineer - Andover, MA",MFC-Chelmsford,,"Andover, MA",US (CONUS),Full-time,79300,147300,per-year-salary,,https://lockheedmartin.eightfold.ai/careers/job/996476232527
Lockheed Martin,Eightfold,Integrated Program Planner Sr - E3,LM Aeronautics Co- Fort Worth,,"Fort Worth, TX",US (CONUS),Full-time,72500,134600,per-year-salary,,https://lockheedmartin.eightfold.ai/careers/job/996476318528
Lockheed Martin,Eightfold,Subcontract Management Sr Stf - E5,LM Aeronautics Co- Fort Worth,,"Fort Worth, TX",US (CONUS),Full-time,109700,203700,per-year-salary,,https://lockheedmartin.eightfold.ai/careers/job/996476287304
Lockheed Martin,Eightfold,Assembler Aircraft Structures,LM Aeronautics Co- Fort Worth,,"Fort Worth, TX",US (CONUS),Full-time,31.68,53.33,per-hour-wage,,https://lockheedmartin.eightfold.ai/careers/job/996476300416
Lockheed Martin,Eightfold,Low Observable Material Coat Finisher,LM Aeronautics Co- Fort Worth,,"Fort Worth, TX",US (CONUS),Full-time,0,0,per-hour-wage,,https://lockheedmartin.eightfold.ai/careers/job/996476307663
Lockheed Martin,Eightfold,Assembler Aircraft Structures,LM Aeronautics Co- Fort Worth,,"Fort Worth, TX",US (CONUS),Full-time,31.68,53.33,per-hour-wage,,https://lockheedmartin.eightfold.ai/careers/job/996476286928
Lockheed Martin,Eightfold,Financial Analyst Stf - E4,Space,,"Highlands Ranch, CO",US (CONUS),Full-time,1562042,2900934,per-year-salary,,https://lockheedmartin.eightfold.ai/careers/job/996476291014
Lockheed Martin,Eightfold,Program Management Mgr - L5,Space,,"King of Prussia, PA",US (CONUS),Full-time,166900,309900,per-year-salary,,https://lockheedmartin.eightfold.ai/careers/job/996476279699
Lockheed Martin,Eightfold,Software Engineer Asc - E1,Space,,"Huntsville, AL",US (CONUS),Full-time,67000,124400,per-year-salary,,https://lockheedmartin.eightfold.ai/careers/job/996476284384
Lockheed Martin,Eightfold,Software Engineer Asc - E1,Space,,"Huntsville, AL",US (CONUS),Full-time,67000,124400,per-year-salary,,https://lockheedmartin.eightfold.ai/careers/job/996476284623
Lockheed Martin,Eightfold,Subcontract Management Stf - E4,MFC-Primary,,"Grand Prairie, TX",US (CONUS),Full-time,89100,165500,per-year-salary,,https://lockheedmartin.eightfold.ai/careers/job/996476297782
Lockheed Martin,Eightfold,Subcontract Program Management Sr Mgr - L6,MFC-Primary,,"Orlando, FL",US (CONUS),Full-time,158700,294700,per-year-salary,,https://lockheedmartin.eightfold.ai/careers/job/996476288620
Lockheed Martin,Eightfold,"Sr. Windows System Admin/Helpdesk- TS/SCI W/Poly - Littleton, CO",Enterprise Business Services,,"Littleton, CO",US (CONUS),Full-time,95900,178100,per-year-salary,,https://lockheedmartin.eightfold.ai/careers/job/996476319752
Lockheed Martin,Eightfold,"Staff Windows System Administrator - TS/SCI W/Poly - Littleton, CO",Enterprise Business Services,,"Littleton, CO",US (CONUS),Full-time,118000,219100,per-year-salary,,https://lockheedmartin.eightfold.ai/careers/job/996476319637
Lockheed Martin,Eightfold,Program Management Sr Mgr - L6,MFC-Primary,,"Orlando, FL",US (CONUS),Full-time,182500,338900,per-year-salary,,https://lockheedmartin.eightfold.ai/careers/job/996476291073
Lockheed Martin,Eightfold,Price Cost Analysis Mgr - L5,MFC-Primary,,"Grand Prairie, TX",US (CONUS),Full-time,109700,203700,per-year-salary,,https://lockheedmartin.eightfold.ai/careers/job/996476283087
Lockheed Martin,Eightfold,Multifunctional Manufacturing Supv - L3,MFC-Primary,,"Orlando, FL",US (CONUS),Full-time,72500,134600,per-year-salary,,https://lockheedmartin.eightfold.ai/careers/job/996476307736
Lockheed Martin,Eightfold,Subcontract Management Sr - E3,MFC-Primary,,"Grand Prairie, TX",US (CONUS),Full-time,72500,134600,per-year-salary,,https://lockheedmartin.eightfold.ai/careers/job/996476296989
Lockheed Martin,Eightfold,Dev Sec Engineering Sr - E3,Space,,"King of Prussia, PA",US (CONUS),Full-time,110300,204900,per-year-salary,,https://lockheedmartin.eightfold.ai/careers/job/996476238905
Lockheed Martin,Eightfold,Dev Sec Engineering - E2,Space,,"King of Prussia, PA",US (CONUS),Full-time,91200,169400,per-year-salary,,https://lockheedmartin.eightfold.ai/careers/job/996476207618
Lockheed Martin,Eightfold,"Sr. Network Engineer / TS/SCI Poly SP / Onsite: Hanover, MD",Enterprise Business Services,,", MD",US (CONUS),Full-time,95900,178100,per-year-salary,,https://lockheedmartin.eightfold.ai/careers/job/996476318039
Lockheed Martin,Eightfold,Senior FPGA Design Engineer Sr - E3,RMS Core,,"Owego, NY",US (CONUS),Full-time,98100,182100,per-year-salary,,https://lockheedmartin.eightfold.ai/careers/job/996476225594
Lockheed Martin,Eightfold,Financial Analyst Sr - E3,Space,,"Cape Canaveral, FL",US (CONUS),Full-time,72500,134600,per-year-salary,,https://lockheedmartin.eightfold.ai/careers/job/996476277024
Lockheed Martin,Eightfold,Subcontract Program Management Sr Mgr - L6,MFC-Primary,,"Arlington, TX",US (CONUS),Full-time,158700,294700,per-year-salary,,https://lockheedmartin.eightfold.ai/careers/job/996476290212
Lockheed Martin,Eightfold,Subcontract Program Management Sr Mgr - L6,MFC-Primary,,"Arlington, TX",US (CONUS),Full-time,158700,294700,per-year-salary,,https://lockheedmartin.eightfold.ai/careers/job/996476288397
Lockheed Martin,Eightfold,Sr. System Administrator / TS/SCI / Onsite: CO,Enterprise Business Services,,"Littleton, CO",US (CONUS),Full-time,95900,178100,per-year-salary,,https://lockheedmartin.eightfold.ai/careers/job/996476317836
Lockheed Martin,Eightfold,Manufacturing Support Team Member - E2,MFC-Primary,,"Orlando, FL",US (CONUS),Full-time,59900,111300,per-year-salary,,https://lockheedmartin.eightfold.ai/careers/job/996476280077
Lockheed Martin,Eightfold,Systems Engineer - Safety Integration,Space,,"Cape Canaveral, FL",US (CONUS),Full-time,85300,158300,per-year-salary,,https://lockheedmartin.eightfold.ai/careers/job/996476302829
Lockheed Martin,Eightfold,"Assistant General Counsel, Intellectual Property for Data Rights",Corporate Headquarters,,"Orlando, FL",US (CONUS),Full-time,205300,381300,per-year-salary,,https://lockheedmartin.eightfold.ai/careers/job/996476281550
Lockheed Martin,Eightfold,Mechanical Design Engineer Sr,MFC-Primary,,"Orlando, FL",US (CONUS),Full-time,85300,158300,per-year-salary,,https://lockheedmartin.eightfold.ai/careers/job/996476288391
Lockheed Martin,Eightfold,Administrative Assistant Sr Spec - N5,LM Aeronautics Co- Fort Worth,,"Fort Worth, TX",US (CONUS),Full-time,72400,134400,per-year-salary,,https://lockheedmartin.eightfold.ai/careers/job/996476280696
Lockheed Martin,Eightfold,Offensive Cyber Analyst / Programmer 2,RMS-Svcs-LMOS,,", MD",US (CONUS),Full-time,135700,251900,per-year-salary,,https://lockheedmartin.eightfold.ai/careers/job/996476202339
Lockheed Martin,Eightfold,Manufacturing Engineer - E2,MFC-Camden,,"Camden, AR",US (CONUS),Full-time,63400,117800,per-year-salary,,https://lockheedmartin.eightfold.ai/careers/job/996476300520
Lockheed Martin,Eightfold,Material & Process Engineer - E2,RMS Sikorsky Core,,"Stratford, CT",US (CONUS),Full-time,79300,147300,per-year-salary,,https://lockheedmartin.eightfold.ai/careers/job/996476284190
Lockheed Martin,Eightfold,Full Stack Engineer Sr - Enterprise IT,Enterprise Business Services,,"Sunnyvale, CA",US/Remote,Full-time,110300,204900,per-year-salary,,https://lockheedmartin.eightfold.ai/careers/job/996476277063
Lockheed Martin,Eightfold,Test Technician - Product Test Sr - N2,MFC-Camden,,"Camden, AR",US (CONUS),Full-time,37700,69900,per-year-salary,,https://lockheedmartin.eightfold.ai/careers/job/996476285271
Lockheed Martin,Eightfold,Systems Engineer Test Director,Space LMOS,,"Herndon, VA",US (CONUS),Full-time,95900,178100,per-year-salary,,https://lockheedmartin.eightfold.ai/careers/job/996476284996
Lockheed Martin,Eightfold,"Staff Mult Fnc Info Sys Analyst- TS/SCI W/Poly - Littleton, CO",Enterprise Business Services,,"Littleton, CO",US (CONUS),Full-time,118000,219100,per-year-salary,,https://lockheedmartin.eightfold.ai/careers/job/996476317624
Lockheed Martin,Eightfold,Systems Engineer Test Director,Space LMOS,,"Herndon, VA",US (CONUS),Full-time,95900,178100,per-year-salary,,https://lockheedmartin.eightfold.ai/careers/job/996476284692
Lockheed Martin,Eightfold,Manufacturing Engineer - E2,MFC-Primary,,"Orlando, FL",US (CONUS),Full-time,70500,130900,per-year-salary,,https://lockheedmartin.eightfold.ai/careers/job/996476295565
Lockheed Martin,Eightfold,"Sr. IT Systems Engineer, / Top Secret / Onsite: KoP, PA",Enterprise Business Services,,"King of Prussia, PA",US (CONUS),Full-time,95900,178100,per-year-salary,,https://lockheedmartin.eightfold.ai/careers/job/996476317470
Lockheed Martin,Eightfold,Sr. Full Stack Engineer / Interim Secret / Onsite: CO or PA,Enterprise Business Services,,"King of Prussia, PA",US (CONUS),Full-time,110300,204900,per-year-salary,,https://lockheedmartin.eightfold.ai/careers/job/996476316894
Lockheed Martin,Eightfold,Administrative Assistant - Clearance Required,Space,,"Littleton, CO",US (CONUS),Full-time,67900,126100,per-year-salary,,https://lockheedmartin.eightfold.ai/careers/job/996476286667
Lockheed Martin,Eightfold,Facilities & Fire Protection Senior Specialist,GSO-LMLS Aero Segment,,"Greenville, SC",US (CONUS),Full-time,60300,112100,per-year-salary,,https://lockheedmartin.eightfold.ai/careers/job/996476307447
Lockheed Martin,Eightfold,"IT Systems Engineer- Secret- Onsite in Orlando, FL",Enterprise Business Services,,"Orlando, FL",US (CONUS),Full-time,70500,130900,per-year-salary,,https://lockheedmartin.eightfold.ai/careers/job/996476316152
Lockheed Martin,Eightfold,Multifunctional Manufacturing Supervisor,MFC-Lufkin,,"Lufkin, TX",US (CONUS),Full-time,65200,121200,per-year-salary,,https://lockheedmartin.eightfold.ai/careers/job/996476282425
Lockheed Martin,Eightfold,"Proposal Analyst / Materials Estimator / Level 2 / Arlington, TX",MFC-Primary,,"Arlington, TX",US (CONUS),Full-time,59900,111300,per-year-salary,,https://lockheedmartin.eightfold.ai/careers/job/996476289801
Lockheed Martin,Eightfold,"Sr Test Engineer - Andover, MA",MFC-Chelmsford,,"Andover, MA",US (CONUS),Full-time,95900,178100,per-year-salary,,https://lockheedmartin.eightfold.ai/careers/job/996476288592
Lockheed Martin,Eightfold,Manufacturing Supervisor,MFC-Camden,,"Camden, AR",US (CONUS),Full-time,65200,121200,per-year-salary,,https://lockheedmartin.eightfold.ai/careers/job/996476307838
Lockheed Martin,Eightfold,Manufacturing Financial Analyst,RMS Core,,"Owego, NY",US (CONUS),Full-time,59900,111300,per-year-salary,,https://lockheedmartin.eightfold.ai/careers/job/996476277425
Lockheed Martin,Eightfold,Program Quality Engineering Mgr - L5,MFC-Primary,,"Grand Prairie, TX",US (CONUS),Full-time,129000,239600,per-year-salary,,https://lockheedmartin.eightfold.ai/careers/job/996476290845
Lockheed Martin,Eightfold,Software Engineer Sr Stf - E5,LM Aeronautics Co- Marietta,,"Marietta, GA",US (CONUS),Full-time,148300,275500,per-year-salary,,https://lockheedmartin.eightfold.ai/careers/job/996476187942
Lockheed Martin,Eightfold,F-35C Maintenance Manager - Level 5,AFS-LMLS Aero Segment,,"Fallon, NV",US (CONUS),Full-time,129000,239600,per-year-salary,,https://lockheedmartin.eightfold.ai/careers/job/996476282955
Lockheed Martin,Eightfold,Graphic Design Sr - E3,MFC-Primary,,"Orlando, FL",US (CONUS),Full-time,72500,134600,per-year-salary,,https://lockheedmartin.eightfold.ai/careers/job/996476276802
Lockheed Martin,Eightfold,"Director, RMS Supply Chain - Training and Logistics Solutions",RMS Core,,"Orlando, FL",US (CONUS),Full-time,180000,325000,per-year-salary,,https://lockheedmartin.eightfold.ai/careers/job/996476304528
Lockheed Martin,Eightfold,Systems Integration/Test Engineer (Level 2),Space,,"Courtland, AL",US (CONUS),Full-time,70500,130900,per-year-salary,,https://lockheedmartin.eightfold.ai/careers/job/996476283026
Lockheed Martin,Eightfold,Systems Engineer Staff,Space LMOS,,"Littleton, CO",US (CONUS),Full-time,118000,219100,per-year-salary,,https://lockheedmartin.eightfold.ai/careers/job/996476290317
Lockheed Martin,Eightfold,Systems Engineer Test Director,Space LMOS,,"Herndon, VA",US (CONUS),Full-time,95900,178100,per-year-salary,,https://lockheedmartin.eightfold.ai/careers/job/996476277038
Lockheed Martin,Eightfold,"Senior Staff HPC Architect- Secret- Orlando, FL",Enterprise Business Services,,"Orlando, FL",US (CONUS),Full-time,148300,275500,per-year-salary,,https://lockheedmartin.eightfold.ai/careers/job/996476315414
Lockheed Martin,Eightfold,Tester Sr,MFC-Primary,,"Ocala, FL",US (CONUS),Full-time,22,30.6,per-hour-wage,,https://lockheedmartin.eightfold.ai/careers/job/996476307089
Lockheed Martin,Eightfold,Program Management Sr Mgr - L6,MFC-Primary,,"Grand Prairie, TX",US (CONUS),Full-time,182500,338900,per-year-salary,,https://lockheedmartin.eightfold.ai/careers/job/996476277620
Lockheed Martin,Eightfold,Software Systems Architecture Sr Stf - E5,Space,,"Colorado Springs, CO",US (CONUS),Full-time,129000,239600,per-year-salary,,https://lockheedmartin.eightfold.ai/careers/job/996476303424
Lockheed Martin,Eightfold,"Quality Engineer - Archbald, PA",MFC-Primary,,"Archbald, PA",US (CONUS),Full-time,63400,117800,per-year-salary,,https://lockheedmartin.eightfold.ai/careers/job/996476208552
Lockheed Martin,Eightfold,Systems Engineer,MFC-Primary,,"Grand Prairie, TX",US (CONUS),Full-time,58200,108200,per-year-salary,,https://lockheedmartin.eightfold.ai/careers/job/996476271928
Lockheed Martin,Eightfold,"Financial Analyst / Lvl 2 / Secret / Orlando, FL",MFC-Primary,,"Orlando, FL",US (CONUS),Full-time,59900,111300,per-year-salary,,https://lockheedmartin.eightfold.ai/careers/job/996476308886
Lockheed Martin,Eightfold,Internal Audit/MMAS ( Remote),RMS Core,,"Moorestown, NJ",US/Remote,Full-time,100200,186200,per-year-salary,,https://lockheedmartin.eightfold.ai/careers/job/996476288802
Lockheed Martin,Eightfold,Technician Sr (Level 2),Space,,"Courtland, AL",US (CONUS),Full-time,41900,77700,per-year-salary,,https://lockheedmartin.eightfold.ai/careers/job/996476283898
Lockheed Martin,Eightfold,Technician Sr (Level 2),Space,,"Courtland, AL",US (CONUS),Full-time,41900,77700,per-year-salary,,https://lockheedmartin.eightfold.ai/careers/job/996476283533
Lockheed Martin,Eightfold,Items Analysis Supv - L3,LM Aeronautics Co- Fort Worth,,", MD",US (CONUS),Full-time,81500,151300,per-year-salary,,https://lockheedmartin.eightfold.ai/careers/job/996476302265
Lockheed Martin,Eightfold,Calibration Tech Asc,Space,,"Kings Bay Base, GA",US (CONUS),Full-time,31.91,44.02,per-hour-wage,,https://lockheedmartin.eightfold.ai/careers/job/996476302549
Lockheed Martin,Eightfold,Mechanical Design Engineer - E2,MFC-Primary,,"Grand Prairie, TX",US (CONUS),Full-time,70500,130900,per-year-salary,,https://lockheedmartin.eightfold.ai/careers/job/996476302450
Lockheed Martin,Eightfold,Systems Engineer - System Test,Space,,"Littleton, CO",US (CONUS),Full-time,79300,147300,per-year-salary,,https://lockheedmartin.eightfold.ai/careers/job/996476307775
Lockheed Martin,Eightfold,Mechanical Design Engineer Sr - E3,MFC-Primary,,"Grand Prairie, TX",US (CONUS),Full-time,85300,158300,per-year-salary,,https://lockheedmartin.eightfold.ai/careers/job/996476303395
Lockheed Martin,Eightfold,Subcontract Management Stf - E4,LM Aeronautics Co- Fort Worth,,"Fort Worth, TX",US (CONUS),Full-time,89100,165500,per-year-salary,,https://lockheedmartin.eightfold.ai/careers/job/996476286688
Lockheed Martin,Eightfold,Mechanical Design Engineer,MFC-Primary,,"Grand Prairie, TX",US (CONUS),Full-time,70500,130900,per-year-salary,,https://lockheedmartin.eightfold.ai/careers/job/996476305246
Lockheed Martin,Eightfold,Structural Analysis Sr.,MFC-Primary,,"Grand Prairie, TX",US (CONUS),Full-time,85300,158300,per-year-salary,,https://lockheedmartin.eightfold.ai/careers/job/996476303970
Lockheed Martin,Eightfold,Quality Engineer Stf - E4,MFC-Primary,,"Orlando, FL",US (CONUS),Full-time,104900,194700,per-year-salary,,https://lockheedmartin.eightfold.ai/careers/job/996476283085
Lockheed Martin,Eightfold,Systems Engineer Stf - E4,Space,,"Highlands Ranch, CO",US (CONUS),Full-time,118000,219100,per-year-salary,,https://lockheedmartin.eightfold.ai/careers/job/996476299754
Lockheed Martin,Eightfold,Systems Engineer - Hypersonic Requirements,Space,,"Littleton, CO",US (CONUS),Full-time,79300,147300,per-year-salary,,https://lockheedmartin.eightfold.ai/careers/job/996476290215
Lockheed Martin,Eightfold,"Systems Engineering Associate Manager, Missile Performance Requirement",Space,,"Littleton, CO",US (CONUS),Full-time,118000,219100,per-year-salary,,https://lockheedmartin.eightfold.ai/careers/job/996476285361
Lockheed Martin,Eightfold,Systems Engineering - Mission Thread Lead,Space,,"Huntsville, AL",US (CONUS),Full-time,104900,194700,per-year-salary,,https://lockheedmartin.eightfold.ai/careers/job/996476283557
Lockheed Martin,Eightfold,"RF Engineer, Senior - Andover, MA",MFC-Chelmsford,,"Andover, MA",US (CONUS),Full-time,110300,204900,per-year-salary,,https://lockheedmartin.eightfold.ai/careers/job/996476288801
Lockheed Martin,Eightfold,Computer Vision Analyst II - Top Secret clearance,Space,,"Littleton, CO",US (CONUS),Full-time,91200,169400,per-year-salary,,https://lockheedmartin.eightfold.ai/careers/job/996476189506
Lockheed Martin,Eightfold,Guidance Navigation & Control Engineer IV (Staff),Space,,"Littleton, CO",US (CONUS),Full-time,135700,251900,per-year-salary,,https://lockheedmartin.eightfold.ai/careers/job/996476185339
Lockheed Martin,Eightfold,Electronics Engineer - E2,LM Aeronautics Co- Fort Worth,,", MD",US (CONUS),Full-time,79300,147300,per-year-salary,,https://lockheedmartin.eightfold.ai/careers/job/996476287238
Lockheed Martin,Eightfold,Systems Engineer - Requirements and Verification Sr,Space,,"Littleton, CO",US (CONUS),Full-time,95900,178100,per-year-salary,,https://lockheedmartin.eightfold.ai/careers/job/996476255923
Lockheed Martin,Eightfold,Systems Engineer,Space,,"Littleton, CO",US (CONUS),Full-time,79300,147300,per-year-salary,,https://lockheedmartin.eightfold.ai/careers/job/996476288266
Lockheed Martin,Eightfold,Manufacturing Engineer Sr - E3,MFC-Camden,,"Camden, AR",US (CONUS),Full-time,76700,142500,per-year-salary,,https://lockheedmartin.eightfold.ai/careers/job/996476288961
Lockheed Martin,Eightfold,Systems Engineering Staff (Level 4),Space,,"Littleton, CO",US (CONUS),Full-time,118000,219100,per-year-salary,,https://lockheedmartin.eightfold.ai/careers/job/996476284310
Lockheed Martin,Eightfold,Systems Engineer (Level II),Space,,"Sunnyvale, CA",US (CONUS),Full-time,88100,163700,per-year-salary,,https://lockheedmartin.eightfold.ai/careers/job/996476283853
Lockheed Martin,Eightfold,Full Stack Engineer Senior / Infrastructure as Code / DBA,Enterprise Business Services,,"King of Prussia, PA",US/Remote,Full-time,110300,204900,per-year-salary,,https://lockheedmartin.eightfold.ai/careers/job/996476277633
Lockheed Martin,Eightfold,Mechanical Engineer Staff - Thermal Focus (Level 4),Space,,"Littleton, CO",US (CONUS),Full-time,118000,219100,per-year-salary,,https://lockheedmartin.eightfold.ai/careers/job/996476283866
Lockheed Martin,Eightfold,Manufacturing Engineer Sr - E3,MFC-Camden,,"Camden, AR",US (CONUS),Full-time,76700,142500,per-year-salary,,https://lockheedmartin.eightfold.ai/careers/job/996476286679
Lockheed Martin,Eightfold,Software Engineer Sr - E3,LM Aeronautics Co- Palmdale,,"Palmdale, CA",US (CONUS),Full-time,110300,204900,per-year-salary,,https://lockheedmartin.eightfold.ai/careers/job/996476187390
Lockheed Martin,Eightfold,Radio Frequency Engineering Asc Mgr - L4,Space,,"King of Prussia, PA",US (CONUS),Full-time,135700,251900,per-year-salary,,https://lockheedmartin.eightfold.ai/careers/job/996476285264
Lockheed Martin,Eightfold,Project Engineer Sr - E3,Space,,"Englewood, CO",US (CONUS),Full-time,95900,178100,per-year-salary,,https://lockheedmartin.eightfold.ai/careers/job/996476277491
Lockheed Martin,Eightfold,Procurement Rep - E2,Enterprise Business Services,,"Fort Worth, TX",US (CONUS),Full-time,59900,111300,per-year-salary,,https://lockheedmartin.eightfold.ai/careers/job/996476276836
Lockheed Martin,Eightfold,Project Management & Planning Operations Rep Sr - E3,MFC-Primary,,"Grand Prairie, TX",US (CONUS),Full-time,85300,158300,per-year-salary,,https://lockheedmartin.eightfold.ai/careers/job/996476277489
Lockheed Martin,Eightfold,Senior Requirements and Verification Systems Engineer,Space,,"Sunnyvale, CA",US (CONUS),Full-time,106600,198000,per-year-salary,,https://lockheedmartin.eightfold.ai/careers/job/996476278789
Lockheed Martin,Eightfold,"Sr. Supplier Quality Engineer - Orlando, FL",LMA MFC programs,,"Orlando, FL",US (CONUS),Full-time,85300,158300,per-year-salary,,https://lockheedmartin.eightfold.ai/careers/job/996476206089
Lockheed Martin,Eightfold,Systems Engineer Stf - E4,Space,,"Littleton, CO",US (CONUS),Full-time,118000,219100,per-year-salary,,https://lockheedmartin.eightfold.ai/careers/job/996476277551
Lockheed Martin,Eightfold,Mechanical Engineer Senior,MFC-Camden,,"Camden, AR",US (CONUS),Full-time,76700,142500,per-year-salary,,https://lockheedmartin.eightfold.ai/careers/job/996476281070
Lockheed Martin,Eightfold,Software Engineer Sr - E3,LM Aeronautics Co- Fort Worth,,"Fort Worth, TX",US (CONUS),Full-time,98100,182100,per-year-salary,,https://lockheedmartin.eightfold.ai/careers/job/996476276929
Lockheed Martin,Eightfold,Cyber Architect Sr Stf - E5,LM Aeronautics Co- Fort Worth,,"Fort Worth, TX",US (CONUS),Full-time,148300,275500,per-year-salary,,https://lockheedmartin.eightfold.ai/careers/job/996476282889
Lockheed Martin,Eightfold,Project Management & Planning Operations Rep Sr - E3,MFC-Primary,,"Grand Prairie, TX",US (CONUS),Full-time,85300,158300,per-year-salary,,https://lockheedmartin.eightfold.ai/careers/job/996476282178
Lockheed Martin,Eightfold,Price Cost Analysis Mgr - L5,MFC-Primary,,"Orlando, FL",US (CONUS),Full-time,109700,203700,per-year-salary,,https://lockheedmartin.eightfold.ai/careers/job/996476280956
Lockheed Martin,Eightfold,Subcontract Management Sr - E3,LM Aeronautics Co- Marietta,,"Marietta, GA",US (CONUS),Full-time,72500,134600,per-year-salary,,https://lockheedmartin.eightfold.ai/careers/job/996476278746
Lockheed Martin,Eightfold,Technician Sr (Level 2),Space,,"Courtland, AL",US (CONUS),Full-time,41900,77700,per-year-salary,,https://lockheedmartin.eightfold.ai/careers/job/996476279437
Lockheed Martin,Eightfold,Project Management & Planning Operations Mgr - L5,MFC-Primary,,"Arlington, TX",US (CONUS),Full-time,129000,239600,per-year-salary,,https://lockheedmartin.eightfold.ai/careers/job/996476277952
Lockheed Martin,Eightfold,Manufacturing Engineer Sr - E3,LM Aeronautics Co- Fort Worth,,"Fort Worth, TX",US (CONUS),Full-time,85300,158300,per-year-salary,,https://lockheedmartin.eightfold.ai/careers/job/996476277092
Lockheed Martin,Eightfold,CNC Maintenance Mechanic,MFC-Primary,,"Orlando, FL",US (CONUS),Full-time,27.04,43.42,per-hour-wage,,https://lockheedmartin.eightfold.ai/careers/job/996476284643
Lockheed Martin,Eightfold,Mechanical Design Engineer Sr,MFC-Primary,,"Orlando, FL",US (CONUS),Full-time,85300,158300,per-year-salary,,https://lockheedmartin.eightfold.ai/careers/job/996476276524
Lockheed Martin,Eightfold,Chief Engineer Prin - E6,Space,,"Cape Canaveral, FL",US (CONUS),Full-time,182500,338900,per-year-salary,,https://lockheedmartin.eightfold.ai/careers/job/996476284691
Lockheed Martin,Eightfold,Mechanical Design Engineer Sr,MFC-Primary,,"Grand Prairie, TX",US (CONUS),Full-time,85300,158300,per-year-salary,,https://lockheedmartin.eightfold.ai/careers/job/996476276695
Lockheed Martin,Eightfold,Systems Engineer Stf - E4,LM Aeronautics Co- Marietta,,"Marietta, GA",US (CONUS),Full-time,104900,194700,per-year-salary,,https://lockheedmartin.eightfold.ai/careers/job/996476276518
Lockheed Martin,Eightfold,Flight Completion Asc Mgr - L4,LM Aeronautics Co- Fort Worth,,"Fort Worth, TX",US (CONUS),Full-time,89100,165500,per-year-salary,,https://lockheedmartin.eightfold.ai/careers/job/996476276080
Lockheed Martin,Eightfold,Operations Engineer Sr - E3,MFC-Camden,,"Camden, AR",US (CONUS),Full-time,76700,142500,per-year-salary,,https://lockheedmartin.eightfold.ai/careers/job/996476283852
Lockheed Martin,Eightfold,Mechanical Dynamics Associate Manager,Space,,"Littleton, CO",US (CONUS),Full-time,118000,219100,per-year-salary,,https://lockheedmartin.eightfold.ai/careers/job/996476283780
Lockheed Martin,Eightfold,Structural Dynamics Analyst,Space,,"Littleton, CO",US (CONUS),Full-time,95900,178100,per-year-salary,,https://lockheedmartin.eightfold.ai/careers/job/996476283547
Lockheed Martin,Eightfold,Guidance/Navigation/Control Engineering Stf - E4,Space,,"Littleton, CO",US (CONUS),Full-time,135700,251900,per-year-salary,,https://lockheedmartin.eightfold.ai/careers/job/996476166669
Lockheed Martin,Eightfold,Groud System Discipline Engineer -E3,LM Aeronautics Co- Fort Worth,,", MD",US (CONUS),Full-time,95900,178100,per-year-salary,,https://lockheedmartin.eightfold.ai/careers/job/996476209322
Lockheed Martin,Eightfold,SPY Radar Technician (EXPAT - Romania),RMS-Svcs-LMOS,,"Virginia Beach, VA",US (CONUS),Full-time,72500,134600,per-year-salary,,https://lockheedmartin.eightfold.ai/careers/job/996476225045
Lockheed Martin,Eightfold,Project Engineer Sr - E3,Space,,"Cape Canaveral, FL",US (CONUS),Full-time,85300,158300,per-year-salary,,https://lockheedmartin.eightfold.ai/careers/job/996476275616
Lockheed Martin,Eightfold,Cyber Security Engineer Staff (Embedded),MFC-Primary,,"Orlando, FL",US (CONUS),Full-time,120600,224000,per-year-salary,,https://lockheedmartin.eightfold.ai/careers/job/996476276424
Lockheed Martin,Eightfold,Systems Engineer - Senior,Space,,"Huntsville, AL",US (CONUS),Full-time,85300,158300,per-year-salary,,https://lockheedmartin.eightfold.ai/careers/job/996476274947
Lockheed Martin,Eightfold,Integration and Test - Test Engineer Junior,Space,,"Huntsville, AL",US (CONUS),Full-time,70500,130900,per-year-salary,,https://lockheedmartin.eightfold.ai/careers/job/996476274578
Lockheed Martin,Eightfold,Systems Engineer - E2,Space,,"Huntsville, AL",US (CONUS),Full-time,70500,130900,per-year-salary,,https://lockheedmartin.eightfold.ai/careers/job/996476274079
Lockheed Martin,Eightfold,Integration and Test - Analyst,Space,,"Huntsville, AL",US (CONUS),Full-time,70500,130900,per-year-salary,,https://lockheedmartin.eightfold.ai/careers/job/996476273801
Lockheed Martin,Eightfold,Integration and Test - Analyst,Space,,"Huntsville, AL",US (CONUS),Full-time,104900,194700,per-year-salary,,https://lockheedmartin.eightfold.ai/careers/job/996476270682
Lockheed Martin,Eightfold,Integration and Test - Test Engineer,Space,,"Huntsville, AL",US (CONUS),Full-time,104900,194700,per-year-salary,,https://lockheedmartin.eightfold.ai/careers/job/996476269520
Lockheed Martin,Eightfold,"Systems Integration/Test Engineer Sr - Orlando, FL",MFC-Primary,,"Orlando, FL",US (CONUS),Full-time,85300,158300,per-year-salary,,https://lockheedmartin.eightfold.ai/careers/job/996476259396
Lockheed Martin,Eightfold,Manufacturing Engineer - E2,MFC-Primary,,"Orlando, FL",US (CONUS),Full-time,70500,130900,per-year-salary,,https://lockheedmartin.eightfold.ai/careers/job/996476202146
Lockheed Martin,Eightfold,"Industrial Engineer Senior/Orlando, FL",MFC-Primary,,"Orlando, FL",US (CONUS),Full-time,85300,158300,per-year-salary,,https://lockheedmartin.eightfold.ai/careers/job/996476204662
Lockheed Martin,Eightfold,Manufacturing Engineer Sr - E3,MFC-Primary,,"Orlando, FL",US (CONUS),Full-time,85300,158300,per-year-salary,,https://lockheedmartin.eightfold.ai/careers/job/996476206382
Lockheed Martin,Eightfold,Data Modernization System Engineer - Clearance Required,RMS-Svcs-LMOS,,", MD",US (CONUS),Full-time,135700,251900,per-year-salary,,https://lockheedmartin.eightfold.ai/careers/job/996476202597
Lockheed Martin,Eightfold,"Financial Mgmt Staff / 1LMX Lead for F&BO / Lvl 4 / Arlington, TX",MFC-Primary,,"Arlington, TX",US (CONUS),Full-time,89100,165500,per-year-salary,,https://lockheedmartin.eightfold.ai/careers/job/996476201398
Lockheed Martin,Eightfold,Manufacturing Engineer/Weekend Shift,MFC-Primary,,"Orlando, FL",US (CONUS),Full-time,70500,130900,per-year-salary,,https://lockheedmartin.eightfold.ai/careers/job/996476205299
Lockheed Martin,Eightfold,"Circuit Card Design Engineer, Senior - Grand Prairie, TX",MFC-Primary,,"Grand Prairie, TX",US (CONUS),Full-time,98100,182100,per-year-salary,,https://lockheedmartin.eightfold.ai/careers/job/996476189061
Lockheed Martin,Eightfold,Manufacturing Engineer / CNC Machining / Precision Machining,MFC-Primary,,"Orlando, FL",US (CONUS),Full-time,70500,130900,per-year-salary,,https://lockheedmartin.eightfold.ai/careers/job/996476189319
Lockheed Martin,Eightfold,Production Operations Associate Project Manager,MFC-Primary,,"Orlando, FL",US (CONUS),Full-time,104900,194700,per-year-salary,,https://lockheedmartin.eightfold.ai/careers/job/996476206849
Lockheed Martin,Eightfold,Optics Manufacturing Engineer / Second Shift,MFC-Primary,,"Orlando, FL",US (CONUS),Full-time,70500,130900,per-year-salary,,https://lockheedmartin.eightfold.ai/careers/job/996476225244
Lockheed Martin,Eightfold,Photolithography/Thin Film Coating Manufacturing Engineer/ Entry-Level,MFC-Primary,,"Orlando, FL",US (CONUS),Full-time,70500,130900,per-year-salary,,https://lockheedmartin.eightfold.ai/careers/job/996476185939
Lockheed Martin,Eightfold,Software Engineer,RMS-Svcs-LMOS,,", MD",US (CONUS),Full-time,166900,309900,per-year-salary,,https://lockheedmartin.eightfold.ai/careers/job/996476188291
Lockheed Martin,Eightfold,Cyber Software Eng Sr Stf - E5,RMS-Svcs-LMOS,,", MD",US (CONUS),Full-time,166900,309900,per-year-salary,,https://lockheedmartin.eightfold.ai/careers/job/996476205028
Lockheed Martin,Eightfold,Cyber Systems Engineer Staff,RMS-Svcs-LMOS,,", MD",US (CONUS),Full-time,135700,251900,per-year-salary,,https://lockheedmartin.eightfold.ai/careers/job/996476205320
Lockheed Martin,Eightfold,Cyber Software Eng Sr - E3,RMS-Svcs-LMOS,,", MD",US (CONUS),Full-time,110300,204900,per-year-salary,,https://lockheedmartin.eightfold.ai/careers/job/996476209134
Lockheed Martin,Eightfold,Windows & Linux Systems Administrator Staff,RMS-Svcs-LMOS,,"Fort Meade, MD",US (CONUS),Full-time,118000,219100,per-year-salary,,https://lockheedmartin.eightfold.ai/careers/job/996476212034
Lockheed Martin,Eightfold,FPGA Engineer Lead,MFC-Primary,,"Orlando, FL",US (CONUS),Full-time,120600,224000,per-year-salary,,https://lockheedmartin.eightfold.ai/careers/job/996476170679
Lockheed Martin,Eightfold,Senior Integration Software Engineer - Clearance Required - HYBRID,RMS-Svcs-LMOS,,", MD",US (CONUS),Full-time,166900,309900,per-year-salary,,https://lockheedmartin.eightfold.ai/careers/job/996476207002
Lockheed Martin,Eightfold,Software Cyber Engineer - SWE 0,RMS-Svcs-LMOS,,", MD",US (CONUS),Full-time,91200,169400,per-year-salary,,https://lockheedmartin.eightfold.ai/careers/job/996476187930
Lockheed Martin,Eightfold,Cyber Systems Engineer Staff,RMS-LMGI-Svcs-LMOS,,", MD",US (CONUS),Full-time,135700,251900,per-year-salary,,https://lockheedmartin.eightfold.ai/careers/job/996476207669
Lockheed Martin,Eightfold,Offensive Cyber Analyst / Programmer 2,RMS-Svcs-LMOS,,", MD",US (CONUS),Full-time,110300,204900,per-year-salary,,https://lockheedmartin.eightfold.ai/careers/job/996476202632
Lockheed Martin,Eightfold,Embedded Software Engineer - E2,RMS-Svcs-LMOS,,", MD",US (CONUS),Full-time,91200,169400,per-year-salary,,https://lockheedmartin.eightfold.ai/careers/job/996476211448
Lockheed Martin,Eightfold,Analog and Power Circuit Design Engineer,MFC-Chelmsford,,"Chelmsford, MA",US (CONUS),Full-time,79300,147300,per-year-salary,,https://lockheedmartin.eightfold.ai/careers/job/996476168732
Lockheed Martin,Eightfold,ElectroMechanical Design Engineer Sr. (Electronic Enclosures),MFC-Primary,,"Grand Prairie, TX",US (CONUS),Full-time,85300,158300,per-year-salary,,https://lockheedmartin.eightfold.ai/careers/job/996476183833
Lockheed Martin,Eightfold,Senior Full Stack Software Engineer - Clearance Required,RMS-Svcs-LMOS,,", MD",US (CONUS),Full-time,166900,309900,per-year-salary,,https://lockheedmartin.eightfold.ai/careers/job/996476187830
Lockheed Martin,Eightfold,RF Hardware Engineer Staff,RMS-Svcs-LMOS,,"Fort Meade, MD",US (CONUS),Full-time,118000,219100,per-year-salary,,https://lockheedmartin.eightfold.ai/careers/job/996476206122
Lockheed Martin,Eightfold,Senior Power BI Software Engineer - Clearance Required,RMS-Svcs-LMOS,,", MD",US (CONUS),Full-time,166900,309900,per-year-salary,,https://lockheedmartin.eightfold.ai/careers/job/996476206857
Lockheed Martin,Eightfold,DevOps Engineer Senior Staff,RMS-Svcs-LMOS,,"Fort Meade, MD",US (CONUS),Full-time,166900,309900,per-year-salary,,https://lockheedmartin.eightfold.ai/careers/job/996476209380
Lockheed Martin,Eightfold,Cyber Software Engineer Sr Staff - DSP,RMS-Svcs-LMOS,,"Fort Meade, MD",US (CONUS),Full-time,166900,309900,per-year-salary,,https://lockheedmartin.eightfold.ai/careers/job/996476166556
Lockheed Martin,Eightfold,Systems Integration/Test Engineer Staff - Orlando FL,MFC-Primary,,"Orlando, FL",US (CONUS),Full-time,104900,194700,per-year-salary,,https://lockheedmartin.eightfold.ai/careers/job/996476259269
Lockheed Martin,Eightfold,FPGA Design Engineer - E2,RMS Core,,"Owego, NY",US (CONUS),Full-time,81100,150500,per-year-salary,,https://lockheedmartin.eightfold.ai/careers/job/996476189519
Lockheed Martin,Eightfold,Avionics Navigation Systems Engineer Staff,RMS Core,,"Owego, NY",US (CONUS),Full-time,104900,194700,per-year-salary,,https://lockheedmartin.eightfold.ai/careers/job/996476184072
Lockheed Martin,Eightfold,Systems Engineer - Hardware Systems- E2,RMS Core,,"Owego, NY",US (CONUS),Full-time,70500,130900,per-year-salary,,https://lockheedmartin.eightfold.ai/careers/job/996476189664
Lockheed Martin,Eightfold,Electrical Engineering Technology Manager,LMA MFC programs,,"Goleta, CA",US (CONUS),Full-time,118000,219100,per-year-salary,,https://lockheedmartin.eightfold.ai/careers/job/996476165730
Lockheed Martin,Eightfold,DevOps Engineer Senior - Clearance Required,RMS-Svcs-LMOS,,", MD",US (CONUS),Full-time,110300,204900,per-year-salary,,https://lockheedmartin.eightfold.ai/careers/job/996476184624
Lockheed Martin,Eightfold,"HyperLynx Analog Simulation Engineer, Staff - Orlando, FL",MFC-Primary,,"Orlando, FL",US (CONUS),Full-time,120600,224000,per-year-salary,,https://lockheedmartin.eightfold.ai/careers/job/996476171503
Lockheed Martin,Eightfold,"DevSecOps Eng, Staff / Top Secret / Onsite - GA",Enterprise Business Services,,"Marietta, GA",US (CONUS),Full-time,81100,150500,per-year-salary,,https://lockheedmartin.eightfold.ai/careers/job/996476183072
Lockheed Martin,Eightfold,Radio Frequency Engineer Senior Staff,RMS-Svcs-LMOS,,", MD",US (CONUS),Full-time,166900,309900,per-year-salary,,https://lockheedmartin.eightfold.ai/careers/job/996476205651
Lockheed Martin,Eightfold,Cyber Systems Engineer Staff,RMS-Svcs-LMOS,,", MD",US (CONUS),Full-time,135700,251900,per-year-salary,,https://lockheedmartin.eightfold.ai/careers/job/996476208363
Lockheed Martin,Eightfold,"Circuit Card Design Engineer, Senior - Orlando, FL",MFC-Primary,,"Orlando, FL",US (CONUS),Full-time,98100,182100,per-year-salary,,https://lockheedmartin.eightfold.ai/careers/job/996476169947
Lockheed Martin,Eightfold,"Digital & Power Circuit Design Engineer, Sr Staff - Andover, MA",MFC-Chelmsford,,"Andover, MA",US (CONUS),Full-time,166900,309900,per-year-salary,,https://lockheedmartin.eightfold.ai/careers/job/996476171296
Lockheed Martin,Eightfold,"Circuit Card Design Engineer, Senior - Orlando, FL",MFC-Primary,,"Orlando, FL",US (CONUS),Full-time,98100,182100,per-year-salary,,https://lockheedmartin.eightfold.ai/careers/job/996476183626
Lockheed Martin,Eightfold,Senior Capabilities Development Engineer - Clearance Required,RMS-Svcs-LMOS,,", MD",US (CONUS),Full-time,166900,309900,per-year-salary,,https://lockheedmartin.eightfold.ai/careers/job/996476201409
Lockheed Martin,Eightfold,Technical Trainer Staff - Clearance Required,RMS-Svcs-LMOS,,", MD",US (CONUS),Full-time,100200,186200,per-year-salary,,https://lockheedmartin.eightfold.ai/careers/job/996476202937
Lockheed Martin,Eightfold,DevOps Engineer Staff,RMS-Svcs-LMOS,,"Fort Meade, MD",US (CONUS),Full-time,166900,309900,per-year-salary,,https://lockheedmartin.eightfold.ai/careers/job/996476203080
Lockheed Martin,Eightfold,Senior Full Stack Java Software Engineer - Clearance Required,RMS-Svcs-LMOS,,", MD",US (CONUS),Full-time,166900,309900,per-year-salary,,https://lockheedmartin.eightfold.ai/careers/job/996476205523
Lockheed Martin,Eightfold,ElectroMechanical Design Engineer Sr. (Harness Design),MFC-Primary,,"Grand Prairie, TX",US (CONUS),Full-time,85300,158300,per-year-salary,,https://lockheedmartin.eightfold.ai/careers/job/996476184615
Lockheed Martin,Eightfold,Cyber Systems Security Engineering Stf - E4,RMS-Svcs-LMOS,,", MD",US (CONUS),Full-time,135700,251900,per-year-salary,,https://lockheedmartin.eightfold.ai/careers/job/996476209259
Lockheed Martin,Eightfold,Cyber Software Engineer,RMS-Svcs-LMOS,,", MD",US (CONUS),Full-time,91200,169400,per-year-salary,,https://lockheedmartin.eightfold.ai/careers/job/996476168280
Lockheed Martin,Eightfold,DevOps Engineer Staff,RMS-Svcs-LMOS,,"Fort Meade, MD",US (CONUS),Full-time,135700,251900,per-year-salary,,https://lockheedmartin.eightfold.ai/careers/job/996476188659
Lockheed Martin,Eightfold,Chief Engineer Principal,Space,,"Albuquerque, NM",US (CONUS),Full-time,182500,338900,per-year-salary,,https://lockheedmartin.eightfold.ai/careers/job/996476168490
Lockheed Martin,Eightfold,Software Engineer - E2,Space,,"King of Prussia, PA",US (CONUS),Full-time,91200,169400,per-year-salary,,https://lockheedmartin.eightfold.ai/careers/job/996476241719
Lockheed Martin,Eightfold,Software Engineer Stf - E4,Space,,"King of Prussia, PA",US (CONUS),Full-time,135700,251900,per-year-salary,,https://lockheedmartin.eightfold.ai/careers/job/996476241513
Lockheed Martin,Eightfold,Deputy Systems Engineering Architect - Hybrid,RMS Core,,"Mt Laurel Township, NJ",US (CONUS),Full-time,91000,181113,per-year-salary,,https://lockheedmartin.eightfold.ai/careers/job/996476241450
Lockheed Martin,Eightfold,Software Engineer Sr - E3,Space,,"King of Prussia, PA",US (CONUS),Full-time,110300,204900,per-year-salary,,https://lockheedmartin.eightfold.ai/careers/job/996476241365
Lockheed Martin,Eightfold,Software Engineer Sr - E3,Space,,"King of Prussia, PA",US (CONUS),Full-time,110300,204900,per-year-salary,,https://lockheedmartin.eightfold.ai/careers/job/996476241168
Lockheed Martin,Eightfold,Software Engineer Sr - E3,Space,,"King of Prussia, PA",US (CONUS),Full-time,110300,204900,per-year-salary,,https://lockheedmartin.eightfold.ai/careers/job/996476240782
Lockheed Martin,Eightfold,Systems Engineer - E2,Space,,"Littleton, CO",US (CONUS),Full-time,79300,147300,per-year-salary,,https://lockheedmartin.eightfold.ai/careers/job/996476239623
Lockheed Martin,Eightfold,Integrated Program Planner - Level 3,Space,,"Littleton, CO",US (CONUS),Full-time,81500,151300,per-year-salary,,https://lockheedmartin.eightfold.ai/careers/job/996476239539
Lockheed Martin,Eightfold,Software Engineer Sr - E3,Space,,"King of Prussia, PA",US (CONUS),Full-time,110300,204900,per-year-salary,,https://lockheedmartin.eightfold.ai/careers/job/996476186688
Lockheed Martin,Eightfold,"Senior Software Engineer, Level 3 - Clearance Required",Space,,"Houston, TX",US (CONUS),Full-time,110300,204900,per-year-salary,,https://lockheedmartin.eightfold.ai/careers/job/996476169618
Lockheed Martin,Eightfold,Mechanical Engineer Design Verification Checker,Space,,"Englewood, CO",US (CONUS),Full-time,95900,178100,per-year-salary,,https://lockheedmartin.eightfold.ai/careers/job/996476189666
Lockheed Martin,Eightfold,Systems Engineer,Space,,"Littleton, CO",US (CONUS),Full-time,79300,147300,per-year-salary,,https://lockheedmartin.eightfold.ai/careers/job/996476213457
Lockheed Martin,Eightfold,"Systems Engineer, Senior",Space,,"Littleton, CO",US (CONUS),Full-time,95900,178100,per-year-salary,,https://lockheedmartin.eightfold.ai/careers/job/996476206675
Lockheed Martin,Eightfold,Project Engineer,Space,,"Littleton, CO",US (CONUS),Full-time,79300,147300,per-year-salary,,https://lockheedmartin.eightfold.ai/careers/job/996476188241
Lockheed Martin,Eightfold,"Electro-Optical Engineer, Staff - E4",Space,,"Littleton, CO",US (CONUS),Full-time,135700,251900,per-year-salary,,https://lockheedmartin.eightfold.ai/careers/job/996476184609
Lockheed Martin,Eightfold,Systems Engineer - E2,Space,,"Littleton, CO",US (CONUS),Full-time,79300,147300,per-year-salary,,https://lockheedmartin.eightfold.ai/careers/job/996476171394
Lockheed Martin,Eightfold,Software Engineer Sr - E3,Space,,"King of Prussia, PA",US (CONUS),Full-time,110300,204900,per-year-salary,,https://lockheedmartin.eightfold.ai/careers/job/996476238962
Lockheed Martin,Eightfold,ElectroMechanical Design Engineer Sr: MicroElectronics,MFC-Primary,,"Orlando, FL",US (CONUS),Full-time,85300,158300,per-year-salary,,https://lockheedmartin.eightfold.ai/careers/job/996476238504
Lockheed Martin,Eightfold,Project Management & Planning Operations Asc Mgr - L4,LM Aeronautics Co- Marietta,,"Marietta, GA",US (CONUS),Full-time,104900,194700,per-year-salary,,https://lockheedmartin.eightfold.ai/careers/job/996476172831
Lockheed Martin,Eightfold,Software Engineer Stf - Level 4 (Top Secret),Space,,"Colorado Springs, CO",US (CONUS),Full-time,120600,224000,per-year-salary,,https://lockheedmartin.eightfold.ai/careers/job/996476192207
Lockheed Martin,Eightfold,Logistics Field Engineer Senior - Advanced Programs - Level 3,LM Aeronautics Co- Palmdale,,"Vandenberg Space Force Base, CA",US (CONUS),Full-time,95900,178100,per-year-salary,,https://lockheedmartin.eightfold.ai/careers/job/996476186297
Lockheed Martin,Eightfold,Software Engineer Stf - Level 4 (Top Secret),Space,,"King of Prussia, PA",US (CONUS),Full-time,135700,251900,per-year-salary,,https://lockheedmartin.eightfold.ai/careers/job/996476192208
Lockheed Martin,Eightfold,Dev Sec Engineering Sr - Level 3 (Top Secret),Space,,"King of Prussia, PA",US (CONUS),Full-time,110300,204900,per-year-salary,,https://lockheedmartin.eightfold.ai/careers/job/996476194353
Lockheed Martin,Eightfold,Systems Engineer-IT - Level 2 (Top Secret),Space,,"King of Prussia, PA",US (CONUS),Full-time,79300,147300,per-year-salary,,https://lockheedmartin.eightfold.ai/careers/job/996476191030
Lockheed Martin,Eightfold,Software Engineer Sr - Level 3 (Top Secret),Space,,"King of Prussia, PA",US (CONUS),Full-time,110300,204900,per-year-salary,,https://lockheedmartin.eightfold.ai/careers/job/996476192541
Lockheed Martin,Eightfold,Dev Sec Ops Engineering - Level 2 (Top Secret),Space,,"King of Prussia, PA",US (CONUS),Full-time,91200,169400,per-year-salary,,https://lockheedmartin.eightfold.ai/careers/job/996476168734
Lockheed Martin,Eightfold,"Circuit Design Engineer IV, Avionics, Secret Clearance",Space,,"Littleton, CO",US (CONUS),Full-time,135700,251900,per-year-salary,,https://lockheedmartin.eightfold.ai/careers/job/996476191072
Lockheed Martin,Eightfold,"Circuit Design Engineer IV, Avionics, Secret Clearance",Space,,"Littleton, CO",US (CONUS),Full-time,135700,251900,per-year-salary,,https://lockheedmartin.eightfold.ai/careers/job/996476191748
Lockheed Martin,Eightfold,Flight Completion Supv - L3,LM Aeronautics Co- Palmdale,,"Palmdale, CA",US (CONUS),Full-time,81500,151300,per-year-salary,,https://lockheedmartin.eightfold.ai/careers/job/996476174622
Lockheed Martin,Eightfold,Integration & Assembly Manufacturing Engineer- Level 4,LM Aeronautics Co- Palmdale,,"Palmdale, CA",US (CONUS),Full-time,118000,219100,per-year-salary,,https://lockheedmartin.eightfold.ai/careers/job/996476176184
Lockheed Martin,Eightfold,Manufacturing Planner - E2,LM Aeronautics Co- Palmdale,,"Palmdale, CA",US (CONUS),Full-time,67400,125200,per-year-salary,,https://lockheedmartin.eightfold.ai/careers/job/996476175971
Lockheed Martin,Eightfold,Software Engineering Mgr - L5,Space,,"King of Prussia, PA",US (CONUS),Full-time,166900,309900,per-year-salary,,https://lockheedmartin.eightfold.ai/careers/job/996476191657
Lockheed Martin,Eightfold,Field Technician Spec - N4,RMS-Svcs-LMOS,,"Jacksonville, FL",US (CONUS),Full-time,60300,112100,per-year-salary,,https://lockheedmartin.eightfold.ai/careers/job/996476170115
Lockheed Martin,Eightfold,International Black Hawk Aftermarket Senior Finance Analyst,RMS Sikorsky Core,,"Stratford, CT",US (CONUS),Full-time,81500,151300,per-year-salary,,https://lockheedmartin.eightfold.ai/careers/job/996476189220
Lockheed Martin,Eightfold,Software Engineer Sr - E3,Space,,"King of Prussia, PA",US (CONUS),Full-time,110300,204900,per-year-salary,,https://lockheedmartin.eightfold.ai/careers/job/996476190740
Lockheed Martin,Eightfold,Integration & Assembly Manufacturing Engineer- Level 2,LM Aeronautics Co- Palmdale,,"Palmdale, CA",US (CONUS),Full-time,79300,147300,per-year-salary,,https://lockheedmartin.eightfold.ai/careers/job/996476176050
Lockheed Martin,Eightfold,CAD Drafter - II,Space,,"Huntsville, AL",US (CONUS),Full-time,48200,89400,per-year-salary,,https://lockheedmartin.eightfold.ai/careers/job/996476187301
Lockheed Martin,Eightfold,"Contracts Management Staff - Manassas, VA",RMS Core,,"Manassas, VA",US (CONUS),Full-time,100200,186200,per-year-salary,,https://lockheedmartin.eightfold.ai/careers/job/996476189037
Lockheed Martin,Eightfold,"GSC Business Operations Asc Manager / Lvl 4 / Arlington, TX",MFC-Primary,,"Arlington, TX",US (CONUS),Full-time,89100,165500,per-year-salary,,https://lockheedmartin.eightfold.ai/careers/job/996476238277
Lockheed Martin,Eightfold,"Financial Management Analyst / Secret / Lvl 2 / Orlando, FL",MFC-Primary,,"Orlando, FL",US (CONUS),Full-time,59900,111300,per-year-salary,,https://lockheedmartin.eightfold.ai/careers/job/996476238188
Lockheed Martin,Eightfold,Financial Management Sr / Accounting / Lvl 3 / FL or TX,MFC-Primary,,"Grand Prairie, TX",US (CONUS),Full-time,72500,134600,per-year-salary,,https://lockheedmartin.eightfold.ai/careers/job/996476238074
Lockheed Martin,Eightfold,"Financial Management Senior / Secret / Lvl 3 / Orlando, FL",MFC-Primary,,"Orlando, FL",US (CONUS),Full-time,72500,134600,per-year-salary,,https://lockheedmartin.eightfold.ai/careers/job/996476237926
Lockheed Martin,Eightfold,"GSC Bus Ops Financial Analyst Sr / Lvl 3 / Arlington, TX",MFC-Primary,,"Arlington, TX",US (CONUS),Full-time,72500,134600,per-year-salary,,https://lockheedmartin.eightfold.ai/careers/job/996476238002
Lockheed Martin,Eightfold,"Financial Analyst Sr / Lvl 3 / Arlington, TX",MFC-Primary,,"Arlington, TX",US (CONUS),Full-time,72500,134600,per-year-salary,,https://lockheedmartin.eightfold.ai/careers/job/996476238331
Lockheed Martin,Eightfold,"Financial Management Sr / Cost Management /Secret / Lvl 3/ Orlando, FL",MFC-Primary,,"Orlando, FL",US (CONUS),Full-time,72500,134600,per-year-salary,,https://lockheedmartin.eightfold.ai/careers/job/996476237763
Lockheed Martin,Eightfold,Systems Engineer-IT Sr - E3,Space,,"King of Prussia, PA",US (CONUS),Full-time,95900,178100,per-year-salary,,https://lockheedmartin.eightfold.ai/careers/job/996476194795
Lockheed Martin,Eightfold,Financial Management Stf - HYBRID (Telework),RMS Core,,"Littleton, CO",US (CONUS),Full-time,100200,186200,per-year-salary,,https://lockheedmartin.eightfold.ai/careers/job/996476168687
Lockheed Martin,Eightfold,Manufacturing Engineer Sr - E3,LM Aeronautics Co- Palmdale,,"Palmdale, CA",US (CONUS),Full-time,95900,178100,per-year-salary,,https://lockheedmartin.eightfold.ai/careers/job/996476170949
Lockheed Martin,Eightfold,RF Engineering Associate Manager - TS/SCI clearance,Space,,"Littleton, CO",US (CONUS),Full-time,135700,251900,per-year-salary,,https://lockheedmartin.eightfold.ai/careers/job/996476201144
Lockheed Martin,Eightfold,Dev Sec Engineering Sr - E3,Space,,"King of Prussia, PA",US (CONUS),Full-time,110300,204900,per-year-salary,,https://lockheedmartin.eightfold.ai/careers/job/996476208616
Lockheed Martin,Eightfold,"Circuit Design Engineer III, Avionics",Space,,"Sunnyvale, CA",US (CONUS),Full-time,122600,227600,per-year-salary,,https://lockheedmartin.eightfold.ai/careers/job/996476206528
Lockheed Martin,Eightfold,"Electronics Engineer III, Electrical Ground Support Equipment (EGSE)",Space,,"Cape Canaveral, FL",US (CONUS),Full-time,85300,158300,per-year-salary,,https://lockheedmartin.eightfold.ai/careers/job/996476207788
Lockheed Martin,Eightfold,Full Stack Engineer Sr Stf - E5,MFC-Primary,,"Orlando, FL",US (CONUS),Full-time,148300,275500,per-year-salary,,https://lockheedmartin.eightfold.ai/careers/job/996476208128
Lockheed Martin,Eightfold,Dev Sec Engineering Sr - E3,Space,,"King of Prussia, PA",US (CONUS),Full-time,110300,204900,per-year-salary,,https://lockheedmartin.eightfold.ai/careers/job/996476227476
Lockheed Martin,Eightfold,Software Engineer Sr - E3,Space,,"King of Prussia, PA",US (CONUS),Full-time,110300,204900,per-year-salary,,https://lockheedmartin.eightfold.ai/careers/job/996476227855
Lockheed Martin,Eightfold,Dev Sec Engineering - E2,Space,,"King of Prussia, PA",US (CONUS),Full-time,91200,169400,per-year-salary,,https://lockheedmartin.eightfold.ai/careers/job/996476228535
Lockheed Martin,Eightfold,"Test Engineer III, Secret Clearance",Space,,"Littleton, CO",US (CONUS),Full-time,95900,178100,per-year-salary,,https://lockheedmartin.eightfold.ai/careers/job/996476202571
Lockheed Martin,Eightfold,"Circuit Design Engineer IV, Secret Clearance",Space,,"Littleton, CO",US (CONUS),Full-time,135700,251900,per-year-salary,,https://lockheedmartin.eightfold.ai/careers/job/996476228521
Lockheed Martin,Eightfold,"RF Engineer, Staff (Level IV) - Top Secret clearance",Space,,"Littleton, CO",US (CONUS),Full-time,135700,251900,per-year-salary,,https://lockheedmartin.eightfold.ai/careers/job/996476166673
Lockheed Martin,Eightfold,"Electronics Engineering Associate Manager, FBM",Space,,"Englewood, CO",US (CONUS),Full-time,118000,219100,per-year-salary,,https://lockheedmartin.eightfold.ai/careers/job/996476190715
Lockheed Martin,Eightfold,"Electronics Engineer III, Electrical Ground Support Equipment",Space,,"Sunnyvale, CA",US (CONUS),Full-time,106600,198000,per-year-salary,,https://lockheedmartin.eightfold.ai/careers/job/996476189792
Lockheed Martin,Eightfold,"Circuit Design Engineer IV, Avionics, Secret Clearance",Space,,"Littleton, CO",US (CONUS),Full-time,135700,251900,per-year-salary,,https://lockheedmartin.eightfold.ai/careers/job/996476167038
Lockheed Martin,Eightfold,"Electronics Engineer III, Automated Test Equipment",Space,,"Littleton, CO",US (CONUS),Full-time,95900,178100,per-year-salary,,https://lockheedmartin.eightfold.ai/careers/job/996476190136
Lockheed Martin,Eightfold,"Circuit Design Engineer III, Secret Clearance",Space,,"Littleton, CO",US (CONUS),Full-time,110300,204900,per-year-salary,,https://lockheedmartin.eightfold.ai/careers/job/996476207489
Lockheed Martin,Eightfold,"Circuit Design Engineer IV, Secret Clearance",Space,,"Littleton, CO",US (CONUS),Full-time,135700,251900,per-year-salary,,https://lockheedmartin.eightfold.ai/careers/job/996476207678
Lockheed Martin,Eightfold,Embedded Software Engineering Asc Mgr - L4,MFC-Primary,,"Grand Prairie, TX",US (CONUS),Full-time,120600,224000,per-year-salary,,https://lockheedmartin.eightfold.ai/careers/job/996476204664
Lockheed Martin,Eightfold,Embedded Software Engineer Stf - E4,MFC-Primary,,"Grand Prairie, TX",US (CONUS),Full-time,120600,224000,per-year-salary,,https://lockheedmartin.eightfold.ai/careers/job/996476205675
Lockheed Martin,Eightfold,Dev Sec Engineering Sr - E3,Space,,"King of Prussia, PA",US (CONUS),Full-time,110300,204900,per-year-salary,,https://lockheedmartin.eightfold.ai/careers/job/996476188283
Lockheed Martin,Eightfold,Software Engineer Sr - E3,Space,,"King of Prussia, PA",US (CONUS),Full-time,110300,204900,per-year-salary,,https://lockheedmartin.eightfold.ai/careers/job/996476226962
Lockheed Martin,Eightfold,Lead Senior Tax Accountant,Corporate Headquarters,,"Bethesda, MD",US (CONUS),Full-time,100200,186200,per-year-salary,,https://lockheedmartin.eightfold.ai/careers/job/996476168114
Lockheed Martin,Eightfold,Electrical Engineer Sr - E3,Space,,"Littleton, CO",US (CONUS),Full-time,95900,178100,per-year-salary,,https://lockheedmartin.eightfold.ai/careers/job/996476168766
Lockheed Martin,Eightfold,"Electronics Engineer V, GNC Hardware Dev Tech Lead, Interim Secret",Space,,"Sunnyvale, CA",US (CONUS),Full-time,161300,299500,per-year-salary,,https://lockheedmartin.eightfold.ai/careers/job/996476190571
Lockheed Martin,Eightfold,"Electronics Engineer III, Avionics",Space,,"Littleton, CO",US (CONUS),Full-time,110300,204900,per-year-salary,,https://lockheedmartin.eightfold.ai/careers/job/996476192097
Lockheed Martin,Eightfold,"Electronics Engineer IV, Avionics",Space,,"Littleton, CO",US (CONUS),Full-time,118000,219100,per-year-salary,,https://lockheedmartin.eightfold.ai/careers/job/996476192100
Lockheed Martin,Eightfold,"Electronics Engineer V, GNC Hardware Dev Tech Lead, Interim Secret",Space,,"Sunnyvale, CA",US (CONUS),Full-time,161300,299500,per-year-salary,,https://lockheedmartin.eightfold.ai/careers/job/996476190646
Lockheed Martin,Eightfold,"Circuit Design Engineer III, Avionics",Space,,"Sunnyvale, CA",US (CONUS),Full-time,122600,227600,per-year-salary,,https://lockheedmartin.eightfold.ai/careers/job/996476191780
Lockheed Martin,Eightfold,"Electronics Engineer IV, Avionics",Space,,"Littleton, CO",US (CONUS),Full-time,135700,251900,per-year-salary,,https://lockheedmartin.eightfold.ai/careers/job/996476192099
Lockheed Martin,Eightfold,Electronics Responsible Engineer V,Space,,"Littleton, CO",US (CONUS),Full-time,166900,309900,per-year-salary,,https://lockheedmartin.eightfold.ai/careers/job/996476202390
Lockheed Martin,Eightfold,Dev Sec Engineering Stf - E4,Space,,"King of Prussia, PA",US (CONUS),Full-time,135700,251900,per-year-salary,,https://lockheedmartin.eightfold.ai/careers/job/996476202947
Lockheed Martin,Eightfold,Dev Sec Engineering Sr - E3,Space,,"King of Prussia, PA",US (CONUS),Full-time,110300,204900,per-year-salary,,https://lockheedmartin.eightfold.ai/careers/job/996476207847
Lockheed Martin,Eightfold,Dev Sec Engineering - E2,Space,,"King of Prussia, PA",US (CONUS),Full-time,91200,169400,per-year-salary,,https://lockheedmartin.eightfold.ai/careers/job/996476202608
Lockheed Martin,Eightfold,Systems Engineer Stf - E4,Space,,"King of Prussia, PA",US (CONUS),Full-time,118000,219100,per-year-salary,,https://lockheedmartin.eightfold.ai/careers/job/996476188264
Lockheed Martin,Eightfold,Software Engineer Sr - E3,Space,,"King of Prussia, PA",US (CONUS),Full-time,110300,204900,per-year-salary,,https://lockheedmartin.eightfold.ai/careers/job/996476206065
Lockheed Martin,Eightfold,Systems Engineer-IT Stf - E4,Space,,"King of Prussia, PA",US (CONUS),Full-time,118000,219100,per-year-salary,,https://lockheedmartin.eightfold.ai/careers/job/996476228206
Lockheed Martin,Eightfold,Dev Sec Engineering Sr - E3,Space,,"King of Prussia, PA",US (CONUS),Full-time,110300,204900,per-year-salary,,https://lockheedmartin.eightfold.ai/careers/job/996476228372
Lockheed Martin,Eightfold,Software Engineer Sr - E3,Space,,"King of Prussia, PA",US (CONUS),Full-time,110300,204900,per-year-salary,,https://lockheedmartin.eightfold.ai/careers/job/996476207401
Lockheed Martin,Eightfold,Software Engineer Stf - E4,Space,,"King of Prussia, PA",US (CONUS),Full-time,135700,251900,per-year-salary,,https://lockheedmartin.eightfold.ai/careers/job/996476206419
Lockheed Martin,Eightfold,Software Engineer Sr - E3,Space,,"Titusville, FL",US (CONUS),Full-time,98100,182100,per-year-salary,,https://lockheedmartin.eightfold.ai/careers/job/996476206619
Lockheed Martin,Eightfold,Electronics Engineer Asc - E1,LM Aeronautics Co- Fort Worth,,"Fort Worth, TX",US (CONUS),Full-time,58200,108200,per-year-salary,,https://lockheedmartin.eightfold.ai/careers/job/996476171487
Lockheed Martin,Eightfold,Pilot Trainer Developer,LM Aeronautics Co- Fort Worth,,"Fort Worth, TX",US (CONUS),Full-time,104900,194700,per-year-salary,,https://lockheedmartin.eightfold.ai/careers/job/996476175862
Lockheed Martin,Eightfold,Senior Technical Writer,RMS-Svcs-LMOS,,", MD",US (CONUS),Full-time,81500,151300,per-year-salary,,https://lockheedmartin.eightfold.ai/careers/job/996476200930
Lockheed Martin,Eightfold,Program Support Specialist Journeyman - Clearance Required,RMS-Svcs-LMOS,,", MD",US (CONUS),Full-time,95900,178100,per-year-salary,,https://lockheedmartin.eightfold.ai/careers/job/996476202351
Lockheed Martin,Eightfold,Software Engineer Stf - E4,LM Aeronautics Co- Fort Worth,,"Fort Worth, TX",US (CONUS),Full-time,120600,224000,per-year-salary,,https://lockheedmartin.eightfold.ai/careers/job/996476182986
Lockheed Martin,Eightfold,Project Engineer Stf - E4,LM Aeronautics Co- Fort Worth,,"Fort Worth, TX",US (CONUS),Full-time,104900,194700,per-year-salary,,https://lockheedmartin.eightfold.ai/careers/job/996476183154
Lockheed Martin,Eightfold,Project Engineer Stf - E4,LM Aeronautics Co- Fort Worth,,"Fort Worth, TX",US (CONUS),Full-time,104900,194700,per-year-salary,,https://lockheedmartin.eightfold.ai/careers/job/996476183394
Lockheed Martin,Eightfold,Software Engineer - E2,LM Aeronautics Co- Fort Worth,,"Fort Worth, TX",US (CONUS),Full-time,81100,150500,per-year-salary,,https://lockheedmartin.eightfold.ai/careers/job/996476183525
Lockheed Martin,Eightfold,Software Engineer Sr Stf - E5,LM Aeronautics Co- Fort Worth,,"Fort Worth, TX",US (CONUS),Full-time,148300,275500,per-year-salary,,https://lockheedmartin.eightfold.ai/careers/job/996476184028
Lockheed Martin,Eightfold,Aeronautical Engineer Mgr - L5,LM Aeronautics Co- Palmdale,,"Palmdale, CA",US (CONUS),Full-time,129000,239600,per-year-salary,,https://lockheedmartin.eightfold.ai/careers/job/996476208451
Lockheed Martin,Eightfold,SPY Radar Technician - EXPAT (Poland),RMS-Svcs-LMOS,,"Virginia Beach, VA",US (CONUS),Full-time,72500,134600,per-year-salary,,https://lockheedmartin.eightfold.ai/careers/job/996476168207
Lockheed Martin,Eightfold,Software Engineer Stf - Level 4,LM Aeronautics Co- Fort Worth,,"Fort Worth, TX",US (CONUS),Full-time,120600,224000,per-year-salary,,https://lockheedmartin.eightfold.ai/careers/job/996476168273
Lockheed Martin,Eightfold,Inspector - Final Assembly Spec - N3,Space,,"Huntsville, AL",US (CONUS),Full-time,57800,107400,per-year-salary,,https://lockheedmartin.eightfold.ai/careers/job/996476168822
Lockheed Martin,Eightfold,Engineering Aide - N1,LM Aeronautics Co- Fort Worth,,"Fort Worth, TX",US (CONUS),Full-time,41900,77700,per-year-salary,,https://lockheedmartin.eightfold.ai/careers/job/996476168978
Lockheed Martin,Eightfold,Software Engineer Sr Stf - Level 5,LM Aeronautics Co- Fort Worth,,"Fort Worth, TX",US (CONUS),Full-time,148300,275500,per-year-salary,,https://lockheedmartin.eightfold.ai/careers/job/996476169489
Lockheed Martin,Eightfold,Aircraft Maintenance Supv - L3,LM Aeronautics Co- Fort Worth,,", MD",US (CONUS),Full-time,81500,151300,per-year-salary,,https://lockheedmartin.eightfold.ai/careers/job/996476169789
Lockheed Martin,Eightfold,Data Analyst Sr - E3,LM Aeronautics Co- Fort Worth,,"Fort Worth, TX",US (CONUS),Full-time,85300,158300,per-year-salary,,https://lockheedmartin.eightfold.ai/careers/job/996476171797
Lockheed Martin,Eightfold,Civil/Structural Engineer Sr,RMS Core,,"Moorestown, NJ",US (CONUS),Full-time,110500,208344,per-year-salary,,https://lockheedmartin.eightfold.ai/careers/job/996476186304
Lockheed Martin,Eightfold,Deputy Logistics Project Manager (HYBRID TELEWORK),RMS Core,,"Moorestown, NJ",US (CONUS),Full-time,95900,178100,per-year-salary,,https://lockheedmartin.eightfold.ai/careers/job/996476188307
Lockheed Martin,Eightfold,Field Engineer Sr - E3,RMS-Svcs-LMOS,,"Virginia Beach, VA",US (CONUS),Full-time,72500,134600,per-year-salary,,https://lockheedmartin.eightfold.ai/careers/job/996476201755
Lockheed Martin,Eightfold,Software Engineer Sr - E3,Space,,"King of Prussia, PA",US (CONUS),Full-time,110300,204900,per-year-salary,,https://lockheedmartin.eightfold.ai/careers/job/996476208376
Lockheed Martin,Eightfold,Systems Engineer Sr - E3,Space,,"King of Prussia, PA",US (CONUS),Full-time,95900,178100,per-year-salary,,https://lockheedmartin.eightfold.ai/careers/job/996476225595
Lockheed Martin,Eightfold,Software Engineer Stf - E4,Space,,"King of Prussia, PA",US (CONUS),Full-time,135700,251900,per-year-salary,,https://lockheedmartin.eightfold.ai/careers/job/996476227336
Lockheed Martin,Eightfold,Software Engineer Stf - E4,Space,,"Herndon, VA",US (CONUS),Full-time,135700,251900,per-year-salary,,https://lockheedmartin.eightfold.ai/careers/job/996476203748
Lockheed Martin,Eightfold,Systems Engineer - E2,Space,,"King of Prussia, PA",US (CONUS),Full-time,79300,147300,per-year-salary,,https://lockheedmartin.eightfold.ai/careers/job/996476188320
Lockheed Martin,Eightfold,Software Engineer Sr - E3,Space,,"King of Prussia, PA",US (CONUS),Full-time,110300,204900,per-year-salary,,https://lockheedmartin.eightfold.ai/careers/job/996476203421
Lockheed Martin,Eightfold,Systems Engineer Sr - E3,Space,,"King of Prussia, PA",US (CONUS),Full-time,95900,178100,per-year-salary,,https://lockheedmartin.eightfold.ai/careers/job/996476208138
Lockheed Martin,Eightfold,Multi Functional Info Systems Analyst Sr - E3,Space,,"Cape Canaveral, FL",US (CONUS),Full-time,85300,158300,per-year-salary,,https://lockheedmartin.eightfold.ai/careers/job/996476209071
Lockheed Martin,Eightfold,Reliability Engineer Stf - E4,RMS Manufacturing,,"Moorestown, NJ",US (CONUS),Full-time,118000,219100,per-year-salary,,https://lockheedmartin.eightfold.ai/careers/job/996476201971
Lockheed Martin,Eightfold,Field and Service Mech,LM Aeronautics Co- Fort Worth,,", MD",US (CONUS),Full-time,35.27,55.7,per-hour-wage,,https://lockheedmartin.eightfold.ai/careers/job/996476165184
Lockheed Martin,Eightfold,Aeronautical Engineer Sr - E3,LM Aeronautics Co- Palmdale,,"Palmdale, CA",US (CONUS),Full-time,85300,158300,per-year-salary,,https://lockheedmartin.eightfold.ai/careers/job/996476205941
Lockheed Martin,Eightfold,Aeronautical Engineer Stf - E4,LM Aeronautics Co- Palmdale,,"Palmdale, CA",US (CONUS),Full-time,118000,219100,per-year-salary,,https://lockheedmartin.eightfold.ai/careers/job/996476206852
Lockheed Martin,Eightfold,Proposal Management Sr - E3,RMS Derco Aerospace,,"Orlando, FL",US (CONUS),Full-time,72500,134600,per-year-salary,,https://lockheedmartin.eightfold.ai/careers/job/996476207000
Lockheed Martin,Eightfold,Software Engineer - Skunk Works - Level 4,LM Aeronautics Co- Palmdale,,"Palmdale, CA",US (CONUS),Full-time,135700,251900,per-year-salary,,https://lockheedmartin.eightfold.ai/careers/job/996476186144
Lockheed Martin,Eightfold,Data Engineer Sr - E3,GRS/Core-LMLS Aero Segment,,"Fort Worth, TX",US (CONUS),Full-time,85300,158300,per-year-salary,,https://lockheedmartin.eightfold.ai/careers/job/996476209257
Lockheed Martin,Eightfold,Supply Chain - Subcontract Administrator - Level 2,LM Aeronautics Co- Fort Worth,,"Fort Worth, TX",US (CONUS),Full-time,59900,111300,per-year-salary,,https://lockheedmartin.eightfold.ai/careers/job/996476227646
Lockheed Martin,Eightfold,Supply Chain - Subcontract Management - Level 4,LM Aeronautics Co- Fort Worth,,"Fort Worth, TX",US (CONUS),Full-time,89100,165500,per-year-salary,,https://lockheedmartin.eightfold.ai/careers/job/996476228418
Lockheed Martin,Eightfold,Software Engineer Sr - E3,LM Aeronautics Co- Fort Worth,,"Fort Worth, TX",US (CONUS),Full-time,98100,182100,per-year-salary,,https://lockheedmartin.eightfold.ai/careers/job/996476183805
Lockheed Martin,Eightfold,AIT Project Engineering Planner (HYBRID TELEWORK),RMS-Svcs-LMOS,,"Mt Laurel Township, NJ",US (CONUS),Full-time,67400,125200,per-year-salary,,https://lockheedmartin.eightfold.ai/careers/job/996476165401
Lockheed Martin,Eightfold,Aeronautical Engineer Stf - E4,LM Aeronautics Co- Palmdale,,"Palmdale, CA",US (CONUS),Full-time,104900,194700,per-year-salary,,https://lockheedmartin.eightfold.ai/careers/job/996476167471
Lockheed Martin,Eightfold,Software Engineer - E2,LM Aeronautics Co- Fort Worth,,"Fort Worth, TX",US (CONUS),Full-time,81100,150500,per-year-salary,,https://lockheedmartin.eightfold.ai/careers/job/996476182601
Lockheed Martin,Eightfold,Cyber RF Software Engineer Staff,RMS-Svcs-LMOS,,", MD",US (CONUS),Full-time,135700,251900,per-year-salary,,https://lockheedmartin.eightfold.ai/careers/job/996476187762
Lockheed Martin,Eightfold,Software Engineer Sr - E3,LM Aeronautics Co- Fort Worth,,"Fort Worth, TX",US (CONUS),Full-time,98100,182100,per-year-salary,,https://lockheedmartin.eightfold.ai/careers/job/996476167599
Lockheed Martin,Eightfold,Mechanical Engineer Stf - E4,LM Aeronautics Co- Fort Worth,,"Fort Worth, TX",US (CONUS),Full-time,104900,194700,per-year-salary,,https://lockheedmartin.eightfold.ai/careers/job/996476168555
Lockheed Martin,Eightfold,Integrated Program Planner Stf - E4,LM Aeronautics Co- Palmdale,,"Palmdale, CA",US (CONUS),Full-time,100200,186200,per-year-salary,,https://lockheedmartin.eightfold.ai/careers/job/996476168919
Lockheed Martin,Eightfold,Supply Chain - Subcontract Administrator - Level 2,LM Aeronautics Co- Fort Worth,,"Fort Worth, TX",US (CONUS),Full-time,59900,111300,per-year-salary,,https://lockheedmartin.eightfold.ai/careers/job/996476227969
Lockheed Martin,Eightfold,Cyber Software Engineer Staff,RMS-Svcs-LMOS,,", MD",US (CONUS),Full-time,135700,251900,per-year-salary,,https://lockheedmartin.eightfold.ai/careers/job/996476185167
Lockheed Martin,Eightfold,Software Engineer w/Poly Senior Staff,RMS-Svcs-LMOS,,", MD",US (CONUS),Full-time,166900,309900,per-year-salary,,https://lockheedmartin.eightfold.ai/careers/job/996476185933
Lockheed Martin,Eightfold,Systems Engineering,RMS-Svcs-LMOS,,", MD",US (CONUS),Full-time,91200,169400,per-year-salary,,https://lockheedmartin.eightfold.ai/careers/job/996476187290
Lockheed Martin,Eightfold,Software Engineer Stf - E4,LM Aeronautics Co- Fort Worth,,"Fort Worth, TX",US (CONUS),Full-time,120600,224000,per-year-salary,,https://lockheedmartin.eightfold.ai/careers/job/996476184340
Lockheed Martin,Eightfold,Manufacturing Engineer - E2,LM Aeronautics Co- Fort Worth,,"Fort Worth, TX",US (CONUS),Full-time,70500,130900,per-year-salary,,https://lockheedmartin.eightfold.ai/careers/job/996476170523
Lockheed Martin,Eightfold,Systems Engineer Sr - E3,LM Aeronautics Co- Fort Worth,,"Edwards AFB, CA",US (CONUS),Full-time,95900,178100,per-year-salary,,https://lockheedmartin.eightfold.ai/careers/job/996476170951
Lockheed Martin,Eightfold,Field and Service Mech,LM Aeronautics Co- Fort Worth,,", MD",US (CONUS),Full-time,35.27,55.7,per-hour-wage,,https://lockheedmartin.eightfold.ai/careers/job/996476172048
Lockheed Martin,Eightfold,Systems Engineer Stf - E4,LM Aeronautics Co- Fort Worth,,"Fort Worth, TX",US (CONUS),Full-time,104900,194700,per-year-salary,,https://lockheedmartin.eightfold.ai/careers/job/996476172212
Lockheed Martin,Eightfold,Deputy Logistics Project Manager (HYBRID TELEWORK),RMS Core,,"Liverpool, NY",US (CONUS),Full-time,85300,158300,per-year-salary,,https://lockheedmartin.eightfold.ai/careers/job/996476201251
Lockheed Martin,Eightfold,Facilities  Maintenance Associate Manager,RMS Manufacturing,,"Moorestown, NJ",US (CONUS),Full-time,100200,186200,per-year-salary,,https://lockheedmartin.eightfold.ai/careers/job/996476203126
Lockheed Martin,Eightfold,Quality Control Analyst - E2,LM Aeronautics Co- Palmdale,,"Palmdale, CA",US (CONUS),Full-time,67400,125200,per-year-salary,,https://lockheedmartin.eightfold.ai/careers/job/996476169939
Lockheed Martin,Eightfold,Inspector NonDes Test Sr,Space,,"Sunnyvale, CA",US (CONUS),Full-time,30.93,58.42,per-hour-wage,,https://lockheedmartin.eightfold.ai/careers/job/996476171300
Lockheed Martin,Eightfold,Maintenance General Specialist,RMS Core,,", MD",US (CONUS),Full-time,56600,105000,per-year-salary,,https://lockheedmartin.eightfold.ai/careers/job/996476204758
Lockheed Martin,Eightfold,Electrician Maintenance Specialist,RMS Core,,"Manassas, VA",US (CONUS),Full-time,56600,105000,per-year-salary,,https://lockheedmartin.eightfold.ai/careers/job/996476205402
Lockheed Martin,Eightfold,Electronics Engineer Sr - E3,LM Aeronautics Co- Fort Worth,,"Edwards AFB, CA",US (CONUS),Full-time,95900,178100,per-year-salary,,https://lockheedmartin.eightfold.ai/careers/job/996476173014
Lockheed Martin,Eightfold,Systems Engineer Stf - E4,LM Aeronautics Co- Marietta,,"Marietta, GA",US (CONUS),Full-time,104900,194700,per-year-salary,,https://lockheedmartin.eightfold.ai/careers/job/996476167955
Lockheed Martin,Eightfold,Software Engineer Sr Stf - E5,LM Aeronautics Co- Fort Worth,,"Fort Worth, TX",US (CONUS),Full-time,148300,275500,per-year-salary,,https://lockheedmartin.eightfold.ai/careers/job/996476183270
Lockheed Martin,Eightfold,F-35 Test Pilot-Level 5,LM Aeronautics Co- Fort Worth,,"Fort Worth, TX",US (CONUS),Full-time,148300,275500,per-year-salary,,https://lockheedmartin.eightfold.ai/careers/job/996476167850
Lockheed Martin,Eightfold,Engineering Project Management Prin,LM Aeronautics Co- Marietta,,"Marietta, GA",US (CONUS),Full-time,158700,294700,per-year-salary,,https://lockheedmartin.eightfold.ai/careers/job/996476171297
Lockheed Martin,Eightfold,Pulsed Power Engineer Sr,LM Aeronautics Co- Palmdale,,"Palmdale, CA",US (CONUS),Full-time,110300,204900,per-year-salary,,https://lockheedmartin.eightfold.ai/careers/job/996476183274
Lockheed Martin,Eightfold,Test Engineer Stf - E4,LM Aeronautics Co- Marietta,,"Marietta, GA",US (CONUS),Full-time,104900,194700,per-year-salary,,https://lockheedmartin.eightfold.ai/careers/job/996476227392
Lockheed Martin,Eightfold,Electronics Engineer Stf - E4,LM Aeronautics Co- Palmdale,,"Palmdale, CA",US (CONUS),Full-time,104900,194700,per-year-salary,,https://lockheedmartin.eightfold.ai/careers/job/996476168813
Lockheed Martin,Eightfold,Pilot Subject Matter Expert and Pilot Vehicle Interface Engineer,LM Aeronautics Co- Fort Worth,,"Fort Worth, TX",US (CONUS),Full-time,148300,275500,per-year-salary,,https://lockheedmartin.eightfold.ai/careers/job/996476173096
Lockheed Martin,Eightfold,UAS Test Pilot - Skunk Works MD,LM Aeronautics Co- Palmdale,,", MD",US (CONUS),Full-time,166900,309900,per-year-salary,,https://lockheedmartin.eightfold.ai/careers/job/996476174623
Lockheed Martin,Eightfold,Cyber Software Eng Sr - E3,RMS-Svcs-LMOS,,", MD",US (CONUS),Full-time,110300,204900,per-year-salary,,https://lockheedmartin.eightfold.ai/careers/job/996476168881
Lockheed Martin,Eightfold,Software Engineer,RMS-Svcs-LMOS,,", MD",US (CONUS),Full-time,135700,251900,per-year-salary,,https://lockheedmartin.eightfold.ai/careers/job/996476184313
Lockheed Martin,Eightfold,Senior Technical Writer,RMS-Svcs-LMOS,,", MD",US (CONUS),Full-time,81500,151300,per-year-salary,,https://lockheedmartin.eightfold.ai/careers/job/996476202085
Lockheed Martin,Eightfold,Software Engineer - Mid Level,RMS-Svcs-LMOS,,", MD",US (CONUS),Full-time,110300,204900,per-year-salary,,https://lockheedmartin.eightfold.ai/careers/job/996476202714
Lockheed Martin,Eightfold,"Cyber Systems Security Engineering, Staff",RMS-Svcs-LMOS,,", MD",US (CONUS),Full-time,135700,251900,per-year-salary,,https://lockheedmartin.eightfold.ai/careers/job/996476199696
Lockheed Martin,Eightfold,Ground Systems Engineer - E3,LM Aeronautics Co- Fort Worth,,", MD",US (CONUS),Full-time,95900,178100,per-year-salary,,https://lockheedmartin.eightfold.ai/careers/job/996476210089
Lockheed Martin,Eightfold,"Cyber RF Software Engineer, Senior",RMS-Svcs-LMOS,,", MD",US (CONUS),Full-time,110300,204900,per-year-salary,,https://lockheedmartin.eightfold.ai/careers/job/996476189732
Lockheed Martin,Eightfold,Systems Engineer (Level 2),Space,,"Littleton, CO",US (CONUS),Full-time,79300,147300,per-year-salary,,https://lockheedmartin.eightfold.ai/careers/job/996476189321
Lockheed Martin,Eightfold,Satellite Mission Engr - E2,Space LMOS,,"Colorado Springs, CO",US (CONUS),Full-time,70500,130900,per-year-salary,,https://lockheedmartin.eightfold.ai/careers/job/996476189989
Lockheed Martin,Eightfold,"Sr. Network Engineer / Secret / Onsite: Sunnyvale, CA",Enterprise Business Services,,"Sunnyvale, CA",US (CONUS),Full-time,106600,198000,per-year-salary,,https://lockheedmartin.eightfold.ai/careers/job/996476225247
Lockheed Martin,Eightfold,ASIC & FPGA Design Engineer Sr - E3,Space,,"Littleton, CO",US (CONUS),Full-time,110300,204900,per-year-salary,,https://lockheedmartin.eightfold.ai/careers/job/996476189032
Lockheed Martin,Eightfold,ASIC & FPGA Design Engineer Stf - E4,Space,,"Littleton, CO",US (CONUS),Full-time,135700,251900,per-year-salary,,https://lockheedmartin.eightfold.ai/careers/job/996476227053
Lockheed Martin,Eightfold,Global SE&V Systems Engineer,RMS Core,,"Colorado Springs, CO",US (CONUS),Full-time,85300,158300,per-year-salary,,https://lockheedmartin.eightfold.ai/careers/job/996476227218
Lockheed Martin,Eightfold,SE&V Lead Tool Integrator,RMS Core,,"Colorado Springs, CO",US (CONUS),Full-time,104900,194700,per-year-salary,,https://lockheedmartin.eightfold.ai/careers/job/996476227389
Lockheed Martin,Eightfold,Hardware Engineer Stf - E4,RMS Core,,"Liverpool, NY",US (CONUS),Full-time,104900,194700,per-year-salary,,https://lockheedmartin.eightfold.ai/careers/job/996476167485
Lockheed Martin,Eightfold,Software Engineer Stf - E4,LM Aeronautics Co- Marietta,,"Marietta, GA",US (CONUS),Full-time,120600,224000,per-year-salary,,https://lockheedmartin.eightfold.ai/careers/job/996476167673
Lockheed Martin,Eightfold,Integrated Program Planner - Level 3,Space,,"Littleton, CO",US (CONUS),Full-time,81500,151300,per-year-salary,,https://lockheedmartin.eightfold.ai/careers/job/996476167962
Lockheed Martin,Eightfold,Systems Engineer Sr Stf - E5,LM Aeronautics Co- Fort Worth,,"Fort Worth, TX",US (CONUS),Full-time,129000,239600,per-year-salary,,https://lockheedmartin.eightfold.ai/careers/job/996476168269
Lockheed Martin,Eightfold,Calibn Insp Templates Gauges B,RMS Sikorsky Core,,"Stratford, CT",US (CONUS),Full-time,37.87,40.79,per-hour-wage,,https://lockheedmartin.eightfold.ai/careers/job/996476168360
Lockheed Martin,Eightfold,Network Communications Engineer - UAE Tech Refresh,RMS Core,,"Colorado Springs, CO",US (CONUS),Full-time,70500,130900,per-year-salary,,https://lockheedmartin.eightfold.ai/careers/job/996476168491
Lockheed Martin,Eightfold,Manufacturing Engineer Sr - E3,MFC-Primary,,"Grand Prairie, TX",US (CONUS),Full-time,85300,158300,per-year-salary,,https://lockheedmartin.eightfold.ai/careers/job/996476176258
Lockheed Martin,Eightfold,Software Engineer Stf - E4,Space LMOS,,"Littleton, CO",US (CONUS),Full-time,135700,251900,per-year-salary,,https://lockheedmartin.eightfold.ai/careers/job/996476182438
Lockheed Martin,Eightfold,Software Engineer/Integrator,RMS Core,,"Manassas, VA",US (CONUS),Full-time,110300,204900,per-year-salary,,https://lockheedmartin.eightfold.ai/careers/job/996476182898
Lockheed Martin,Eightfold,Software Engineer Sr Stf - E5,Space,,"Colorado Springs, CO",US (CONUS),Full-time,148300,275500,per-year-salary,,https://lockheedmartin.eightfold.ai/careers/job/996476183359
Lockheed Martin,Eightfold,Project Management & Planning Operations Sr Mgr - L6,MFC-Primary,,"Grand Prairie, TX",US (CONUS),Full-time,158700,294700,per-year-salary,,https://lockheedmartin.eightfold.ai/careers/job/996476183632
Lockheed Martin,Eightfold,Integrated Program Planner Sr - E3,Space,,"Englewood, CO",US (CONUS),Full-time,81500,151300,per-year-salary,,https://lockheedmartin.eightfold.ai/careers/job/996476183985
Lockheed Martin,Eightfold,Hardware Engineer Stf/ Digital Design,RMS Core,,"Owego, NY",US (CONUS),Full-time,104900,194700,per-year-salary,,https://lockheedmartin.eightfold.ai/careers/job/996476183989
Lockheed Martin,Eightfold,Space Vehicle Electrical Test Engineer - CLEARANCE REQUIRED,Space,,"Littleton, CO",US (CONUS),Full-time,79300,147300,per-year-salary,,https://lockheedmartin.eightfold.ai/careers/job/996476184078
Lockheed Martin,Eightfold,Hardware Engineer Sr - E3,RMS Core,,"Owego, NY",US (CONUS),Full-time,85300,158300,per-year-salary,,https://lockheedmartin.eightfold.ai/careers/job/996476184617
Lockheed Martin,Eightfold,Systems Engineer Sr - E3,RMS Core,,"Liverpool, NY",US (CONUS),Full-time,85300,158300,per-year-salary,,https://lockheedmartin.eightfold.ai/careers/job/996476184975
Lockheed Martin,Eightfold,Sr Member Engineering Stf,RMS Core,,"Moorestown, NJ",US (CONUS),Full-time,91000,181113,per-year-salary,,https://lockheedmartin.eightfold.ai/careers/job/996476185308
Lockheed Martin,Eightfold,Space Vehicle Electrical Test Engineer - CLEARANCE REQUIRED,Space,,"Littleton, CO",US (CONUS),Full-time,79300,147300,per-year-salary,,https://lockheedmartin.eightfold.ai/careers/job/996476185747
Lockheed Martin,Eightfold,Software Engineering Asc Mgr - L4,Space,,"Colorado Springs, CO",US (CONUS),Full-time,120600,224000,per-year-salary,,https://lockheedmartin.eightfold.ai/careers/job/996476186482
Lockheed Martin,Eightfold,Hardware Engineer Sr - E3,RMS Core,,"Owego, NY",US (CONUS),Full-time,85300,158300,per-year-salary,,https://lockheedmartin.eightfold.ai/careers/job/996476186814
Lockheed Martin,Eightfold,Production Control Assistant Sr,MFC-Chelmsford,,"Chelmsford, MA",US (CONUS),Full-time,40000,74400,per-year-salary,,https://lockheedmartin.eightfold.ai/careers/job/996476187610
Lockheed Martin,Eightfold,Solutions Architecture Product Owner,RMS Core,,"Huntsville, AL",US (CONUS),Full-time,148300,275500,per-year-salary,,https://lockheedmartin.eightfold.ai/careers/job/996476187669
Lockheed Martin,Eightfold,Performance Assessment Engineer,RMS Core,,"Huntsville, AL",US (CONUS),Full-time,85300,158300,per-year-salary,,https://lockheedmartin.eightfold.ai/careers/job/996476188277
Lockheed Martin,Eightfold,Senior Project Engineer,RMS Core,,"Colorado Springs, CO",US (CONUS),Full-time,85300,158300,per-year-salary,,https://lockheedmartin.eightfold.ai/careers/job/996476188643
Lockheed Martin,Eightfold,Hardware Engineering Mgr - L5,RMS Core,,"Liverpool, NY",US (CONUS),Full-time,129000,239600,per-year-salary,,https://lockheedmartin.eightfold.ai/careers/job/996476189171
Lockheed Martin,Eightfold,Systems Engineer Senior,Space,,"Littleton, CO",US (CONUS),Full-time,95900,178100,per-year-salary,,https://lockheedmartin.eightfold.ai/careers/job/996476189307
Lockheed Martin,Eightfold,Systems Integration/Test Engineer Stf - E4,LM Aeronautics Co- Marietta,,"Marietta, GA",US (CONUS),Full-time,104900,194700,per-year-salary,,https://lockheedmartin.eightfold.ai/careers/job/996476168553
Lockheed Martin,Eightfold,Integrated Program Planner - Level 3,Space,,"Littleton, CO",US (CONUS),Full-time,81500,151300,per-year-salary,,https://lockheedmartin.eightfold.ai/careers/job/996476168684
Lockheed Martin,Eightfold,Systems Integration/Test Engineer Stf - E4,LM Aeronautics Co- Marietta,,"Marietta, GA",US (CONUS),Full-time,104900,194700,per-year-salary,,https://lockheedmartin.eightfold.ai/careers/job/996476169076
Lockheed Martin,Eightfold,Space Vehicle Electrical Test Engineer Sr. - CLEARANCE REQUIRED,Space,,"Littleton, CO",US (CONUS),Full-time,95900,178100,per-year-salary,,https://lockheedmartin.eightfold.ai/careers/job/996476169491
Lockheed Martin,Eightfold,"Mult Function Info Systems Admin (MPE Ghedi, AB, Italy)",AFS-LMLS Aero Segment,,"Greenville, SC",US (CONUS),Full-time,85300,158300,per-year-salary,,https://lockheedmartin.eightfold.ai/careers/job/996476169783
Lockheed Martin,Eightfold,Systems Engineer - E2,RMS Core,,"Liverpool, NY",US (CONUS),Full-time,70500,130900,per-year-salary,,https://lockheedmartin.eightfold.ai/careers/job/996476176044
Lockheed Martin,Eightfold,Staff Software Engineer (Image Processing),RMS Core,,"Manassas, VA",US (CONUS),Full-time,135700,251900,per-year-salary,,https://lockheedmartin.eightfold.ai/careers/job/996476176144
Lockheed Martin,Eightfold,Lead Engineer,RMS Core,,"Uniondale, NY",US (CONUS),Full-time,124899,199044,per-year-salary,,https://lockheedmartin.eightfold.ai/careers/job/996476176154
Lockheed Martin,Eightfold,Senior Systems Safety Engineer,RMS Core,,"Liverpool, NY",US (CONUS),Full-time,85300,158300,per-year-salary,,https://lockheedmartin.eightfold.ai/careers/job/996476176177
Lockheed Martin,Eightfold,Systems Engineer (Level 2),Space,,"Littleton, CO",US (CONUS),Full-time,79300,147300,per-year-salary,,https://lockheedmartin.eightfold.ai/careers/job/996476189310
Lockheed Martin,Eightfold,Systems Engineer Staff,Space,,"Littleton, CO",US (CONUS),Full-time,118000,219100,per-year-salary,,https://lockheedmartin.eightfold.ai/careers/job/996476189315
Lockheed Martin,Eightfold,Systems Engineer Senior,Space,,"Littleton, CO",US (CONUS),Full-time,95900,178100,per-year-salary,,https://lockheedmartin.eightfold.ai/careers/job/996476189317
Lockheed Martin,Eightfold,Semiconductor Equipment Maintenance Technician,MFC-Primary,,"Goleta, CA",US (CONUS),Full-time,67900,126100,per-year-salary,,https://lockheedmartin.eightfold.ai/careers/job/996476200512
Lockheed Martin,Eightfold,Space Vehicle Electrical Test Engineer Stf - CLEARANCE REQUIRED,Space,,"Littleton, CO",US (CONUS),Full-time,118000,219100,per-year-salary,,https://lockheedmartin.eightfold.ai/careers/job/996476200814
Lockheed Martin,Eightfold,Semiconductor Process Engineer Sr Stf - E5,MFC-Primary,,"Goleta, CA",US (CONUS),Full-time,166900,309900,per-year-salary,,https://lockheedmartin.eightfold.ai/careers/job/996476200945
Lockheed Martin,Eightfold,Flight Simulation Technician / J-NEEO / Nellis AFB,RMS-Svcs-LMOS,,"Nellis AFB, NV",US (CONUS),Full-time,85300,158300,per-year-salary,,https://lockheedmartin.eightfold.ai/careers/job/996476186382
Lockheed Martin,Eightfold,Instructor Pilot | Fighter Ops | SME | CIP | Nellis AFB,RMS-Svcs-LMOS,,"Nellis AFB, NV",US (CONUS),Full-time,148300,275500,per-year-salary,,https://lockheedmartin.eightfold.ai/careers/job/996476186676
Lockheed Martin,Eightfold,Software Engineering Asc Mgr - L4,LM Aeronautics Co- Palmdale,,"Palmdale, CA",US (CONUS),Full-time,135700,251900,per-year-salary,,https://lockheedmartin.eightfold.ai/careers/job/996476165174
Lockheed Martin,Eightfold,Software Engineer Sr - E3,LM Aeronautics Co- Palmdale,,"Palmdale, CA",US (CONUS),Full-time,110300,204900,per-year-salary,,https://lockheedmartin.eightfold.ai/careers/job/996476167730
Lockheed Martin,Eightfold,System Engineering (DMSMS) - Chapter Next Returnship,RMS Sikorsky Core,,"Stratford, CT",US (CONUS),Full-time,31.49,58.51,per-hour-wage,,https://lockheedmartin.eightfold.ai/careers/job/996476168554
Lockheed Martin,Eightfold,Hub/ModStar SW Engineering Manager / Full Stack,MFC-Primary,,"Orlando, FL",US (CONUS),Full-time,148300,275500,per-year-salary,,https://lockheedmartin.eightfold.ai/careers/job/996476185696
Lockheed Martin,Eightfold,Software Engineer Sr - E3,Space,,"King of Prussia, PA",US (CONUS),Full-time,110300,204900,per-year-salary,,https://lockheedmartin.eightfold.ai/careers/job/996476186721
Lockheed Martin,Eightfold,Software Engineer Sr - E3,Space,,"King of Prussia, PA",US (CONUS),Full-time,110300,204900,per-year-salary,,https://lockheedmartin.eightfold.ai/careers/job/996476187297
Lockheed Martin,Eightfold,Software Engineer Stf - E4,Space,,"King of Prussia, PA",US (CONUS),Full-time,135700,251900,per-year-salary,,https://lockheedmartin.eightfold.ai/careers/job/996476187436
Lockheed Martin,Eightfold,Software Engineer - E2,Space,,"King of Prussia, PA",US (CONUS),Full-time,91200,169400,per-year-salary,,https://lockheedmartin.eightfold.ai/careers/job/996476187768
Lockheed Martin,Eightfold,"Senior Software Engineer, Level 3",Space,,"Sunnyvale, CA",US (CONUS),Full-time,110300,204900,per-year-salary,,https://lockheedmartin.eightfold.ai/careers/job/996476183557
Lockheed Martin,Eightfold,"Senior Software Engineer, Level 3",Space,,"Littleton, CO",US (CONUS),Full-time,110300,204900,per-year-salary,,https://lockheedmartin.eightfold.ai/careers/job/996476186184
Lockheed Martin,Eightfold,"Software Engineer Staff, Level 4 - Clearance Required",Space,,"Littleton, CO",US (CONUS),Full-time,135700,251900,per-year-salary,,https://lockheedmartin.eightfold.ai/careers/job/996476189034
Lockheed Martin,Eightfold,Software Architect,Space,,"Littleton, CO",US (CONUS),Full-time,135700,251900,per-year-salary,,https://lockheedmartin.eightfold.ai/careers/job/996476206121
Lockheed Martin,Eightfold,Dev Sec Engineering Sr - E3,Space LMOS,,"Herndon, VA",US (CONUS),Full-time,110300,204900,per-year-salary,,https://lockheedmartin.eightfold.ai/careers/job/996476183155
Lockheed Martin,Eightfold,Network Engineer III,RMS Core,,"Colorado Springs, CO",US (CONUS),Full-time,85300,158300,per-year-salary,,https://lockheedmartin.eightfold.ai/careers/job/996476183365
Lockheed Martin,Eightfold,Systems Engineer - E2,Space,,"Sunnyvale, CA",US (CONUS),Full-time,88100,163700,per-year-salary,,https://lockheedmartin.eightfold.ai/careers/job/996476184185
Lockheed Martin,Eightfold,Software Engineer Stf - E4,Space,,"Littleton, CO",US (CONUS),Full-time,135700,251900,per-year-salary,,https://lockheedmartin.eightfold.ai/careers/job/996476186603
Lockheed Martin,Eightfold,Loads and Dynamics Engineer,Space,,"Huntsville, AL",US (CONUS),Full-time,85300,158300,per-year-salary,,https://lockheedmartin.eightfold.ai/careers/job/996476188219
Lockheed Martin,Eightfold,Senior Software Engineer,RMS Core,,"Huntsville, AL",US (CONUS),Full-time,98100,182100,per-year-salary,,https://lockheedmartin.eightfold.ai/careers/job/996476200678
Lockheed Martin,Eightfold,Embedded Systems Engineer - Requirements & Verification,Space,,"Littleton, CO",US (CONUS),Full-time,79300,147300,per-year-salary,,https://lockheedmartin.eightfold.ai/careers/job/996476223740
Lockheed Martin,Eightfold,"Staff Linux System Administrator, TS/SCI / Onsite: CO",Enterprise Business Services,,"Littleton, CO",US (CONUS),Full-time,118000,219100,per-year-salary,,https://lockheedmartin.eightfold.ai/careers/job/996476224094
Lockheed Martin,Eightfold,Quality Engineer - E2,RMS Sikorsky Core,,"Stratford, CT",US (CONUS),Full-time,79300,147300,per-year-salary,,https://lockheedmartin.eightfold.ai/careers/job/996476224260
Lockheed Martin,Eightfold,Member Engineering Stf Lead,RMS Core,,"Camden, NJ",US (CONUS),Full-time,110500,208344,per-year-salary,,https://lockheedmartin.eightfold.ai/careers/job/996476224468
Lockheed Martin,Eightfold,Software Engineer Staff,Space,,"Littleton, CO",US (CONUS),Full-time,135700,251900,per-year-salary,,https://lockheedmartin.eightfold.ai/careers/job/996476206767
Lockheed Martin,Eightfold,Software Engineer Senior Staff,Space,,"Littleton, CO",US (CONUS),Full-time,166900,309900,per-year-salary,,https://lockheedmartin.eightfold.ai/careers/job/996476206902
Lockheed Martin,Eightfold,"Software Engineer Staff, Level 4",Space,,"Littleton, CO",US (CONUS),Full-time,135700,251900,per-year-salary,,https://lockheedmartin.eightfold.ai/careers/job/996476227793
Lockheed Martin,Eightfold,Multi Functional Info Systems Analyst Sr - E3,AFS-LMLS Aero Segment,,"Fort Smith, AR",US (CONUS),Full-time,76700,142500,per-year-salary,,https://lockheedmartin.eightfold.ai/careers/job/996476168318
Lockheed Martin,Eightfold,Calibration Technician-1st Shift,GSO-LMLS Aero Segment,,"Greenville, SC",US (CONUS),Full-time,27.21,49.04,per-hour-wage,,https://lockheedmartin.eightfold.ai/careers/job/996476170355
Lockheed Martin,Eightfold,Systems Safety Engineer Sr.,RMS Core,,"Owego, NY",US (CONUS),Full-time,85300,158300,per-year-salary,,https://lockheedmartin.eightfold.ai/careers/job/996476170527
Lockheed Martin,Eightfold,Systems Engineer Senior Staff,Space,,"Littleton, CO",US (CONUS),Full-time,145100,269500,per-year-salary,,https://lockheedmartin.eightfold.ai/careers/job/996476189301
Lockheed Martin,Eightfold,Systems Engineer Associate,Space,,"Littleton, CO",US (CONUS),Full-time,65500,121700,per-year-salary,,https://lockheedmartin.eightfold.ai/careers/job/996476189314
Lockheed Martin,Eightfold,Systems Integration/Test Engineer Stf - E4,Space,,"Littleton, CO",US (CONUS),Full-time,118000,219100,per-year-salary,,https://lockheedmartin.eightfold.ai/careers/job/996476200604
Lockheed Martin,Eightfold,"Linux Systems Administrator / Secret / Onsite: Huntsville, AL",Enterprise Business Services,,"Huntsville, AL",US (CONUS),Full-time,70500,130900,per-year-salary,,https://lockheedmartin.eightfold.ai/careers/job/996476201064
Lockheed Martin,Eightfold,Component Engineer - (Sr Member Eng Staff) (HYBRID TELEWORK),RMS Core,,"Moorestown, NJ",US (CONUS),Full-time,91000,181113,per-year-salary,,https://lockheedmartin.eightfold.ai/careers/job/996476176223
Lockheed Martin,Eightfold,CI/CD Software Engineer with Clearance,RMS Core,,"Colorado Springs, CO",US (CONUS),Full-time,98100,182100,per-year-salary,,https://lockheedmartin.eightfold.ai/careers/job/996476182991
Lockheed Martin,Eightfold,"Guidance, Navigation & Control Engineer (Staff, Level IV)",Space,,"Highlands Ranch, CO",US (CONUS),Full-time,135700,251900,per-year-salary,,https://lockheedmartin.eightfold.ai/careers/job/996476185342
Lockheed Martin,Eightfold,Systems Engineer Sr Stf - Mechanical Integration,Space,,"Littleton, CO",US (CONUS),Full-time,145100,269500,per-year-salary,,https://lockheedmartin.eightfold.ai/careers/job/996476186627
Lockheed Martin,Eightfold,Guidance/Navigation/Control Engineering Sr - E3,Space,,"Sunnyvale, CA",US (CONUS),Full-time,122600,227600,per-year-salary,,https://lockheedmartin.eightfold.ai/careers/job/996476186632
Lockheed Martin,Eightfold,Material & Process Engineering Sr Mgr - L6,"Deposition Science, Inc",,"Santa Rosa, CA",US (CONUS),Full-time,178500,331500,per-year-salary,,https://lockheedmartin.eightfold.ai/careers/job/996476204772
Lockheed Martin,Eightfold,Sr Member Engineering Stf,RMS Core,,"Moorestown, NJ",US (CONUS),Full-time,91000,181113,per-year-salary,,https://lockheedmartin.eightfold.ai/careers/job/996476205755
Lockheed Martin,Eightfold,ASIC & FPGA Design Engineer Sr - E3,MFC-Primary,,"Orlando, FL",US/Remote,Full-time,98100,182100,per-year-salary,,https://lockheedmartin.eightfold.ai/careers/job/996476225331
Lockheed Martin,Eightfold,"Guidance, Navigation & Control Engineer (Senior, Level III)",Space,,"Highlands Ranch, CO",US (CONUS),Full-time,110300,204900,per-year-salary,,https://lockheedmartin.eightfold.ai/careers/job/996476185666
Lockheed Martin,Eightfold,"Guidance, Navigation & Control Engineer III (Sr.) - Interim Top Secret",Space,,"Littleton, CO",US (CONUS),Full-time,110300,204900,per-year-salary,,https://lockheedmartin.eightfold.ai/careers/job/996476185692
Lockheed Martin,Eightfold,"Classified IT System Administrator, Sr / Onsite: PA, CO, CA, AL or FL",Enterprise Business Services,,"Littleton, CO",US (CONUS),Full-time,95900,178100,per-year-salary,,https://lockheedmartin.eightfold.ai/careers/job/996476201406
Lockheed Martin,Eightfold,Systems Engineer-IT Sr - E3,Enterprise Business Services,,"Littleton, CO",US (CONUS),Full-time,95900,178100,per-year-salary,,https://lockheedmartin.eightfold.ai/careers/job/996476202216
Lockheed Martin,Eightfold,Systems Engineer Sr - E3,RMS Core,,"Liverpool, NY",US (CONUS),Full-time,85300,158300,per-year-salary,,https://lockheedmartin.eightfold.ai/careers/job/996476202337
Lockheed Martin,Eightfold,Systems Engineer Sr - E3,RMS Core,,"Liverpool, NY",US (CONUS),Full-time,85300,158300,per-year-salary,,https://lockheedmartin.eightfold.ai/careers/job/996476202932
Lockheed Martin,Eightfold,JASSM XR Senior Software Engineer / Embedded / C++,MFC-Primary,,"Orlando, FL",US (CONUS),Full-time,98100,182100,per-year-salary,,https://lockheedmartin.eightfold.ai/careers/job/996476202406
Lockheed Martin,Eightfold,Sr Member Engineering Stf,RMS Core,,"Moorestown, NJ",US (CONUS),Full-time,91000,181113,per-year-salary,,https://lockheedmartin.eightfold.ai/careers/job/996476202655
Lockheed Martin,Eightfold,Guidance/Navigation/Control Engineering Sr - E3,Space,,"Littleton, CO",US (CONUS),Full-time,110300,204900,per-year-salary,,https://lockheedmartin.eightfold.ai/careers/job/996476202935
Lockheed Martin,Eightfold,Fire Control System/Aegis Weapon System (AWS) Technical Trainer Sr,RMS-Svcs-LMOS,,"Dahlgren, VA",US (CONUS),Full-time,72500,134600,per-year-salary,,https://lockheedmartin.eightfold.ai/careers/job/996476167848
Lockheed Martin,Eightfold,"Guidance, Navigation & Control Engineer (Senior, Level III)",Space,,"Highlands Ranch, CO",US (CONUS),Full-time,110300,204900,per-year-salary,,https://lockheedmartin.eightfold.ai/careers/job/996476171491
Lockheed Martin,Eightfold,Execution Team Lead - Submarine C5I SE&I,RMS Core,,"Manassas, VA",US (CONUS),Full-time,95900,178100,per-year-salary,,https://lockheedmartin.eightfold.ai/careers/job/996476176209
Lockheed Martin,Eightfold,Software Engineer Stf - E4,Space,,"Littleton, CO",US (CONUS),Full-time,135700,251900,per-year-salary,,https://lockheedmartin.eightfold.ai/careers/job/996476167961
Lockheed Martin,Eightfold,Software Engineer Stf - E4,Space,,"Littleton, CO",US (CONUS),Full-time,135700,251900,per-year-salary,,https://lockheedmartin.eightfold.ai/careers/job/996476183857
Lockheed Martin,Eightfold,Ground Support Equipment Director,Space,,"Littleton, CO",US (CONUS),Full-time,180000,325000,per-year-salary,,https://lockheedmartin.eightfold.ai/careers/job/996476206817
Lockheed Martin,Eightfold,Systems Engineer (Advanced Career Level),RMS Core,,"Orlando, FL",US (CONUS),Full-time,104900,194700,per-year-salary,,https://lockheedmartin.eightfold.ai/careers/job/996476228352
Lockheed Martin,Eightfold,Staff Test Engineer,RMS Core,,"Huntsville, AL",US (CONUS),Full-time,104900,194700,per-year-salary,,https://lockheedmartin.eightfold.ai/careers/job/996476188243
Lockheed Martin,Eightfold,Systems Integration Engineer Staff,Space,,"Huntsville, AL",US (CONUS),Full-time,104900,194700,per-year-salary,,https://lockheedmartin.eightfold.ai/careers/job/996476189297
Lockheed Martin,Eightfold,Sr Staff Model Based Systems Engineer,RMS Core,,"Huntsville, AL",US (CONUS),Full-time,129000,239600,per-year-salary,,https://lockheedmartin.eightfold.ai/careers/job/996476199490
Lockheed Martin,Eightfold,Sr Staff Test Engineer,RMS Core,,"Huntsville, AL",US (CONUS),Full-time,129000,239600,per-year-salary,,https://lockheedmartin.eightfold.ai/careers/job/996476200203
Lockheed Martin,Eightfold,Sr Staff Software Engineer,RMS Core,,"Huntsville, AL",US (CONUS),Full-time,148300,275500,per-year-salary,,https://lockheedmartin.eightfold.ai/careers/job/996476200348
Lockheed Martin,Eightfold,Electrical Engineer - E2,LM Aeronautics Co- Palmdale,,"Palmdale, CA",US (CONUS),Full-time,79300,147300,per-year-salary,,https://lockheedmartin.eightfold.ai/careers/job/996476168277
Lockheed Martin,Eightfold,Aeronautical Engineer Asc Mgr - L4,LM Aeronautics Co- Palmdale,,"Palmdale, CA",US (CONUS),Full-time,118000,219100,per-year-salary,,https://lockheedmartin.eightfold.ai/careers/job/996476168438
Lockheed Martin,Eightfold,"Systems Integration Manufacturing Engineer, Staff",Space,,"Littleton, CO",US (CONUS),Full-time,118000,219100,per-year-salary,,https://lockheedmartin.eightfold.ai/careers/job/996476168864
Lockheed Martin,Eightfold,Software Engineer Sr - E3,Space,,"Littleton, CO",US (CONUS),Full-time,110300,204900,per-year-salary,,https://lockheedmartin.eightfold.ai/careers/job/996476203825
Lockheed Martin,Eightfold,THAAD Interceptor and Deputy Development Director,Space,,"Sunnyvale, CA",US (CONUS),Full-time,180000,325000,per-year-salary,,https://lockheedmartin.eightfold.ai/careers/job/996476207664
Lockheed Martin,Eightfold,Systems Engineer Sr - E3,Space,,"Littleton, CO",US (CONUS),Full-time,95900,178100,per-year-salary,,https://lockheedmartin.eightfold.ai/careers/job/996476218232
Lockheed Martin,Eightfold,ASIC & FPGA Design Engineer Sr - E3,Space,,"Denver, CO",US (CONUS),Full-time,110300,204900,per-year-salary,,https://lockheedmartin.eightfold.ai/careers/job/996476228781
Lockheed Martin,Eightfold,CNC Machinist III (2nd Shift),Space,,"King of Prussia, PA",US (CONUS),Full-time,56600,105000,per-year-salary,,https://lockheedmartin.eightfold.ai/careers/job/996476166576
Lockheed Martin,Eightfold,Mechanical Engineering Associate Manager,Space,,"Englewood, CO",US (CONUS),Full-time,118000,219100,per-year-salary,,https://lockheedmartin.eightfold.ai/careers/job/996476188220
Lockheed Martin,Eightfold,Project Engineer Sr,Space,,"Englewood, CO",US (CONUS),Full-time,95900,178100,per-year-salary,,https://lockheedmartin.eightfold.ai/careers/job/996476207228
Lockheed Martin,Eightfold,C2BMC Project Engineer,RMS Core,,"Colorado Springs, CO",US (CONUS),Full-time,85300,158300,per-year-salary,,https://lockheedmartin.eightfold.ai/careers/job/996476208247
Lockheed Martin,Eightfold,A/AI Machine Learning Engineering - E2,RMS Core,,"Manassas, VA",US (CONUS),Full-time,91200,169400,per-year-salary,,https://lockheedmartin.eightfold.ai/careers/job/996476209066
Lockheed Martin,Eightfold,A/AI Machine Learning Engineering - E2,RMS Core,,"Manassas, VA",US (CONUS),Full-time,91200,169400,per-year-salary,,https://lockheedmartin.eightfold.ai/careers/job/996476211212
Lockheed Martin,Eightfold,Embedded Integration Systems Engineer Sr,Space,,"Littleton, CO",US (CONUS),Full-time,95900,178100,per-year-salary,,https://lockheedmartin.eightfold.ai/careers/job/996476218268
Lockheed Martin,Eightfold,Cyber Software Engineer Staff,RMS Core,,"King of Prussia, PA",US (CONUS),Full-time,135700,251900,per-year-salary,,https://lockheedmartin.eightfold.ai/careers/job/996476224231
Lockheed Martin,Eightfold,Systems Engineer-IT Stf - E4,Enterprise Business Services,,"Littleton, CO",US (CONUS),Full-time,118000,219100,per-year-salary,,https://lockheedmartin.eightfold.ai/careers/job/996476224253
Lockheed Martin,Eightfold,Senior Systems Engineer - Radar & Signal Processing,RMS Core,,"Liverpool, NY",US (CONUS),Full-time,85300,158300,per-year-salary,,https://lockheedmartin.eightfold.ai/careers/job/996476185315
Lockheed Martin,Eightfold,Network Engineer - E2,Space,,"Boulder, CO",US (CONUS),Full-time,79300,147300,per-year-salary,,https://lockheedmartin.eightfold.ai/careers/job/996476186372
Lockheed Martin,Eightfold,Software Engineer Staff,Space,,"Littleton, CO",US (CONUS),Full-time,135700,251900,per-year-salary,,https://lockheedmartin.eightfold.ai/careers/job/996476186605
Lockheed Martin,Eightfold,Systems Engineer Sr. Staff - SE & IT,RMS Core,,"Huntsville, AL",US (CONUS),Full-time,129000,239600,per-year-salary,,https://lockheedmartin.eightfold.ai/careers/job/996476229596
Lockheed Martin,Eightfold,NDT/NDI Test Engineer Sr - E3,RMS Sikorsky Core,,"Stratford, CT",US (CONUS),Full-time,95900,178100,per-year-salary,,https://lockheedmartin.eightfold.ai/careers/job/996476164742
Lockheed Martin,Eightfold,ASIC & FPGA Design Engineer,RMS Core,,"Liverpool, NY",US (CONUS),Full-time,98100,182100,per-year-salary,,https://lockheedmartin.eightfold.ai/careers/job/996476164743
Lockheed Martin,Eightfold,Software Engineer - EADGE-T,RMS Core,,"Colorado Springs, CO",US (CONUS),Full-time,81100,150500,per-year-salary,,https://lockheedmartin.eightfold.ai/careers/job/996476164824
Lockheed Martin,Eightfold,Manufacturing Engineering Mgr - L5,LM Aeronautics Co- Fort Worth,,"Fort Worth, TX",US (CONUS),Full-time,129000,239600,per-year-salary,,https://lockheedmartin.eightfold.ai/careers/job/996476165399
Lockheed Martin,Eightfold,Software Engineer - E2,RMS Core,,"Orlando, FL",US (CONUS),Full-time,81100,150500,per-year-salary,,https://lockheedmartin.eightfold.ai/careers/job/996476166171
Lockheed Martin,Eightfold,Software Engineer Staff - EADGE-T Tech Refresh,RMS Core,,"Colorado Springs, CO",US (CONUS),Full-time,120600,224000,per-year-salary,,https://lockheedmartin.eightfold.ai/careers/job/996476167489
Lockheed Martin,Eightfold,Orion Systems Integration & Test Engineer Stf. - Electrical Systems,Space,,", FL",US (CONUS),Full-time,104900,194700,per-year-salary,,https://lockheedmartin.eightfold.ai/careers/job/996476168007
Lockheed Martin,Eightfold,Software Engineer Stf - E4,RMS Core,,"Orlando, FL",US (CONUS),Full-time,120600,224000,per-year-salary,,https://lockheedmartin.eightfold.ai/careers/job/996476168271
Lockheed Martin,Eightfold,Senior Full Stack Engineer - UAE Tech Refresh,RMS Core,,"Colorado Springs, CO",US (CONUS),Full-time,98100,182100,per-year-salary,,https://lockheedmartin.eightfold.ai/careers/job/996476168323
Lockheed Martin,Eightfold,Multifunctional Manufacturing Supv - L3,MFC-Primary,,"Grand Prairie, TX",US (CONUS),Full-time,72500,134600,per-year-salary,,https://lockheedmartin.eightfold.ai/careers/job/996476168434
Lockheed Martin,Eightfold,Systems Engineer Junior,Space,,"Huntsville, AL",US (CONUS),Full-time,70500,130900,per-year-salary,,https://lockheedmartin.eightfold.ai/careers/job/996476168551
Lockheed Martin,Eightfold,Senior Network Communications Engineer - UAE Tech Refresh,RMS Core,,"Colorado Springs, CO",US (CONUS),Full-time,85300,158300,per-year-salary,,https://lockheedmartin.eightfold.ai/careers/job/996476168825
Lockheed Martin,Eightfold,Manufacturing Support Team Member - E2,Space,,"Courtland, AL",US (CONUS),Full-time,59900,111300,per-year-salary,,https://lockheedmartin.eightfold.ai/careers/job/996476169928
Lockheed Martin,Eightfold,Manufacturing Planner Sr - E3,MFC-Primary,,"Grand Prairie, TX",US (CONUS),Full-time,72500,134600,per-year-salary,,https://lockheedmartin.eightfold.ai/careers/job/996476174283
Lockheed Martin,Eightfold,Manufacturing Engineer Sr - E3,MFC-Primary,,"Grand Prairie, TX",US (CONUS),Full-time,85300,158300,per-year-salary,,https://lockheedmartin.eightfold.ai/careers/job/996476175264
Lockheed Martin,Eightfold,Senior System Safety Engineer,RMS Core,,"Mt Laurel Township, NJ",US (CONUS),Full-time,91000,181113,per-year-salary,,https://lockheedmartin.eightfold.ai/careers/job/996476176168
Lockheed Martin,Eightfold,"Signal/Image Process Engineer, Sr",RMS Core,,"Manassas, VA",US (CONUS),Full-time,110300,204900,per-year-salary,,https://lockheedmartin.eightfold.ai/careers/job/996476176180
Lockheed Martin,Eightfold,Software Engineer (Linux),RMS Core,,"Manassas, VA",US (CONUS),Full-time,91200,169400,per-year-salary,,https://lockheedmartin.eightfold.ai/careers/job/996476176185
Lockheed Martin,Eightfold,Senior System Safety Engineer,RMS Core,,"Manassas, VA",US (CONUS),Full-time,95900,178100,per-year-salary,,https://lockheedmartin.eightfold.ai/careers/job/996476176210
Lockheed Martin,Eightfold,Mechanical Design Engrg Asc Mgr,MFC-Primary,,"Grand Prairie, TX",US (CONUS),Full-time,104900,194700,per-year-salary,,https://lockheedmartin.eightfold.ai/careers/job/996476182606
Lockheed Martin,Eightfold,Software Engineer/Integrator,RMS Core,,"Manassas, VA",US (CONUS),Full-time,110300,204900,per-year-salary,,https://lockheedmartin.eightfold.ai/careers/job/996476182908
Lockheed Martin,Eightfold,Systems Engineer Staff,Space,,"Littleton, CO",US (CONUS),Full-time,118000,219100,per-year-salary,,https://lockheedmartin.eightfold.ai/careers/job/996476183796
Lockheed Martin,Eightfold,ERP Business Analyst Stf - E4,Enterprise Business Services,,"Bethesda, MD",US/Remote,Full-time,118000,219100,per-year-salary,,https://lockheedmartin.eightfold.ai/careers/job/996476184027
Lockheed Martin,Eightfold,Program Management Mgr - L5,RMS Core,,"Moorestown, NJ",US (CONUS),Full-time,166900,309900,per-year-salary,,https://lockheedmartin.eightfold.ai/careers/job/996476184300
Lockheed Martin,Eightfold,Integrated Program Planner Sr - E3,Space,,"Huntsville, AL",US (CONUS),Full-time,72500,134600,per-year-salary,,https://lockheedmartin.eightfold.ai/careers/job/996476184336
Lockheed Martin,Eightfold,Systems Engineer-IT - E2,Space LMOS,,"Springfield, VA",US (CONUS),Full-time,79300,147300,per-year-salary,,https://lockheedmartin.eightfold.ai/careers/job/996476184426
Lockheed Martin,Eightfold,Software Engineer Sr - E3 - SAP Development,Enterprise Business Services,,"Bethesda, MD",US/Remote,Full-time,110300,204900,per-year-salary,,https://lockheedmartin.eightfold.ai/careers/job/996476184619
Lockheed Martin,Eightfold,Systems Engineer-IT Sr - E3,Space,,"Herndon, VA",US (CONUS),Full-time,95900,178100,per-year-salary,,https://lockheedmartin.eightfold.ai/careers/job/996476184961
Lockheed Martin,Eightfold,Multifunctional Manufacturing Planner Asc Mgr - L4,MFC-Primary,,"Grand Prairie, TX",US (CONUS),Full-time,89100,165500,per-year-salary,,https://lockheedmartin.eightfold.ai/careers/job/996476185751
Lockheed Martin,Eightfold,SE&V Project Engineer,RMS Core,,"Colorado Springs, CO",US (CONUS),Full-time,70500,130900,per-year-salary,,https://lockheedmartin.eightfold.ai/careers/job/996476186722
Lockheed Martin,Eightfold,Mechanical Engineer - E2,RMS Core,,"Liverpool, NY",US (CONUS),Full-time,70500,130900,per-year-salary,,https://lockheedmartin.eightfold.ai/careers/job/996476187084
Lockheed Martin,Eightfold,Radio Frequency Engineer Stf - E4,RMS Core,,"Liverpool, NY",US (CONUS),Full-time,120600,224000,per-year-salary,,https://lockheedmartin.eightfold.ai/careers/job/996476167676
Lockheed Martin,Eightfold,"Production Flightline Avionics, F-16 Technician Lvl 3- Weekend Shift",GSO-LMLS Aero Segment,,"Greenville, SC",US (CONUS),Full-time,27.21,49.04,per-hour-wage,,https://lockheedmartin.eightfold.ai/careers/job/996476167851
Lockheed Martin,Eightfold,Flight Sciences Multi-body Dynamics Engineer (Level 3),Space,,"Littleton, CO",US (CONUS),Full-time,95900,178100,per-year-salary,,https://lockheedmartin.eightfold.ai/careers/job/996476168755
Lockheed Martin,Eightfold,"F-22 IMIS System Administrator (Level 2), Secret Clearance",AFS-LMLS Aero Segment,,"Hampton, VA",US (CONUS),Full-time,70500,130900,per-year-salary,,https://lockheedmartin.eightfold.ai/careers/job/996476168932
Lockheed Martin,Eightfold,Software Engineer Stf - E4,Space,,"Huntsville, AL",US (CONUS),Full-time,120600,224000,per-year-salary,,https://lockheedmartin.eightfold.ai/careers/job/996476184625
Lockheed Martin,Eightfold,Software Engineer Stf - E4,Space,,"Littleton, CO",US (CONUS),Full-time,135700,251900,per-year-salary,,https://lockheedmartin.eightfold.ai/careers/job/996476185050
Lockheed Martin,Eightfold,Senior Systems Engineer,RMS Core,,"Huntsville, AL",US (CONUS),Full-time,85300,158300,per-year-salary,,https://lockheedmartin.eightfold.ai/careers/job/996476189066
Lockheed Martin,Eightfold,"Systems Engineer, Level 2",Space,,"King of Prussia, PA",US (CONUS),Full-time,79300,147300,per-year-salary,,https://lockheedmartin.eightfold.ai/careers/job/996476189312
Lockheed Martin,Eightfold,Software Systems Architecture Sr - E3,Space,,"King of Prussia, PA",US (CONUS),Full-time,95900,178100,per-year-salary,,https://lockheedmartin.eightfold.ai/careers/job/996476201067
Lockheed Martin,Eightfold,Systems Engineer Sr - E3,Space,,"Littleton, CO",US (CONUS),Full-time,95900,178100,per-year-salary,,https://lockheedmartin.eightfold.ai/careers/job/996476204884
Lockheed Martin,Eightfold,RF Engineer Sr,RMS Core,,"Liverpool, NY",US (CONUS),Full-time,98100,182100,per-year-salary,,https://lockheedmartin.eightfold.ai/careers/job/996476228509
Lockheed Martin,Eightfold,Multi Functional Info Systems Analyst Sr - E3,AFS-LMLS Aero Segment,,"Fort Smith, AR",US (CONUS),Full-time,76700,142500,per-year-salary,,https://lockheedmartin.eightfold.ai/careers/job/996476168739
Lockheed Martin,Eightfold,Software Engineer - Clearance Required,RMS Core,,"Huntsville, AL",US (CONUS),Full-time,81100,150500,per-year-salary,,https://lockheedmartin.eightfold.ai/careers/job/996476224998
Lockheed Martin,Eightfold,Software Engineer Senior - Clearance Required,RMS Core,,"Huntsville, AL",US (CONUS),Full-time,98100,182100,per-year-salary,,https://lockheedmartin.eightfold.ai/careers/job/996476225195
Lockheed Martin,Eightfold,Mechanical Engineer - Dynamics,Space,,"Sunnyvale, CA",US (CONUS),Full-time,106600,198000,per-year-salary,,https://lockheedmartin.eightfold.ai/careers/job/996476182731
Lockheed Martin,Eightfold,"Quality Engineer 2nd Shift - Chelmsford, MA",MFC-Chelmsford,,"Chelmsford, MA",US (CONUS),Full-time,79300,147300,per-year-salary,,https://lockheedmartin.eightfold.ai/careers/job/996476206617
Lockheed Martin,Eightfold,Algorithm Engineer Senior - Clearance Required,RMS Core,,"Huntsville, AL",US (CONUS),Full-time,85300,158300,per-year-salary,,https://lockheedmartin.eightfold.ai/careers/job/996476182989
Lockheed Martin,Eightfold,Network Engineer - E2,Space,,"Boulder, CO",US (CONUS),Full-time,79300,147300,per-year-salary,,https://lockheedmartin.eightfold.ai/careers/job/996476172036
Lockheed Martin,Eightfold,EPM/First Line Manager - EADGE-T Tech Refresh - EXPAT UAE,RMS Core,,"King of Prussia, PA",US (CONUS),Full-time,145100,269500,per-year-salary,,https://lockheedmartin.eightfold.ai/careers/job/996476182901
Lockheed Martin,Eightfold,Technician - Product Test Specialist,RMS Manufacturing,,"Owego, NY",US (CONUS),Full-time,50300,93300,per-year-salary,,https://lockheedmartin.eightfold.ai/careers/job/996476201562
Lockheed Martin,Eightfold,"Mission Planning Subject Matter Expert / Eglin AFB, FL",RMS-Svcs-LMOS,,"Eglin AFB, FL",US (CONUS),Full-time,116100,215700,per-year-salary,,https://lockheedmartin.eightfold.ai/careers/job/996476185031
Lockheed Martin,Eightfold,Instructor Pilot | Fighter Operations | Nellis AFB,RMS-Svcs-LMOS,,"Nellis AFB, NV",US (CONUS),Full-time,148300,275500,per-year-salary,,https://lockheedmartin.eightfold.ai/careers/job/996476185343
Lockheed Martin,Eightfold,Instructor Pilot / VATS / Fighter Operations SME / J-NEEO / Nellis AFB,RMS-Svcs-LMOS,,"Nellis AFB, NV",US (CONUS),Full-time,148300,275500,per-year-salary,,https://lockheedmartin.eightfold.ai/careers/job/996476185498
Lockheed Martin,Eightfold,Contract Instructor Pilot | PART-TIME | Fighter Ops | Nellis AFB,RMS-Svcs-LMOS,,"Nellis AFB, NV",US (CONUS),Full-time,148300,275500,per-year-salary,,https://lockheedmartin.eightfold.ai/careers/job/996476186147
Lockheed Martin,Eightfold,Simulator Controller / JIAB  /  J-NEEO / Nellis AFB,RMS-Svcs-LMOS,,"Nellis AFB, NV",US (CONUS),Full-time,85300,158300,per-year-salary,,https://lockheedmartin.eightfold.ai/careers/job/996476186256
Lockheed Martin,Eightfold,CAD/CAM Engineer Sr - E3,LM Aeronautics Co- Fort Worth,,"Fort Worth, TX",US (CONUS),Full-time,85300,158300,per-year-salary,,https://lockheedmartin.eightfold.ai/careers/job/996476168433
Lockheed Martin,Eightfold,Program Manager,Space,,"Littleton, CO",US (CONUS),Full-time,180000,325000,per-year-salary,,https://lockheedmartin.eightfold.ai/careers/job/996476210088
Lockheed Martin,Eightfold,Software Engineer Sr - E3,Space,,"Littleton, CO",US (CONUS),Full-time,110300,204900,per-year-salary,,https://lockheedmartin.eightfold.ai/careers/job/996476186174
Lockheed Martin,Eightfold,Software Engineer Sr - E3,Space,,"Sunnyvale, CA",US (CONUS),Full-time,122600,227600,per-year-salary,,https://lockheedmartin.eightfold.ai/careers/job/996476186725
Lockheed Martin,Eightfold,Systems Engineer Stf - E4,LM Aeronautics Co- Palmdale,,"Palmdale, CA",US (CONUS),Full-time,118000,219100,per-year-salary,,https://lockheedmartin.eightfold.ai/careers/job/996476187181
Lockheed Martin,Eightfold,Systems Engineer Sr Stf - E5,LM Aeronautics Co- Palmdale,,"Palmdale, CA",US (CONUS),Full-time,145100,269500,per-year-salary,,https://lockheedmartin.eightfold.ai/careers/job/996476187665
Lockheed Martin,Eightfold,Systems Engineer Sr - E3,LM Aeronautics Co- Palmdale,,"Palmdale, CA",US (CONUS),Full-time,95900,178100,per-year-salary,,https://lockheedmartin.eightfold.ai/careers/job/996476187777
Lockheed Martin,Eightfold,Algorithm Engineer Staff - Clearance Required,RMS Core,,"Huntsville, AL",US (CONUS),Full-time,104900,194700,per-year-salary,,https://lockheedmartin.eightfold.ai/careers/job/996476225400
Lockheed Martin,Eightfold,Reliability Engineer Staff,Space,,"Littleton, CO",US (CONUS),Full-time,118000,219100,per-year-salary,,https://lockheedmartin.eightfold.ai/careers/job/996476166772
Lockheed Martin,Eightfold,Project Management & Planning Operations Rep Sr - E3,MFC-Primary,,"Arlington, TX",US (CONUS),Full-time,85300,158300,per-year-salary,,https://lockheedmartin.eightfold.ai/careers/job/996476176384
Lockheed Martin,Eightfold,Senior Thermal Protection System Engineer,Space,,"Littleton, CO",US (CONUS),Full-time,95900,178100,per-year-salary,,https://lockheedmartin.eightfold.ai/careers/job/996476186595
Lockheed Martin,Eightfold,Mechanisms and Separation Dynamics Analyst,Space,,"Littleton, CO",US (CONUS),Full-time,95900,178100,per-year-salary,,https://lockheedmartin.eightfold.ai/careers/job/996476187447
Lockheed Martin,Eightfold,Component Engineer - Late Career,Space,,"King of Prussia, PA",US (CONUS),Full-time,145100,269500,per-year-salary,,https://lockheedmartin.eightfold.ai/careers/job/996476187933
Lockheed Martin,Eightfold,Senior Systems Engineer - EADGE-T Tech Refresh,RMS Core,,"Colorado Springs, CO",US (CONUS),Full-time,85300,158300,per-year-salary,,https://lockheedmartin.eightfold.ai/careers/job/996476167798
Lockheed Martin,Eightfold,Stress and Dynamics Analyst,Space,,"Hill AFB, UT",US (CONUS),Full-time,85300,158300,per-year-salary,,https://lockheedmartin.eightfold.ai/careers/job/996476182608
Lockheed Martin,Eightfold,Loads and Dynamics Engineer Staff (Level 4),Space,,"Littleton, CO",US (CONUS),Full-time,118000,219100,per-year-salary,,https://lockheedmartin.eightfold.ai/careers/job/996476188221
Lockheed Martin,Eightfold,Senior Test Engineer,RMS Core,,"Huntsville, AL",US (CONUS),Full-time,85300,158300,per-year-salary,,https://lockheedmartin.eightfold.ai/careers/job/996476188294
Lockheed Martin,Eightfold,Systems Engineer-IT - E2,RMS Core,,"Orlando, FL",US (CONUS),Full-time,70500,130900,per-year-salary,,https://lockheedmartin.eightfold.ai/careers/job/996476224096
Lockheed Martin,Eightfold,Multifunctional Quality Supv - L3,RMS Sikorsky Core,,"Stratford, CT",US (CONUS),Full-time,95900,178100,per-year-salary,,https://lockheedmartin.eightfold.ai/careers/job/996476229741
Lockheed Martin,Eightfold,Assembler Senior,RMS Manufacturing,,"Owego, NY",US (CONUS),Full-time,35600,66000,per-year-salary,,https://lockheedmartin.eightfold.ai/careers/job/996476164945
Lockheed Martin,Eightfold,Contract Instructor Pilot,RMS-Svcs-LMOS,,", AZ",US (CONUS),Full-time,107.08,107.08,per-hour-wage,,https://lockheedmartin.eightfold.ai/careers/job/996476175957
Lockheed Martin,Eightfold,Systems Integration/Test Engineer Stf - E4,RMS-Svcs-LMOS,,"Nellis AFB, NV",US (CONUS),Full-time,104900,194700,per-year-salary,,https://lockheedmartin.eightfold.ai/careers/job/996476186343
Lockheed Martin,Eightfold,Software SME /  Simulator / VATS /  J-NEEO / Nellis AFB,RMS-Svcs-LMOS,,"Nellis AFB, NV",US (CONUS),Full-time,104900,194700,per-year-salary,,https://lockheedmartin.eightfold.ai/careers/job/996476186478
Lockheed Martin,Eightfold,Network Engineer / Metrics & Reporting /  J-NEEO / Nellis AFB,RMS-Svcs-LMOS,,"Nellis AFB, NV",US (CONUS),Full-time,85300,158300,per-year-salary,,https://lockheedmartin.eightfold.ai/careers/job/996476186565
Lockheed Martin,Eightfold,"Contract Instructor Pilot / F-35 / Rovaniemi, Finlandr",RMS-Svcs-LMOS,,"Orlando, FL",US (CONUS),Full-time,148300,275500,per-year-salary,,https://lockheedmartin.eightfold.ai/careers/job/996476187172
Lockheed Martin,Eightfold,Software Engineer Sr - E3,Space,,"King of Prussia, PA",US (CONUS),Full-time,110300,204900,per-year-salary,,https://lockheedmartin.eightfold.ai/careers/job/996476187363
Lockheed Martin,Eightfold,"Contract Instructor Pilot / CIP / F-35 / Tyndall AFB, FL",RMS-Svcs-LMOS,,"Tyndall AFB, FL",US (CONUS),Full-time,133500,247900,per-year-salary,,https://lockheedmartin.eightfold.ai/careers/job/996476187607
Lockheed Martin,Eightfold,Sustainment Engineer,RMS-Svcs-LMOS,,"Owego, NY",US (CONUS),Full-time,70500,130900,per-year-salary,,https://lockheedmartin.eightfold.ai/careers/job/996476188280
Lockheed Martin,Eightfold,"Systems Integration/Test Engineer Sr - Grand Prairie, TX",MFC-Primary,,"Grand Prairie, TX",US (CONUS),Full-time,85300,158300,per-year-salary,,https://lockheedmartin.eightfold.ai/careers/job/996476191422
Lockheed Martin,Eightfold,"Finance Manager / Lvl 5 / Arlington, TX",MFC-Primary,,"Arlington, TX",US (CONUS),Full-time,109700,203700,per-year-salary,,https://lockheedmartin.eightfold.ai/careers/job/996476229853
Lockheed Martin,Eightfold,Communications Rep Sr - E3,LM Aeronautics Co- Fort Worth,,"Fort Worth, TX",US (CONUS),Full-time,72500,134600,per-year-salary,,https://lockheedmartin.eightfold.ai/careers/job/996476164950
Lockheed Martin,Eightfold,Capture Management Sr Mgr - L6,LM Aeronautics Co- Fort Worth,,"Fort Worth, TX",US (CONUS),Full-time,158700,294700,per-year-salary,,https://lockheedmartin.eightfold.ai/careers/job/996476168362
Lockheed Martin,Eightfold,A/AI Software & Systems Architect Sr - E3,Space,,"Littleton, CO",US (CONUS),Full-time,110300,204900,per-year-salary,,https://lockheedmartin.eightfold.ai/careers/job/996476169496
Lockheed Martin,Eightfold,Sr Software Engineer / Embedded HWIL / C++,MFC-Primary,,"Grand Prairie, TX",US (CONUS),Full-time,98100,182100,per-year-salary,,https://lockheedmartin.eightfold.ai/careers/job/996476186557
Lockheed Martin,Eightfold,"Sr. Quality Engineer, Paint Shop - Orlando, FL",MFC-Primary,,"Orlando, FL",US (CONUS),Full-time,85300,158300,per-year-salary,,https://lockheedmartin.eightfold.ai/careers/job/996476206989
Lockheed Martin,Eightfold,RF Engineer Sr Staff,RMS Core,,"Liverpool, NY",US (CONUS),Full-time,148300,275500,per-year-salary,,https://lockheedmartin.eightfold.ai/careers/job/996476231536
Lockheed Martin,Eightfold,Guidance/Navigation/Control Engineering Sr - E3,Space,,"Littleton, CO",US (CONUS),Full-time,110300,204900,per-year-salary,,https://lockheedmartin.eightfold.ai/careers/job/996476201397
Lockheed Martin,Eightfold,Guidance/Navigation/Control Engineering - E2,Space,,"Littleton, CO",US (CONUS),Full-time,91200,169400,per-year-salary,,https://lockheedmartin.eightfold.ai/careers/job/996476185637
Lockheed Martin,Eightfold,Software Engineer Senior - Embedded,MFC-Primary,,"Grand Prairie, TX",US (CONUS),Full-time,98100,182100,per-year-salary,,https://lockheedmartin.eightfold.ai/careers/job/996476186629
Lockheed Martin,Eightfold,Sr Software Engineer / Embedded HWIL / C++,MFC-Primary,,"Grand Prairie, TX",US (CONUS),Full-time,98100,182100,per-year-salary,,https://lockheedmartin.eightfold.ai/careers/job/996476202355
Lockheed Martin,Eightfold,Software Engineer Sr. C/C++,RMS Core,,"Manassas, VA",US (CONUS),Full-time,110300,204900,per-year-salary,,https://lockheedmartin.eightfold.ai/careers/job/996476176134
Lockheed Martin,Eightfold,Kubernetes Software Developer,RMS Core,,"Manassas, VA",US (CONUS),Full-time,135700,251900,per-year-salary,,https://lockheedmartin.eightfold.ai/careers/job/996476176176
Lockheed Martin,Eightfold,"Affordability Operations Engineer Sr / Secret Clearance / Orlando, FL",MFC-Primary,,"Orlando, FL",US (CONUS),Full-time,85300,158300,per-year-salary,,https://lockheedmartin.eightfold.ai/careers/job/996476187846
Lockheed Martin,Eightfold,Software Engineer with Poly,RMS-Svcs-LMOS,,", MD",US (CONUS),Full-time,110300,204900,per-year-salary,,https://lockheedmartin.eightfold.ai/careers/job/996476188271
Lockheed Martin,Eightfold,Software Engineer with Poly SR SWE3,RMS-Svcs-LMOS,,", MD",US (CONUS),Full-time,166900,309900,per-year-salary,,https://lockheedmartin.eightfold.ai/careers/job/996476189642
Lockheed Martin,Eightfold,Software Engineer w/Poly SWE3,RMS-Svcs-LMOS,,", MD",US (CONUS),Full-time,166900,309900,per-year-salary,,https://lockheedmartin.eightfold.ai/careers/job/996476197581
Lockheed Martin,Eightfold,Software Engineer w/Poly SWE1,RMS-Svcs-LMOS,,", MD",US (CONUS),Full-time,110300,204900,per-year-salary,,https://lockheedmartin.eightfold.ai/careers/job/996476197711
Lockheed Martin,Eightfold,Database Engineer - Entry Level,RMS-Svcs-LMOS,,", MD",US (CONUS),Full-time,79300,147300,per-year-salary,,https://lockheedmartin.eightfold.ai/careers/job/996476197894
Lockheed Martin,Eightfold,Software Engineer w/Poly SWE2,RMS-Svcs-LMOS,,", MD",US (CONUS),Full-time,166900,309900,per-year-salary,,https://lockheedmartin.eightfold.ai/careers/job/996476199029
Lockheed Martin,Eightfold,AI/ML 2 Engineer w/Poly,RMS-Svcs-LMOS,,", MD",US (CONUS),Full-time,135700,251900,per-year-salary,,https://lockheedmartin.eightfold.ai/careers/job/996476199092
Lockheed Martin,Eightfold,Senior Software Engineer SWE3,RMS-Svcs-LMOS,,", MD",US (CONUS),Full-time,166900,309900,per-year-salary,,https://lockheedmartin.eightfold.ai/careers/job/996476199404
Lockheed Martin,Eightfold,RF Senior Systems Engineer,RMS-Svcs-LMOS,,", MD",US (CONUS),Full-time,205300,381300,per-year-salary,,https://lockheedmartin.eightfold.ai/careers/job/996476199491
Lockheed Martin,Eightfold,Cyber Software Engineer Staff,RMS-Svcs-LMOS,,", MD",US (CONUS),Full-time,135700,251900,per-year-salary,,https://lockheedmartin.eightfold.ai/careers/job/996476200404
Lockheed Martin,Eightfold,Senior C++/Python Software Engineer,RMS-Svcs-LMOS,,", MD",US (CONUS),Full-time,166900,309900,per-year-salary,,https://lockheedmartin.eightfold.ai/careers/job/996476202634
Lockheed Martin,Eightfold,Software Engineer with Poly SR SWE1,RMS-Svcs-LMOS,,", MD",US (CONUS),Full-time,110300,204900,per-year-salary,,https://lockheedmartin.eightfold.ai/careers/job/996476202845
Lockheed Martin,Eightfold,System Automation - Developer,RMS-Svcs-LMOS,,", MD",US (CONUS),Full-time,166900,309900,per-year-salary,,https://lockheedmartin.eightfold.ai/careers/job/996476202949
Lockheed Martin,Eightfold,"Production Flightline APG, F-16 Technician Level 3- Weekend Shift",GSO-LMLS Aero Segment,,"Greenville, SC",US (CONUS),Full-time,27.21,49.04,per-hour-wage,,https://lockheedmartin.eightfold.ai/careers/job/996476169066
Lockheed Martin,Eightfold,CNC Maintenance Mechanic,MFC-Primary,,"Orlando, FL",US (CONUS),Full-time,27.04,43.42,per-hour-wage,,https://lockheedmartin.eightfold.ai/careers/job/996476167027
Lockheed Martin,Eightfold,Systems Engineer (Modeling & Simulation),RMS Core,,"Camden, NJ",US (CONUS),Full-time,75000,142760,per-year-salary,,https://lockheedmartin.eightfold.ai/careers/job/996476206822
Lockheed Martin,Eightfold,A/AI Machine Learning Engineering - E2,Space,,"Herndon, VA",US (CONUS),Full-time,91200,169400,per-year-salary,,https://lockheedmartin.eightfold.ai/careers/job/996476167043
Lockheed Martin,Eightfold,Software Engineer Staff / Embedded HWIL / C++,MFC-Primary,,"Grand Prairie, TX",US (CONUS),Full-time,120600,224000,per-year-salary,,https://lockheedmartin.eightfold.ai/careers/job/996476186361
Lockheed Martin,Eightfold,Software Engineer Sr. Staff / Embedded HWIL / C++,MFC-Primary,,"Grand Prairie, TX",US (CONUS),Full-time,148300,275500,per-year-salary,,https://lockheedmartin.eightfold.ai/careers/job/996476201838
Lockheed Martin,Eightfold,Aeronautical Engineer - Hypersonic Aerodynamics,Space,,"Sunnyvale, CA",US (CONUS),Full-time,131100,243500,per-year-salary,,https://lockheedmartin.eightfold.ai/careers/job/996476184223
Lockheed Martin,Eightfold,Assembler Spec PIN,LM Pinellas,,"Pinellas Park, FL",US (CONUS),Full-time,22.64,37.74,per-hour-wage,,https://lockheedmartin.eightfold.ai/careers/job/996476168918
Lockheed Martin,Eightfold,Software Engineer Sr - E3,Space,,"King of Prussia, PA",US (CONUS),Full-time,110300,204900,per-year-salary,,https://lockheedmartin.eightfold.ai/careers/job/996476185750
Lockheed Martin,Eightfold,Electro-Optical Engineer - Senior Staff,Space,,"Littleton, CO",US (CONUS),Full-time,166900,309900,per-year-salary,,https://lockheedmartin.eightfold.ai/careers/job/996476186380
Lockheed Martin,Eightfold,F-35 Contract Instructor Pilot / F-35 / Misawa AB Japan,RMS-Svcs-LMOS,,"Orlando, FL",US (CONUS),Full-time,148300,275500,per-year-salary,,https://lockheedmartin.eightfold.ai/careers/job/996476187532
Lockheed Martin,Eightfold,"HWIL SW Integration Engineer, Staff - Grand Prairie, TX",MFC-Primary,,"Grand Prairie, TX",US (CONUS),Full-time,104900,194700,per-year-salary,,https://lockheedmartin.eightfold.ai/careers/job/996476183982
Lockheed Martin,Eightfold,Manufacturing Engineer Sr - E3,MFC-Primary,,"Grand Prairie, TX",US (CONUS),Full-time,85300,158300,per-year-salary,,https://lockheedmartin.eightfold.ai/careers/job/996476176468
Lockheed Martin,Eightfold,Mechanical Design Engineer Sr,MFC-Primary,,"Troy, AL",US (CONUS),Full-time,85300,158300,per-year-salary,,https://lockheedmartin.eightfold.ai/careers/job/996476182151
Lockheed Martin,Eightfold,Radio Frequency Engineering Mgr - L5,RMS Core,,"Moorestown, NJ",US (CONUS),Full-time,166900,309900,per-year-salary,,https://lockheedmartin.eightfold.ai/careers/job/996476185316
Lockheed Martin,Eightfold,Lead Electrical Power Engineer,RMS Core,,"Moorestown, NJ",US (CONUS),Full-time,110500,208344,per-year-salary,,https://lockheedmartin.eightfold.ai/careers/job/996476204888
Lockheed Martin,Eightfold,SDN-Backbone Program Manager,Space,,"Sunnyvale, CA",US (CONUS),Full-time,185400,344400,per-year-salary,,https://lockheedmartin.eightfold.ai/careers/job/996476167951
Lockheed Martin,Eightfold,Flight Instructor Manager / F-35 / NAS Lemoore,RMS-Svcs-LMOS,,"Lemoore, CA",US (CONUS),Full-time,148300,275500,per-year-salary,,https://lockheedmartin.eightfold.ai/careers/job/996476164947
Lockheed Martin,Eightfold,Computer Applications Trainer Sr,RMS-Svcs-LMOS,,"Eglin AFB, FL",US (CONUS),Full-time,65200,121200,per-year-salary,,https://lockheedmartin.eightfold.ai/careers/job/996476175689
Lockheed Martin,Eightfold,Contract Instructor Pilot,RMS-Svcs-LMOS,,"Lemoore, CA",US (CONUS),Full-time,107.08,107.08,per-hour-wage,,https://lockheedmartin.eightfold.ai/careers/job/996476184073
Lockheed Martin,Eightfold,Pilot Flight Equipment Field Engineer,RMS-Svcs-LMOS,,"Edwards AFB, CA",US (CONUS),Full-time,81500,151300,per-year-salary,,https://lockheedmartin.eightfold.ai/careers/job/996476184736
Lockheed Martin,Eightfold,F35 Training Operations Manager / Swidwin / Poland,RMS-Svcs-LMOS,,"Orlando, FL",US (CONUS),Full-time,148300,275500,per-year-salary,,https://lockheedmartin.eightfold.ai/careers/job/996476186757
Lockheed Martin,Eightfold,Hardware Engineer - E2,Space,,"Boulder, CO",US (CONUS),Full-time,79300,147300,per-year-salary,,https://lockheedmartin.eightfold.ai/careers/job/996476200748
Lockheed Martin,Eightfold,Material & Process Engineer Sr.,RMS Manufacturing,,"Owego, NY",US (CONUS),Full-time,85300,158300,per-year-salary,,https://lockheedmartin.eightfold.ai/careers/job/996476201039
Lockheed Martin,Eightfold,Specialty Engineering Manager,RMS Core,,"Liverpool, NY",US (CONUS),Full-time,129000,239600,per-year-salary,,https://lockheedmartin.eightfold.ai/careers/job/996476176179
Lockheed Martin,Eightfold,Multifunctional Manufacturing Asc Mgr - L4,MFC-Primary,,"Grand Prairie, TX",US (CONUS),Full-time,89100,165500,per-year-salary,,https://lockheedmartin.eightfold.ai/careers/job/996476172824
Lockheed Martin,Eightfold,Functional Manufacturing Engineering Senior Manager,MFC-Primary,,"Orlando, FL",US (CONUS),Full-time,158700,294700,per-year-salary,,https://lockheedmartin.eightfold.ai/careers/job/996476189026
Lockheed Martin,Eightfold,"Financial Analyst Staff / Lvl 4 / Arlington, TX",MFC-Primary,,"Arlington, TX",US (CONUS),Full-time,89100,165500,per-year-salary,,https://lockheedmartin.eightfold.ai/careers/job/996476227820
Lockheed Martin,Eightfold,Financial Management Sr Stf - E5 (Top Secret clearance required),Space,,"Littleton, CO",US (CONUS),Full-time,123400,229200,per-year-salary,,https://lockheedmartin.eightfold.ai/careers/job/996476167477
Lockheed Martin,Eightfold,Flight Sciences Multi-Body Dynamics Engineer (Level 4),Space,,"Littleton, CO",US (CONUS),Full-time,118000,219100,per-year-salary,,https://lockheedmartin.eightfold.ai/careers/job/996476172008
Lockheed Martin,Eightfold,Systems Integration/Test Engineering Mgr - L5,RMS Core,,"Colorado Springs, CO",US (CONUS),Full-time,129000,239600,per-year-salary,,https://lockheedmartin.eightfold.ai/careers/job/996476185693
Lockheed Martin,Eightfold,HWIL IPT Lead & Manager,MFC-Primary,,"Grand Prairie, TX",US (CONUS),Full-time,129000,239600,per-year-salary,,https://lockheedmartin.eightfold.ai/careers/job/996476184518
Lockheed Martin,Eightfold,"HWIL SW Integration Engineer, Staff - Grand Prairie, TX",MFC-Primary,,"Grand Prairie, TX",US (CONUS),Full-time,104900,194700,per-year-salary,,https://lockheedmartin.eightfold.ai/careers/job/996476184980
Lockheed Martin,Eightfold,Electromagnetic Environmental Effects (E3) Engineer - Level II,Space,,"King of Prussia, PA",US (CONUS),Full-time,79300,147300,per-year-salary,,https://lockheedmartin.eightfold.ai/careers/job/996476188255
Lockheed Martin,Eightfold,"Systems Integration/Test Engineer Sr - Grand Prairie, TX",MFC-Primary,,"Grand Prairie, TX",US (CONUS),Full-time,85300,158300,per-year-salary,,https://lockheedmartin.eightfold.ai/careers/job/996476191522
Lockheed Martin,Eightfold,Cyber Software Engineer Senior,RMS Core,,"King of Prussia, PA",US (CONUS),Full-time,110300,204900,per-year-salary,,https://lockheedmartin.eightfold.ai/careers/job/996476224931
Lockheed Martin,Eightfold,Software Engineer w/Poly SWE2,RMS-Svcs-LMOS,,", MD",US (CONUS),Full-time,166900,309900,per-year-salary,,https://lockheedmartin.eightfold.ai/careers/job/996476197851
Lockheed Martin,Eightfold,Database Engineer Mid- Level,RMS-Svcs-LMOS,,", MD",US (CONUS),Full-time,118000,219100,per-year-salary,,https://lockheedmartin.eightfold.ai/careers/job/996476198030
Lockheed Martin,Eightfold,Software Engineer,RMS-Svcs-LMOS,,", MD",US (CONUS),Full-time,166900,309900,per-year-salary,,https://lockheedmartin.eightfold.ai/careers/job/996476198076
Lockheed Martin,Eightfold,Software Engineer w/Poly SWE2,RMS-Svcs-LMOS,,", MD",US (CONUS),Full-time,166900,309900,per-year-salary,,https://lockheedmartin.eightfold.ai/careers/job/996476198525
Lockheed Martin,Eightfold,Software Engineer w/Poly SWE2,RMS-Svcs-LMOS,,", MD",US (CONUS),Full-time,166900,309900,per-year-salary,,https://lockheedmartin.eightfold.ai/careers/job/996476198585
Lockheed Martin,Eightfold,Software Engineer w/Poly SWE2,RMS-Svcs-LMOS,,", MD",US (CONUS),Full-time,166900,309900,per-year-salary,,https://lockheedmartin.eightfold.ai/careers/job/996476199164
Lockheed Martin,Eightfold,DevOps Engineer-Advanced,RMS-Svcs-LMOS,,", MD",US (CONUS),Full-time,166900,309900,per-year-salary,,https://lockheedmartin.eightfold.ai/careers/job/996476200342
Lockheed Martin,Eightfold,"Dev Sec Ops Network Engineer / Secret / Onsite: GA, TX or CA",Enterprise Business Services,,"Fort Worth, TX",US (CONUS),Full-time,98100,182100,per-year-salary,,https://lockheedmartin.eightfold.ai/careers/job/996476200790
Lockheed Martin,Eightfold,RF Systems Engineer Level 2,RMS-Svcs-LMOS,,", MD",US (CONUS),Full-time,95900,178100,per-year-salary,,https://lockheedmartin.eightfold.ai/careers/job/996476201976
Lockheed Martin,Eightfold,Systems Engineer (SE1),RMS-Svcs-LMOS,,", MD",US (CONUS),Full-time,110300,204900,per-year-salary,,https://lockheedmartin.eightfold.ai/careers/job/996476203130
Lockheed Martin,Eightfold,Systems Engineer (SE2),RMS-Svcs-LMOS,,", MD",US (CONUS),Full-time,135700,251900,per-year-salary,,https://lockheedmartin.eightfold.ai/careers/job/996476204743
Lockheed Martin,Eightfold,Software Engineer with Poly SR SWE0,RMS-Svcs-LMOS,,", MD",US (CONUS),Full-time,91200,169400,per-year-salary,,https://lockheedmartin.eightfold.ai/careers/job/996476205159
Lockheed Martin,Eightfold,Software Engineer SWE1,RMS-Svcs-CORP,,", MD",US (CONUS),Full-time,135700,251900,per-year-salary,,https://lockheedmartin.eightfold.ai/careers/job/996476205215
Lockheed Martin,Eightfold,Software Engineer SWE1,RMS-Svcs-CORP,,", MD",US (CONUS),Full-time,110300,204900,per-year-salary,,https://lockheedmartin.eightfold.ai/careers/job/996476205310
Lockheed Martin,Eightfold,Electrical Engineer Sr - E3,RMS Core,,"Liverpool, NY",US (CONUS),Full-time,85300,158300,per-year-salary,,https://lockheedmartin.eightfold.ai/careers/job/996476170120
Lockheed Martin,Eightfold,Sr RF Engineer,RMS Core,,"Moorestown, NJ",US (CONUS),Full-time,91000,181113,per-year-salary,,https://lockheedmartin.eightfold.ai/careers/job/996476203262
Lockheed Martin,Eightfold,Hardware Engineer Sr - E3,RMS Core,,"Liverpool, NY",US (CONUS),Full-time,85300,158300,per-year-salary,,https://lockheedmartin.eightfold.ai/careers/job/996476175261
Lockheed Martin,Eightfold,"Model Based Systems Engineer, Sr - Combat Systems",RMS Core,,"Mt Laurel Township, NJ",US (CONUS),Full-time,91000,181113,per-year-salary,,https://lockheedmartin.eightfold.ai/careers/job/996476182538
Lockheed Martin,Eightfold,Senior Systems Engineer - Combat Systems,RMS Core,,"Mt Laurel Township, NJ",US (CONUS),Full-time,91000,181113,per-year-salary,,https://lockheedmartin.eightfold.ai/careers/job/996476183150
Lockheed Martin,Eightfold,"Systems Engineer, Sr (Architecture & Design)",RMS Core,,"Mt Laurel Township, NJ",US (CONUS),Full-time,91000,181113,per-year-salary,,https://lockheedmartin.eightfold.ai/careers/job/996476201809
Lockheed Martin,Eightfold,Senior Electrical Engineer - Test Station Design,RMS Core,,"Liverpool, NY",US (CONUS),Full-time,85300,158300,per-year-salary,,https://lockheedmartin.eightfold.ai/careers/job/996476207502
Lockheed Martin,Eightfold,Cyber Software Engineer,RMS Core,,"Manassas, VA",US (CONUS),Full-time,110300,204900,per-year-salary,,https://lockheedmartin.eightfold.ai/careers/job/996476182899
Lockheed Martin,Eightfold,Cyber Software Engineer,RMS Core,,"Manassas, VA",US (CONUS),Full-time,110300,204900,per-year-salary,,https://lockheedmartin.eightfold.ai/careers/job/996476182905
Lockheed Martin,Eightfold,Software Engineer with Poly SR SWE2,RMS-Svcs-LMOS,,", MD",US (CONUS),Full-time,135700,251900,per-year-salary,,https://lockheedmartin.eightfold.ai/careers/job/996476189708
Lockheed Martin,Eightfold,Software Engineer w/ Poly SWE1,RMS-Svcs-LMOS,,", MD",US (CONUS),Full-time,91200,169400,per-year-salary,,https://lockheedmartin.eightfold.ai/careers/job/996476189808
Lockheed Martin,Eightfold,Software Developer Advanced- Workflow,RMS-Svcs-LMOS,,", MD",US (CONUS),Full-time,166900,309900,per-year-salary,,https://lockheedmartin.eightfold.ai/careers/job/996476189991
Lockheed Martin,Eightfold,Software Engineer with Poly SR SWE1,RMS-Svcs-LMOS,,", MD",US (CONUS),Full-time,110300,204900,per-year-salary,,https://lockheedmartin.eightfold.ai/careers/job/996476190090
Lockheed Martin,Eightfold,Software Engineer w/Poly SWE1,RMS-Svcs-LMOS,,", MD",US (CONUS),Full-time,110300,204900,per-year-salary,,https://lockheedmartin.eightfold.ai/careers/job/996476190137
Lockheed Martin,Eightfold,Software Engineer w/Poly SWE2,RMS-Svcs-LMOS,,", MD",US (CONUS),Full-time,166900,309900,per-year-salary,,https://lockheedmartin.eightfold.ai/careers/job/996476197751
Lockheed Martin,Eightfold,Pilot Subject Matter Expert & Pilot Vehicle Interface Engineer,LM Aeronautics Co- Fort Worth,,"Fort Worth, TX",US (CONUS),Full-time,148300,275500,per-year-salary,,https://lockheedmartin.eightfold.ai/careers/job/996476168927
