Company,ATS,Title,Field,Team,Location,Region,Employment,PayMin,PayMax,PayInterval,Education,URL
Palantir,Lever,Administrative Business Partner,Administrative,,"London, United Kingdom",International,Full-time,,,,,https://jobs.lever.co/palantir/ac978161-6f46-4f6b-ad9e-a258e642751c
Palantir,Lever,Administrative Business Partner - ShipOS,Administrative,,"Washington, D.C.",US (CONUS),Full-time,60000,97000,year,,https://jobs.lever.co/palantir/a237973c-cb29-41fe-9c80-416e6f42e087
Palantir,Lever,Administrative Business Partner - ShipOS,Administrative,,"New York, NY",US (CONUS),Full-time,60000,115000,year,,https://jobs.lever.co/palantir/a5f93bb6-4f13-4451-80a4-f63090830269
Palantir,Lever,American Tech Fellowship,Business Development,,North America,US/Remote,Scholarship,,,,Master's,https://jobs.lever.co/palantir/0ccbe620-a3ef-41d1-a5c4-68e56b3c91d0
Palantir,Lever,Backend Software Engineer - Application Development,Dev,,"London, United Kingdom",International,Full-time,,,,,https://jobs.lever.co/palantir/10dfc8bc-99ad-4ca2-ab76-853cb90a92c2
Palantir,Lever,Backend Software Engineer - Application Development,Dev,,"New York, NY",US (CONUS),Full-time,135000,200000,year,,https://jobs.lever.co/palantir/ab7e3425-81d5-4705-a7b5-cd60c8a45cdb
Palantir,Lever,Backend Software Engineer - Defense,Dev,,"Washington, D.C.",US (CONUS),Full-time,135000,200000,year,,https://jobs.lever.co/palantir/1345438c-ebfc-4fa5-b545-30c1414f317c
Palantir,Lever,Backend Software Engineer - Defense,Dev,,"Palo Alto, CA",US (CONUS),Full-time,135000,200000,year,,https://jobs.lever.co/palantir/a8174f9c-6f46-46b4-8e15-d1ff9e37c9eb
Palantir,Lever,Backend Software Engineer - Defense,Dev,,"New York, NY",US (CONUS),Full-time,135000,200000,year,,https://jobs.lever.co/palantir/d33e0c31-ac7e-4f57-ba74-36f2df6ae2f5
Palantir,Lever,Backend Software Engineer - Infrastructure,Dev,,"New York, NY",US (CONUS),Full-time,135000,200000,year,,https://jobs.lever.co/palantir/6fe5515f-f677-4d98-8ac2-1775a425f5e7
Palantir,Lever,Backend Software Engineer - Infrastructure,Dev,,"London, United Kingdom",International,Full-time,,,,,https://jobs.lever.co/palantir/f70cdff7-c62f-4b73-a136-909e5e3d1891
Palantir,Lever,"Backend Software Engineer - Infrastructure, Foundations",Dev,,"New York, NY",US (CONUS),Full-time,135000,200000,year,,https://jobs.lever.co/palantir/fb2d3222-dbd8-4e03-8d39-47b820e9509c
Palantir,Lever,Commercial Administrative Business Partner,Administrative,,"Miami, FL",US (CONUS),Full-time,60000,115000,year,,https://jobs.lever.co/palantir/2c45b359-0d00-4c68-b13d-b9f405efb739
Palantir,Lever,Commercial Administrative Business Partner,Administrative,,"Washington, D.C.",US (CONUS),Full-time,60000,115000,year,,https://jobs.lever.co/palantir/98256288-e13a-4c3e-b6c3-1e3dd1083b9a
Palantir,Lever,Commercial Administrative Business Partner,Administrative,,"New York, NY",US (CONUS),Full-time,60000,115000,year,,https://jobs.lever.co/palantir/f163223b-db5d-4c6d-b73f-0a2eaf85583f
Palantir,Lever,Commercial Contracts Specialist,Legal,,"New York, NY",US (CONUS),Full-time,90000,165000,year,,https://jobs.lever.co/palantir/45241c61-11af-45b5-86a0-a5302c028d6d
Palantir,Lever,Commercial Contracts Specialist,Legal,,"Palo Alto, CA",US (CONUS),Full-time,90000,165000,year,,https://jobs.lever.co/palantir/9675791e-59c3-4677-ac62-0c80c38da2eb
Palantir,Lever,Corporate Counsel,Legal,,"New York, NY",US (CONUS),Full-time,135000,200000,year,,https://jobs.lever.co/palantir/1a581b97-ce5b-4b4c-84b0-dd54cf8cfe14
Palantir,Lever,Corporate Counsel,Legal,,"Palo Alto, CA",US (CONUS),Full-time,135000,200000,year,,https://jobs.lever.co/palantir/1ef0cb77-03a2-4b60-b61d-ace924ef06e7
Palantir,Lever,Corporate Counsel,Legal,,"Washington, D.C.",US (CONUS),Full-time,135000,200000,year,,https://jobs.lever.co/palantir/9804d4d1-bd2f-42d5-ae3e-3e3e51aa3830
Palantir,Lever,Deal Operations Administrator,Legal,,"New York, NY",US (CONUS),Full-time,75000,112000,year,,https://jobs.lever.co/palantir/157d4289-183f-4c4d-bc77-0dbacaba4612
Palantir,Lever,Deal Operations Administrator,Legal,,"Denver, CO",US (CONUS),Full-time,75000,112000,year,,https://jobs.lever.co/palantir/403e8826-3421-43db-ac48-4ddac10cc78d
Palantir,Lever,Deal Operations Administrator,Legal,,"Palo Alto, CA",US (CONUS),Full-time,75000,112000,year,,https://jobs.lever.co/palantir/8c59a77a-1a57-4a2b-9d03-0b757b719015
Palantir,Lever,Deal Operations Administrator,Legal,,"Washington, D.C.",US (CONUS),Full-time,75000,112000,year,,https://jobs.lever.co/palantir/8de3d5d0-8c0a-40ee-9f57-a75165c98689
Palantir,Lever,Deal Team - Business Affairs,Business Development,,"New York, NY",US (CONUS),Full-time,135000,200000,year,Master's,https://jobs.lever.co/palantir/16a1b500-13fe-4c22-ad89-372093b462da
Palantir,Lever,Deal Team - Business Affairs,Business Development,,"Washington, D.C.",US (CONUS),Full-time,135000,200000,year,Master's,https://jobs.lever.co/palantir/2add8e90-c65a-4684-8c0d-6dfa7a541871
Palantir,Lever,Deal Team - Business Affairs,Business Development,,"Palo Alto, CA",US (CONUS),Full-time,135000,200000,year,Master's,https://jobs.lever.co/palantir/a7a77fc5-9f68-4ded-aad7-4814d96cb316
Palantir,Lever,Defensive Security Analyst,Information Security,,"Washington, D.C.",US (CONUS),Full-time,145000,200000,year,,https://jobs.lever.co/palantir/bc803bd5-7793-452d-9ae5-9301ee24615a
Palantir,Lever,Deployment Strategist,Echo,,"Seoul, South Korea",International,Full-time,,,,Degree (unspecified),https://jobs.lever.co/palantir/2e193bdf-e668-49c1-ba32-66cc1aa131a4
Palantir,Lever,Deployment Strategist,Echo,,"Copenhagen, Denmark",International,Full-time,,,,Degree (unspecified),https://jobs.lever.co/palantir/2edc9cc5-4614-4d23-9b98-597722e374cc
Palantir,Lever,Deployment Strategist,Echo,,"Sydney, Australia",International,Full-time,,,,Degree (unspecified),https://jobs.lever.co/palantir/31d461a1-4327-4317-8555-04e2a2fe74b8
Palantir,Lever,Deployment Strategist,Echo,,"Tel Aviv, Israel",International,Full-time,,,,Degree (unspecified),https://jobs.lever.co/palantir/4cb2bf51-da98-4874-82eb-07d8ae834e0b
Palantir,Lever,Deployment Strategist,Echo,,"Vilnius, Lithuania",International,Full-time,,,,Degree (unspecified),https://jobs.lever.co/palantir/4e99e055-96c7-497e-8099-3318e1ce0626
Palantir,Lever,Deployment Strategist,Echo,,"Amsterdam, Netherlands",International,Full-time,,,,Degree (unspecified),https://jobs.lever.co/palantir/55c68159-62d3-40ed-b4a7-8b586dc99200
Palantir,Lever,Deployment Strategist,Echo,,"London, United Kingdom",International,Full-time,,,,Degree (unspecified),https://jobs.lever.co/palantir/79c3f906-622b-4261-8fc6-8af0028caa27
Palantir,Lever,Deployment Strategist,Echo,,"Oslo, Norway",International,Full-time,,,,Degree (unspecified),https://jobs.lever.co/palantir/b81be534-e1d6-4946-8121-1e1360d4d030
Palantir,Lever,Deployment Strategist,Echo,,"Chicago, IL",US (CONUS),Full-time,,,,Degree (unspecified),https://jobs.lever.co/palantir/bc087dba-1e41-49e0-83bd-36832122363d
Palantir,Lever,Deployment Strategist,Echo,,"Abu Dhabi, United Arab Emirates",International,Fixed-Term,,,,Degree (unspecified),https://jobs.lever.co/palantir/cbee0a7c-2f96-4dbf-b842-6e4b517541d8
Palantir,Lever,Deployment Strategist,Echo,,"Stockholm, Sweden",International,Full-time,,,,Degree (unspecified),https://jobs.lever.co/palantir/dec0d987-ecf3-4e48-85c5-214807b11d28
Palantir,Lever,Deployment Strategist,Echo,,"New York, NY",US (CONUS),Full-time,110000,170000,year,Degree (unspecified),https://jobs.lever.co/palantir/e0ab8226-b928-4e3a-bf87-08fe7b1ea595
Palantir,Lever,Deployment Strategist,Echo,,"Singapore, Singapore",International,Full-time,,,,Degree (unspecified),https://jobs.lever.co/palantir/e65e0d73-1d91-4696-809f-7810ecd474d1
Palantir,Lever,Deployment Strategist - Intel,Echo,,"Washington, D.C.",US (CONUS),Full-time,110000,170000,year,Degree (unspecified),https://jobs.lever.co/palantir/e5b8c2f0-aa26-4615-ba92-f4b5c175c112
Palantir,Lever,Deployment Strategist - Japan Commercial,Echo,,"Tokyo, Japan",International,Full-time,,,,Degree (unspecified),https://jobs.lever.co/palantir/ba8fdce3-7f60-45f6-8323-d74cc18c4320
Palantir,Lever,Deployment Strategist - Japan Forward Deployed,Echo,,"Washington, D.C.",US (CONUS),Full-time,110000,170000,year,Degree (unspecified),https://jobs.lever.co/palantir/fa93a1f8-dc95-40d0-b5ca-f2aebaab0806
Palantir,Lever,Deployment Strategist - Japan Government,Echo,,"Tokyo, Japan",International,Full-time,,,,Degree (unspecified),https://jobs.lever.co/palantir/2bfdcb53-7abd-42a4-9eaf-ebe07450f798
Palantir,Lever,Deployment Strategist - Korea Forward Deployed,Echo,,"Washington, D.C.",US (CONUS),Full-time,110000,170000,year,Degree (unspecified),https://jobs.lever.co/palantir/1a53939d-8ffa-4570-b31a-6d0bc53fdb59
Palantir,Lever,Deployment Strategist - Spain,Echo,,"Madrid, Spain",International,Full-time,,,,Degree (unspecified),https://jobs.lever.co/palantir/1f007e36-a620-4d15-bf0b-70dc3f3439d8
Palantir,Lever,Deployment Strategist - UK Government,Echo,,"London, United Kingdom",International,Full-time,,,,Degree (unspecified),https://jobs.lever.co/palantir/2f3a0a57-8f77-44d2-99c3-18aef115374f
Palantir,Lever,Deployment Strategist - US Government,Echo,,"New York, NY",US (CONUS),Full-time,110000,170000,year,Degree (unspecified),https://jobs.lever.co/palantir/30c2563d-9a16-4dd7-81e8-b6f646384199
Palantir,Lever,Deployment Strategist - US Government,Echo,,"Fayetteville, NC",US (CONUS),Full-time,110000,170000,year,Degree (unspecified),https://jobs.lever.co/palantir/5f39f83b-ef08-4ee8-afda-a2c77440598f
Palantir,Lever,Deployment Strategist - US Government,Echo,,"Honolulu, HI",US (non-CONUS),Full-time,110000,170000,year,Degree (unspecified),https://jobs.lever.co/palantir/6f5cf287-1d3e-4c10-abf6-18cf4c955ded
Palantir,Lever,Deployment Strategist - US Government,Echo,,"Washington, D.C.",US (CONUS),Full-time,110000,170000,year,Degree (unspecified),https://jobs.lever.co/palantir/ead4e034-e6e1-4993-86d1-ad9b8e2933a5
Palantir,Lever,Deployment Strategist - Warp Speed,Echo,,"New York, NY",US (CONUS),Full-time,110000,170000,year,Degree (unspecified),https://jobs.lever.co/palantir/8c95f750-9d42-456e-91fd-464ad87e4b83
Palantir,Lever,"Deployment Strategist, Build to Apply - US Government",Echo,,"Washington, D.C.",US (CONUS),Full-time,110000,170000,year,Degree (unspecified),https://jobs.lever.co/palantir/2d8a194e-40fa-4ccd-bb93-c40f9ce869d7
Palantir,Lever,"Deployment Strategist, Build to Apply - US Government",Echo,,"Fayetteville, NC",US (CONUS),Full-time,110000,170000,year,Degree (unspecified),https://jobs.lever.co/palantir/3f662628-2877-42fb-8866-a2b709de17ca
Palantir,Lever,"Deployment Strategist, Build to Apply - US Government",Echo,,"San Diego, CA",US (CONUS),Full-time,110000,170000,year,Degree (unspecified),https://jobs.lever.co/palantir/6a104c4e-35d4-4a1f-98ef-bec00ae4b458
Palantir,Lever,"Deployment Strategist, Build to Apply - US Government",Echo,,"Honolulu, HI",US (non-CONUS),Full-time,110000,170000,year,Degree (unspecified),https://jobs.lever.co/palantir/70facf19-1508-4fb9-bee9-d731aafada56
Palantir,Lever,"Deployment Strategist, Build to Apply - US Government",Echo,,"Colorado Springs, CO",US (CONUS),Full-time,110000,170000,year,Degree (unspecified),https://jobs.lever.co/palantir/842d6bc5-823c-4a77-8839-3f0f427bcd8c
Palantir,Lever,"Deployment Strategist, Build to Apply - US Government",Echo,,"New York, NY",US (CONUS),Full-time,110000,170000,year,Degree (unspecified),https://jobs.lever.co/palantir/ec006383-f48c-452c-a124-88657b5e3277
Palantir,Lever,"Deployment Strategist, Internship",Echo,,"Paris, France",International,Internship,,,,,https://jobs.lever.co/palantir/774cf5c9-bf6a-4d77-bf60-d50ef1beb1a0
Palantir,Lever,"Deployment Strategist, Internship - US Government",Echo,,"Honolulu, HI",US (non-CONUS),Internship,,,,,https://jobs.lever.co/palantir/a49d4181-a289-435a-b581-7f5af0497c8e
Palantir,Lever,"Deployment Strategist, New Grad - Commercial",Echo,,"Seoul, South Korea",International,Full-time,,,,Degree (unspecified),https://jobs.lever.co/palantir/d5f11334-3a73-4094-b7e0-d05b54e475b8
Palantir,Lever,"Deployment Strategist, New Grad - Intel, US Government",Echo,,"Washington, D.C.",US (CONUS),Full-time,110000,170000,year,Degree (unspecified),https://jobs.lever.co/palantir/5d8286d6-992a-404b-94af-99c173d40299
Palantir,Lever,DevOps Engineer,Technical Operations,,"Washington, D.C.",US (CONUS),Full-time,135000,200000,year,,https://jobs.lever.co/palantir/51ea4a3b-7764-4c87-96e4-310e19c856d5
Palantir,Lever,DevOps Engineer,Technical Operations,,"New York, NY",US (CONUS),Full-time,135000,200000,year,,https://jobs.lever.co/palantir/c3f40e41-6258-4233-a7f9-091bf67df30b
Palantir,Lever,Edge Infrastructure Engineer,Business Development,,"Warsaw, Poland",International,Full-time,,,,,https://jobs.lever.co/palantir/3d06b4bc-6a7b-4f73-b5c5-4544354e3d0f
Palantir,Lever,Edge Infrastructure Engineer,Business Development,,"Paris, France",International,Full-time,,,,,https://jobs.lever.co/palantir/ce20af4c-4de3-4079-bbdf-bc30a2e25404
Palantir,Lever,Edge Infrastructure Engineer,Business Development,,"London, United Kingdom",International,Full-time,,,,,https://jobs.lever.co/palantir/fe65ee3c-61e0-4eb6-99e5-c90e38e7043f
Palantir,Lever,Embedded Legal Engineer,Legal,,"Palo Alto, CA",US (CONUS),Full-time,100000,145000,year,,https://jobs.lever.co/palantir/2d2f0ed7-134a-4f24-af89-cfb8583d796a
Palantir,Lever,Embedded Legal Engineer,Legal,,"New York, NY",US (CONUS),Full-time,100000,145000,year,,https://jobs.lever.co/palantir/471ccceb-3614-4c28-a1af-b1235c081173
Palantir,Lever,Embedded Legal Engineer,Legal,,"Washington, D.C.",US (CONUS),Full-time,100000,145000,year,,https://jobs.lever.co/palantir/84335d8e-f91c-4741-b4c6-7649f3ac948d
Palantir,Lever,Forward Deployed AI Engineer,Delta,,"New York, NY",US (CONUS),Full-time,135000,200000,year,,https://jobs.lever.co/palantir/636fc05c-d348-4a06-be51-597cb9e07488
Palantir,Lever,Forward Deployed AI Engineer,Delta,,"London, United Kingdom",International,Full-time,,,,,https://jobs.lever.co/palantir/ff1029bd-bb6d-4d78-a03e-5f9744d0b798
Palantir,Lever,Forward Deployed Enablement Engineer - Customer Success,Engineering,,"London, United Kingdom",International,Full-time,,,,,https://jobs.lever.co/palantir/00c2c97b-8514-4617-9883-e53e486b6dcd
Palantir,Lever,Forward Deployed Enablement Engineer - Customer Success,Engineering,,"New York, NY",US (CONUS),Full-time,110000,147000,year,,https://jobs.lever.co/palantir/4cba9c95-d16f-440d-83e7-2352480f689f
Palantir,Lever,Forward Deployed Enablement Engineer - Customer Success,Engineering,,"Washington, D.C.",US (CONUS),Full-time,110000,147000,year,,https://jobs.lever.co/palantir/a90eb029-19cc-413c-bd51-b8411053d7d4
Palantir,Lever,Forward Deployed Engineer - Mixed Reality,Product Development,,"Washington, D.C.",US (CONUS),Full-time,135000,200000,year,,https://jobs.lever.co/palantir/96a0ce26-cf84-4fa8-934b-acc4363620b2
Palantir,Lever,Forward Deployed Infrastructure Engineer - UK Government,Delta,,"London, United Kingdom",International,Full-time,,,,,https://jobs.lever.co/palantir/72e51928-07f0-4be0-aae5-0ae6956a4846
Palantir,Lever,Forward Deployed Infrastructure Engineer - US Government,Delta,,"Honolulu, HI",US (non-CONUS),Full-time,135000,200000,year,,https://jobs.lever.co/palantir/0fccbe95-2520-4df3-8600-7897656c06a2
Palantir,Lever,Forward Deployed Infrastructure Engineer - US Government,Delta,,"Washington, D.C.",US (CONUS),Full-time,135000,200000,year,,https://jobs.lever.co/palantir/74748e0e-a0bc-4c53-a636-ef14e36d9b5e
Palantir,Lever,Forward Deployed Infrastructure Engineer - US Government,Delta,,"New York, NY",US (CONUS),Full-time,135000,200000,year,,https://jobs.lever.co/palantir/b57f08e9-546c-4b9b-8d21-db0ebbc11363
Palantir,Lever,"Forward Deployed Infrastructure Engineer, New Grad - US Government",Delta,,"Palo Alto, CA",US (CONUS),Full-time,135000,145000,year,,https://jobs.lever.co/palantir/33243fb5-6907-40c7-930c-968b25d825d0
Palantir,Lever,"Forward Deployed Infrastructure Engineer, New Grad - US Government",Delta,,"Washington, D.C.",US (CONUS),Full-time,135000,145000,year,,https://jobs.lever.co/palantir/5a28f3a5-8655-47f2-ab19-a79b8a319da8
Palantir,Lever,"Forward Deployed Infrastructure Engineer, New Grad - US Government",Delta,,"New York, NY",US (CONUS),Full-time,135000,145000,year,,https://jobs.lever.co/palantir/91117724-9389-48dc-912f-98e48d4d45d8
Palantir,Lever,Forward Deployed Reliability Engineer,Product Development,,"London, United Kingdom",International,Full-time,,,,,https://jobs.lever.co/palantir/5a99fe16-1bda-4313-ace2-a11ea6e58f0c
Palantir,Lever,Forward Deployed Reliability Engineer,Product Development,,"New York, NY",US (CONUS),Full-time,110000,147000,year,,https://jobs.lever.co/palantir/689e6869-01bc-40f1-b580-adb33a020065
Palantir,Lever,Forward Deployed Security Engineer - US Government,Business Development,,"Washington, D.C.",US (CONUS),Full-time,90000,150000,year,,https://jobs.lever.co/palantir/22053072-4c22-49c4-8299-28e107ceeb98
Palantir,Lever,Forward Deployed Site Reliability Engineer - US Government,Business Development,,"Washington, D.C.",US (CONUS),Full-time,125000,185000,year,,https://jobs.lever.co/palantir/a194220b-684a-4b4e-b918-1f70154b464c
Palantir,Lever,Forward Deployed Software Engineer,Delta,,"Seoul, South Korea",International,Full-time,,,,,https://jobs.lever.co/palantir/1bb19522-3936-4adc-9ced-c3df8b5900b9
Palantir,Lever,Forward Deployed Software Engineer,Delta,,"Amsterdam, Netherlands",International,Full-time,,,,,https://jobs.lever.co/palantir/492a16bb-6b9f-457e-82c3-294e1a2c565d
Palantir,Lever,Forward Deployed Software Engineer,Delta,,"London, United Kingdom",International,Full-time,,,,Degree (unspecified),https://jobs.lever.co/palantir/5168e8fd-fec1-4fea-b7a1-81bdaea65850
Palantir,Lever,Forward Deployed Software Engineer,Delta,,"Dubai, United Arab Emirates",International,Fixed-Term,,,,,https://jobs.lever.co/palantir/8148182c-6127-4689-b615-7815a94173bb
Palantir,Lever,Forward Deployed Software Engineer,Delta,,"Abu Dhabi, United Arab Emirates",International,Fixed-Term,,,,,https://jobs.lever.co/palantir/90aa8748-3fef-4e2b-9ea9-c4dc5f37f0d2
Palantir,Lever,Forward Deployed Software Engineer,Delta,,"Vilnius, Lithuania",International,Full-time,,,,,https://jobs.lever.co/palantir/98b81271-9e15-40b7-8dce-0c62f24702f9
Palantir,Lever,Forward Deployed Software Engineer,Delta,,"Tel Aviv, Israel",International,Full-time,,,,,https://jobs.lever.co/palantir/c4442730-2926-41ad-8c0e-5e5a6b4d14ae
Palantir,Lever,Forward Deployed Software Engineer,Delta,,"Stockholm, Sweden",International,Full-time,,,,,https://jobs.lever.co/palantir/d084b769-6f53-4409-afa8-c183b059b384
Palantir,Lever,Forward Deployed Software Engineer,Delta,,"New York, NY",US (CONUS),Full-time,135000,200000,year,,https://jobs.lever.co/palantir/dab396d4-2f14-4796-aac0-0d82883dccf0
Palantir,Lever,Forward Deployed Software Engineer  - Edge Autonomous Systems,Product Development,,"Washington, D.C.",US (CONUS),Full-time,135000,200000,year,Bachelor's,https://jobs.lever.co/palantir/27bf5707-96fa-460e-8a5b-53bc192ca87b
Palantir,Lever,Forward Deployed Software Engineer - AUS Government,Delta,,"Sydney, Australia",International,Full-time,,,,,https://jobs.lever.co/palantir/909875b4-1940-41bd-b08d-a269c7235100
Palantir,Lever,Forward Deployed Software Engineer - Autonomous Systems C2,Product Development,,"Seattle, WA",US (CONUS),Full-time,135000,200000,year,Bachelor's,https://jobs.lever.co/palantir/0edf7365-49f0-4263-818a-19409ec4f430
Palantir,Lever,Forward Deployed Software Engineer - Autonomous Systems C2,Product Development,,"Palo Alto, CA",US (CONUS),Full-time,135000,200000,year,Bachelor's,https://jobs.lever.co/palantir/c62264f5-5da8-40fe-9b44-f7f0f0012e11
Palantir,Lever,Forward Deployed Software Engineer - Intel,Delta,,"Washington, D.C.",US (CONUS),Full-time,135000,200000,year,,https://jobs.lever.co/palantir/34b3a697-6e22-4751-befd-0b7921abbd5f
Palantir,Lever,Forward Deployed Software Engineer - Japan Forward Deployed,Delta,,"Washington, D.C.",US (CONUS),Full-time,135000,200000,year,,https://jobs.lever.co/palantir/8aba5995-653d-4805-96e8-24488e6abf37
Palantir,Lever,Forward Deployed Software Engineer - Japan Government,Delta,,"Tokyo, Japan",International,Full-time,,,,,https://jobs.lever.co/palantir/12e94938-55cb-4ad9-9c05-405ebc9ef430
Palantir,Lever,Forward Deployed Software Engineer - Korea Forward Deployed,Delta,,"Washington, D.C.",US (CONUS),Full-time,135000,200000,year,,https://jobs.lever.co/palantir/a39bf84c-6648-4871-bd07-9b882d401c4c
Palantir,Lever,Forward Deployed Software Engineer - NATO,Delta,,"London, United Kingdom",International,Full-time,,,,,https://jobs.lever.co/palantir/73d1a90c-162d-4cb6-9e0c-4c8de9561ad0
Palantir,Lever,Forward Deployed Software Engineer - Norwegian Government,Delta,,"Oslo, Norway",International,Full-time,,,,,https://jobs.lever.co/palantir/0a0d2db2-75a5-48e4-b0a0-81baa6588e36
Palantir,Lever,Forward Deployed Software Engineer - Spain,Delta,,"Madrid, Spain",International,Full-time,,,,,https://jobs.lever.co/palantir/53fb4c05-f949-4146-a046-5c063c36a628
Palantir,Lever,Forward Deployed Software Engineer - Tactical Edge,Delta,,"Washington, D.C.",US (CONUS),Full-time,135000,200000,year,,https://jobs.lever.co/palantir/3d0d9d92-0321-4459-a17d-fa1a76636a43
Palantir,Lever,Forward Deployed Software Engineer - UK Government,Delta,,"London, United Kingdom",International,Full-time,,,,,https://jobs.lever.co/palantir/57a3f928-e7d3-4037-8196-b38e2f867152
Palantir,Lever,Forward Deployed Software Engineer - US Government,Delta,,"Washington, D.C.",US (CONUS),Full-time,135000,200000,year,,https://jobs.lever.co/palantir/289ad049-7b4e-41e3-8a39-146fbeb6fb64
Palantir,Lever,Forward Deployed Software Engineer - US Government,Delta,,"San Diego, CA",US (CONUS),Full-time,135000,200000,year,,https://jobs.lever.co/palantir/84131e3f-455e-47fc-9c11-898d95f09048
Palantir,Lever,Forward Deployed Software Engineer - US Government,Delta,,"Honolulu, HI",US (non-CONUS),Full-time,125000,200000,year,,https://jobs.lever.co/palantir/ce8ca664-60dc-4f9a-8986-3c96673bcfdf
Palantir,Lever,Forward Deployed Software Engineer - US Government,Delta,,"Fayetteville, NC",US (CONUS),Full-time,135000,200000,year,,https://jobs.lever.co/palantir/d83fac1c-353e-4b77-a586-3276b1090b6e
Palantir,Lever,Forward Deployed Software Engineer - US Government,Delta,,"New York, NY",US (CONUS),Full-time,135000,200000,year,,https://jobs.lever.co/palantir/e82b696e-a085-4bbf-8bcb-6d2c4f8cf2f7
Palantir,Lever,Forward Deployed Software Engineer - US Government - Federal Health and Civilian,Delta,,"New York, NY",US (CONUS),Full-time,135000,200000,year,,https://jobs.lever.co/palantir/be4ab5cb-9caa-4c2a-97b9-c73805fca4fc
Palantir,Lever,Forward Deployed Software Engineer - US Government - Federal Health and Civilian,Delta,,"Washington, D.C.",US (CONUS),Full-time,135000,200000,year,,https://jobs.lever.co/palantir/e7100322-be11-40c8-9dba-7a21b7302c08
Palantir,Lever,Forward Deployed Software Engineer - Warp Speed,Delta,,"New York, NY",US (CONUS),Full-time,135000,200000,year,,https://jobs.lever.co/palantir/13f99633-43b5-4459-8e84-25073f257c18
Palantir,Lever,"Forward Deployed Software Engineer, Internship",Delta,,"Paris, France",International,Full-time,,,,,https://jobs.lever.co/palantir/1b6f1d82-d459-4dea-8bc2-8d2ffe6f881a
Palantir,Lever,"Forward Deployed Software Engineer, Internship - AUS Government",Delta,,"Sydney, Australia",International,Full-time,,,,,https://jobs.lever.co/palantir/395a4483-fc3d-4b77-a500-501923fd0976
Palantir,Lever,"Forward Deployed Software Engineer, Internship - Commercial",Delta,,"Seoul, South Korea",International,Internship,,,,Degree (unspecified),https://jobs.lever.co/palantir/2ad0ab10-34c3-410d-883b-8052864a95cd
Palantir,Lever,"Forward Deployed Software Engineer, Internship - Commercial",Delta,,"New York, NY",US (CONUS),Internship,,,,Degree (unspecified),https://jobs.lever.co/palantir/4d29249a-d7e8-4c39-880d-3b35d7b2f6f6
Palantir,Lever,"Forward Deployed Software Engineer, Internship - Commercial",Delta,,"London, United Kingdom",International,Internship,,,,Degree (unspecified),https://jobs.lever.co/palantir/599b1907-aba1-4303-837b-66e69a521636
Palantir,Lever,"Forward Deployed Software Engineer, Internship - Commercial",Delta,,"Chicago, IL",US (CONUS),Internship,,,,Degree (unspecified),https://jobs.lever.co/palantir/d5486403-c050-4920-b2e0-91b69b61ebb2
Palantir,Lever,"Forward Deployed Software Engineer, Internship - Defense Tech",Delta,,"Washington, D.C.",US (CONUS),Internship,,,,,https://jobs.lever.co/palantir/cccfe1bd-f15b-4fe5-b044-c793e7961c1b
Palantir,Lever,"Forward Deployed Software Engineer, Internship - France",Delta,,"New York, NY",US (CONUS),Internship,,,,,https://jobs.lever.co/palantir/ac0dc094-2480-43c2-8495-26ade227ff4f
Palantir,Lever,"Forward Deployed Software Engineer, Internship - Intel",Delta,,"Washington, D.C.",US (CONUS),Internship,,,,,https://jobs.lever.co/palantir/9e40d77f-b07c-437b-98e7-def9b0184d89
Palantir,Lever,"Forward Deployed Software Engineer, Internship - UK Government",Delta,,"London, United Kingdom",International,Internship,,,,Degree (unspecified),https://jobs.lever.co/palantir/26e23f5d-083b-45aa-b223-1a6e43d960bf
Palantir,Lever,"Forward Deployed Software Engineer, Internship - US Government",Delta,,"Honolulu, HI",US (non-CONUS),Internship,,,,,https://jobs.lever.co/palantir/315f695d-04d1-4a9a-848e-cb2bec7a997e
Palantir,Lever,"Forward Deployed Software Engineer, Internship - US Government",Delta,,"New York, NY",US (CONUS),Internship,,,,,https://jobs.lever.co/palantir/e0010393-c300-446f-bf67-fa2ef067f16f
Palantir,Lever,"Forward Deployed Software Engineer, Internship - US Government",Delta,,"Washington, D.C.",US (CONUS),Internship,,,,,https://jobs.lever.co/palantir/e6ff8bf2-135e-474d-ad37-24f490ae1dd2
Palantir,Lever,"Forward Deployed Software Engineer, New Grad - Commercial",Delta,,"London, United Kingdom",International,Full-time,,,,Degree (unspecified),https://jobs.lever.co/palantir/2aa14e4f-d406-486e-9aa8-6ff3358d70a0
Palantir,Lever,"Forward Deployed Software Engineer, New Grad - Commercial",Delta,,"New York, NY",US (CONUS),Full-time,135000,145000,year,Degree (unspecified),https://jobs.lever.co/palantir/2e6b0ac8-83e9-4be5-a3aa-cf319f751728
Palantir,Lever,"Forward Deployed Software Engineer, New Grad - Commercial",Delta,,"Seoul, South Korea",International,Full-time,,,,Degree (unspecified),https://jobs.lever.co/palantir/341d5cae-a473-4813-9a6c-0f67fcc1b253
Palantir,Lever,"Forward Deployed Software Engineer, New Grad - Commercial",Delta,,"Chicago, IL",US (CONUS),Full-time,135000,145000,year,Degree (unspecified),https://jobs.lever.co/palantir/e500bcf3-19d8-4d3c-b340-4d76e4a55b40
Palantir,Lever,"Forward Deployed Software Engineer, New Grad - Intel, US Government",Delta,,"Washington, D.C.",US (CONUS),Full-time,135000,145000,year,,https://jobs.lever.co/palantir/fbca0358-083a-4222-bdbb-3bd729b48382
Palantir,Lever,"Forward Deployed Software Engineer, New Grad - UK Government",Delta,,"London, United Kingdom",International,Full-time,,,,Degree (unspecified),https://jobs.lever.co/palantir/b4aa51a2-bc43-4d67-bf55-12db7feefb3a
Palantir,Lever,"Forward Deployed Software Engineer, New Grad - US Government",Delta,,"Washington, D.C.",US (CONUS),Full-time,135000,145000,year,,https://jobs.lever.co/palantir/cbe90327-3e6e-451c-a54c-1d3cbcef5aeb
Palantir,Lever,"Forward Deployed Software Engineer, New Grad - US Government",Delta,,"New York, NY",US (CONUS),Full-time,135000,145000,year,,https://jobs.lever.co/palantir/d1ac83d0-e923-42a5-8e6d-58dd0cab25ca
Palantir,Lever,Full Stack Software Engineer - Application Development,Dev,,"New York, NY",US (CONUS),Full-time,135000,200000,year,,https://jobs.lever.co/palantir/2da4be12-bc7a-4950-87db-e9d68d955ff7
Palantir,Lever,Full Stack Software Engineer - Application Development,Dev,,"London, United Kingdom",International,Full-time,,,,,https://jobs.lever.co/palantir/c44510a1-9537-4c52-ae81-51546979fe47
Palantir,Lever,GRC Program Manager,Information Security,,"New York, NY",US (CONUS),Full-time,90000,160000,year,,https://jobs.lever.co/palantir/4625019a-479a-41dd-bd5a-21847629772b
Palantir,Lever,GRC Program Manager,Information Security,,"Washington, D.C.",US (CONUS),Full-time,90000,160000,year,,https://jobs.lever.co/palantir/def1573d-c2b6-42a7-963b-e13c3587b5e9
Palantir,Lever,GRC Program Manager,Information Security,,"Seattle, WA",US (CONUS),Full-time,90000,160000,year,,https://jobs.lever.co/palantir/e5869901-d578-4229-a856-47af76a8f39a
Palantir,Lever,Incident Management Engineer,Product Support,,"New York, NY",US (CONUS),Full-time,96000,140000,year,,https://jobs.lever.co/palantir/b72abc17-293d-47e0-a094-c1ab0016b794
Palantir,Lever,Information Security Engineer,Information Security,,"Seattle, WA",US (CONUS),Full-time,135000,200000,year,,https://jobs.lever.co/palantir/1124402c-2088-40c6-b6aa-b9ef7777519b
Palantir,Lever,Information Security Engineer,Information Security,,"Washington, D.C.",US (CONUS),Full-time,135000,200000,year,,https://jobs.lever.co/palantir/36703f67-6fae-445c-9277-f946121faaa0
Palantir,Lever,Information Security Engineer,Information Security,,"New York, NY",US (CONUS),Full-time,135000,200000,year,,https://jobs.lever.co/palantir/e2a8360a-710a-4185-b2a9-3b7d9fe590b1
Palantir,Lever,Information Security Engineer - Infrastructure Security,Information Security,,"New York, NY",US (CONUS),Full-time,145000,200000,year,,https://jobs.lever.co/palantir/1e77a5e8-9843-4516-a186-7c24f0ff07a0
Palantir,Lever,Information Security Engineer - Infrastructure Security,Information Security,,"Washington, D.C.",US (CONUS),Full-time,145000,200000,year,,https://jobs.lever.co/palantir/4bfef5e0-6689-4db8-9ffe-ab6df6836845
Palantir,Lever,Information Security Engineer - Insider Risk,Information Security,,"New York, NY",US (CONUS),Full-time,145000,200000,year,,https://jobs.lever.co/palantir/2127f3af-1fb3-4aa3-9aa1-eb06967e0166
Palantir,Lever,Information Security Engineer - Insider Risk,Information Security,,"Seattle, WA",US (CONUS),Full-time,145000,200000,year,,https://jobs.lever.co/palantir/6bddf672-5920-46f3-8127-2a15a377cb99
Palantir,Lever,Information Security Engineer - Insider Risk,Information Security,,"Washington, D.C.",US (CONUS),Full-time,145000,200000,year,,https://jobs.lever.co/palantir/b0e1823a-fbe7-4c9d-a4d3-a1e738db2589
Palantir,Lever,"Information Security Engineer, Internship",Information Security,,"New York, NY",US (CONUS),Internship,,,,,https://jobs.lever.co/palantir/ef725594-42dd-4f0d-ba8e-df8179dbc6cb
Palantir,Lever,International Tax Manager,Finance,,"Palo Alto, CA",US (CONUS),Full-time,85000,140000,year,,https://jobs.lever.co/palantir/ff2c33a1-f707-4fc2-b003-4ba878812edf
Palantir,Lever,Legal Counsel - US Government,Legal,,"Washington, D.C.",US (CONUS),Full-time,170000,240000,year,Degree (unspecified),https://jobs.lever.co/palantir/b8816fd2-d12d-41dd-8467-88748903267f
Palantir,Lever,Legal Counsel - US Government,Legal,,"New York, NY",US (CONUS),Full-time,170000,240000,year,Degree (unspecified),https://jobs.lever.co/palantir/e72e00b7-7106-4974-8cb0-b6c150215b99
Palantir,Lever,Mixed Reality Developer,Dev,,"Washington, D.C.",US (CONUS),Full-time,145000,200000,year,Bachelor's,https://jobs.lever.co/palantir/74aed644-d963-4c5d-b7a0-149bc35f9c50
Palantir,Lever,Mobility Tax Analyst,Finance,,"Palo Alto, CA",US (CONUS),Full-time,85000,140000,year,,https://jobs.lever.co/palantir/7dc7e7c3-39bf-4f4e-a8eb-e38a4a0af238
Palantir,Lever,Mobility Tax Analyst,Finance,,"London, United Kingdom",International,Full-time,,,,,https://jobs.lever.co/palantir/d879b190-b6a1-41e1-9eca-bf94d36037e1
Palantir,Lever,Neurodivergent Fellowship,Business Development,,"New York, NY",US (CONUS),Full-time,110000,200000,year,,https://jobs.lever.co/palantir/61eaa54c-e1b7-4064-afad-f7df3d48d652
Palantir,Lever,Neurodivergent Fellowship,Business Development,,"Washington, D.C.",US (CONUS),Full-time,110000,200000,year,,https://jobs.lever.co/palantir/fd952b52-7b9c-4056-a3dd-0bc41fcfe603
Palantir,Lever,Offensive Security Engineer,Information Security,,"Washington, D.C.",US (CONUS),Full-time,145000,200000,year,,https://jobs.lever.co/palantir/5614a901-ef96-4b9c-928d-4a9c338c8aad
Palantir,Lever,Offensive Security Engineer,Information Security,,"New York, NY",US (CONUS),Full-time,145000,200000,year,,https://jobs.lever.co/palantir/5b1eac37-708b-4eb2-94f0-d2abe7945989
Palantir,Lever,Operations Analyst - US Government,Business Development,,"Honolulu, HI",US (non-CONUS),Full-time,70000,125000,year,,https://jobs.lever.co/palantir/46530906-4822-4cce-ab86-ef7014d8547f
Palantir,Lever,Operations Analyst - US Government Security,Business Development,,"New York, NY",US (CONUS),Full-time,70000,125000,year,,https://jobs.lever.co/palantir/2df67493-ffb3-4b34-bf3b-88b6750c3ea7
Palantir,Lever,People Partner,People,,"Washington, D.C.",US (CONUS),Full-time,90000,151000,year,,https://jobs.lever.co/palantir/99ab8dbd-fd69-4216-8c2a-09a202a1cb17
Palantir,Lever,People Relations Specialist,People,,"New York, NY",US (CONUS),Full-time,75000,120000,year,,https://jobs.lever.co/palantir/4a245bf7-0467-4436-ac22-7bad194c1a12
Palantir,Lever,People Relations Specialist,People,,"Washington, D.C.",US (CONUS),Full-time,75000,120000,year,,https://jobs.lever.co/palantir/5eed9e3f-28b6-407f-b0be-ed26bc349895
Palantir,Lever,People Relations Specialist,People,,"London, United Kingdom",International,Full-time,,,,,https://jobs.lever.co/palantir/fbdcd64f-651c-4b34-97ef-61419eb7d4e6
Palantir,Lever,Platform Engineer - Identity Infrastructure,Information Security,,"Palo Alto, CA",US (CONUS),Full-time,135000,200000,year,,https://jobs.lever.co/palantir/721fe5ca-73b8-4223-826e-93a528194821
Palantir,Lever,Platform Engineer - Identity Infrastructure,Information Security,,"Washington, D.C.",US (CONUS),Full-time,135000,200000,year,,https://jobs.lever.co/palantir/a80afc2b-2564-4a98-84c2-34cdcc0402df
Palantir,Lever,Platform Engineer - Identity Infrastructure,Information Security,,"New York, NY",US (CONUS),Full-time,,,,,https://jobs.lever.co/palantir/cf08f44c-bf75-45ed-9fab-f4836e51013e
Palantir,Lever,Platform Intelligence Engineer,Product Development,,"New York, NY",US (CONUS),Full-time,110000,150000,year,Master's,https://jobs.lever.co/palantir/a753a9e7-a361-426b-9c25-3cf2488c1730
Palantir,Lever,Privacy & Civil Liberties Engineer - New Grad,Engineering,,"New York, NY",US (CONUS),Full-time,,,,,https://jobs.lever.co/palantir/95e0d2b0-437a-4096-a5c6-0f247f426c90
Palantir,Lever,"Privacy and Civil Liberties Software Engineer, Internship",Engineering,,"New York, NY",US (CONUS),Internship,,,,,https://jobs.lever.co/palantir/09846827-b931-4a9f-bd64-c3bb8860187b
Palantir,Lever,Product Designer,Design,,"London, United Kingdom",International,Full-time,,,,,https://jobs.lever.co/palantir/2d8b7eaa-5c08-44ef-a0f0-5a96cee2794d
Palantir,Lever,Product Designer - US Government,Design,,"New York, NY",US (CONUS),Full-time,130000,135000,year,,https://jobs.lever.co/palantir/c2d11af1-5b84-4be0-92ac-36113fb8f2b5
Palantir,Lever,Product Designer - US Government,Design,,"Washington, D.C.",US (CONUS),Full-time,105000,175000,year,,https://jobs.lever.co/palantir/dc02f308-bbcc-4163-b4fb-3f68efb2ce24
Palantir,Lever,"Product Designer, Internship",Design,,"New York, NY",US (CONUS),Internship,,,,,https://jobs.lever.co/palantir/1a935143-e857-480c-bc5a-ad625d754eb6
Palantir,Lever,"Product Designer, Internship",Design,,"London, United Kingdom",International,Internship,,,,,https://jobs.lever.co/palantir/44129013-01e0-4699-8fc1-7a189bb37b63
Palantir,Lever,"Product Designer, Internship - US Government",Design,,"New York, NY",US (CONUS),Internship,,,,,https://jobs.lever.co/palantir/8f7bbffa-92aa-4d25-9586-943b3322a27d
Palantir,Lever,"Product Designer, Internship - US Government",Design,,"Palo Alto, CA",US (CONUS),Internship,,,,,https://jobs.lever.co/palantir/9db71277-3a9a-481b-a2a3-25c3125b0e8a
Palantir,Lever,"Product Designer, Internship - US Government",Design,,"Washington, D.C.",US (CONUS),Internship,,,,,https://jobs.lever.co/palantir/fa060d94-f85d-4d02-be58-b81787fe57e5
Palantir,Lever,"Product Designer, New Grad",Design,,"New York, NY",US (CONUS),Full-time,130000,135000,year,,https://jobs.lever.co/palantir/4c0fb3a1-8256-4d14-9a27-23727235752e
Palantir,Lever,"Product Designer, New Grad",Design,,"London, United Kingdom",International,Full-time,,,,,https://jobs.lever.co/palantir/76161763-bafa-4ebb-a2ce-2a25e315b7d7
Palantir,Lever,"Product Designer, New Grad - US Government",Design,,"Washington, D.C.",US (CONUS),Full-time,130000,135000,year,,https://jobs.lever.co/palantir/25378ba0-db78-4c70-8174-a05ce514fc65
Palantir,Lever,"Product Designer, New Grad - US Government",Design,,"Palo Alto, CA",US (CONUS),Full-time,130000,135000,year,,https://jobs.lever.co/palantir/32295454-6629-4f47-b11e-bbd7f5d41acb
Palantir,Lever,"Product Designer, New Grad - US Government",Design,,"New York, NY",US (CONUS),Full-time,130000,135000,year,,https://jobs.lever.co/palantir/5f7a90e7-f927-47bf-90ed-52d17c58ae02
Palantir,Lever,Product Reliability Engineer - Defense,Product Support,,"New York, NY",US (CONUS),Full-time,96000,140000,year,Degree (unspecified),https://jobs.lever.co/palantir/250f623c-9afb-4c91-b0c0-25d4e83005ec
Palantir,Lever,Product Reliability Engineer - Defense,Product Support,,"Washington, D.C.",US (CONUS),Full-time,96000,140000,year,Degree (unspecified),https://jobs.lever.co/palantir/57699414-b373-4a5e-9be8-6fb7de41ea72
Palantir,Lever,Production Engineer - Database Operations,Product Development,,"Singapore, Singapore",International,Full-time,,,,,https://jobs.lever.co/palantir/c80690ca-704b-46c2-9d95-e4f6e98ce4e2
Palantir,Lever,Revenue Accounting Manager,Finance,,"London, United Kingdom",International,Full-time,,,,Bachelor's,https://jobs.lever.co/palantir/14dbdeb9-1537-4ccf-83ac-608287efa00f
Palantir,Lever,Revenue Accounting Manager,Finance,,"Palo Alto, CA",US (CONUS),Full-time,90000,150000,year,Bachelor's,https://jobs.lever.co/palantir/678d05bc-ea79-45ad-bdce-7a06a7cd9a54
Palantir,Lever,Revenue Accounting Manager,Finance,,"New York, NY",US (CONUS),Full-time,90000,150000,year,Bachelor's,https://jobs.lever.co/palantir/d770616f-1422-4420-972c-f95c31ca58e7
Palantir,Lever,Sales,Sales,,"New York, NY",US (CONUS),Full-time,115000,150000,year,,https://jobs.lever.co/palantir/24060586-7ba8-47c0-bfc1-f1dd5b82d8bd
Palantir,Lever,Senior Backend Software Engineer - Application Development,Dev,,"New York, NY",US (CONUS),Full-time,135000,200000,year,,https://jobs.lever.co/palantir/7177acab-5c64-4005-9b28-93f33b3e172a
Palantir,Lever,Senior Backend Software Engineer - Application Development,Dev,,"London, United Kingdom",International,Full-time,,,,,https://jobs.lever.co/palantir/a92b55d0-1d36-4884-8e65-f456450b3a74
Palantir,Lever,Senior Backend Software Engineer - Infrastructure,Dev,,"London, United Kingdom",International,Full-time,,,,,https://jobs.lever.co/palantir/2cd25c0b-088d-4a5c-9b96-1165a33fe652
Palantir,Lever,Senior Backend Software Engineer - Infrastructure,Dev,,"New York, NY",US (CONUS),Full-time,135000,200000,year,,https://jobs.lever.co/palantir/b5ad6660-8145-4be5-97e2-3799f2912f5b
Palantir,Lever,Senior Front End Software Engineer - Application Development,Dev,,"London, United Kingdom",International,Full-time,,,,,https://jobs.lever.co/palantir/4e7d0732-f477-4c7a-aac9-abd62f8c9987
Palantir,Lever,Senior Front End Software Engineer - Application Development,Dev,,"New York, NY",US (CONUS),Full-time,135000,200000,year,,https://jobs.lever.co/palantir/d2a87a1d-63f4-4dcd-b0d0-f6be91fed4d3
Palantir,Lever,Senior Identity Security Engineer,Information Security,,"New York, NY",US (CONUS),Full-time,135000,200000,year,,https://jobs.lever.co/palantir/144f32bc-21e5-42bd-9710-7165a22d51e1
Palantir,Lever,Senior Identity Security Engineer,Information Security,,"Washington, D.C.",US (CONUS),Full-time,135000,200000,year,,https://jobs.lever.co/palantir/146aba99-2a9a-44ee-9fb3-42dd1e211221
Palantir,Lever,Senior Identity Security Engineer,Information Security,,"Palo Alto, CA",US (CONUS),Full-time,135000,200000,year,,https://jobs.lever.co/palantir/bb7af139-064c-4a59-a784-9ba8c4324d21
Palantir,Lever,Senior Revenue Accountant,Finance,,"London, United Kingdom",International,Full-time,,,,Bachelor's,https://jobs.lever.co/palantir/5b4f55a5-e883-445e-853d-7e0d40eec055
Palantir,Lever,Senior Revenue Accountant,Finance,,"Palo Alto, CA",US (CONUS),Full-time,90000,140000,year,Bachelor's,https://jobs.lever.co/palantir/ee898794-f9cc-45f1-8a40-9a49e7db62bd
Palantir,Lever,Senior Software Engineer - Autonomous Systems,Product Development,,"Seattle, WA",US (CONUS),Full-time,145000,200000,year,Bachelor's,https://jobs.lever.co/palantir/88f8f593-af1f-4d27-9042-454c24a64d3f
Palantir,Lever,Senior Software Engineer - Autonomous Systems,Product Development,,"New York, NY",US (CONUS),Full-time,145000,200000,year,Bachelor's,https://jobs.lever.co/palantir/bba1ecbc-e56d-48b0-b33a-aefcbffbd655
Palantir,Lever,Senior Software Engineer - Autonomous Systems,Product Development,,"Washington, D.C.",US (CONUS),Full-time,145000,200000,year,Bachelor's,https://jobs.lever.co/palantir/d40d5d19-8f9e-4e6b-b4d3-b7457c90adec
Palantir,Lever,Senior Software Engineer - Autonomous Systems,Product Development,,"Palo Alto, CA",US (CONUS),Full-time,145000,200000,year,Bachelor's,https://jobs.lever.co/palantir/d7030550-f80f-422c-965f-3120db433dea
Palantir,Lever,Senior Software Engineer - Observability,Dev,,"New York, NY",US (CONUS),Full-time,135000,200000,year,Bachelor's,https://jobs.lever.co/palantir/8a95dba1-b814-4243-be14-eba1df340ceb
Palantir,Lever,"Senior Software Engineer, Network Infrastructure",Dev,,"Seattle, WA",US (CONUS),Full-time,135000,200000,year,Bachelor's,https://jobs.lever.co/palantir/39c57909-ae76-4c86-9290-9fb50c689c4f
Palantir,Lever,"Senior Software Engineer, Network Infrastructure",Dev,,"New York, NY",US (CONUS),Full-time,135000,200000,year,Bachelor's,https://jobs.lever.co/palantir/55005ee7-4e06-4520-b569-f6e8f26745cb
Palantir,Lever,"Senior Software Engineer, Network Infrastructure",Dev,,"Washington, D.C.",US (CONUS),Full-time,135000,200000,year,Bachelor's,https://jobs.lever.co/palantir/89a77547-8b74-45b2-8590-f04b16e19a59
Palantir,Lever,"Senior Software Engineer, Substrate",Dev,,"Washington, D.C.",US (CONUS),Full-time,145000,200000,year,Bachelor's,https://jobs.lever.co/palantir/26176860-7b27-412a-9959-d8b8705acf53
Palantir,Lever,"Senior Software Engineer, Substrate",Dev,,"New York, NY",US (CONUS),Full-time,145000,200000,year,Bachelor's,https://jobs.lever.co/palantir/68d690cf-fc8a-4755-9b69-abe13f93d262
Palantir,Lever,"Senior Software Engineer, Substrate",Dev,,"London, United Kingdom",International,Full-time,,,,Bachelor's,https://jobs.lever.co/palantir/b80d45be-7fe8-4a11-b159-65551320c61f
Palantir,Lever,"Senior Software Engineer, Substrate",Dev,,"Seattle, WA",US (CONUS),Full-time,145000,200000,year,Bachelor's,https://jobs.lever.co/palantir/c38bb622-6f8e-43a1-8ae7-32291da328a8
Palantir,Lever,Site Reliability Engineer - US Government,Engineering,,"Washington, D.C.",US (CONUS),Full-time,125000,185000,year,,https://jobs.lever.co/palantir/211f99dc-269e-4f25-84d3-d73dea782080
Palantir,Lever,Site Reliability Operations Analyst - Commercial,Mission Operations,,"New York, NY",US (CONUS),Full-time,93000,160000,year,,https://jobs.lever.co/palantir/5174e95b-2e0a-46f8-8db7-e2c837a0ac94
Palantir,Lever,Site Reliability Operations Analyst - US Government,Mission Operations,,"Washington, D.C.",US (CONUS),Full-time,93000,160000,year,,https://jobs.lever.co/palantir/38758e88-5884-4a11-98ac-d23cab51bc7a
Palantir,Lever,Site Reliability Operations Analyst - US Government,Mission Operations,,"New York, NY",US (CONUS),Full-time,93000,160000,year,,https://jobs.lever.co/palantir/7d91ca36-1e23-4603-b0f1-82a835e27d3f
Palantir,Lever,Software Engineer - Apollo Platform,Dev,,"New York, NY",US (CONUS),Full-time,135000,200000,year,,https://jobs.lever.co/palantir/8f308f3e-43d2-49c9-accd-cc7af0f1565c
Palantir,Lever,Software Engineer - Apollo Platform,Dev,,"Seattle, WA",US (CONUS),Full-time,135000,200000,year,,https://jobs.lever.co/palantir/afea07a8-2721-45e6-a9ca-6580f3f9783c
Palantir,Lever,Software Engineer - Apollo Platform,Dev,,"London, United Kingdom",International,Full-time,,,,,https://jobs.lever.co/palantir/f75cb0d2-6608-450b-848e-0f27937c930d
Palantir,Lever,Software Engineer - Apollo Systems,Dev,,"New York, NY",US (CONUS),Full-time,145000,200000,year,Bachelor's,https://jobs.lever.co/palantir/832e4652-5088-4e5b-aeac-1e82ec3ebad4
Palantir,Lever,Software Engineer - Apollo Systems,Dev,,"Seattle, WA",US (CONUS),Full-time,145000,200000,year,Bachelor's,https://jobs.lever.co/palantir/e47d4410-2542-47d8-b558-b5295fc28821
Palantir,Lever,Software Engineer - Core Interfaces,Dev,,"New York, NY",US (CONUS),Full-time,135000,200000,year,Bachelor's,https://jobs.lever.co/palantir/3b4ae28e-c4f2-4654-83b4-64366bfe72fa
Palantir,Lever,Software Engineer - Core Interfaces,Dev,,"Palo Alto, CA",US (CONUS),Full-time,135000,200000,year,Bachelor's,https://jobs.lever.co/palantir/cf76738e-3030-42fa-92ac-a9446df956fc
Palantir,Lever,Software Engineer - Defense Applications,Dev,,"New York, NY",US (CONUS),Full-time,145000,200000,year,Bachelor's,https://jobs.lever.co/palantir/c288bb43-3c63-4557-bd96-600ef0d1b7a6
Palantir,Lever,Software Engineer - Defense Applications,Dev,,"Washington, D.C.",US (CONUS),Full-time,145000,200000,year,Bachelor's,https://jobs.lever.co/palantir/f7dbfdf1-0bb1-4c11-ac15-6a139cee3410
Palantir,Lever,Software Engineer - Developer Productivity,Dev,,"New York, NY",US (CONUS),Full-time,135000,200000,year,,https://jobs.lever.co/palantir/3c84af24-b7aa-483e-b2c3-e1d83494fe15
Palantir,Lever,Software Engineer - Edge,Product Development,,"Washington, D.C.",US (CONUS),Full-time,,,,Bachelor's,https://jobs.lever.co/palantir/397fb983-47b7-4a53-a7df-f080f43f7720
Palantir,Lever,Software Engineer - Edge AI Systems,Dev,,"Seattle, WA",US (CONUS),Full-time,145000,200000,year,Bachelor's,https://jobs.lever.co/palantir/67110929-adea-41c3-851a-8882e222d9e4
Palantir,Lever,Software Engineer - Environment Platform,Dev,,"Seattle, WA",US (CONUS),Full-time,135000,200000,year,Bachelor's,https://jobs.lever.co/palantir/cd2423c6-da68-430c-8be5-0ae7eea36497
Palantir,Lever,Software Engineer - Environment Platform,Dev,,"New York, NY",US (CONUS),Full-time,135000,200000,year,Bachelor's,https://jobs.lever.co/palantir/d5d83a8f-cb96-41cc-9612-c7224fbb2fbc
Palantir,Lever,Software Engineer - Frontend Developer Productivity,Dev,,"New York, NY",US (CONUS),Full-time,135000,200000,year,,https://jobs.lever.co/palantir/71ed917e-850a-484b-9454-fa66bdf24540
Palantir,Lever,Software Engineer - Hosted Model Infrastructure,Dev,,"New York, NY",US (CONUS),Full-time,145000,200000,year,,https://jobs.lever.co/palantir/4df4cca5-e361-498b-806d-05f21638c93a
Palantir,Lever,Software Engineer - Hosted Model Infrastructure,Dev,,"Washington, D.C.",US (CONUS),Full-time,145000,200000,year,,https://jobs.lever.co/palantir/7a9600be-cdcb-4311-bb5c-65b6939b5956
Palantir,Lever,Software Engineer - Hosted Model Infrastructure,Dev,,"Palo Alto, CA",US (CONUS),Full-time,145000,200000,year,,https://jobs.lever.co/palantir/e9aecd15-c7e9-4803-9928-fc0b67e70f5b
Palantir,Lever,Software Engineer - Mission Manager,Dev,,"Washington, D.C.",US (CONUS),Full-time,135000,200000,year,Bachelor's,https://jobs.lever.co/palantir/8aec0fba-0ac9-48a5-8f54-f2d8465d6698
Palantir,Lever,Software Engineer - Mission Manager,Dev,,"New York, NY",US (CONUS),Full-time,135000,200000,year,Bachelor's,https://jobs.lever.co/palantir/c0b60d64-1244-4270-9d55-14115c97c24b
Palantir,Lever,Software Engineer - Mission Manager,Dev,,"Seattle, WA",US (CONUS),Full-time,135000,200000,year,Bachelor's,https://jobs.lever.co/palantir/e168a922-a2f0-45d0-912c-678d66e15118
Palantir,Lever,"Software Engineer, Internship",Dev,,"Denver, CO",US (CONUS),Internship,,,,,https://jobs.lever.co/palantir/373eb939-6f57-4836-8479-be79a5e07249
Palantir,Lever,"Software Engineer, Internship",Dev,,"London, United Kingdom",International,Internship,,,,,https://jobs.lever.co/palantir/76a60923-bb49-40f5-b061-7c7eb1299602
Palantir,Lever,"Software Engineer, Internship",Dev,,"New York, NY",US (CONUS),Internship,,,,,https://jobs.lever.co/palantir/7d69cf8a-06fd-4f05-bd84-27149db29c4d
Palantir,Lever,"Software Engineer, Internship",Dev,,"Washington, D.C.",US (CONUS),Internship,,,,,https://jobs.lever.co/palantir/bdcfb29f-4f27-42de-933f-7f83a359b9f0
Palantir,Lever,"Software Engineer, Internship",Dev,,"Palo Alto, CA",US (CONUS),Internship,,,,,https://jobs.lever.co/palantir/e27af7ab-41fc-40c9-b31d-02c6cb1c505c
Palantir,Lever,"Software Engineer, Internship - Defense Tech",Dev,,"New York, NY",US (CONUS),Internship,,,,,https://jobs.lever.co/palantir/8bcf4f33-0a79-4248-bbfd-49ac4be9dd8e
Palantir,Lever,"Software Engineer, Internship - Defense Tech",Dev,,"Palo Alto, CA",US (CONUS),Internship,,,,,https://jobs.lever.co/palantir/a483f41b-0da9-42ea-8ed6-cbf6eb93cc6d
Palantir,Lever,"Software Engineer, Internship - Defense Tech",Dev,,"Washington, D.C.",US (CONUS),Internship,,,,,https://jobs.lever.co/palantir/f17e98d0-046a-4e6e-9d65-ed0b12dd0ff7
Palantir,Lever,"Software Engineer, Internship - Infrastructure",Dev,,"New York, NY",US (CONUS),Internship,,,,,https://jobs.lever.co/palantir/b229baac-494b-4a0d-9a13-2e38806e06f3
Palantir,Lever,"Software Engineer, Internship - Infrastructure",Dev,,"Palo Alto, CA",US (CONUS),Internship,,,,,https://jobs.lever.co/palantir/f221738b-e97c-4ce3-a12a-17ada2b855e4
Palantir,Lever,"Software Engineer, Internship - Infrastructure",Dev,,"London, United Kingdom",International,Internship,,,,,https://jobs.lever.co/palantir/fd3603a9-7016-45c6-9c8d-04c9279ab85e
Palantir,Lever,"Software Engineer, Internship - Production Infrastructure",Dev,,"Seattle, WA",US (CONUS),Internship,,,,,https://jobs.lever.co/palantir/373367a9-3160-49d8-b7af-2efec062fad1
Palantir,Lever,"Software Engineer, Internship - Production Infrastructure",Dev,,"New York, NY",US (CONUS),Internship,,,,,https://jobs.lever.co/palantir/37964982-9b4c-471e-a1d8-fb8f45d7f116
Palantir,Lever,"Software Engineer, Internship - Production Infrastructure",Dev,,"Washington, D.C.",US (CONUS),Internship,,,,,https://jobs.lever.co/palantir/3ab9e715-1ea9-4c6c-ad50-7340eac14e86
Palantir,Lever,"Software Engineer, New Grad",Dev,,"New York, NY",US (CONUS),Full-time,145000,155000,year,,https://jobs.lever.co/palantir/94984771-0704-446c-88c6-91ce748f6d92
Palantir,Lever,"Software Engineer, New Grad",Dev,,"Denver, CO",US (CONUS),Full-time,145000,155000,year,,https://jobs.lever.co/palantir/c34b424e-caf2-455a-b104-ae1096ccca29
Palantir,Lever,"Software Engineer, New Grad",Dev,,"London, United Kingdom",International,Full-time,,,,,https://jobs.lever.co/palantir/d372c805-d0cd-4a10-9522-fbecc78d6f3e
Palantir,Lever,"Software Engineer, New Grad - Defense",Dev,,"New York, NY",US (CONUS),Full-time,145000,155000,year,,https://jobs.lever.co/palantir/0a838e66-1ab0-4fc4-b4d3-4671c0352278
Palantir,Lever,"Software Engineer, New Grad - Defense",Dev,,"Washington, D.C.",US (CONUS),Full-time,145000,155000,year,,https://jobs.lever.co/palantir/18d901fc-93bb-4d18-9f04-c72031e20d79
Palantir,Lever,"Software Engineer, New Grad - Defense",Dev,,"Palo Alto, CA",US (CONUS),Full-time,145000,155000,year,,https://jobs.lever.co/palantir/f362d7aa-360d-4059-ab38-f482742693b3
Palantir,Lever,"Software Engineer, New Grad - Infrastructure",Dev,,"New York, NY",US (CONUS),Full-time,145000,155000,year,,https://jobs.lever.co/palantir/4abf26b4-795c-420a-bf22-1ab98db268b4
Palantir,Lever,"Software Engineer, New Grad - Infrastructure",Dev,,"Palo Alto, CA",US (CONUS),Full-time,145000,155000,year,,https://jobs.lever.co/palantir/7d75bed5-45d8-4876-840a-2d92ea79c98d
Palantir,Lever,"Software Engineer, New Grad - Infrastructure",Dev,,"London, United Kingdom",International,Full-time,,,,,https://jobs.lever.co/palantir/9265acce-12cd-4179-8c50-55d15963532b
Palantir,Lever,"Software Engineer, New Grad - Production Infrastructure",Dev,,"Washington, D.C.",US (CONUS),Full-time,145000,155000,year,,https://jobs.lever.co/palantir/15844944-fb69-4b57-9531-e988650b20c6
Palantir,Lever,"Software Engineer, New Grad - Production Infrastructure",Dev,,"Seattle, WA",US (CONUS),Full-time,145000,155000,year,,https://jobs.lever.co/palantir/4d5a144e-87ea-45e2-a68c-3fad590629af
Palantir,Lever,"Software Engineer, New Grad - Production Infrastructure",Dev,,"New York, NY",US (CONUS),Full-time,145000,155000,year,,https://jobs.lever.co/palantir/e1a6c138-98bf-45e2-97f7-2c70371cc38a
Palantir,Lever,Support Engineer,Technical Operations,,"London, United Kingdom",International,Full-time,,,,,https://jobs.lever.co/palantir/40d0499b-e2ec-42cc-8a19-c454ed510195
Palantir,Lever,Support Engineer,Technical Operations,,"New York, NY",US (CONUS),Full-time,87000,115000,year,,https://jobs.lever.co/palantir/838bce97-415d-4cdc-95ea-904005feb131
Palantir,Lever,Talent Coordinator,Recruiting,,"New York, NY",US (CONUS),Full-time,32,35,hour,,https://jobs.lever.co/palantir/4186c7e2-1fc4-4049-81fb-fa98efb9d1de
Palantir,Lever,Talent Coordinator,Recruiting,,"Chicago, IL",US (CONUS),Full-time,32,35,hour,,https://jobs.lever.co/palantir/76195098-5e66-4b62-96d0-dcaabb6ea009
Palantir,Lever,Talent Coordinator,Recruiting,,"London, United Kingdom",International,Full-time,,,,,https://jobs.lever.co/palantir/a114f925-b5cb-4076-bf68-c77310754aec
Palantir,Lever,Talent Sourcer (Contractor),Recruiting,,"New York, NY",US (CONUS),Contract,,,,,https://jobs.lever.co/palantir/fdcbb8ff-2a38-467f-9fdf-b80e1563d863
Palantir,Lever,Talent Strategist,Recruiting,,"London, United Kingdom",International,Full-time,,,,,https://jobs.lever.co/palantir/484658a9-d6da-4d5f-9ab3-7c9f6ae3cd71
Palantir,Lever,Talent Strategist,Recruiting,,"Chicago, IL",US (CONUS),Full-time,90000,120000,year,,https://jobs.lever.co/palantir/5802024f-0e9c-4b58-8de0-0ecd52c234e3
Palantir,Lever,Talent Strategist,Recruiting,,"Washington, D.C.",US (CONUS),Full-time,90000,120000,year,,https://jobs.lever.co/palantir/ef824a5d-0932-4f96-9347-2e66cd5a7b83
Palantir,Lever,Talent Strategist,Recruiting,,"New York, NY",US (CONUS),Full-time,90000,120000,year,,https://jobs.lever.co/palantir/fef637bd-60f6-4603-b749-14e609c473a5
Palantir,Lever,Technical Program Manager  - Autonomous Systems C2,Product Development,,"Washington, D.C.",US (CONUS),Full-time,93000,160000,year,Degree (unspecified),https://jobs.lever.co/palantir/119ff141-1fa7-4466-a154-da57cf17bd52
Palantir,Lever,Technical Program Manager  - Autonomous Systems C2,Product Development,,"New York, NY",US (CONUS),Full-time,93000,160000,year,Degree (unspecified),https://jobs.lever.co/palantir/9da1a482-4f3a-4804-8b5f-b9697d85fe61
Palantir,Lever,Technical Program Manager (TPM),Product Development,,"New York, NY",US (CONUS),Full-time,93000,160000,year,Degree (unspecified),https://jobs.lever.co/palantir/7eb0dedb-37ee-4175-b29f-10a9e4340076
Palantir,Lever,Technical Program Manager (TPM) - Defense,Product Development,,"Washington, D.C.",US (CONUS),Full-time,93000,160000,year,Degree (unspecified),https://jobs.lever.co/palantir/bd16f7ad-3bee-48fd-9902-b3ee9698b608
Palantir,Lever,Technical Program Manager - Security,Information Security,,"New York, NY",US (CONUS),Full-time,93000,160000,year,,https://jobs.lever.co/palantir/b5362bc1-8a07-44e2-9ddc-cb4236aa0f20
Palantir,Lever,Technical Program Manager - Security,Information Security,,"Washington, D.C.",US (CONUS),Full-time,93000,160000,year,,https://jobs.lever.co/palantir/b908b3e4-81f9-47b3-9088-ee8dd3932003
Palantir,Lever,Technical Program Manager - Security,Information Security,,"Seattle, WA",US (CONUS),Full-time,93000,160000,year,,https://jobs.lever.co/palantir/e76eaef3-f240-467d-8260-1d6d92ed5c41
Palantir,Lever,Technical Program Manager - US Government,Business Development,,"New York, NY",US (CONUS),Full-time,93000,160000,year,Master's,https://jobs.lever.co/palantir/2f618c30-14ce-44a0-a823-2af55d2ac2ed
Palantir,Lever,Technical Program Manager - US Government,Business Development,,"Huntsville, AL",US (CONUS),Full-time,,,,Master's,https://jobs.lever.co/palantir/bd34525c-6e4e-44ea-88c8-d8dac9747feb
Palantir,Lever,Technical Program Manager - US Government,Business Development,,"Washington, D.C.",US (CONUS),Full-time,93000,160000,year,Master's,https://jobs.lever.co/palantir/d3b2f261-3f10-4edc-8802-8b3b37977d0a
Palantir,Lever,Technical Writer,Product Development,,"New York, NY",US (CONUS),Full-time,88000,122000,year,Degree (unspecified),https://jobs.lever.co/palantir/95a76f41-97a4-4696-ade3-9c5a47a569c7
Palantir,Lever,Technical Writer,Product Development,,"Washington, D.C.",US (CONUS),Full-time,88000,122000,year,Degree (unspecified),https://jobs.lever.co/palantir/b11a97bd-ac86-4cf8-a008-ffe1772a190a
Palantir,Lever,Technical Writer,Product Development,,"London, United Kingdom",International,Full-time,,,,Degree (unspecified),https://jobs.lever.co/palantir/c9426c38-9c6f-44bc-acad-bb2e6ed315f6
Palantir,Lever,U.S. Indirect Tax Manager,Finance,,"Palo Alto, CA",US (CONUS),Full-time,85000,140000,year,,https://jobs.lever.co/palantir/1a84bb07-812d-487c-a3b7-8a78b8c8b083
Palantir,Lever,US Government Subcontracts Manager,Legal,,"Washington, D.C.",US (CONUS),Full-time,90000,165000,year,,https://jobs.lever.co/palantir/168e1345-913c-4826-a926-a07d5cf10bba
Palantir,Lever,USG Administrative Business Partner,Administrative,,"New York, NY",US (CONUS),Full-time,60000,110000,year,,https://jobs.lever.co/palantir/3e53ec44-d8f3-4b0b-b77f-c481e9cd06fd
Palantir,Lever,USG Administrative Business Partner,Administrative,,"Washington, D.C.",US (CONUS),Full-time,60000,110000,year,,https://jobs.lever.co/palantir/e0857612-4181-4f8e-8421-2609e7951b7b
Palantir,Lever,Web Application Developer - Defense,Dev,,"Washington, D.C.",US (CONUS),Full-time,135000,200000,year,Bachelor's,https://jobs.lever.co/palantir/4255e21c-d0f2-4f57-b5db-1f65830d6425
Palantir,Lever,Web Application Developer - Defense,Dev,,"New York, NY",US (CONUS),Full-time,135000,200000,year,Bachelor's,https://jobs.lever.co/palantir/6a82fd06-5754-46c2-8214-9ca4cd89fb9d
Palantir,Lever,Web Application Developer - Defense,Dev,,"Palo Alto, CA",US (CONUS),Full-time,135000,200000,year,Bachelor's,https://jobs.lever.co/palantir/96e4295f-3af7-48e5-a2c8-74622eaf5587
Palantir,Lever,Web Design Engineer,Communications,,"New York, NY",US (CONUS),Full-time,,,,,https://jobs.lever.co/palantir/a3eaa0ef-3378-495f-8308-edbd9a93d26c
Palantir,Lever,Workplace Operations Analyst,Core Operations,,"Abu Dhabi, United Arab Emirates",International,Fixed-Term,,,,,https://jobs.lever.co/palantir/e6be4159-c8d1-481d-ad15-13274861b795
Palantir,Lever,"Year at Palantir - Forward Deployed Software Engineer, Internship - Commercial",Delta,,"Chicago, IL",US (CONUS),Internship,,,,Degree (unspecified),https://jobs.lever.co/palantir/75cc1c09-8ebd-44c8-b3bc-d122cd1fecb3
Palantir,Lever,"Year at Palantir - Forward Deployed Software Engineer, Internship - Commercial",Delta,,"New York, NY",US (CONUS),Internship,,,,Degree (unspecified),https://jobs.lever.co/palantir/e6789b17-62fb-4226-a079-f8c17ff19e2d
Palantir,Lever,"Year at Palantir - Forward Deployed Software Engineer, Internship - USG",Delta,,"Washington, D.C.",US (CONUS),Internship,,,,Degree (unspecified),https://jobs.lever.co/palantir/5c4c65c5-77da-4d36-856c-4ade87631019
Palantir,Lever,"Year at Palantir - Forward Deployed Software Engineer, Internship - USG",Delta,,"New York, NY",US (CONUS),Internship,,,,Degree (unspecified),https://jobs.lever.co/palantir/5c7bb70c-83ea-43e7-8055-0c8f319f4333
Palantir,Lever,"Year at Palantir - Software Engineer, Internship",Dev,,"New York, NY",US (CONUS),Internship,,,,Degree (unspecified),https://jobs.lever.co/palantir/655f9937-a4ce-4e7d-80e2-a6659af07329
Saronic,Ashby,Accuracy Control Engineer (All Levels),Port Alpha,,"Austin, TX",US (CONUS),Full-time,,,,Bachelor's,https://jobs.ashbyhq.com/saronic/caa9a304-f5a8-4b22-919b-d58cdcbc2ca2
Saronic,Ashby,Associate Product Manager,Product Eng,,"Austin, TX",US (CONUS),Full-time,,,,Bachelor's,https://jobs.ashbyhq.com/saronic/faedc1a5-99c2-41c8-a7ce-8329084b0224
Saronic,Ashby,Autonomous Sea Trials Test Planner,Manufacturing,,"New Orleans, LA",US (CONUS),Full-time,,,,Bachelor's,https://jobs.ashbyhq.com/saronic/4e2a659b-c40d-4c52-a9a8-cd8b064eaf0b
Saronic,Ashby,Autonomy Integration Build Engineer,Engineering,,"Franklin, LA",US (CONUS),Full-time,,,,Bachelor's,https://jobs.ashbyhq.com/saronic/0d91b776-e15c-4c76-b7c3-5ce994232edc
Saronic,Ashby,Brand Designer,Design & Marketing,,"Austin, TX",US (CONUS),Full-time,,,,Bachelor's,https://jobs.ashbyhq.com/saronic/d84dd392-bfce-43dc-bf57-17a2883be8bd
Saronic,Ashby,Business Development Manager – Special Operations (SOCOM),Business Development,,"Tampa, FL",US (CONUS),Full-time,,,,Bachelor's,https://jobs.ashbyhq.com/saronic/3f9c2d39-8502-43f2-b7df-04c8038e8ee9
Saronic,Ashby,CNC Programmer,Manufacturing,,"Franklin, LA",US (CONUS),Full-time,,,,Associate/HS,https://jobs.ashbyhq.com/saronic/339d3542-773d-48b7-9a68-bd9bcebded97
Saronic,Ashby,Camera Optomechanical Engineer,Engineering,,"Austin, TX",US (CONUS),Full-time,,,,Bachelor's,https://jobs.ashbyhq.com/saronic/ed16a95b-8c65-4f95-afed-5682c58e3b57
Saronic,Ashby,Civil/Site Engineer – Infrastructure,Operations,,"Austin, TX",US (CONUS),Full-time,,,,Bachelor's,https://jobs.ashbyhq.com/saronic/18062017-1191-4f45-a115-9aed563e54e0
Saronic,Ashby,"Commissioning Chief Engineer, Marauder",Manufacturing,,"Franklin, LA",US (CONUS),Full-time,,,,Associate/HS,https://jobs.ashbyhq.com/saronic/764ea3db-8d4e-4c6b-adb2-8313dec1ad36
Saronic,Ashby,"Commissioning Engineer – Propulsion, Electrical, & Mechanical Systems",Manufacturing,,"Franklin, LA",US (CONUS),Full-time,,,,Associate/HS,https://jobs.ashbyhq.com/saronic/86a5c4d4-819f-42cd-9ccf-d888ec0e950f
Saronic,Ashby,"Commissioning Master Mariner, Marauder",Manufacturing,,"Franklin, LA",US (CONUS),Full-time,,,,Master's,https://jobs.ashbyhq.com/saronic/5b33d8fd-8ca3-44f2-b58b-159b9abb885d
Saronic,Ashby,"Commissioning Mate, Marauder",Manufacturing,,"Franklin, LA",US (CONUS),Full-time,,,,,https://jobs.ashbyhq.com/saronic/3cb8c370-257e-4e87-b9a5-903897916408
Saronic,Ashby,Commodity Manager,Manufacturing,,"Austin, TX",US (CONUS),Full-time,,,,Bachelor's,https://jobs.ashbyhq.com/saronic/76e34425-946e-4114-ba5b-ee74b03bf573
Saronic,Ashby,Contracts Manager,Business Development,,"Arlington, VA",US (CONUS),Full-time,,,,Bachelor's,https://jobs.ashbyhq.com/saronic/052e80ae-4870-4151-b70d-1204486d46cc
Saronic,Ashby,Contracts Manager,Business Development,,"Austin, TX",US (CONUS),Full-time,,,,Bachelor's,https://jobs.ashbyhq.com/saronic/11726ce3-b63a-4bf3-9fc3-ec8475144452
Saronic,Ashby,Controls System Engineer,Manufacturing,,"Franklin, LA",US (CONUS),Full-time,,,,Bachelor's,https://jobs.ashbyhq.com/saronic/a62ce18c-8048-4a80-b368-96f7e4585a9c
Saronic,Ashby,Controls System Technician,Manufacturing,,"New Orleans, LA",US (CONUS),Full-time,,,,Associate/HS,https://jobs.ashbyhq.com/saronic/4e997de0-bd5b-4af3-8330-4fe161e0fe0c
Saronic,Ashby,Corporate Development Manager,Corporate Development,,"Austin, TX",US (CONUS),Full-time,,,,,https://jobs.ashbyhq.com/saronic/57613eb6-c750-4cb3-841a-651238eaa685
Saronic,Ashby,Deputy Program Manager - SOCOM,Business Development,,"San Diego, CA",US (CONUS),Full-time,,,,Bachelor's,https://jobs.ashbyhq.com/saronic/4e9b824e-e59a-4559-86e6-87ac526419b4
Saronic,Ashby,Diesel Mechanic,Mission Ops,,"San Diego, CA",US (CONUS),Full-time,,,,Associate/HS,https://jobs.ashbyhq.com/saronic/22c88269-6317-40f2-aa43-67511959b37f
Saronic,Ashby,Diesel Mechanic,Mission Ops,,"London, UK",International,Full-time,,,,Associate/HS,https://jobs.ashbyhq.com/saronic/f5e6aecd-7ff9-4537-850e-764979ad4408
Saronic,Ashby,Director of Supply Chain,Manufacturing,,"Franklin, LA",US (CONUS),Full-time,,,,Bachelor's,https://jobs.ashbyhq.com/saronic/f70c30d9-57de-45f3-993f-2eef3491b64d
Saronic,Ashby,"Director, Integrated Business Tools",Enterprise Technology,,"Austin, TX",US (CONUS),Full-time,,,,,https://jobs.ashbyhq.com/saronic/bf9953a0-294d-4dd5-8c23-162ecd4b561e
Saronic,Ashby,Documentation Operations Lead,Operations,,"Austin, TX",US (CONUS),Full-time,,,,Master's,https://jobs.ashbyhq.com/saronic/2f5fb058-0216-4029-a8c2-4dcd803a23bc
Saronic,Ashby,EHS Specialist,Operations,,"Franklin, LA",US (CONUS),Full-time,,,,Bachelor's,https://jobs.ashbyhq.com/saronic/2dcd745e-ebfa-40cd-9ba4-4f4756304134
Saronic,Ashby,EHS Specialist,Operations,,"Arlington, VA",US (CONUS),Full-time,,,,Bachelor's,https://jobs.ashbyhq.com/saronic/418c6b89-a7e4-41bb-8eb8-894141b82111
Saronic,Ashby,EHS Trainer,Operations,,"Franklin, LA",US (CONUS),Full-time,,,,Bachelor's,https://jobs.ashbyhq.com/saronic/65372ecf-b427-4302-ae1d-1ee611cfa19d
Saronic,Ashby,Electrical Build Engineer,Engineering,,"Franklin, LA",US (CONUS),Full-time,,,,Bachelor's,https://jobs.ashbyhq.com/saronic/91b860da-c8da-4737-8643-962a29737f76
Saronic,Ashby,Electrical Drafter,Engineering,,"Austin, TX",US (CONUS),Full-time,,,,Associate/HS,https://jobs.ashbyhq.com/saronic/16ee137d-f37a-4094-b921-8d08705e1d2d
Saronic,Ashby,Electrical Engineer,Engineering,,"Austin, TX",US (CONUS),Full-time,,,,Bachelor's,https://jobs.ashbyhq.com/saronic/5353e481-3810-4a68-a09c-28235a17e086
Saronic,Ashby,Electrical Engineer - Infrastructure,Operations,,"Austin, TX",US (CONUS),Full-time,,,,Bachelor's,https://jobs.ashbyhq.com/saronic/d098c39c-c4a8-4218-93f8-3ce364de6b7e
Saronic,Ashby,Electrical Engineer – Radio Frequency (RF) Systems,Engineering,,"Austin, TX",US (CONUS),Full-time,,,,Bachelor's,https://jobs.ashbyhq.com/saronic/2201604e-606b-45c2-a4e6-9fd9088813f5
Saronic,Ashby,Electrical Engineer – UUVs & Undersea Electronics,Engineering,,"Austin, TX",US (CONUS),Full-time,,,,Bachelor's,https://jobs.ashbyhq.com/saronic/05c92ce4-4c7f-4bc8-a9ac-5675e76e4479
Saronic,Ashby,Electrical Engineering Technician - Radio Frequency,Engineering,,"Austin, TX",US (CONUS),Full-time,,,,Associate/HS,https://jobs.ashbyhq.com/saronic/38dc2972-7b57-4f65-a1d4-f6e3ce105ee3
Saronic,Ashby,Engineering Project Manager,Operations,,"Austin, TX",US (CONUS),Full-time,,,,Bachelor's,https://jobs.ashbyhq.com/saronic/3a9bdf54-72f3-4d34-a982-200e982305d7
Saronic,Ashby,Equity Plan Manager,People,,"Austin, TX",US (CONUS),Full-time,,,,,https://jobs.ashbyhq.com/saronic/085652cf-8ae6-4c2b-aac3-e4da6e170819
Saronic,Ashby,Executive Assistant,People,,"Austin, TX",US (CONUS),Full-time,,,,,https://jobs.ashbyhq.com/saronic/f5224c9c-bd7b-4805-9c14-a0c41492cf56
Saronic,Ashby,Fitter,Manufacturing,,"Franklin, LA",US (CONUS),Full-time,,,,,https://jobs.ashbyhq.com/saronic/0d5f0adc-adc9-45e4-b195-5088c2611f29
Saronic,Ashby,Forward Deployed Software Engineer,Software Eng,,"San Diego, CA",US (CONUS),Full-time,,,,,https://jobs.ashbyhq.com/saronic/4bd52e96-1903-4d2a-8e04-0e4d8851059e
Saronic,Ashby,Forward Deployed Software Engineer,Software Eng,,"Austin, TX",US (CONUS),Full-time,,,,,https://jobs.ashbyhq.com/saronic/f33184f4-52ef-4b75-b644-2a7d6d525118
Saronic,Ashby,Foundry Full Stack Engineer,Enterprise Technology,,"Austin, TX",US (CONUS),Full-time,,,,Bachelor's,https://jobs.ashbyhq.com/saronic/1f5f5ae8-7f79-4c69-8ab6-7b2f2c02763f
Saronic,Ashby,Foundry Software Architect,Enterprise Technology,,"Austin, TX",US (CONUS),Full-time,,,,Bachelor's,https://jobs.ashbyhq.com/saronic/4fcabd45-10ca-4e37-9f97-9ee71cba3efe
Saronic,Ashby,Global Security Operations Center (GSOC) Operator,Operations,,"Austin, TX",US (CONUS),Full-time,,,,Bachelor's,https://jobs.ashbyhq.com/saronic/404e7bcd-e794-4409-934f-2d8190ed5371
Saronic,Ashby,Hardware Engineer - Forward Deployed,Software Eng,,"San Diego, CA",US (CONUS),Full-time,,,,Bachelor's,https://jobs.ashbyhq.com/saronic/11ba12ec-5438-4c90-b493-62f3a4664051
Saronic,Ashby,Hardware Engineer - Forward Deployed,Software Eng,,"Austin, TX",US (CONUS),Full-time,,,,Bachelor's,https://jobs.ashbyhq.com/saronic/abb1c82f-73b7-40e3-b822-906d699dbe3e
Saronic,Ashby,IT Infrastructure Manager,Enterprise Technology,,"Austin, TX",US (CONUS),Full-time,,,,Bachelor's,https://jobs.ashbyhq.com/saronic/ae83a732-101b-4457-bca1-a7cf57d8b857
Saronic,Ashby,IT Technician,Enterprise Technology,,"New Orleans, LA",US (CONUS),Full-time,,,,Bachelor's,https://jobs.ashbyhq.com/saronic/b4efdbf3-095a-43dd-b08c-99120a7d1bb9
Saronic,Ashby,IT Technician,Enterprise Technology,,"Virginia Beach, VA",US (CONUS),Full-time,,,,Bachelor's,https://jobs.ashbyhq.com/saronic/c73740b5-d270-4f27-b822-b925ff9b16d9
Saronic,Ashby,Industrial Engineer,Manufacturing,,"Franklin, LA",US (CONUS),Full-time,,,,Bachelor's,https://jobs.ashbyhq.com/saronic/e07f9fa6-c574-43c7-bf53-adc2f73e34a9
Saronic,Ashby,Internal Communications Manager,Design & Marketing,,"Austin, TX",US (CONUS),Full-time,,,,,https://jobs.ashbyhq.com/saronic/722c5252-567d-4a20-bc55-72e4aa0466d3
Saronic,Ashby,International Business Development & Defense Cooperation Manager,Business Development,,"Arlington, VA",US (CONUS),Full-time,,,,Bachelor's,https://jobs.ashbyhq.com/saronic/81680f8f-f9be-4c33-bad4-1b4a9c064a1f
Saronic,Ashby,Inventory Control Specialist,Manufacturing,,"Franklin, LA",US (CONUS),Full-time,,,,Associate/HS,https://jobs.ashbyhq.com/saronic/e9621c11-6d9d-41fd-bc40-a09db0ecb35b
Saronic,Ashby,"Junior Technical Writer, Composites",Operations,,"Austin, TX",US (CONUS),Full-time,,,,Bachelor's,https://jobs.ashbyhq.com/saronic/9230c2a7-e4a6-4393-990e-f08abd3ac2ea
Saronic,Ashby,Machinist,Manufacturing,,"Franklin, LA",US (CONUS),Full-time,,,,Associate/HS,https://jobs.ashbyhq.com/saronic/898556c0-de7c-42f5-9cda-16daa0963a3d
Saronic,Ashby,Maintenance Technician,Manufacturing,,"Franklin, LA",US (CONUS),Full-time,,,,,https://jobs.ashbyhq.com/saronic/2c158f3a-4a59-41c8-b387-b3395b99860e
Saronic,Ashby,Manager - Special Programs,Product Eng,,"Austin, TX",US (CONUS),Full-time,,,,Bachelor's,https://jobs.ashbyhq.com/saronic/90481fdd-4181-4071-a859-483e18756c2e
Saronic,Ashby,"Manager, Enterprise Technology – Technical Delivery",Enterprise Technology,,"Austin, TX",US (CONUS),Full-time,,,,Bachelor's,https://jobs.ashbyhq.com/saronic/9d03dfbd-bac9-409c-b0d2-5399104e0e0b
Saronic,Ashby,Manufacturing Engineer,Manufacturing,,"Franklin, LA",US (CONUS),Full-time,,,,Bachelor's,https://jobs.ashbyhq.com/saronic/da72b14c-4473-4df0-ba3f-08afd772a6ea
Saronic,Ashby,Manufacturing Systems Engineer,Manufacturing,,"Franklin, LA",US (CONUS),Full-time,,,,Bachelor's,https://jobs.ashbyhq.com/saronic/cd6ce7c6-d0f4-4383-b34a-fe3cf4c93132
Saronic,Ashby,Manufacturing Systems Engineering Technician,Manufacturing,,"Franklin, LA",US (CONUS),Full-time,,,,Bachelor's,https://jobs.ashbyhq.com/saronic/6799cc7a-2128-4e8e-825d-d9210c5a17d1
Saronic,Ashby,Marine Alignment Technician,Manufacturing,,"Franklin, LA",US (CONUS),Full-time,,,,Associate/HS,https://jobs.ashbyhq.com/saronic/8a7a12ca-9d53-4242-9c9e-f5d1d37bc83f
Saronic,Ashby,Marine Build Engineer,Engineering,,"Franklin, LA",US (CONUS),Full-time,,,,Bachelor's,https://jobs.ashbyhq.com/saronic/c03ba43f-127b-4172-ba41-7a6185ccf852
Saronic,Ashby,Marine Design Manager,Engineering,,"New Orleans, LA",US (CONUS),Full-time,,,,Bachelor's,https://jobs.ashbyhq.com/saronic/d89a834b-6f5a-4ce3-b9cb-c706d97a2f1d
Saronic,Ashby,Marine Designer/Drafter,Engineering,,"New Orleans, LA",US (CONUS),Full-time,,,,Associate/HS,https://jobs.ashbyhq.com/saronic/a29a5458-ab28-4265-b13a-b93dc2599bc4
Saronic,Ashby,Marine Mechanical Engineer,Engineering,,"Austin, TX",US (CONUS),Full-time,,,,Bachelor's,https://jobs.ashbyhq.com/saronic/da8652a6-0da8-4d9e-bc59-a219046b0c7d
Saronic,Ashby,Marine Quality Inspector,Manufacturing,,"Franklin, LA",US (CONUS),Full-time,,,,,https://jobs.ashbyhq.com/saronic/125746c7-efe1-496e-b4e0-f578cf321a3f
Saronic,Ashby,Materials Lead,Manufacturing,,"Austin, TX",US (CONUS),Full-time,,,,,https://jobs.ashbyhq.com/saronic/25450448-b7c1-4269-9c5c-21c6444eb494
Saronic,Ashby,Materials Supervisor,Manufacturing,,"Franklin, LA",US (CONUS),Full-time,,,,Bachelor's,https://jobs.ashbyhq.com/saronic/a9050093-5d77-4054-bb6c-06280eb68800
Saronic,Ashby,Mechanical Build Engineer,Engineering,,"Franklin, LA",US (CONUS),Full-time,,,,Bachelor's,https://jobs.ashbyhq.com/saronic/a64df354-522c-4b9b-8b38-0a00fca519bd
Saronic,Ashby,Mechanical Design Build Engineer,Engineering,,"Austin, TX",US (CONUS),Full-time,,,,Bachelor's,https://jobs.ashbyhq.com/saronic/5f588e46-5bd6-428a-8f3b-a045262bbe14
Saronic,Ashby,Mechanical Design Drafter (Hardware),Engineering,,"Austin, TX",US (CONUS),Full-time,,,,Bachelor's,https://jobs.ashbyhq.com/saronic/7232abe3-f5b9-4a2e-b41f-b4cabe43ea50
Saronic,Ashby,Mechanical Engineer - Special Programs,Product Eng,,"Austin, TX",US (CONUS),Full-time,,,,,https://jobs.ashbyhq.com/saronic/8e6399b9-2a1b-42f4-90f9-fcfabc51ac2f
Saronic,Ashby,Mechanical Engineer – Infrastructure,Operations,,"Austin, TX",US (CONUS),Full-time,,,,Bachelor's,https://jobs.ashbyhq.com/saronic/8ce12769-a09a-403f-bcb2-afb9888ab6a0
Saronic,Ashby,"Mechanical Engineer, Hardware Integration",Engineering,,"Austin, TX",US (CONUS),Full-time,,,,Bachelor's,https://jobs.ashbyhq.com/saronic/44fd5e00-0ddf-4efb-8e81-18caddc331b1
Saronic,Ashby,"Mission Operations Chief Engineer, MUSV",Mission Ops,,"Austin, TX",US (CONUS),Full-time,,,,Bachelor's,https://jobs.ashbyhq.com/saronic/902f938d-ca23-4e9f-895a-cc26da503434
Saronic,Ashby,Mission Operations Engineer,Mission Ops,,"Austin, TX",US (CONUS),Full-time,,,,Bachelor's,https://jobs.ashbyhq.com/saronic/2e889023-7a6d-42d8-bc6a-27a60c7d22b1
Saronic,Ashby,Mission Operations Engineer (Platform - UUV),Mission Ops,,"San Diego, CA",US (CONUS),Full-time,,,,Bachelor's,https://jobs.ashbyhq.com/saronic/f73913ec-a836-4160-b84b-7634f55988cc
Saronic,Ashby,Mission Operations Engineer (Product),Mission Ops,,"Virginia Beach, VA",US (CONUS),Full-time,,,,Bachelor's,https://jobs.ashbyhq.com/saronic/7d4461fa-0c32-45e5-8522-1e18ddd9135a
Saronic,Ashby,Mission Operations Engineer (Program),Mission Ops,,"Austin, TX",US (CONUS),Full-time,,,,Bachelor's,https://jobs.ashbyhq.com/saronic/c07e77a4-054f-41a5-911d-d866dcfe028a
Saronic,Ashby,Mission Operations Engineer – Technical Instructor,Mission Ops,,"Virginia Beach, VA",US (CONUS),Full-time,,,,Bachelor's,https://jobs.ashbyhq.com/saronic/063dadf2-154e-46c1-88b5-c56e6aedb29d
Saronic,Ashby,Mission Operations Engineer – Technical Instructor,Mission Ops,,"San Diego, CA",US (CONUS),Full-time,,,,Bachelor's,https://jobs.ashbyhq.com/saronic/b25f3085-57cb-41e2-9e52-9d75c3dd4d43
Saronic,Ashby,"Mission Operations Manager, MUSV",Mission Ops,,"Austin, TX",US (CONUS),Full-time,,,,Bachelor's,https://jobs.ashbyhq.com/saronic/3d3e04a2-5153-4fee-93f2-b242efb5656e
Saronic,Ashby,"Mission Operations Master, MUSV",Mission Ops,,"Austin, TX",US (CONUS),Full-time,,,,Bachelor's,https://jobs.ashbyhq.com/saronic/d3ad80db-8508-4677-95d6-93c5d7a33815
Saronic,Ashby,"Mission Operations Mate, MUSV",Mission Ops,,"Austin, TX",US (CONUS),Full-time,,,,Bachelor's,https://jobs.ashbyhq.com/saronic/fa61107a-c799-4767-ab0d-4499e9f00c75
Saronic,Ashby,"Mission Operations Operator, ALPV",Mission Ops,,"Austin, TX",US (CONUS),Full-time,,,,Bachelor's,https://jobs.ashbyhq.com/saronic/e77ffe62-52e3-4e24-991e-7494332fba37
Saronic,Ashby,Mission Operations Specialist (Product),Mission Ops,,"San Diego, CA",US (CONUS),Full-time,,,,Bachelor's,https://jobs.ashbyhq.com/saronic/352e0463-e7a1-4238-b6ba-f1acd8a607b8
Saronic,Ashby,Mission Operations Specialist (Product),Mission Ops,,"Virginia Beach, VA",US (CONUS),Full-time,,,,Bachelor's,https://jobs.ashbyhq.com/saronic/a928e429-5633-4c26-89f9-19a42b82ac0d
Saronic,Ashby,Mission Operations Specialist (Product),Mission Ops,,"Austin, TX",US (CONUS),Full-time,,,,Bachelor's,https://jobs.ashbyhq.com/saronic/c2838c16-1097-4598-bbe6-78b99c1aeb8d
Saronic,Ashby,Mission Operations Specialist (Program),Mission Ops,,"Austin, TX",US (CONUS),Full-time,,,,Bachelor's,https://jobs.ashbyhq.com/saronic/b0b3302b-a6ea-4fe0-bef8-b4c045850dc4
Saronic,Ashby,Mission Operations Specialist (Program),Mission Ops,,"San Diego, CA",US (CONUS),Full-time,,,,Bachelor's,https://jobs.ashbyhq.com/saronic/d01d4903-eef6-45f6-83b8-06b40abae2d5
Saronic,Ashby,Mission Operations Specialist (Program),Mission Ops,,"Virginia Beach, VA",US (CONUS),Full-time,,,,Bachelor's,https://jobs.ashbyhq.com/saronic/d39cdcaf-a827-4ee3-a55e-2c664a5a9884
Saronic,Ashby,Mission Operations Specialist - UK,Mission Ops,,"Portsmouth, UK",International,Full-time,,,,Bachelor's,https://jobs.ashbyhq.com/saronic/4963035d-84f5-4488-9964-c63b1e6660c9
Saronic,Ashby,"Mission Operations Specialist, Training",Mission Ops,,"San Diego, CA",US (CONUS),Full-time,,,,Bachelor's,https://jobs.ashbyhq.com/saronic/67cd78df-1089-4cb8-9685-81faad6df0cf
Saronic,Ashby,"Mission Operations Specialist, Training",Mission Ops,,"Virginia Beach, VA",US (CONUS),Full-time,,,,Bachelor's,https://jobs.ashbyhq.com/saronic/c649e723-b389-4b43-93f3-7eb80d030c3e
Saronic,Ashby,"Mission Operations Sustainment Engineer, MUSV",Mission Ops,,"Austin, TX",US (CONUS),Full-time,,,,Bachelor's,https://jobs.ashbyhq.com/saronic/bb0ed7e9-09b8-423f-a394-1738390851f7
Saronic,Ashby,NPI Quality Engineer - Mechanical,Manufacturing,,"Austin, TX",US (CONUS),Full-time,,,,Bachelor's,https://jobs.ashbyhq.com/saronic/b6f96b31-7549-47a4-aa58-adb6eb284583
Saronic,Ashby,Naval Architect Manager,Engineering,,"New Orleans, LA",US (CONUS),Full-time,,,,Bachelor's,https://jobs.ashbyhq.com/saronic/e9083c53-55bc-41f4-8e7d-b13ff5809b44
Saronic,Ashby,Naval Architect – Commercial Vessels,Engineering,,"Austin, TX",US (CONUS),Full-time,,,,Bachelor's,https://jobs.ashbyhq.com/saronic/31921c47-e37d-4144-af5b-7fda3414bb16
Saronic,Ashby,"Operations Specialist, Forward Deployed Engineering",Software Eng,,"Austin, TX",US (CONUS),Full-time,,,,Bachelor's,https://jobs.ashbyhq.com/saronic/920e7886-7419-4fe1-a12e-590c136c52de
Saronic,Ashby,Outfit Build Engineer,Engineering,,"Franklin, LA",US (CONUS),Full-time,,,,Bachelor's,https://jobs.ashbyhq.com/saronic/60ab7f87-0179-436a-ac5e-d4fb0e784270
Saronic,Ashby,Outside Machinist,Manufacturing,,"Franklin, LA",US (CONUS),Full-time,,,,,https://jobs.ashbyhq.com/saronic/2be56c52-493b-40c3-95a0-4a2847fda616
Saronic,Ashby,PLM Business Systems Analyst,Enterprise Technology,,"Austin, TX",US (CONUS),Full-time,,,,Bachelor's,https://jobs.ashbyhq.com/saronic/497fe435-eaa8-4513-94a7-6a6ee76cca5d
Saronic,Ashby,People Business Partner,People,,"Franklin, LA",US (CONUS),Full-time,,,,Bachelor's,https://jobs.ashbyhq.com/saronic/7ac67e6d-b3ad-4ebc-99ce-a41536991839
Saronic,Ashby,People Business Partner Manager,People,,"Austin, TX",US (CONUS),Full-time,,,,Bachelor's,https://jobs.ashbyhq.com/saronic/a20a6302-cb85-4c29-b52b-d0148af1743a
Saronic,Ashby,People Project Manager,People,,"Austin, TX",US (CONUS),Full-time,,,,Bachelor's,https://jobs.ashbyhq.com/saronic/b331c231-6e91-4046-a388-a61ddd2f3301
Saronic,Ashby,Perception Hardware Engineer,Engineering,,"Austin, TX",US (CONUS),Full-time,,,,Bachelor's,https://jobs.ashbyhq.com/saronic/71265a74-1b2e-41ab-9533-098ce455961b
Saronic,Ashby,Perception and Autonomy Engineer,Software Eng,,"Austin, TX",US (CONUS),Full-time,,,,,https://jobs.ashbyhq.com/saronic/36bc1c45-abbf-47dc-8fcb-11570da920bb
Saronic,Ashby,Physical Security Senior Systems Administrator,Operations,,"Austin, TX",US (CONUS),Full-time,,,,,https://jobs.ashbyhq.com/saronic/6ee68774-c274-4c63-92a7-da8a7dc015ff
Saronic,Ashby,Porter/Driver,Manufacturing,,"Austin, TX",US (CONUS),Full-time,,,,Associate/HS,https://jobs.ashbyhq.com/saronic/866d4db6-80ce-4439-ae61-b32052ea1495
Saronic,Ashby,Principal Mechanical Engineer,Engineering,,"Austin, TX",US (CONUS),Full-time,,,,Bachelor's,https://jobs.ashbyhq.com/saronic/23f9250b-eed0-49f3-a674-1b7be47fe452
Saronic,Ashby,Procurement Coordinator,Manufacturing,,"Austin, TX",US (CONUS),Full-time,,,,Bachelor's,https://jobs.ashbyhq.com/saronic/7acd8b24-5484-4f15-bb09-20f0fbb7d31e
Saronic,Ashby,Product Designer (UI/UX),Design & Marketing,,"Austin, TX",US (CONUS),Full-time,,,,,https://jobs.ashbyhq.com/saronic/fe712a36-0fb9-484c-9b89-4b4fae505a95
Saronic,Ashby,Product Manager,Product Eng,,"Austin, TX",US (CONUS),Full-time,,,,Bachelor's,https://jobs.ashbyhq.com/saronic/b774434d-16d8-4b08-bb61-254b6ee71634
Saronic,Ashby,Production Engineering Manager,Port Alpha,,"Austin, TX",US (CONUS),Full-time,,,,,https://jobs.ashbyhq.com/saronic/aee39549-ee6a-405d-876c-f30b905fd9c4
Saronic,Ashby,"Program Manager, Marauder",Business Development,,"Austin, TX",US (CONUS),Full-time,,,,Bachelor's,https://jobs.ashbyhq.com/saronic/e3eca1a8-5c97-4659-9d68-cbf8b6247501
Saronic,Ashby,"Program Manager, Mission Package Integration",Business Development,,"Austin, TX",US (CONUS),Full-time,,,,Bachelor's,https://jobs.ashbyhq.com/saronic/6029aa77-cc86-4e06-a3b7-438bd2e2dece
Saronic,Ashby,Quality Engineer – Accuracy Control,Manufacturing,,"Franklin, LA",US (CONUS),Full-time,,,,Bachelor's,https://jobs.ashbyhq.com/saronic/d2330bfb-ea14-4095-b1a5-af751bc95315
Saronic,Ashby,Recruiter,People,,"Austin, TX",US (CONUS),Full-time,,,,Bachelor's,https://jobs.ashbyhq.com/saronic/ad3c297a-af26-4a74-9c61-45bea0809f74
Saronic,Ashby,Recruiting Operations Specialist,People,,"Austin, TX",US (CONUS),Full-time,,,,,https://jobs.ashbyhq.com/saronic/d719bc4c-8fd5-4d66-8f17-3eaffc2a9768
Saronic,Ashby,Salesforce Business System Analyst,Enterprise Technology,,"Austin, TX",US (CONUS),Full-time,,,,Bachelor's,https://jobs.ashbyhq.com/saronic/3047298d-a9a7-45bc-9a5d-bfe9a8f1e40b
Saronic,Ashby,"Security Engineer, AI Platform Engineering",Software Eng,,"Austin, TX",US (CONUS),Full-time,,,,,https://jobs.ashbyhq.com/saronic/70d12fb4-31ac-4f7e-a7ab-9e172ee4d1e1
Saronic,Ashby,"Security Engineer, Application Security",Software Eng,,"Austin, TX",US (CONUS),Full-time,,,,,https://jobs.ashbyhq.com/saronic/127af12f-be14-45d6-9085-fd4b7b347134
Saronic,Ashby,"Security Engineer, Cloud Security",Software Eng,,"Austin, TX",US (CONUS),Full-time,,,,,https://jobs.ashbyhq.com/saronic/a4eb5041-a719-4448-b350-ce7d9ead0b6b
Saronic,Ashby,"Security Engineer, Cyber Threat Intelligence",Software Eng,,"Austin, TX",US (CONUS),Full-time,,,,,https://jobs.ashbyhq.com/saronic/2e831f46-b2ec-4a43-99a3-1990808224e5
Saronic,Ashby,"Security Engineer, Detection Engineering",Software Eng,,"Austin, TX",US (CONUS),Full-time,,,,,https://jobs.ashbyhq.com/saronic/61770fb7-97a5-4be3-9556-32b2ff522e6d
Saronic,Ashby,"Security Engineer, Network Security",Software Eng,,"Austin, TX",US (CONUS),Full-time,,,,,https://jobs.ashbyhq.com/saronic/724d2a06-77d0-4ed6-bdf8-38adfbbe07c4
Saronic,Ashby,Security Liaison,Operations,,"Austin, TX",US (CONUS),Contract,,,,Associate/HS,https://jobs.ashbyhq.com/saronic/16d41ab4-4704-44b6-8d4c-233a156cffd2
Saronic,Ashby,Security Operations Analyst,Software Eng,,"Austin, TX",US (CONUS),Full-time,,,,,https://jobs.ashbyhq.com/saronic/47a3d837-cd15-4234-a02d-7fdde811fc69
Saronic,Ashby,"Senior Business Development Lead, Nordics",Business Development,,Denmark,International,Full-time,,,,Bachelor's,https://jobs.ashbyhq.com/saronic/774c8844-b385-4ce5-9f6f-7cc024076e39
Saronic,Ashby,Senior Buyer,Manufacturing,,"Austin, TX",US (CONUS),Full-time,,,,Bachelor's,https://jobs.ashbyhq.com/saronic/f08baa93-7f2e-4a49-90b2-783aa2ae8449
Saronic,Ashby,Senior CNC Machinist,Manufacturing,,"Austin, TX",US (CONUS),Full-time,,,,,https://jobs.ashbyhq.com/saronic/d53099bc-a97c-4396-a6a0-10da61ce7094
Saronic,Ashby,Senior Compensation Analyst,People,,"Austin, TX",US (CONUS),Full-time,,,,Bachelor's,https://jobs.ashbyhq.com/saronic/3c27f824-6a70-40b7-be4f-f3e0a21a47c3
Saronic,Ashby,Senior Contracts Manager – International,Business Development,,"Austin, TX",US (CONUS),Full-time,,,,Bachelor's,https://jobs.ashbyhq.com/saronic/e670671a-41aa-4998-9520-534a947b44a1
Saronic,Ashby,Senior Cost Accountant,Finance,,"Austin, TX",US (CONUS),Full-time,,,,Bachelor's,https://jobs.ashbyhq.com/saronic/e38b7530-81e6-4d81-8c98-b83ba66a66d0
Saronic,Ashby,"Senior Counsel, Regulatory",Legal,,"Austin, TX",US (CONUS),Full-time,,,,,https://jobs.ashbyhq.com/saronic/5eaa26fd-e63c-460f-ab26-42f344129ab0
Saronic,Ashby,Senior Electrical Engineer,Engineering,,"New Orleans, LA",US (CONUS),Full-time,,,,Bachelor's,https://jobs.ashbyhq.com/saronic/e7350b6c-55eb-4755-9a6e-20d30499b982
Saronic,Ashby,Senior Electrical Engineer,Engineering,,"Austin, TX",US (CONUS),Full-time,,,,Bachelor's,https://jobs.ashbyhq.com/saronic/eca81f2e-be8b-4a4d-ac93-07aaa3fc5c91
Saronic,Ashby,Senior Electrical Engineer - Platforms (Power Systems),Engineering,,"New Orleans, LA",US (CONUS),Full-time,,,,,https://jobs.ashbyhq.com/saronic/2e19243e-2d2d-4f02-974e-81a10b346a4d
Saronic,Ashby,Senior Electrical Engineer – Maritime Acoustic Sensor Systems,Engineering,,"Austin, TX",US (CONUS),Full-time,,,,Bachelor's,https://jobs.ashbyhq.com/saronic/9d5dd4ee-ff55-4234-9795-fd36e70ecc94
Saronic,Ashby,Senior Electrical Engineer – Navigation & Positioning Systems,Engineering,,"Austin, TX",US (CONUS),Full-time,,,,Bachelor's,https://jobs.ashbyhq.com/saronic/c05e1026-a103-4b41-bba0-6971431d7102
Saronic,Ashby,Senior Electrical Engineer – PCBA Schematic & Layout,Engineering,,"Austin, TX",US (CONUS),Full-time,,,,Bachelor's,https://jobs.ashbyhq.com/saronic/65628400-7c42-423c-aadc-1e13fb0189fc
Saronic,Ashby,Senior Electrical Engineer – Power Systems,Engineering,,"Austin, TX",US (CONUS),Full-time,,,,,https://jobs.ashbyhq.com/saronic/5dd8f711-3dba-4c51-8528-ff48ad1193c7
Saronic,Ashby,Senior Electrical Test Engineer,Engineering,,"Austin, TX",US (CONUS),Full-time,,,,Bachelor's,https://jobs.ashbyhq.com/saronic/e1bb2891-b2ff-4f67-a732-69ade388534a
Saronic,Ashby,Senior Engineering Project Manager,Operations,,"Austin, TX",US (CONUS),Full-time,,,,Bachelor's,https://jobs.ashbyhq.com/saronic/be3ad861-46bb-4159-9584-6220f0b67278
Saronic,Ashby,Senior Forward Deployed Software Engineer,Software Eng,,"Austin, TX",US (CONUS),Full-time,,,,,https://jobs.ashbyhq.com/saronic/76a91bbc-76a7-4987-a6a3-0f3849f644d9
Saronic,Ashby,Senior Forward Deployed Software Engineer,Software Eng,,"Arlington, VA",US (CONUS),Full-time,,,,,https://jobs.ashbyhq.com/saronic/c7d08e82-907e-4cee-8b50-bc2970df82f1
Saronic,Ashby,Senior Full Stack Engineer,Software Eng,,"Austin, TX",US (CONUS),Full-time,,,,Bachelor's,https://jobs.ashbyhq.com/saronic/aaf993ec-7263-4f03-8b3b-7c3bf200b7f2
Saronic,Ashby,"Senior Growth Manager, Navy",Business Development,,"Arlington, VA",US (CONUS),Full-time,,,,Bachelor's,https://jobs.ashbyhq.com/saronic/9612a6dd-78af-460d-b821-9f01f43a051e
Saronic,Ashby,"Senior Mission Operations Sustainment Engineer, MUSV",Mission Ops,,"Austin, TX",US (CONUS),Full-time,,,,Bachelor's,https://jobs.ashbyhq.com/saronic/1d8f72d3-3520-4d30-ae3d-82747c150caf
Saronic,Ashby,Senior NPI Quality Engineer - Electrical,Manufacturing,,"Austin, TX",US (CONUS),Full-time,,,,Bachelor's,https://jobs.ashbyhq.com/saronic/b74b8513-25cd-44ea-a16f-d821c2bde016
Saronic,Ashby,Senior Naval Architect,Engineering,,"Austin, TX",US (CONUS),Full-time,,,,Bachelor's,https://jobs.ashbyhq.com/saronic/f6d48859-4a8c-4854-81e9-31444b3ba60c
Saronic,Ashby,Senior Network Engineer,Enterprise Technology,,"Austin, TX",US (CONUS),Full-time,,,,Bachelor's,https://jobs.ashbyhq.com/saronic/0d610e35-2ee3-4a65-b813-cf3691bc2257
Saronic,Ashby,Senior Paralegal,Legal,,"Austin, TX",US (CONUS),Full-time,,,,Bachelor's,https://jobs.ashbyhq.com/saronic/2f68ddbf-888c-458e-b0ae-23d8ebc4e66c
Saronic,Ashby,Senior Proposals and Capture Manager,Business Development,,"Arlington, VA",US (CONUS),Full-time,,,,Bachelor's,https://jobs.ashbyhq.com/saronic/ddc9b7f7-e94a-41c6-8b34-c2035210e308
Saronic,Ashby,Senior Security Operations Analyst,Software Eng,,"Austin, TX",US (CONUS),Full-time,,,,,https://jobs.ashbyhq.com/saronic/be69a6b7-53d9-49dd-9294-1362c603006c
Saronic,Ashby,Senior Systems Engineer,Enterprise Technology,,"Austin, TX",US (CONUS),Full-time,,,,Bachelor's,https://jobs.ashbyhq.com/saronic/c77a1355-5cae-4aa9-bc77-01c3b2273bc8
Saronic,Ashby,Senior Systems Software Engineer,Software Eng,,"Austin, TX",US (CONUS),Full-time,,,,Bachelor's,https://jobs.ashbyhq.com/saronic/575fc898-0102-4396-88c8-b45b82abb775
Saronic,Ashby,Senior Systems Test Software Engineer,Software Eng,,"Austin, TX",US (CONUS),Full-time,,,,,https://jobs.ashbyhq.com/saronic/d5f30d63-303c-4899-8d68-c248c8d7905b
Saronic,Ashby,Senior Technical Sourcer,People,,"Austin, TX",US (CONUS),Full-time,,,,,https://jobs.ashbyhq.com/saronic/e87b9726-3a8f-4e72-b821-ebaeb3af2b58
Saronic,Ashby,Senior Wire Harness Design Engineer (EWIS),Engineering,,"Austin, TX",US (CONUS),Full-time,,,,Bachelor's,https://jobs.ashbyhq.com/saronic/24acc2bc-3f0d-4be5-821f-5ded585f485d
Saronic,Ashby,Senior Wire Harness Design Engineer (EWIS),Engineering,,"New Orleans, LA",US (CONUS),Full-time,,,,Bachelor's,https://jobs.ashbyhq.com/saronic/4f33e7bd-94bf-4687-a807-4618c0144e08
Saronic,Ashby,Senior/Lead Marine Designer/Drafter,Engineering,,"New Orleans, LA",US (CONUS),Full-time,,,,Associate/HS,https://jobs.ashbyhq.com/saronic/b4c33d43-b036-4177-b750-4ad9eed98d24
Saronic,Ashby,ServiceNow Developer,Enterprise Technology,,"Austin, TX",US (CONUS),Full-time,,,,,https://jobs.ashbyhq.com/saronic/9d70cd7f-5492-4a24-9196-2343d8277a7e
Saronic,Ashby,Ship Build Strategist,Manufacturing,,"Franklin, LA",US (CONUS),Full-time,,,,Bachelor's,https://jobs.ashbyhq.com/saronic/80624600-4236-4b10-a4b3-cac677f6e4de
Saronic,Ashby,Shipyard Build Strategy Engineer,Port Alpha,,"Brownsville, TX",US (CONUS),Full-time,,,,,https://jobs.ashbyhq.com/saronic/79a043f5-af3c-4737-aa1a-a36c2d49de16
Saronic,Ashby,Shipyard Contractor & Trade Partner Integration,Port Alpha,,"Austin, TX",US (CONUS),Full-time,,,,Bachelor's,https://jobs.ashbyhq.com/saronic/3abfb985-f349-44fd-84d2-be27ebe55b79
Saronic,Ashby,Shipyard Facilities Operations & Asset Reliability,Port Alpha,,"Austin, TX",US (CONUS),Full-time,,,,Bachelor's,https://jobs.ashbyhq.com/saronic/054bd28f-1072-4457-a5a2-4f1f906e0ae3
Saronic,Ashby,Shipyard Industrial Engineer,Manufacturing,,"Franklin, LA",US (CONUS),Full-time,,,,Bachelor's,https://jobs.ashbyhq.com/saronic/307bc374-a5ba-48a1-a514-4a6db43e5331
Saronic,Ashby,Shipyard Industrial Engineer,Port Alpha,,"Brownsville, TX",US (CONUS),Full-time,,,,Bachelor's,https://jobs.ashbyhq.com/saronic/9376684b-98b1-4e9f-b250-af22e1a92f22
Saronic,Ashby,Shipyard Manufacturing Engineering Manager,Manufacturing,,"Franklin, LA",US (CONUS),Full-time,,,,Degree (unspecified),https://jobs.ashbyhq.com/saronic/e78a8cee-bcf4-4635-8ffe-81068d79566c
Saronic,Ashby,Shipyard Optimization Manager,Port Alpha,,"Brownsville, TX",US (CONUS),Full-time,,,,,https://jobs.ashbyhq.com/saronic/5d18f9b4-e9b2-4b08-9e6e-6c4411b17c75
Saronic,Ashby,Shipyard Production Engineer,Manufacturing,,"Franklin, LA",US (CONUS),Full-time,,,,Bachelor's,https://jobs.ashbyhq.com/saronic/e3539993-a4c5-43f6-8235-ffee0b2e14c0
Saronic,Ashby,Shipyard Technical Manager,Manufacturing,,"Franklin, LA",US (CONUS),Full-time,,,,Degree (unspecified),https://jobs.ashbyhq.com/saronic/43834e25-fdf8-416c-975f-0ca6e49c87e3
Saronic,Ashby,Site Quality Manager (NDT Level 3),Port Alpha,,"Austin, TX",US (CONUS),Full-time,,,,,https://jobs.ashbyhq.com/saronic/c5b39511-91cb-477c-a9ca-f97d20f49687
Saronic,Ashby,Software Engineer - Special Programs,Product Eng,,"Austin, TX",US (CONUS),Full-time,,,,,https://jobs.ashbyhq.com/saronic/d86ffa3f-14e0-4ccd-afac-9130fe8b4b0a
Saronic,Ashby,"Software Engineer, Generalist",Software Eng,,"Austin, TX",US (CONUS),Full-time,,,,Bachelor's,https://jobs.ashbyhq.com/saronic/7054836e-c21d-4a59-985a-6da638218c1a
Saronic,Ashby,Staff Quality Engineer,Manufacturing,,"Austin, TX",US (CONUS),Full-time,,,,Bachelor's,https://jobs.ashbyhq.com/saronic/f8ba0971-af84-4b79-a831-e74d4bbe43ec
Saronic,Ashby,Staff/Principal Naval Architect,Engineering,,"Austin, TX",US (CONUS),Full-time,,,,Bachelor's,https://jobs.ashbyhq.com/saronic/8ebf3f99-1c42-48bb-9746-7010ff700a84
Saronic,Ashby,Structural Build Engineer,Engineering,,"Franklin, LA",US (CONUS),Full-time,,,,Bachelor's,https://jobs.ashbyhq.com/saronic/5da7a1e8-af87-4080-be0e-8f98433fe0f8
Saronic,Ashby,Structures Engineer,Engineering,,"Austin, TX",US (CONUS),Full-time,,,,Bachelor's,https://jobs.ashbyhq.com/saronic/93188e7d-4f14-461f-b034-b50145930819
Saronic,Ashby,Structures Test Engineer,Engineering,,"Austin, TX",US (CONUS),Full-time,,,,Bachelor's,https://jobs.ashbyhq.com/saronic/89c34139-0005-4bd5-aa25-845d56a76bd3
Saronic,Ashby,Sub-Assembly Technician,Manufacturing,,"Austin, TX",US (CONUS),Full-time,,,,Associate/HS,https://jobs.ashbyhq.com/saronic/5ca1fd9a-7fb4-4cc3-9bbb-831887ec1da4
Saronic,Ashby,Supply Chain Planner,Manufacturing,,"Austin, TX",US (CONUS),Full-time,,,,Bachelor's,https://jobs.ashbyhq.com/saronic/481e48e4-b5c8-40ae-a762-16bf595518a5
Saronic,Ashby,"Systems Architecture, Integration, and Test Engineer (Electrical and/or Software)",Engineering,,"Austin, TX",US (CONUS),Full-time,,,,Bachelor's,https://jobs.ashbyhq.com/saronic/1e3a3444-4218-4003-8442-660cc6163c9a
Saronic,Ashby,"Systems Architecture, Integration, and Test Engineer (Mechanical)",Engineering,,"Austin, TX",US (CONUS),Full-time,,,,Bachelor's,https://jobs.ashbyhq.com/saronic/85c2c8d6-4890-4440-be3d-72778b1948fe
Saronic,Ashby,"Systems Architecture, Integration, and Test Engineer (Test & Verification)",Engineering,,"Austin, TX",US (CONUS),Full-time,,,,Bachelor's,https://jobs.ashbyhq.com/saronic/2331c410-d2f9-4320-967b-40e17c89b239
Saronic,Ashby,Systems Software Engineer,Software Eng,,"Austin, TX",US (CONUS),Full-time,,,,Bachelor's,https://jobs.ashbyhq.com/saronic/e7e93e6e-1c61-45e6-8209-e6276564535d
Saronic,Ashby,"Systems Software Engineer, Generalist",Software Eng,,"Austin, TX",US (CONUS),Full-time,,,,,https://jobs.ashbyhq.com/saronic/c70261ad-4e3f-47a4-9032-020b9c899752
Saronic,Ashby,Technical Writer,Operations,,"Austin, TX",US (CONUS),Full-time,,,,Bachelor's,https://jobs.ashbyhq.com/saronic/3c9c69e9-c165-43bf-825c-f71d9d6aabed
Saronic,Ashby,"Technical Writer, Manufacturing",Operations,,"Austin, TX",US (CONUS),Full-time,,,,Bachelor's,https://jobs.ashbyhq.com/saronic/2bade3e9-0ef9-4ebf-8cca-52761794def7
Saronic,Ashby,"Technical Writer, Service",Operations,,"Austin, TX",US (CONUS),Full-time,,,,Bachelor's,https://jobs.ashbyhq.com/saronic/7e9137a4-8f6d-49b8-a19f-6aec1a3873bf
Saronic,Ashby,Training Improvement Specialist,Mission Ops,,"Virginia Beach, VA",US (CONUS),Full-time,,,,Bachelor's,https://jobs.ashbyhq.com/saronic/8cad9416-f1d2-4dec-a56f-e9e8fdcc28ab
Saronic,Ashby,Weld Engineer (All Levels),Port Alpha,,"Austin, TX",US (CONUS),Full-time,,,,Bachelor's,https://jobs.ashbyhq.com/saronic/2716eacb-2a2f-485c-bf89-8f23da656f32
Saronic,Ashby,Welder (Technician/Fabrication),Manufacturing,,"Franklin, LA",US (CONUS),Full-time,,,,,https://jobs.ashbyhq.com/saronic/bee16057-c1f1-43f1-aef8-e596108964b9
Saronic,Ashby,Welding Engineer,Manufacturing,,"Franklin, LA",US (CONUS),Full-time,,,,Bachelor's,https://jobs.ashbyhq.com/saronic/992115f0-90ec-4c5f-bcd1-871d07c6b7b3
Saronic,Ashby,Wire Harness Design Engineer (EWIS),Engineering,,"Austin, TX",US (CONUS),Full-time,,,,Bachelor's,https://jobs.ashbyhq.com/saronic/3f83ac24-5da2-4b9b-a372-d207e86a417a
Saronic,Ashby,Wire Harness Technician,Manufacturing,,"Austin, TX",US (CONUS),Full-time,,,,Associate/HS,https://jobs.ashbyhq.com/saronic/d67da9c7-9d2b-4f90-847f-fe3ddb8cba4b
Saronic,Ashby,Workplace Assistant,People,,"Virginia Beach, VA",US (CONUS),Full-time,,,,,https://jobs.ashbyhq.com/saronic/9878c053-4464-4c0f-b1d8-236f5696b235
Saronic,Ashby,Workplace Specialist (Austin),People,,"Austin, TX",US (CONUS),Full-time,,,,,https://jobs.ashbyhq.com/saronic/c6a61cb6-ace0-47e3-9d27-335ee6ca4220
Shield AI,Lever,Aerostructures Design Engineer II (R4953),X-BAT Division,,"Seattle, Washington",US (CONUS),Full-time,100000,160000,year,Bachelor's,https://jobs.lever.co/shieldai/41468aca-c1c2-4a7b-aec8-f499e64b6d1e
Shield AI,Lever,Aerostructures Design Engineer II (R5156),X-BAT Division,,"Seattle, Washington",US (CONUS),Full-time,108000,160000,year,Bachelor's,https://jobs.lever.co/shieldai/baaae144-6477-4f3b-975b-ec1d04d0a7e4
Shield AI,Lever,Aerostructures Design Engineer II (R5157),X-BAT Division,,"Seattle, Washington",US (CONUS),Full-time,108000,160000,year,Bachelor's,https://jobs.lever.co/shieldai/30df7ce0-c4c3-400e-ac9c-12537cea37ce
Shield AI,Lever,"Applications Engineer, Autonomy (open level)",Hivemind Solutions Division,,"San Diego, California",US (CONUS),Full-time,105000,280000,year,Bachelor's,https://jobs.lever.co/shieldai/2394368a-67ff-441c-83c3-e998446327e7
Shield AI,Lever,"Applications Engineer, Autonomy (open level) - Remote",Hivemind Solutions Division,,Remote,US/Remote,Full-time,130000,280000,year,Bachelor's,https://jobs.lever.co/shieldai/8afc41da-27a5-4054-a3c7-87b3ceb6cf0a
Shield AI,Lever,"Applications Engineer, Learning & Development- Open Level (R5053)",Hivemind Solutions Division,,"Washington, DC",US (CONUS),Full-time,130000,280000,year,Bachelor's,https://jobs.lever.co/shieldai/ca142049-83c4-40bf-9522-3e323d4c3672
Shield AI,Lever,"Associate Engineer, Manufacturing",Aircraft Operations Division,,"Dallas, Texas",US (CONUS),Full-time,84965,127447,year,Bachelor's,https://jobs.lever.co/shieldai/78842190-deba-4864-9ef9-272009cb15a4
Shield AI,Lever,Associate Facilities Coordinator (R5456),Facilities Division,,Bangalore,International,Full-time,,,,Bachelor's,https://jobs.lever.co/shieldai/1d881215-38a7-4fdd-ab54-9e392c53dc0b
Shield AI,Lever,Associate Facilities Coordinator (R5534),Facilities Division,,Kyiv,International,Full-time,,,,Bachelor's,https://jobs.lever.co/shieldai/ce904fcd-f35e-4f69-8544-26178c18e956
Shield AI,Lever,Associate Facilities Coordinator (R5567),Facilities Division,,Lviv,International,Full-time,,,,Bachelor's,https://jobs.lever.co/shieldai/7122f5bf-e6fb-40e1-8fd1-084655a0657b
Shield AI,Lever,Associate Sourcing Specialist (R5490),Aircraft Operations Division,,"Dallas, Texas",US (CONUS),Full-time,69000,100000,year,Bachelor's,https://jobs.lever.co/shieldai/5bba86c8-b11b-48a8-9ec5-e1d258defc83
Shield AI,Lever,Associate Systems Administrator (R5436),Enterprise Operations Division,,"San Mateo, California",US (CONUS),Full-time,89000,130000,year,Associate/HS,https://jobs.lever.co/shieldai/793af9d3-283e-415c-b650-719ac712e00c
Shield AI,Lever,Autonomy & Perception Integration Engineer - Flight Test (R5441),Hivemind Platform Division,,"San Diego, California",US (CONUS),Full-time,195000,350000,year,,https://jobs.lever.co/shieldai/d2698861-180c-4645-8641-0e7725ce96f1
Shield AI,Lever,Autonomy Integration Engineer (R5245),Hivemind Solutions Division,,London,International,Full-time,,,,Bachelor's,https://jobs.lever.co/shieldai/ec27312c-b829-42fb-9a1f-e5733b38b0c1
Shield AI,Lever,Business Development & Sales Lead - UK,Growth Division,,London,International,Full-time,,,,Degree (unspecified),https://jobs.lever.co/shieldai/3834c3fd-5957-481d-b935-b21ea773944e
Shield AI,Lever,"Business Development Lead, Baltics (R5227)",Growth Division,,Tallinn,International,Full-time,,,,Bachelor's,https://jobs.lever.co/shieldai/d9263358-7d87-48d1-90af-cb455b340df3
Shield AI,Lever,"Business Development Lead, Belgium, NATO & Luxembourg",Growth Division,,Brussels,International,,,,,Bachelor's,https://jobs.lever.co/shieldai/607decf0-c593-4307-9674-f35802cdf944
Shield AI,Lever,"Business Development Lead, Central Europe (DACH, Czech Republic, Slovakia) (R5054)",Growth Division,,Munich,International,Full-time,,,,Bachelor's,https://jobs.lever.co/shieldai/1382eb7c-f076-470f-9808-0e701f21d857
Shield AI,Lever,"Business Development Lead, Denmark (R5596)",Growth Division,,Copenhagen,International,Full-time,,,,Bachelor's,https://jobs.lever.co/shieldai/2d4d3eb1-3a86-46fc-a52a-23cbd2053fcc
Shield AI,Lever,"Business Development Lead, Netherlands (R5380)",Growth Division,,Amsterdam,International,Full-time,,,,Bachelor's,https://jobs.lever.co/shieldai/45c240c6-3806-49a3-bb52-c6cc5d9f5376
Shield AI,Lever,Business Development Manager - Nordics,Growth Division,,Oslo,International,Full-time,,,,,https://jobs.lever.co/shieldai/14f83ee4-4097-4dc2-95c5-624ea35a3332
Shield AI,Lever,Business Development Manager – Romania Internal Security & Caucasus (R5011),Growth Division,,Bucharest,International,Full-time,,,,Bachelor's,https://jobs.lever.co/shieldai/6d7fae42-8f38-40c4-af62-3086d341112d
Shield AI,Lever,C++ Build & Release Engineer (Edge Autonomy) (R4183),Hivemind Solutions Division,,Melbourne,International,Full-time,,,,,https://jobs.lever.co/shieldai/eb4fc5c9-92ce-427e-ab72-f52c073a5ed4
Shield AI,Lever,"Change Management Lead, Finance Transformation (R5597)",Finance Division,,"San Mateo, California",US (CONUS),Full-time,140000,220000,year,,https://jobs.lever.co/shieldai/d245b056-7a67-4ea2-81d5-1356a0e76fad
Shield AI,Lever,"Chief Engineer, Autonomy (R4614)",Hivemind Solutions Division,,"Washington, DC",US (CONUS),Full-time,200319,300479,year,Bachelor's,https://jobs.lever.co/shieldai/144f5cec-7d0c-40eb-99b9-dd6f89fa7a91
Shield AI,Lever,"Chief Engineer, CCA",Hivemind Solutions Division,,London,International,Full-time,,,,Bachelor's,https://jobs.lever.co/shieldai/dd795a91-7317-44ea-8197-caf6266eb8f8
Shield AI,Lever,"Chief Engineer, Weapons",Hivemind Solutions Division,,London,International,Full-time,,,,Bachelor's,https://jobs.lever.co/shieldai/8467cb7d-74e6-453b-ba7b-c8d683048b4d
Shield AI,Lever,"Chief of Staff, AI Hive (R5599)",Executive Division,,New Delhi,International,Full-time,,,,Bachelor's,https://jobs.lever.co/shieldai/a0e81787-f1f0-4bd0-be97-49039b3bed07
Shield AI,Lever,Computer Vision Engineer (C++) (R4633),Hivemind Solutions Division,,Melbourne,International,Full-time,,,,Master's,https://jobs.lever.co/shieldai/2cfe6692-a266-4d27-8832-ef652fa57ee4
Shield AI,Lever,Construction Design Manager (R5486),Aircraft Operations Division,,"Dallas, Texas",US (CONUS),Full-time,130000,190000,year,Bachelor's,https://jobs.lever.co/shieldai/c9b53551-1ee8-4a26-941a-dff9d30f1e04
Shield AI,Lever,Cost Accounting Compliance Analyst (R5254),Legal Division,,"Washington, DC",US (CONUS),Full-time,100000,150000,year,Bachelor's,https://jobs.lever.co/shieldai/58d15d87-8794-4aae-9e1a-5593a37fd6a6
Shield AI,Lever,Customer Support Systems Platform Manager - Salesforce (R5349),Aircraft Operations Division,,"Dallas, Texas",US (CONUS),Full-time,110000,170000,year,,https://jobs.lever.co/shieldai/796a9abb-ebf1-4f69-a655-2cb91ae7ac16
Shield AI,Lever,Deployed Operations Fleet Manager (R5174),Aircraft Operations Division,,"Dallas, Texas",US (CONUS),Full-time,98000,140000,year,,https://jobs.lever.co/shieldai/0b5348cc-df90-4097-b968-f6f92b47fa63
Shield AI,Lever,"Director of Business Development, Collaborative Combat Aircraft (Northeast Asia) (R5041)",Growth Division,,Tokyo,International,Full-time,,,,,https://jobs.lever.co/shieldai/7ddea36b-a5c2-401c-9bb1-06ff262ff3ff
Shield AI,Lever,Director of Production (R4782),Aircraft Operations Division,,"Dallas, Texas",US (CONUS),Full-time,190000,290000,year,Bachelor's,https://jobs.lever.co/shieldai/8b747653-dba8-4133-9056-eeedc162dbcd
Shield AI,Lever,"Director, Aerostructures X-BAT",X-BAT Division,,"Seattle, Washington",US (CONUS),Full-time,210000,320000,year,Bachelor's,https://jobs.lever.co/shieldai/df6dcf11-b405-4df0-ad74-b0bfc752270d
Shield AI,Lever,"Director, Avionics Engineering, V-BAT",V-BAT Division,,"Dallas, Texas",US (CONUS),Full-time,220000,340000,year,Bachelor's,https://jobs.lever.co/shieldai/8044a1eb-7b85-4919-84a7-3b2276f556e2
Shield AI,Lever,"Director, Engineering Excellence & Design Standards",X-BAT Division,,"Seattle, Washington",US (CONUS),Full-time,209197,313795,year,,https://jobs.lever.co/shieldai/ea6d68b6-f5d1-4b80-abb0-0db794279b8c
Shield AI,Lever,"Director, Engineering Excellence & Enablement",Hivemind Solutions Division,,"Washington, DC",US (CONUS),Full-time,210000,320000,year,,https://jobs.lever.co/shieldai/695780f5-c62a-40d5-b897-a2aa4477a8e8
Shield AI,Lever,"Director, Export Policy (R5598)",Legal Division,,"Washington, DC",US (CONUS),Full-time,200000,300000,year,Bachelor's,https://jobs.lever.co/shieldai/5262c1b6-bb9d-41ff-926c-010136c9c583
Shield AI,Lever,"Director, People Operations (R5390)",People Experience Division,,"San Mateo, California",US (CONUS),Full-time,160000,250000,year,Bachelor's,https://jobs.lever.co/shieldai/9f3bb3e2-acea-4f52-b6af-9445920877b0
Shield AI,Lever,"Director, SOX Compliance (R5388)",Finance Division,,United States,US/Remote,Full-time,170000,300000,year,Bachelor's,https://jobs.lever.co/shieldai/f685f639-8801-4da5-915c-13a5930326b9
Shield AI,Lever,"Director, Test Engineering - ACP Programs (R5044)",Hivemind Solutions Division,,"Washington, DC",US (CONUS),Full-time,210000,310000,year,Bachelor's,https://jobs.lever.co/shieldai/94a077e0-de57-49e9-8985-b467e46b8be1
Shield AI,Lever,Drone Operator (R5145),Aircraft Operations Division,,Kyiv,International,Full-time,,,,,https://jobs.lever.co/shieldai/d1f893bc-6bbf-4709-af74-be04ecf24e00
Shield AI,Lever,Electrical Engineer I (BOS) (R5046),X-BAT Division,,"Boston, MA",US (CONUS),,81456,122184,year,Degree (unspecified),https://jobs.lever.co/shieldai/37fa20c1-57dc-4aa1-9515-ecc87f22f31b
Shield AI,Lever,Electrical Engineer I (SD),X-BAT Division,,"San Diego, California",US (CONUS),,81456,122184,year,Degree (unspecified),https://jobs.lever.co/shieldai/1b229cdc-9a0b-4704-b39b-b3b4c6e3fa89
Shield AI,Lever,Electrical Engineer I (TX),X-BAT Division,,"Seattle, Washington",US (CONUS),,97000,140000,year,Degree (unspecified),https://jobs.lever.co/shieldai/c9321f8a-b367-4dcb-9308-bd64ae6bac1d
Shield AI,Lever,"Electrical Engineer, Hardware Test (R5099)",V-BAT Division,,"Dallas, Texas",US (CONUS),Full-time,81456,122184,year,Bachelor's,https://jobs.lever.co/shieldai/d07a1f9b-76eb-44ce-b0ef-5e478fd12f02
Shield AI,Lever,"Electrical Engineer, Test Equipment Design",V-BAT Division,,"Dallas, Texas",US (CONUS),Full-time,81456,122184,year,Bachelor's,https://jobs.lever.co/shieldai/e53fdc42-177f-4413-8464-0bafb1cc81a9
Shield AI,Lever,Electrical Engineering Spring Co-op (January 2027) (R4475),X-BAT Division,,"Seattle, Washington",US (CONUS),Internship,40,56,hour,Degree (unspecified),https://jobs.lever.co/shieldai/87d982f2-8b2b-4c73-9a19-71e461c7b724
Shield AI,Lever,Electrical Integration - Electrical Engineer II (R4627),X-BAT Division,,"Dallas, Texas",US (CONUS),Full-time,91660,137490,year,Bachelor's,https://jobs.lever.co/shieldai/aad6341b-0825-48e0-8d31-95e72f915ca0
Shield AI,Lever,Electronics Failure Analysis Engineer (R5258),X-BAT Division,,"Seattle, Washington",US (CONUS),Full-time,140000,210000,year,Bachelor's,https://jobs.lever.co/shieldai/ab671f1f-1f4e-4c2e-8561-87437767f3f5
Shield AI,Lever,"Engineer I, Electrical Integration & Test (R5136)",X-BAT Division,,"Seattle, Washington",US (CONUS),Full-time,97000,140000,year,Bachelor's,https://jobs.lever.co/shieldai/49d0cfc6-952f-42b6-ad6c-630597a1780a
Shield AI,Lever,"Engineer II, Applications (R4789)",Hivemind Solutions Division,,Taipei,International,Full-time,,,,Bachelor's,https://jobs.lever.co/shieldai/d4f0de22-d9eb-42a4-b192-21a9c30460e1
Shield AI,Lever,"Engineer II, Electrical (R5111)",V-BAT Division,,"Dallas, Texas",US (CONUS),Full-time,90000,130000,year,Bachelor's,https://jobs.lever.co/shieldai/e136857b-1cd9-4fea-9ff5-ad7587ff1835
Shield AI,Lever,"Engineer II, Flight Controls - X-BAT (R4816)",X-BAT Division,,"Dallas, Texas",US (CONUS),Full-time,130000,190000,year,,https://jobs.lever.co/shieldai/07546f7f-9a69-4adb-96d6-f94505e7523f
Shield AI,Lever,"Engineer II, Hydraulics (R4936)",X-BAT Division,,"Seattle, Washington",US (CONUS),Full-time,100000,160000,year,Bachelor's,https://jobs.lever.co/shieldai/7507c2f7-e2c4-4d3f-a55f-17f9c63140db
Shield AI,Lever,"Engineer II, Mechanical (R5310)",V-BAT Division,,"Dallas, Texas",US (CONUS),Full-time,90000,135000,year,Bachelor's,https://jobs.lever.co/shieldai/794e65fd-e809-43b4-87c1-2cd82651cda7
Shield AI,Lever,"Engineer II, Mechanical Design (R4922)",X-BAT Division,,"Seattle, Washington",US (CONUS),Full-time,108000,160000,year,Bachelor's,https://jobs.lever.co/shieldai/3550353a-f5db-49ab-b9fb-00f7bdb7b692
Shield AI,Lever,"Engineer II, Mechanical Test (R4935)",X-BAT Division,,"Seattle, Washington",US (CONUS),Full-time,100000,160000,year,Bachelor's,https://jobs.lever.co/shieldai/1d56e321-727e-4d28-a99c-99c4aec117eb
Shield AI,Lever,"Engineer II, Software Embedded Applications (R5069)",X-BAT Division,,United States,US/Remote,Full-time,100000,150000,year,Bachelor's,https://jobs.lever.co/shieldai/eb40936b-c469-4b30-9805-b83ad6dd3191
Shield AI,Lever,"Engineer II, Structural Analysis (R4952)",X-BAT Division,,"Seattle, Washington",US (CONUS),Full-time,100000,160000,year,Bachelor's,https://jobs.lever.co/shieldai/2158dfae-2453-4278-87de-141500e87ee1
Shield AI,Lever,"Engineer II, Structural Analysis (R5166)",X-BAT Division,,"Seattle, Washington",US (CONUS),Full-time,108000,160000,year,Bachelor's,https://jobs.lever.co/shieldai/f56dc368-862d-46fe-afe5-899f225547b5
Shield AI,Lever,"Engineer II, Systems Test (R5038)",Hivemind Solutions Division,,"Washington, DC",US (CONUS),Full-time,89000,130000,year,Bachelor's,https://jobs.lever.co/shieldai/dfe3c9f3-900f-4f97-afac-7acf1cb7e592
Shield AI,Lever,"Engineer II, Thermal Design and Analysis (R4934)",X-BAT Division,,"Seattle, Washington",US (CONUS),Full-time,110000,160000,year,Bachelor's,https://jobs.lever.co/shieldai/61a20f23-41ca-4cdc-8ee1-419516c56d9b
Shield AI,Lever,"Engineer, State Estimation (Dallas/San Diego/Boston/ DC/ San Fran)",V-BAT Division,,"Dallas, Texas",US (CONUS),Full-time,120000,250000,year,Bachelor's,https://jobs.lever.co/shieldai/133ad6aa-d624-4fad-b1cc-1f8f42d0401f
Shield AI,Lever,"Engineering Manager, Air Vehicle Mechanical Systems (R5391)",X-BAT Division,,"San Diego, California",US (CONUS),Full-time,152802,229202,year,Bachelor's,https://jobs.lever.co/shieldai/c2acfb31-06ad-490b-b860-297806ea1add
Shield AI,Lever,"Engineering Specialist/Sr. Technician, Electrical Engineering (R4691)",X-BAT Division,,"Boston, MA",US (CONUS),Full-time,36,54,hour,,https://jobs.lever.co/shieldai/a65707de-fc21-4555-8817-f2dc37200831
Shield AI,Lever,Equity Program Manager (R4944),Finance Division,,"San Mateo, California",US (CONUS),,132000,204000,year,Bachelor's,https://jobs.lever.co/shieldai/19c39465-c170-4b78-b7fe-a15ed3a856d0
Shield AI,Lever,Field Solutions Engineer,Growth Division,,Amsterdam,International,Full-time,,,,Bachelor's,https://jobs.lever.co/shieldai/1d5df8ea-78b9-45b8-af18-2c33b52bb7ef
Shield AI,Lever,Field Solutions Engineer (R5632),Growth Division,,Athens,International,Full-time,,,,Bachelor's,https://jobs.lever.co/shieldai/ad1ca43e-93d8-4953-900e-4a0ad8cbcca4
Shield AI,Lever,Flight Test Engineer (R5006),Aircraft Operations Division,,Wichita Metro Area,International,Full-time,115000,215000,year,Bachelor's,https://jobs.lever.co/shieldai/c71d4278-e8af-4d66-ba49-80670cccfc3c
Shield AI,Lever,Flight Test Instrumentation Engineer (R5009),Aircraft Operations Division,,Wichita Metro Area,International,Full-time,150000,230000,year,Bachelor's,https://jobs.lever.co/shieldai/be759f6f-2a84-4088-961b-abd36444d77c
Shield AI,Lever,Forward Deployed Engineer,Hivemind Solutions Division,,London,International,Full-time,,,,Bachelor's,https://jobs.lever.co/shieldai/7d6a8fe1-66eb-4771-9e1d-0182490d0cd5
Shield AI,Lever,"Forward Deployed Engineer, Operations & Sustainment (R5497)",Hivemind Solutions Division,,United States,US/Remote,Full-time,150000,230000,year,Bachelor's,https://jobs.lever.co/shieldai/41c56241-9a9c-473f-a5a2-b11000aa0c23
Shield AI,Lever,"Government Relations Manager - UK, Nordics and Benelux (R5217)",Growth Division,,London,International,Full-time,,,,Degree (unspecified),https://jobs.lever.co/shieldai/c57970ab-e013-4e38-b8f0-3815c500b98a
Shield AI,Lever,Ground Control Station (GCS) Software Engineer (R3963),V-BAT Division,,"Dallas, Texas",US (CONUS),Full-time,130000,250000,year,Bachelor's,https://jobs.lever.co/shieldai/cf148e69-2ca0-4bfd-a4cc-af214bfcce8a
Shield AI,Lever,Ground System Software Engineer (R4787),X-BAT Division,,"Seattle, Washington",US (CONUS),Full-time,150000,230000,year,Bachelor's,https://jobs.lever.co/shieldai/fe7531e1-c25e-4e4a-9661-19e3a2ab8e69
Shield AI,Lever,Hardware Reliability Engineer II (R4675),X-BAT Division,,"Dallas, Texas",US (CONUS),Full-time,81456,137490,year,Bachelor's,https://jobs.lever.co/shieldai/55e14c5c-ee01-4c42-afc1-3583cf5e93d9
Shield AI,Lever,"Head of Business Development, Japan (R3905)",Growth Division,,Tokyo,International,Full-time,,,,Bachelor's,https://jobs.lever.co/shieldai/6d6a32da-b985-45ea-adc2-1e67d4791f5a
Shield AI,Lever,"Head of Business Development, Middle East (R5057)",Growth Division,,Abu Dhabi,International,Full-time,,,,Bachelor's,https://jobs.lever.co/shieldai/82d77ad7-8e95-4f86-b1f3-9d3a21b6ee1d
Shield AI,Lever,Lead GTM Finance Analyst (R5361),Finance Division,,"Washington, DC",US (CONUS),Full-time,110000,160000,year,Bachelor's,https://jobs.lever.co/shieldai/14e8255e-71ee-4918-bcaf-aad5994fbec4
Shield AI,Lever,"Lead Mechanical Engineer, Hardware Test (X-BAT) (R5271)",X-BAT Division,,"Seattle, Washington",US (CONUS),Full-time,150000,230000,year,Bachelor's,https://jobs.lever.co/shieldai/5a5b5be3-73ed-45a1-b21b-915c0a522ac7
Shield AI,Lever,Lead Program Finance Analyst (R5625),Finance Division,,"Washington, DC",US (CONUS),Full-time,110000,160000,year,Bachelor's,https://jobs.lever.co/shieldai/bd8a469f-78ae-4a87-a1a8-e4c5c5b12e85
Shield AI,Lever,Lead Prototype Technician (R5476),Aircraft Operations Division,,"Dallas, Texas",US (CONUS),Full-time,43,64,hour,,https://jobs.lever.co/shieldai/1a6d2673-7374-47d7-b97e-a3466afc2c14
Shield AI,Lever,Logistics and Tool Control Manager (R5393),X-BAT Division,,Wichita Metro Area,International,Full-time,100000,150000,year,,https://jobs.lever.co/shieldai/a71dff67-e197-4bbc-8895-4729153c7bdf
Shield AI,Lever,Manager of Engineering - Autonomous Pilot Integration (R5153),Hivemind Solutions Division,,United States,US/Remote,Full-time,220000,330000,year,Bachelor's,https://jobs.lever.co/shieldai/7288397f-6318-4d86-a4de-1f321ce3cc85
Shield AI,Lever,Manager of Engineering - Autonomous Pilot Integration - Emerging Domains (R5176),Hivemind Solutions Division,,United States,US/Remote,Full-time,220000,330000,year,Bachelor's,https://jobs.lever.co/shieldai/3cecec97-d846-4fe0-914a-4a266f333db9
Shield AI,Lever,Manager of Engineering - Autonomous Pilot Integration - Expeditionary (R5175),Hivemind Solutions Division,,United States,US/Remote,Full-time,220000,330000,year,Bachelor's,https://jobs.lever.co/shieldai/41100943-59b9-46d4-a180-682638f104c8
Shield AI,Lever,"Manager, Accounting (R5543)",Finance Division,,"San Diego, California",US (CONUS),Full-time,100000,160000,year,Bachelor's,https://jobs.lever.co/shieldai/1110e024-0cd0-437a-8ed3-76869e925700
Shield AI,Lever,"Manager, Accounting (R5544)",Finance Division,,"San Mateo, California",US (CONUS),Full-time,120000,190000,year,Bachelor's,https://jobs.lever.co/shieldai/c5904085-73f0-44b4-8704-faf3b9789d4c
Shield AI,Lever,"Manager, Autonomy Applications Engineering (R5188)",Hivemind Solutions Division,,London,International,Full-time,,,,Bachelor's,https://jobs.lever.co/shieldai/7cc0e741-8e36-4d49-8046-ba051a535705
Shield AI,Lever,"Manager, Engineering - Software Integration (R5237)",Hivemind Platform Division,,"San Diego, California",US (CONUS),Full-time,160000,240000,year,Bachelor's,https://jobs.lever.co/shieldai/003b0edf-550d-4110-b246-38d628a46a94
Shield AI,Lever,"Manager, Engineering - Structural Design (R5633)",X-BAT Division,,"Dallas, Texas",US (CONUS),Full-time,150000,230000,year,Bachelor's,https://jobs.lever.co/shieldai/5265dba8-172f-4026-a9a0-0032c05c89b3
Shield AI,Lever,"Manager, Materials Planning & Logistics – Development Programs (R5252)",Aircraft Operations Division,,"Dallas, Texas",US (CONUS),Full-time,100000,150000,year,Bachelor's,https://jobs.lever.co/shieldai/beca281e-4bc1-4050-8470-299cd996a4a4
Shield AI,Lever,"Manager, Propulsion (Engine) (R5086)",X-BAT Division,,"Seattle, Washington",US (CONUS),Full-time,190000,290000,year,Bachelor's,https://jobs.lever.co/shieldai/79945606-9d3f-4b46-905b-8cfd362fae3f
Shield AI,Lever,"Manager, Propulsion (Fuel System) (R5088)",X-BAT Division,,"Seattle, Washington",US (CONUS),Full-time,190000,290000,year,Bachelor's,https://jobs.lever.co/shieldai/4eace932-a330-48ea-af58-8b4d6cbed953
Shield AI,Lever,"Manager, Propulsion (Systems & Components) (R5087)",X-BAT Division,,"Seattle, Washington",US (CONUS),Full-time,190000,290000,year,Bachelor's,https://jobs.lever.co/shieldai/baa26dc6-33b2-4678-8101-edaada14b880
Shield AI,Lever,"Manager, Propulsion (Test) (R5089)",X-BAT Division,,"Seattle, Washington",US (CONUS),Full-time,190000,290000,year,Bachelor's,https://jobs.lever.co/shieldai/b7059120-c128-4442-9a61-fb6fdecb057e
Shield AI,Lever,"Manager, Quality (R5120)",Aircraft Operations Division,,"Dallas, Texas",US (CONUS),Full-time,130000,200000,year,Bachelor's,https://jobs.lever.co/shieldai/ac3eb263-7cb3-4c06-a3df-bbfce7f31b46
Shield AI,Lever,"Manager, Simulation Engineering (R4870)",V-BAT Division,,"Dallas, Texas",US (CONUS),Full-time,160000,240000,year,Bachelor's,https://jobs.lever.co/shieldai/4b31c2db-feb0-4a4f-96e3-20af7b267e2d
Shield AI,Lever,"Manager, Software - Perception (R3770)",Hivemind Solutions Division,,"Washington, DC",US (CONUS),Full-time,220441,330661,year,Bachelor's,https://jobs.lever.co/shieldai/1120529c-2f7d-4b27-a29b-50976c49c433
Shield AI,Lever,"Manager, Software Engineering - System Update Tools (R4745)",V-BAT Division,,"Dallas, Texas",US (CONUS),Full-time,160000,240000,year,Bachelor's,https://jobs.lever.co/shieldai/bfcf87d0-60b0-4769-bc65-4a5544b43278
Shield AI,Lever,"Manager, Software Test & Autonomation (R5461)",Hivemind Solutions Division,,"San Diego, California",US (CONUS),Full-time,160000,240000,year,,https://jobs.lever.co/shieldai/d4dd7743-41c3-4d5f-9a6e-e305aebd8541
Shield AI,Lever,Mission Systems Software Engineer - BlueSky (R5199),X-BAT Division,,"Seattle, Washington",US (CONUS),Full-time,125000,230000,year,Bachelor's,https://jobs.lever.co/shieldai/8ab0ecee-89be-4670-bcc0-055b8afbf254
Shield AI,Lever,Modelling and Simulation Lead (R4706),Hivemind Solutions Division,,Melbourne,International,Full-time,,,,,https://jobs.lever.co/shieldai/2c42f55f-331d-44da-859d-16ec532df973
Shield AI,Lever,Object Detection and Tracking Engineer (R5244),Hivemind Solutions Division,,London,International,Full-time,,,,Bachelor's,https://jobs.lever.co/shieldai/e0b2f4f2-a223-4b52-9620-938521f103eb
Shield AI,Lever,Obsolescence and Lifecycle Analyst (R5299),Aircraft Operations Division,,"Dallas, Texas",US (CONUS),Full-time,150000,220000,year,Associate/HS,https://jobs.lever.co/shieldai/43725e87-8b2b-4198-8437-38d0cb8724d4
Shield AI,Lever,Power Electronics - Electrical Engineer I,X-BAT Division,,"Seattle, Washington",US (CONUS),,81456,122184,year,Bachelor's,https://jobs.lever.co/shieldai/0af53b2b-e1ba-4e73-9e94-a4a689cabab9
Shield AI,Lever,Power Electronics - Electrical Engineer II,X-BAT Division,,"Seattle, Washington",US (CONUS),Full-time,91660,137490,year,Bachelor's,https://jobs.lever.co/shieldai/622ee448-5ab3-4b2e-b20b-1fff995cbc45
Shield AI,Lever,Power Electronics - Principal Electrical Engineer (R4822),X-BAT Division,,"Seattle, Washington",US (CONUS),Full-time,210000,310000,year,Bachelor's,https://jobs.lever.co/shieldai/819a0502-f705-4f02-8784-ddfb1ca2b289
Shield AI,Lever,Power Electronics - Thermal Engineer I (R4842),X-BAT Division,,"Seattle, Washington",US (CONUS),Full-time,91000,130000,year,Bachelor's,https://jobs.lever.co/shieldai/f6bbec19-f1c6-44ce-9af5-132b25b6e83a
Shield AI,Lever,Power Electronics - Thermal Engineer Senior Staff,X-BAT Division,,"Seattle, Washington",US (CONUS),Full-time,173080,259620,year,Bachelor's,https://jobs.lever.co/shieldai/12f75166-fed5-4cc1-863d-c172e8852fb4
Shield AI,Lever,Power System - High Voltage Test Specialist (R4728),X-BAT Division,,"Seattle, Washington",US (CONUS),Full-time,44,66,hour,Associate/HS,https://jobs.lever.co/shieldai/c03bc781-786f-4bac-9884-4328b98e2534
Shield AI,Lever,Principal Aerostructures Design Engineer (R5163),X-BAT Division,,"Seattle, Washington",US (CONUS),Full-time,240000,360000,year,Bachelor's,https://jobs.lever.co/shieldai/4bc0d612-d68b-43ce-8bb2-19e07d0577c7
Shield AI,Lever,Principal Designer (R5250),Hivemind Special Division,,United States,US/Remote,Full-time,230000,340000,year,,https://jobs.lever.co/shieldai/b98fe442-0cf9-4901-b1d7-8b2c9d82d878
Shield AI,Lever,"Principal Engineer, Fluid & Thermal Systems (R4793)",X-BAT Division,,"Seattle, Washington",US (CONUS),Full-time,250000,370000,year,Bachelor's,https://jobs.lever.co/shieldai/3dddb78e-4ade-48e3-95d3-84a160dc421d
Shield AI,Lever,"Principal Engineer, Material Review Board (R5309)",Aircraft Operations Division,,"Dallas, Texas",US (CONUS),Full-time,170000,260000,year,,https://jobs.lever.co/shieldai/e7cb49a8-6a0a-4a9c-8d95-07920f07beef
Shield AI,Lever,"Principal Engineer, Software (R5285)",Hivemind Special Division,,United States,US/Remote,Full-time,220000,330000,year,,https://jobs.lever.co/shieldai/22e914d8-488d-4f22-96a9-61dd4b15ea04
Shield AI,Lever,"Principal Engineer, Software Architect (R4562)",X-BAT Division,,"Dallas, Texas",US (CONUS),Full-time,215566,323350,year,Bachelor's,https://jobs.lever.co/shieldai/c59d711d-4370-4d79-af73-5b54d7f19034
Shield AI,Lever,"Principal Engineer, State Estimation (Dallas, TX)",V-BAT Division,,"Dallas, Texas",US (CONUS),Full-time,274560,411840,year,Bachelor's,https://jobs.lever.co/shieldai/90d8c031-bbdb-4b54-9e03-7b76a320f5fe
Shield AI,Lever,"Principal Engineer, State Estimation (R4602)",X-BAT Division,,United States,US/Remote,Full-time,270000,400000,year,Master's,https://jobs.lever.co/shieldai/4ccdcce2-ce09-4180-aba4-01f3e405e0e5
Shield AI,Lever,"Principal Engineer, Survivability (R4608)",X-BAT Division,,United States,US/Remote,Full-time,200000,310000,year,Bachelor's,https://jobs.lever.co/shieldai/0d1400ec-f456-4d5b-8592-740a656260b0
Shield AI,Lever,Principal Fuel Systems Engineer - X-BAT (R4640),X-BAT Division,,"Dallas, Texas",US (CONUS),Full-time,209197,313795,year,Bachelor's,https://jobs.lever.co/shieldai/0036466f-7c47-42ac-9df4-3485ad0f75e2
Shield AI,Lever,Principal Quality Engineer - Development Programs (R5350),Aircraft Operations Division,,"Dallas, Texas",US (CONUS),Full-time,170000,260000,year,Bachelor's,https://jobs.lever.co/shieldai/efb65e2a-098b-4823-a2b2-dce86741d365
Shield AI,Lever,Principal Technical Product Manager (R5249),Hivemind Special Division,,United States,US/Remote,Full-time,220000,330000,year,,https://jobs.lever.co/shieldai/df29f189-21de-40b9-a485-4aef884df365
Shield AI,Lever,Product Delivery Associate (R5078),Aircraft Operations Division,,"Dallas, Texas",US (CONUS),Full-time,68000,100000,year,Associate/HS,https://jobs.lever.co/shieldai/4c1868e3-81e1-4c4d-b4f3-6a1511843023
Shield AI,Lever,"Product Designer, Ground Control Station (R5479)",V-BAT Division,,"Dallas, Texas",US (CONUS),Full-time,108000,240000,year,Bachelor's,https://jobs.lever.co/shieldai/7bc99c6e-57f0-48c5-a133-734bac0b8b9e
Shield AI,Lever,"Product Manager, AI/ML & Foundation Models (R4991)",Hivemind Platform Division,,"San Diego, California",US (CONUS),Full-time,190000,290000,year,Degree (unspecified),https://jobs.lever.co/shieldai/7886f437-2d5e-4616-8dcb-3dc488f1f585
Shield AI,Lever,Production Technician (R5229),Hivemind Solutions Division,,Melbourne,International,Full-time,,,,Associate/HS,https://jobs.lever.co/shieldai/8cc88eb2-c412-4c7c-9fb0-914758cdd70e
Shield AI,Lever,Program Finance Lead (R5328),Finance Division,,London,International,Full-time,,,,Bachelor's,https://jobs.lever.co/shieldai/d11ff7f6-08f3-4335-8dc8-900600740232
Shield AI,Lever,Program Manager (R4930),V-BAT Division,,"Dallas, Texas",US (CONUS),Full-time,110000,160000,year,Bachelor's,https://jobs.lever.co/shieldai/4423dbce-f0cf-48ec-bb11-1655eb5fc3f3
Shield AI,Lever,"Project Coordinator, Finance Transformation (R5546)",Finance Division,,"San Mateo, California",US (CONUS),Full-time,100000,160000,year,,https://jobs.lever.co/shieldai/f7f719f2-e773-474f-91a1-301c5d00f348
Shield AI,Lever,"Propulsion Engineer, Fleet Support (R5005)",Aircraft Operations Division,,"Dallas, Texas",US (CONUS),Full-time,110000,170000,year,Bachelor's,https://jobs.lever.co/shieldai/6658e802-cab9-48bb-a039-c13732079d9c
Shield AI,Lever,Propulsion Test Engineer (R4380),X-BAT Division,,Wichita Metro Area,International,Full-time,150000,230000,year,Bachelor's,https://jobs.lever.co/shieldai/c3e09d7f-cbd3-4e25-b1eb-cbb6e06d8459
Shield AI,Lever,Reliability Analyst (R5728),Aircraft Operations Division,,"Dallas, Texas",US (CONUS),Full-time,95680,143520,year,Bachelor's,https://jobs.lever.co/shieldai/d9247928-ed05-4e9f-8d7f-d3bd8fa2f54c
Shield AI,Lever,Revenue Manager (R5466),Finance Division,,London,International,Full-time,,,,Bachelor's,https://jobs.lever.co/shieldai/cf32e29c-4468-4917-8c6a-f21bbac635e8
Shield AI,Lever,Senior Accountant (R5541),Finance Division,,"San Mateo, California",US (CONUS),Full-time,96000,140000,year,Bachelor's,https://jobs.lever.co/shieldai/2fc30e70-aa40-44e0-82e8-369a10891981
Shield AI,Lever,Senior Accountant (R5542),Finance Division,,"San Diego, California",US (CONUS),Full-time,88000,120000,year,Bachelor's,https://jobs.lever.co/shieldai/1505271b-dfd0-4439-8d87-38b894492249
Shield AI,Lever,Senior Aerospace Engineer (R5732),V-BAT Division,,"Dallas, Texas",US (CONUS),Full-time,115000,150000,year,Bachelor's,https://jobs.lever.co/shieldai/938a7ddf-521f-4581-b5ba-c3ba29f9308a
Shield AI,Lever,Senior Aerostructures Design Engineer (R5158),X-BAT Division,,"Seattle, Washington",US (CONUS),Full-time,130000,200000,year,Bachelor's,https://jobs.lever.co/shieldai/115aa1cf-8ac5-4002-8b75-5c7e64945883
Shield AI,Lever,"Senior Applications Engineer, Autonomy (R5519)",Hivemind Solutions Division,,Kyiv,International,Full-time,,,,Bachelor's,https://jobs.lever.co/shieldai/d24d7837-ac97-4d33-b968-43c0712d69fa
Shield AI,Lever,Senior Autonomy Integration Engineer,Hivemind Solutions Division,,London,International,Full-time,,,,Bachelor's,https://jobs.lever.co/shieldai/6d30ed20-fdae-42ae-a4b0-93a05c60cdba
Shield AI,Lever,Senior Business Development Lead - Hivemind - Greece (R5496),Growth Division,,Athens,International,Full-time,,,,Bachelor's,https://jobs.lever.co/shieldai/ef1b63a1-3d4c-49ff-8d59-d22a4f73819f
Shield AI,Lever,Senior Business Development Lead - Hivemind - Netherlands,Growth Division,,Amsterdam,International,Full-time,,,,Bachelor's,https://jobs.lever.co/shieldai/d4e040c9-8e90-4d7e-b197-162fb353db35
Shield AI,Lever,Senior Business Development Lead - Hivemind - Nordics,Growth Division,,Oslo,International,Full-time,,,,Bachelor's,https://jobs.lever.co/shieldai/ec8e3ab5-385f-44d0-ae52-6a1d8a20a0d7
Shield AI,Lever,Senior Business Development Lead - Hivemind - Poland,Growth Division,,Warsaw,International,Full-time,,,,Bachelor's,https://jobs.lever.co/shieldai/323181a4-dba7-4027-8ef7-5f943b401631
Shield AI,Lever,Senior Business Development Lead - Hivemind - UK,Growth Division,,London,International,Full-time,,,,Bachelor's,https://jobs.lever.co/shieldai/6fde829e-7482-4990-b7b2-fffacb52c88e
Shield AI,Lever,Senior Business Development Lead - Hivemind - Ukraine,Growth Division,,Kyiv,International,Full-time,,,,Master's,https://jobs.lever.co/shieldai/138715af-5752-409b-afe7-611fb67f8992
Shield AI,Lever,Senior Business Development Lead - Italy (R5233),Growth Division,,Rome,International,,,,,Bachelor's,https://jobs.lever.co/shieldai/1bbb8b7a-4f23-474e-8b7a-442041f7f34c
Shield AI,Lever,Senior Component Engineer,X-BAT Division,,"Seattle, Washington",US (CONUS),Full-time,120000,180000,year,Bachelor's,https://jobs.lever.co/shieldai/a64042bd-5490-4ef7-9e93-38e1b120b1d3
Shield AI,Lever,"Senior Data & Analytics Engineer, Domain Enablement (R5536)",Enterprise Operations Division,,Remote,US/Remote,Full-time,120000,180000,year,,https://jobs.lever.co/shieldai/9fd0a58a-6bdc-465c-8d1e-0c152e13ba66
Shield AI,Lever,"Senior Director of Business Development - Japan, South Korea, and Taiwan (R4831)",Growth Division,,Tokyo,International,Full-time,,,,,https://jobs.lever.co/shieldai/14f30de4-a7ee-4b86-bb27-d60f3aceb678
Shield AI,Lever,Senior Director of Hivemind Finance (R5621),Finance Division,,"Washington, DC",US (CONUS),Full-time,200000,300000,year,Bachelor's,https://jobs.lever.co/shieldai/50f5fe16-1a52-4051-8fc8-bff685e0f6b8
Shield AI,Lever,"Senior Director, Flight Operations (V-BAT) (R5797)",Aircraft Operations Division,,"Dallas, Texas",US (CONUS),Full-time,195000,295000,year,Bachelor's,https://jobs.lever.co/shieldai/756990b7-e0c9-4c65-88a4-fca6a5e64669
Shield AI,Lever,Senior Electrical Engineer,X-BAT Division,,"Dallas, Texas",US (CONUS),Full-time,115527,173291,year,Bachelor's,https://jobs.lever.co/shieldai/0fc2025e-01ba-452b-b3e7-d3df4de88a08
Shield AI,Lever,"Senior Electrical Engineer, Hardware Test (R5099)",V-BAT Division,,"Dallas, Texas",US (CONUS),Full-time,115527,173291,year,Bachelor's,https://jobs.lever.co/shieldai/dbeedcfb-0420-4216-8529-9b02d43e29f4
Shield AI,Lever,"Senior Electrical Engineer, Hardware Test (R5154)",X-BAT Division,,"Seattle, Washington",US (CONUS),Full-time,140000,210000,year,Bachelor's,https://jobs.lever.co/shieldai/79b8fc20-9321-4858-b68a-bb78f4eb4327
Shield AI,Lever,"Senior Electrical Engineer, Test Equipment Design",V-BAT Division,,"Dallas, Texas",US (CONUS),Full-time,115527,173291,year,Bachelor's,https://jobs.lever.co/shieldai/9208872f-9af8-4a63-8afc-0d7a5e7dbca0
Shield AI,Lever,"Senior Electrical Engineer, Test Equipment Design",X-BAT Division,,"Seattle, Washington",US (CONUS),Full-time,140000,210000,year,Bachelor's,https://jobs.lever.co/shieldai/cda131b5-3cfb-4d59-8d4b-bfd2f8c9661d
Shield AI,Lever,"Senior Engineer, Air Vehicle Fluid Systems (R4891)",X-BAT Division,,"Seattle, Washington",US (CONUS),Full-time,130000,200000,year,Bachelor's,https://jobs.lever.co/shieldai/425c064c-7585-462f-973d-66d685d1ab17
Shield AI,Lever,"Senior Engineer, Air Vehicle Fluid Systems (R5203)",X-BAT Division,,"Seattle, Washington",US (CONUS),Full-time,130000,200000,year,Bachelor's,https://jobs.lever.co/shieldai/952faf2d-4730-4d8d-9c1c-6f914ecd1eef
Shield AI,Lever,"Senior Engineer, Applications (R4792)",Hivemind Solutions Division,,Taipei,International,Full-time,,,,Bachelor's,https://jobs.lever.co/shieldai/4d6c0395-4b2c-4e5f-a658-98ec604678cb
Shield AI,Lever,"Senior Engineer, Architecture and Infrastructure Test (R5485)",X-BAT Division,,"Seattle, Washington",US (CONUS),Full-time,130000,200000,year,Bachelor's,https://jobs.lever.co/shieldai/2b247600-44e1-42c9-8c07-a92852f9932e
Shield AI,Lever,"Senior Engineer, Automated Test (R4461)",Hivemind Platform Division,,"San Diego, California",US (CONUS),Full-time,114266,171400,year,,https://jobs.lever.co/shieldai/21d73732-e08b-415e-a6ec-b2763b6faaeb
Shield AI,Lever,"Senior Engineer, Autonomy Software Integration & Test (R5225)",Hivemind Solutions Division,,Lviv,International,Full-time,,,,Bachelor's,https://jobs.lever.co/shieldai/fe446245-61e6-47b2-a6cc-beffb0bdb999
Shield AI,Lever,"Senior Engineer, Autonomy Software Integration & Test (R5606)",Hivemind Solutions Division,,Kyiv,International,Full-time,,,,Bachelor's,https://jobs.lever.co/shieldai/513eb618-2704-40e0-bbcd-5f946b60d1b2
Shield AI,Lever,"Senior Engineer, Avionics Thermal Engineering (R5298)",X-BAT Division,,"Seattle, Washington",US (CONUS),Full-time,130000,200000,year,Bachelor's,https://jobs.lever.co/shieldai/f3214031-7801-46d8-ab08-5e26d40ce5cc
Shield AI,Lever,"Senior Engineer, Computer Vision (C++) (R5195)",Hivemind Solutions Division,,Melbourne,International,Full-time,,,,Master's,https://jobs.lever.co/shieldai/6ca0453e-fa4b-476e-af4f-58d8ecc9b249
Shield AI,Lever,"Senior Engineer, Electrical - Fleet Support (R5080)",Aircraft Operations Division,,"Dallas, Texas",US (CONUS),Full-time,110000,170000,year,Bachelor's,https://jobs.lever.co/shieldai/28887b02-847b-42f1-a24f-bfbb3392fe89
Shield AI,Lever,"Senior Engineer, Flight Controls - X-BAT (R4814)",X-BAT Division,,"Dallas, Texas",US (CONUS),Full-time,160000,240000,year,,https://jobs.lever.co/shieldai/e764ace5-77fb-4f03-b21e-4e9149e356a6
Shield AI,Lever,"Senior Engineer, Flight Test (R5371)",Hivemind Platform Division,,"San Diego, California",US (CONUS),Full-time,110000,170000,year,Bachelor's,https://jobs.lever.co/shieldai/03e89bdf-2eb1-4058-8281-4cddc3d46049
Shield AI,Lever,"Senior Engineer, Full-Stack Software (R5751)",X-BAT Division,,"Dallas, Texas",US (CONUS),Full-time,120000,190000,year,,https://jobs.lever.co/shieldai/4a9a4b36-2eb4-4994-8827-58db794f9018
Shield AI,Lever,"Senior Engineer, GNC - Sensor Integration (R4601)",X-BAT Division,,United States,US/Remote,Full-time,110000,170000,year,Bachelor's,https://jobs.lever.co/shieldai/6d3cf300-d22e-47bb-b190-e376bd8715f1
Shield AI,Lever,"Senior Engineer, Human Machine Teaming (R5648)",Hivemind Solutions Division,,"Washington, DC",US (CONUS),Full-time,140000,210000,year,Bachelor's,https://jobs.lever.co/shieldai/3e68adca-465c-414b-88f5-e4d16a26ad3b
Shield AI,Lever,"Senior Engineer, Human Machine Teaming (R5649)",Hivemind Solutions Division,,"Washington, DC",US (CONUS),Full-time,140000,210000,year,Bachelor's,https://jobs.lever.co/shieldai/4d18dd89-aace-45da-b69a-bcae5a671da1
Shield AI,Lever,"Senior Engineer, Human Machine Teaming (R5651)",Hivemind Solutions Division,,"Washington, DC",US (CONUS),Full-time,140000,210000,year,Bachelor's,https://jobs.lever.co/shieldai/84089cc8-47e5-4c63-a49a-dbd1fb874aed
Shield AI,Lever,"Senior Engineer, Manufacturing",Aircraft Operations Division,,"Dallas, Texas",US (CONUS),Full-time,100000,160000,year,Bachelor's,https://jobs.lever.co/shieldai/836d3989-cb7c-455c-8594-c56f97022182
Shield AI,Lever,"Senior Engineer, Mechanical Test (R5207)",X-BAT Division,,"Seattle, Washington",US (CONUS),Full-time,130000,200000,year,Bachelor's,https://jobs.lever.co/shieldai/9464e0a2-af89-46ea-8a80-b390e1f9b857
Shield AI,Lever,"Senior Engineer, Mechanisms (R4890)",X-BAT Division,,"Seattle, Washington",US (CONUS),Full-time,130000,200000,year,Bachelor's,https://jobs.lever.co/shieldai/28332c5d-703f-42e8-bb9b-ceafb14fb765
Shield AI,Lever,"Senior Engineer, Platform Infrastructure (R5516)",Hivemind Solutions Division,,"Dallas, Texas",US (CONUS),Full-time,120000,180000,year,,https://jobs.lever.co/shieldai/b3927595-1e5a-455e-b831-721674088249
Shield AI,Lever,"Senior Engineer, Sensor Integration (R5128)",X-BAT Division,,United States,US/Remote,Full-time,120000,180000,year,Bachelor's,https://jobs.lever.co/shieldai/40dd9984-fe68-4ea7-a1ab-291c9303dfb4
Shield AI,Lever,"Senior Engineer, Software - Autonomous Aircraft Integration (R5200)",Hivemind Solutions Division,,"Washington, DC",US (CONUS),Full-time,160000,240000,year,Bachelor's,https://jobs.lever.co/shieldai/3daaf9c5-164e-4a8e-abc9-b475a38522c3
Shield AI,Lever,"Senior Engineer, Software Autonomy Applications (R4829)",Hivemind Solutions Division,,Tokyo,International,Full-time,,,,Bachelor's,https://jobs.lever.co/shieldai/ca9c2a51-fc9c-4258-a420-85b9a97b28b3
Shield AI,Lever,"Senior Engineer, Software Embedded Applications (R5070)",X-BAT Division,,"Dallas, Texas",US (CONUS),Full-time,120000,190000,year,Bachelor's,https://jobs.lever.co/shieldai/da557908-3911-49de-9548-509645e8b445
Shield AI,Lever,"Senior Engineer, Software Embedded Applications (R5071)",X-BAT Division,,"Boston, MA",US (CONUS),Full-time,120000,190000,year,Bachelor's,https://jobs.lever.co/shieldai/849e740f-9a62-4881-b304-71c6c8301282
Shield AI,Lever,"Senior Engineer, Software Integration Engineer (R5462)",Hivemind Solutions Division,,"San Diego, California",US (CONUS),Full-time,120000,180000,year,Bachelor's,https://jobs.lever.co/shieldai/59bf1528-dc51-4086-9925-19f8fe955a96
Shield AI,Lever,"Senior Engineer, Software Systems (R4903)",Hivemind Solutions Division,,United States,US/Remote,Full-time,110000,170000,year,Bachelor's,https://jobs.lever.co/shieldai/9388629c-94b8-421a-a145-1ce83d74a10d
Shield AI,Lever,"Senior Engineer, Software Test (R4878)",X-BAT Division,,"Dallas, Texas",US (CONUS),Full-time,120000,180000,year,Bachelor's,https://jobs.lever.co/shieldai/9d317f29-93ac-46fd-a1a6-a6e0d36146e3
Shield AI,Lever,"Senior Engineer, State Estimation (R5165)",X-BAT Division,,"Dallas, Texas",US (CONUS),Full-time,160000,240000,year,Bachelor's,https://jobs.lever.co/shieldai/0c6acdd5-a39b-4ad3-84fa-b1a1f83409d3
Shield AI,Lever,"Senior Engineer, Structural Analysis (R5173)",X-BAT Division,,United States,US/Remote,Full-time,113948,170922,year,Bachelor's,https://jobs.lever.co/shieldai/991fd24c-e076-45e4-a113-ffa6633df0d4
Shield AI,Lever,"Senior Engineer, Systems Test (R5038)",Hivemind Solutions Division,,"Washington, DC",US (CONUS),Full-time,110000,170000,year,Bachelor's,https://jobs.lever.co/shieldai/5a47cd5d-0efb-4d4e-925a-eb104f90904c
Shield AI,Lever,"Senior Engineer, VBAT Software Test Automation (Hiring Multiple Levels)",V-BAT Division,,"Dallas, Texas",US (CONUS),Full-time,95000,200000,year,Bachelor's,https://jobs.lever.co/shieldai/d0635c93-bb07-4585-80d3-c53aaa2fdf6d
Shield AI,Lever,"Senior Engineer, XBAT Simulation Modeling (R4546)",X-BAT Division,,"Dallas, Texas",US (CONUS),Full-time,105000,155000,year,Bachelor's,https://jobs.lever.co/shieldai/f38c09b5-ce0f-4b87-ae4f-319cc9e26d5d
Shield AI,Lever,Senior Executive Sourcer,People Experience Division,,"Dallas, Texas",US (CONUS),Full-time,,,,,https://jobs.lever.co/shieldai/de2f1379-b396-4713-8238-e334aad49b56
Shield AI,Lever,Senior Facility Security Officer (R4917),Legal Division,,"Washington, DC",US (CONUS),Full-time,80000,120000,year,,https://jobs.lever.co/shieldai/b025338a-5f82-44b3-9a78-f63b0d06e24e
Shield AI,Lever,Senior Global S/R Specialist (R5264),Aircraft Operations Division,,"Dallas, Texas",US (CONUS),Full-time,79000,110000,year,Bachelor's,https://jobs.lever.co/shieldai/895502d4-8fe8-46da-90d1-b632fe8eaacd
Shield AI,Lever,Senior Lab Technician (R5317),X-BAT Division,,"Seattle, Washington",US (CONUS),Full-time,33,50,hour,,https://jobs.lever.co/shieldai/f1a761df-feeb-4024-b70b-c13d6a6bbfcf
Shield AI,Lever,"Senior Manager, Avionics Mechanical Engineering (R4416)",X-BAT Division,,"Seattle, Washington",US (CONUS),Full-time,180000,280000,year,Bachelor's,https://jobs.lever.co/shieldai/6e5d59f1-cd4a-451b-be66-5db9af34df44
Shield AI,Lever,"Senior Manager, Customer Success (R5273)",Aircraft Operations Division,,"Dallas, Texas",US (CONUS),Full-time,144160,216240,year,,https://jobs.lever.co/shieldai/7d8b38d0-683a-45e3-a9f1-99483aa6adbf
Shield AI,Lever,"Senior Manager, Facilities Operations, U.S. (R5591)",Facilities Division,,"Dallas, Texas",US (CONUS),Full-time,140000,210000,year,Bachelor's,https://jobs.lever.co/shieldai/6292b91a-bcf1-4817-8a60-98731e711e84
Shield AI,Lever,"Senior Manager, GNC (R5627)",V-BAT Division,,"Dallas, Texas",US (CONUS),Full-time,230000,350000,year,Bachelor's,https://jobs.lever.co/shieldai/8017692b-13a7-4fd2-b0c3-e8008f2e4d29
Shield AI,Lever,"Senior Manager, Mechanical Engineering - Avionics (R4416)",X-BAT Division,,"Seattle, Washington",US (CONUS),Full-time,185234,277850,year,Bachelor's,https://jobs.lever.co/shieldai/8c9f2dfa-45e1-441b-8e58-c603f99c5d38
Shield AI,Lever,"Senior Manager, Mechanisms Engineering (R4858)",X-BAT Division,,"Seattle, Washington",US (CONUS),Full-time,220000,330000,year,Bachelor's,https://jobs.lever.co/shieldai/e2937327-d2de-44b5-8975-a3612ef2dfbe
Shield AI,Lever,"Senior Manager, Perception (R3634)",Hivemind Solutions Division,,"Washington, DC",US (CONUS),Full-time,229233,343849,year,Bachelor's,https://jobs.lever.co/shieldai/501e3703-1a63-4773-b961-6029e5fb71d6
Shield AI,Lever,"Senior Manager, Program Finance (R5319)",Finance Division,,"Dallas, Texas",US (CONUS),Full-time,140000,210000,year,Bachelor's,https://jobs.lever.co/shieldai/d0096418-a9ef-4c97-af59-6b7352501948
Shield AI,Lever,"Senior Manager, Quality – Development Programs (R5315)",Aircraft Operations Division,,"Dallas, Texas",US (CONUS),Full-time,160000,240000,year,Bachelor's,https://jobs.lever.co/shieldai/4a54270b-ab95-4702-ac8e-64d07835ad0f
Shield AI,Lever,"Senior Manager, Revenue Accounting (R5481)",Finance Division,,United States,US/Remote,Full-time,140000,250000,year,Bachelor's,https://jobs.lever.co/shieldai/5082d4cf-2971-42d5-a065-84ca1c1d6ab7
Shield AI,Lever,"Senior Manager, Strategic Finance (R5566)",Finance Division,,"San Mateo, California",US (CONUS),Full-time,160000,240000,year,,https://jobs.lever.co/shieldai/340f6b82-31c2-4382-8d18-e577491c394b
Shield AI,Lever,Senior Materials Planner (R5112),Aircraft Operations Division,,"Dallas, Texas",US (CONUS),Full-time,78000,118000,year,Bachelor's,https://jobs.lever.co/shieldai/fca36368-be91-4f0d-80b4-e4c18564b1ea
Shield AI,Lever,Senior Personnel Security Officer (R5248),Legal Division,,"San Diego, California",US (CONUS),Full-time,80000,120000,year,,https://jobs.lever.co/shieldai/09bfdc91-3750-47bf-aece-dca3177bfb4c
Shield AI,Lever,"Senior Production Planner, Development Programs (R5277)",Aircraft Operations Division,,"Dallas, Texas",US (CONUS),Full-time,78000,110000,year,Bachelor's,https://jobs.lever.co/shieldai/efa0146e-53d7-4a55-9ea1-35f01664fe9f
Shield AI,Lever,Senior Production Technician (R5655),Aircraft Operations Division,,"Dallas, Texas",US (CONUS),Full-time,28,42,hour,Master's,https://jobs.lever.co/shieldai/254f2f5c-558a-4d60-94e0-3be5bc1c7399
Shield AI,Lever,Senior Program Manager (R4931),V-BAT Division,,"Dallas, Texas",US (CONUS),Full-time,140000,210000,year,Bachelor's,https://jobs.lever.co/shieldai/e8e1dbd6-143c-45fa-9d58-b5747c9696d4
Shield AI,Lever,Senior Program Manager (R4932),V-BAT Division,,"Dallas, Texas",US (CONUS),Full-time,140000,210000,year,Bachelor's,https://jobs.lever.co/shieldai/535b4ae5-3e2d-4382-bfcc-f080affaa706
Shield AI,Lever,"Senior Project Manager, Finance Transformation (R5545)",Finance Division,,"San Mateo, California",US (CONUS),Full-time,160000,250000,year,,https://jobs.lever.co/shieldai/d9c4c3e5-3d12-48a6-9d46-30f6592378ca
Shield AI,Lever,Senior Proposal Manager (R5381),Growth Division,,United States,US/Remote,Full-time,86000,128000,year,Bachelor's,https://jobs.lever.co/shieldai/bccc1690-c724-4677-82e9-c37917ba692f
Shield AI,Lever,Senior Propulsion Design Engineer (R4642),X-BAT Division,,"Seattle, Washington",US (CONUS),Full-time,130000,200000,year,Bachelor's,https://jobs.lever.co/shieldai/183856ee-0477-4038-8068-123a993fb717
Shield AI,Lever,Senior Propulsion Technician (R4638),X-BAT Division,,"Seattle, Washington",US (CONUS),Full-time,33,50,hour,Master's,https://jobs.lever.co/shieldai/9aeaf414-6a45-4294-a2f0-2d62eaafc9a4
Shield AI,Lever,Senior Propulsion Test Engineer (R4640),X-BAT Division,,"Seattle, Washington",US (CONUS),Full-time,130000,200000,year,Bachelor's,https://jobs.lever.co/shieldai/00e419e1-cd8b-47c3-9c82-40b07d51bf87
Shield AI,Lever,Senior Recruiter - G&A,People Experience Division,,"San Diego, California",US (CONUS),Full-time,120000,210000,year,,https://jobs.lever.co/shieldai/a03c7e3c-c190-4e35-8547-a7deebf85f5d
Shield AI,Lever,"Senior Software Engineer, Autonomous Pilot Integration (R5200)",Hivemind Solutions Division,,"Washington, DC",US (CONUS),Full-time,160000,240000,year,Bachelor's,https://jobs.lever.co/shieldai/aec9e538-6071-47c5-9c9b-8aadc0bd3f7e
Shield AI,Lever,"Senior Software Engineer, Autonomous Pilot Integration – Emerging Domains (R5423)",Hivemind Solutions Division,,"Washington, DC",US (CONUS),Full-time,163200,244800,year,Bachelor's,https://jobs.lever.co/shieldai/84623e5a-e496-4431-bc15-9bb92a080bc4
Shield AI,Lever,"Senior Software Engineer, Autonomous Pilot Integration – Expeditionary (R5208)",Hivemind Solutions Division,,"Washington, DC",US (CONUS),Full-time,163200,244800,year,Bachelor's,https://jobs.lever.co/shieldai/3adca53e-1c7c-4036-9077-6320f0a69561
Shield AI,Lever,"Senior Software Engineer, Autonomous Pilot Integration – Weapons (R5427)",Hivemind Solutions Division,,"Washington, DC",US (CONUS),Full-time,163200,244800,year,Bachelor's,https://jobs.lever.co/shieldai/52ea86e4-8495-4847-b26a-69c7e5b4c574
Shield AI,Lever,"Senior Software Engineer, Autonomy Applications Engineering",Hivemind Solutions Division,,New Delhi,International,Full-time,,,,Bachelor's,https://jobs.lever.co/shieldai/c223a9c5-e3b3-4da1-b523-1b1045bdf296
Shield AI,Lever,"Senior Software Engineer, Autonomy Behaviors (R4588)",Hivemind Solutions Division,,"Boston, MA",US (CONUS),Full-time,160000,240000,year,Bachelor's,https://jobs.lever.co/shieldai/ccddd964-0a35-4650-9690-28d54b690298
Shield AI,Lever,"Senior Software Engineer, Autonomy Capabilities – Maritime (R5339)",Hivemind Solutions Division,,"Boston, MA",US (CONUS),Full-time,160000,240000,year,Bachelor's,https://jobs.lever.co/shieldai/718bc6cc-d498-49f6-88be-908e4ff63a45
Shield AI,Lever,"Senior Software Engineer, Autonomy Capabilities – Space (R5338)",Hivemind Solutions Division,,"Boston, MA",US (CONUS),Full-time,160000,240000,year,Bachelor's,https://jobs.lever.co/shieldai/cc7f8c05-cff0-4222-9319-db05c7d544f3
Shield AI,Lever,"Senior Software Engineer, Hardware Test (R4978)",V-BAT Division,,"Dallas, Texas",US (CONUS),Full-time,128045,192067,year,Bachelor's,https://jobs.lever.co/shieldai/a6b11a01-e749-4b1a-90a4-828524ceb7a0
Shield AI,Lever,"Senior Software Engineer, Networking & OS (R5488)",V-BAT Division,,"Dallas, Texas",US (CONUS),Full-time,120000,190000,year,Bachelor's,https://jobs.lever.co/shieldai/4a3097fc-1423-4ec8-8cbf-fced60cc2ea5
Shield AI,Lever,"Senior Software Engineer, Perception (R5420)",Hivemind Solutions Division,,"Washington, DC",US (CONUS),Full-time,163200,244800,year,Bachelor's,https://jobs.lever.co/shieldai/3587ad7b-e57a-4dea-8e14-db52d1808f40
Shield AI,Lever,Senior Software Test and Automation Engineer (R4472),Hivemind Solutions Division,,"San Diego, California",US (CONUS),Full-time,110000,170000,year,Bachelor's,https://jobs.lever.co/shieldai/498f7d45-a951-45ad-aa7f-3f54bf3dd2bb
Shield AI,Lever,Senior Sourcing Specialist (R4660),Aircraft Operations Division,,Melbourne,International,Full-time,,,,Bachelor's,https://jobs.lever.co/shieldai/557d461c-ce5b-456a-8b9d-2fd3a6db330e
Shield AI,Lever,Senior Sourcing Specialist (R4734),Aircraft Operations Division,,"Seattle, Washington",US (CONUS),Full-time,106000,159000,year,,https://jobs.lever.co/shieldai/cf9861ab-c6c3-4ad6-ac2c-6316f3dd0152
Shield AI,Lever,Senior Sourcing Specialist (R5489),Aircraft Operations Division,,"Dallas, Texas",US (CONUS),Full-time,88000,130000,month,Bachelor's,https://jobs.lever.co/shieldai/01362014-0bca-4518-a6e2-a098f23d3ed2
Shield AI,Lever,Senior Staff BD Account Executive - Autonomy Specialist (R5001),Growth Division,,Abu Dhabi,International,Full-time,,,,Bachelor's,https://jobs.lever.co/shieldai/b252cefb-8a6a-4cb7-8f5e-90d46926747e
Shield AI,Lever,"Senior Staff BD Account Executive, Autonomy Specialist (R5123)",Growth Division,,Seoul,International,Full-time,,,,Bachelor's,https://jobs.lever.co/shieldai/0ac6634d-69d6-423c-b99c-02c02ed52f55
Shield AI,Lever,"Senior Staff BD Account Executive, Hivemind - Army (R4794)",Growth Division,,"Washington, DC",US (CONUS),Full-time,270000,400000,year,Bachelor's,https://jobs.lever.co/shieldai/f14b7309-0674-4f18-8754-86d783049fed
Shield AI,Lever,"Senior Staff BD Account Executive, Hivemind - Federal Civilian Agencies (R5589)",Growth Division,,"Washington, DC",US (CONUS),Full-time,270000,400000,year,Bachelor's,https://jobs.lever.co/shieldai/8a292a29-1368-4f35-ab80-73754b9f5839
Shield AI,Lever,Senior Staff Customer Sustainment Engineer (R5502),Hivemind Solutions Division,,United States,US/Remote,Full-time,180000,269991,year,Bachelor's,https://jobs.lever.co/shieldai/ee614940-c594-41da-8432-8a677e21520d
Shield AI,Lever,"Senior Staff Cybersecurity Engineer, Platform Security (R5219)",Enterprise Operations Division,,"San Diego, California",US (CONUS),Full-time,160000,240000,year,Bachelor's,https://jobs.lever.co/shieldai/6504c787-5aff-41ad-9104-2d251bf9eb12
Shield AI,Lever,"Senior Staff Engineer, Advanced Manufacturing",Aircraft Operations Division,,"Dallas, Texas",US (CONUS),Full-time,150000,230000,year,Bachelor's,https://jobs.lever.co/shieldai/38657de3-7e8d-4be8-80a4-e898a68727e6
Shield AI,Lever,"Senior Staff Engineer, Autonomy Behaviors (R4073)",Hivemind Solutions Division,,"Washington, DC",US (CONUS),Full-time,220800,331200,year,Bachelor's,https://jobs.lever.co/shieldai/d345caad-82d3-4d53-ba5f-c93882547f09
Shield AI,Lever,"Senior Staff Engineer, Autonomy Capabilities – Maritime (R5363)",Hivemind Solutions Division,,"Washington, DC",US (CONUS),Full-time,220800,331200,year,Bachelor's,https://jobs.lever.co/shieldai/df6458c2-8706-493d-8590-17b21608cb4a
Shield AI,Lever,"Senior Staff Engineer, Autonomy Capabilities – Space (R5360)",Hivemind Solutions Division,,"Washington, DC",US (CONUS),Full-time,220800,331200,year,Bachelor's,https://jobs.lever.co/shieldai/769cc40d-1eca-4aef-a560-eec86b2047ec
Shield AI,Lever,"Senior Staff Engineer, Autonomy Software Integration & Test (R5539)",Hivemind Solutions Division,,London,International,Full-time,,,,Bachelor's,https://jobs.lever.co/shieldai/ed94166e-4bf4-4e8d-a8ac-733855ed6ddb
Shield AI,Lever,"Senior Staff Engineer, Autonomy and Motion Planning (R5538)",Hivemind Solutions Division,,London,International,Full-time,,,,Bachelor's,https://jobs.lever.co/shieldai/2dd71f90-62a3-4855-a528-cb3c740efc9a
Shield AI,Lever,"Senior Staff Engineer, Communications Systems (R5623)",X-BAT Division,,"Seattle, Washington",US (CONUS),Full-time,170000,260000,year,Bachelor's,https://jobs.lever.co/shieldai/1a2aa3ca-7742-4da0-bc9a-a804a70c8e7a
Shield AI,Lever,"Senior Staff Engineer, Computer Vision (C++) (R5197)",Hivemind Solutions Division,,Melbourne,International,Full-time,,,,Master's,https://jobs.lever.co/shieldai/4194504b-00d0-4ed3-9a47-d6205fdcd9fb
Shield AI,Lever,"Senior Staff Engineer, Discrete Planning (R5440)",Hivemind Platform Division,,"San Diego, California",US (CONUS),Full-time,230000,350000,year,Master's,https://jobs.lever.co/shieldai/041e8344-bf6c-4199-8568-4ccfbf5423ba
Shield AI,Lever,"Senior Staff Engineer, Electrical (R5116)",X-BAT Division,,"Seattle, Washington",US (CONUS),Full-time,170000,260000,year,Bachelor's,https://jobs.lever.co/shieldai/e1b78ed6-0a52-49e1-9014-735873dab5a5
Shield AI,Lever,"Senior Staff Engineer, Electromechanical (R4583)",X-BAT Division,,"Seattle, Washington",US (CONUS),Full-time,200000,300000,year,Bachelor's,https://jobs.lever.co/shieldai/a71ef068-f820-4d86-aec3-956a7982c3b2
Shield AI,Lever,"Senior Staff Engineer, Flight Controls - X-BAT (R4812)",X-BAT Division,,"Dallas, Texas",US (CONUS),Full-time,220000,340000,year,,https://jobs.lever.co/shieldai/71278ad9-359f-48dd-bad4-fc63ab6b9f1d
Shield AI,Lever,"Senior Staff Engineer, GCS / Communications Systems (R5020)",X-BAT Division,,"San Diego, California",US (CONUS),Full-time,170000,250000,year,Bachelor's,https://jobs.lever.co/shieldai/0bad72df-12eb-45bf-ba1c-9f76f40b26f6
Shield AI,Lever,"Senior Staff Engineer, ML Ops (R4941)",Hivemind Platform Division,,"San Diego, California",US (CONUS),Full-time,233000,350000,year,,https://jobs.lever.co/shieldai/0034444c-c0c4-4884-a49f-b921bd661b03
Shield AI,Lever,"Senior Staff Engineer, Mechanical Test (R4413)",X-BAT Division,,"Seattle, Washington",US (CONUS),Full-time,200000,300000,year,Bachelor's,https://jobs.lever.co/shieldai/e949e412-bf17-416d-a460-291d20a2c599
Shield AI,Lever,"Senior Staff Engineer, Modelling and Simulation (R4924)",Hivemind Solutions Division,,Melbourne,International,Full-time,,,,,https://jobs.lever.co/shieldai/b8d0f420-0711-4ca4-9d0f-11d58da64f32
Shield AI,Lever,"Senior Staff Engineer, Operations Analysis (R4759)",X-BAT Division,,"Seattle, Washington",US (CONUS),Full-time,180000,270000,year,Bachelor's,https://jobs.lever.co/shieldai/9f71126e-081a-4747-a0ef-52fe01e0f085
Shield AI,Lever,"Senior Staff Engineer, Software - Autonomous Aircraft Integration (R4983)",Hivemind Solutions Division,,"Washington, DC",US (CONUS),Full-time,220800,331200,year,Bachelor's,https://jobs.lever.co/shieldai/25011392-094f-482c-b007-f307fb8c4f9f
Shield AI,Lever,"Senior Staff Engineer, Software Autonomy (R5125)",Hivemind Solutions Division,,New Delhi,International,Full-time,,,,Bachelor's,https://jobs.lever.co/shieldai/0a4c3e5c-3b63-4f16-a483-3a8247f78228
Shield AI,Lever,"Senior Staff Engineer, Software Embedded Applications (R5068)",X-BAT Division,,"Dallas, Texas",US (CONUS),Full-time,190000,290000,year,Bachelor's,https://jobs.lever.co/shieldai/b35f5f09-84ca-494b-aa64-9689325638cc
Shield AI,Lever,"Senior Staff Engineer, Structural Analysis (R4954)",X-BAT Division,,"Seattle, Washington",US (CONUS),Full-time,200000,300000,year,Bachelor's,https://jobs.lever.co/shieldai/29d5b3ec-2401-4b2c-9571-5fa6fecb6c0c
Shield AI,Lever,"Senior Staff Engineer, Structures - Launch Recovery Vehicle (R4765)",X-BAT Division,,"Seattle, Washington",US (CONUS),,200000,300000,year,,https://jobs.lever.co/shieldai/17a5ac9a-3f4c-45c0-91ef-e552afc247a7
Shield AI,Lever,"Senior Staff Engineer, Survivability Materials",X-BAT Division,,United States,US/Remote,Full-time,170000,250000,year,Bachelor's,https://jobs.lever.co/shieldai/c3703339-0aa5-4d0d-92f9-4c2e2882f7a4
Shield AI,Lever,"Senior Staff Engineer, Systems",Hivemind Solutions Division,,Melbourne,International,Full-time,,,,Bachelor's,https://jobs.lever.co/shieldai/8528a928-79a7-46ad-93d6-25d3fdabbc4b
Shield AI,Lever,"Senior Staff Engineer, Systems Test (R5430)",V-BAT Division,,"Dallas, Texas",US (CONUS),Full-time,180000,270000,year,Bachelor's,https://jobs.lever.co/shieldai/4322154d-87b0-462f-8343-d772b1c08c60
Shield AI,Lever,"Senior Staff Engineer, Test Director (R5445)",Hivemind Solutions Division,,United States,US/Remote,Full-time,170000,250000,year,Bachelor's,https://jobs.lever.co/shieldai/87f4734b-fff5-461b-a90a-6cc65c9bb972
Shield AI,Lever,"Senior Staff Engineer, UxS Integration and Systems (R5507)",Hivemind Solutions Division,,"San Diego, California",US (CONUS),Full-time,170000,250000,year,,https://jobs.lever.co/shieldai/86c6e595-54b8-4e04-a50e-5676118ce77e
Shield AI,Lever,"Senior Staff Engineer, Weapons Systems (R5019)",X-BAT Division,,"Seattle, Washington",US (CONUS),Full-time,200000,300000,year,Bachelor's,https://jobs.lever.co/shieldai/29306b5d-7c93-4378-a63c-e2b726d80ef0
Shield AI,Lever,Senior Staff Field Solutions Engineer (R5321),Growth Division,,"Dallas, Texas",US (CONUS),Full-time,210000,310000,year,Bachelor's,https://jobs.lever.co/shieldai/dc00fbe8-d102-48b7-9c5f-e0b977b506b2
Shield AI,Lever,Senior Staff Lab Manager (R5090),X-BAT Division,,"Seattle, Washington",US (CONUS),Full-time,200000,300000,year,Bachelor's,https://jobs.lever.co/shieldai/abb35952-fefb-4893-9241-1bae2303070c
Shield AI,Lever,Senior Staff Network Engineer (R4843),X-BAT Division,,"Seattle, Washington",US (CONUS),Full-time,200000,300000,year,Bachelor's,https://jobs.lever.co/shieldai/b63b3f50-9b7b-42c0-8a9d-f3ba4ed1f099
Shield AI,Lever,"Senior Staff PX Business Partner - Software, Products & Services (R4850)",People Experience Division,,"San Mateo, California",US (CONUS),Full-time,170000,250000,year,Bachelor's,https://jobs.lever.co/shieldai/8ac9d2c9-d98a-4d7a-a5b5-5a94ec2c5d7a
Shield AI,Lever,Senior Staff Propulsion Engineer (TVC) (X-BAT) (R4160),X-BAT Division,,"Dallas, Texas",US (CONUS),Full-time,173080,259620,year,Bachelor's,https://jobs.lever.co/shieldai/fd347d9c-3dc1-401e-aec2-43b5b38bc260
Shield AI,Lever,"Senior Staff Software Engineer, Autonomous Pilot Integration (R5193)",Hivemind Solutions Division,,"Washington, DC",US (CONUS),Full-time,228000,342000,year,Bachelor's,https://jobs.lever.co/shieldai/cd2da1f3-502e-44cd-9bea-38ffd09c4413
Shield AI,Lever,"Senior Staff Software Engineer, Autonomous Pilot Integration –  Emerging Domains (R5398)",Hivemind Solutions Division,,"Washington, DC",US (CONUS),Full-time,233760,350640,year,Bachelor's,https://jobs.lever.co/shieldai/cfc41052-1dd6-47d7-b377-3e629a991d45
Shield AI,Lever,"Senior Staff Software Engineer, Autonomous Pilot Integration –  Weapons (R5398)",Hivemind Solutions Division,,"Washington, DC",US (CONUS),Full-time,233760,350640,year,Bachelor's,https://jobs.lever.co/shieldai/8b13cc38-809d-4aac-a778-a374a3d99167
Shield AI,Lever,"Senior Staff Software Engineer, Autonomous Pilot Integration – Expeditionary (R5193)",Hivemind Solutions Division,,"Washington, DC",US (CONUS),Full-time,233760,350640,year,Bachelor's,https://jobs.lever.co/shieldai/d989b35b-3bcb-4a73-b11c-1e53c4303d86
Shield AI,Lever,"Senior Staff Software Engineer, C++ Software Integration (R4018)",Hivemind Solutions Division,,"Washington, DC",US (CONUS),Full-time,180594,270892,year,Bachelor's,https://jobs.lever.co/shieldai/d4076886-b26e-4c83-aafe-f0acbb245d63
Shield AI,Lever,"Senior Staff Software Engineer, Perception (R4985)",Hivemind Solutions Division,,"Washington, DC",US (CONUS),Full-time,233760,350640,year,Bachelor's,https://jobs.lever.co/shieldai/e8311cd4-6b45-473b-abba-c9cfdcac615e
Shield AI,Lever,Senior Staff Talent Sourcer - G&A,People Experience Division,,"Dallas, Texas",US (CONUS),Full-time,,,,,https://jobs.lever.co/shieldai/6b190f15-b33e-40d7-99b3-e88881374a40
Shield AI,Lever,Senior Staff Technical Program Manager (R5215),Hivemind Platform Division,,"San Diego, California",US (CONUS),Full-time,170000,260000,year,Bachelor's,https://jobs.lever.co/shieldai/1e013d7b-2ddb-4a0f-8969-d99abda57207
Shield AI,Lever,Senior Staff Technical Program Manager (R5270),Hivemind Solutions Division,,"Washington, DC",US (CONUS),Full-time,170000,260000,year,Bachelor's,https://jobs.lever.co/shieldai/1b426f99-613d-4d86-9a04-d94a26403389
Shield AI,Lever,Senior Staff Technical Program Manager (R5595),Hivemind Solutions Division,,Melbourne,International,Full-time,,,,Master's,https://jobs.lever.co/shieldai/2dc37d83-e2b1-4417-950f-869bd61f7858
Shield AI,Lever,Senior Staff Verification and Validation Engineer (R4835),V-BAT Division,,"Dallas, Texas",US (CONUS),Full-time,170000,240000,year,Bachelor's,https://jobs.lever.co/shieldai/6b372289-c8df-40ff-9d36-98926dc7fa8c
Shield AI,Lever,"Senior Supervisor, Engineering Technician (R5375)",V-BAT Division,,"Dallas, Texas",US (CONUS),Full-time,110000,170000,year,,https://jobs.lever.co/shieldai/c48fbf30-85a1-48a0-9c3f-253b5ce8609c
Shield AI,Lever,Senior SysAdmin (R5378),Enterprise Operations Division,,United States,US/Remote,Full-time,97000,140000,year,,https://jobs.lever.co/shieldai/262ee1a9-2588-4047-987c-91d1f11b14dd
Shield AI,Lever,Senior Systems Administrator (R5443),Enterprise Operations Division,,"San Diego, California",US (CONUS),Full-time,98000,140000,year,Bachelor's,https://jobs.lever.co/shieldai/e3ca5550-3f67-4c68-89c8-a437ac41cfda
Shield AI,Lever,Senior Talent Acquisition Partner,People Experience Division,,Bangalore,International,Contract,,,,,https://jobs.lever.co/shieldai/e3125c80-58a6-42ad-a1ae-341f5795f9e3
Shield AI,Lever,Senior Talent Sourcer,People Experience Division,,Melbourne,International,Full-time,,,,,https://jobs.lever.co/shieldai/fc6f9e65-4928-4523-ab19-bf955465cd90
Shield AI,Lever,"Senior V-BAT Air Vehicle Operator, Deployed Operations Site Lead",Aircraft Operations Division,,"Dallas, Texas",US (CONUS),Full-time,98000,155000,year,,https://jobs.lever.co/shieldai/52bfd55b-d539-4af1-b8bf-dbd2ccf12161
Shield AI,Lever,Senior Vibrations Test Engineer (R5091),X-BAT Division,,"Dallas, Texas",US (CONUS),Full-time,112439,168659,year,Bachelor's,https://jobs.lever.co/shieldai/6b2673d1-a8e1-4c9b-a9c4-7e1098ae9536
Shield AI,Lever,"Senior/Staff Engineer, C++ Software - Edge Systems (R5191)",Hivemind Solutions Division,,Melbourne,International,Full-time,,,,Degree (unspecified),https://jobs.lever.co/shieldai/7e80ee36-5e20-4a4b-ba65-87d43db66cd6
Shield AI,Lever,Simulation Specialist (R5374),Growth Division,,Melbourne,International,Full-time,,,,,https://jobs.lever.co/shieldai/2d960223-872f-4fe3-bce7-f8e2eac6e990
Shield AI,Lever,"Software Engineer II, Autonomy Behaviors (R5202)",Hivemind Solutions Division,,"Boston, MA",US (CONUS),Full-time,131921,197881,year,Bachelor's,https://jobs.lever.co/shieldai/b682f55e-ca09-444b-8251-38422567ada8
Shield AI,Lever,"Sr Director Engineering, V-BAT",V-BAT Division,,"Dallas, Texas",US (CONUS),Full-time,250000,380000,year,Bachelor's,https://jobs.lever.co/shieldai/de2e2ed1-0cf5-4333-bd1e-302bce4253be
Shield AI,Lever,Sr Lead FP&A - Aircraft (R5609),Finance Division,,"Dallas, Texas",US (CONUS),Full-time,130000,190000,year,,https://jobs.lever.co/shieldai/5f2f9fff-7702-415f-aa22-2d48d3e0f32a
Shield AI,Lever,Sr Lead FP&A - Procurement (R4808),Finance Division,,"Dallas, Texas",US (CONUS),Full-time,130000,190000,year,Bachelor's,https://jobs.lever.co/shieldai/950c7cc3-bd36-4654-9c2d-786d4dee114c
Shield AI,Lever,"Sr Manager, Aerostructures Design,  X-BAT",X-BAT Division,,"Seattle, Washington",US (CONUS),Full-time,190000,280000,year,Bachelor's,https://jobs.lever.co/shieldai/fbf3de07-810f-4e45-a2b6-4a14eeaa189b
Shield AI,Lever,Sr Metrology Engineer (R4960),Aircraft Operations Division,,"Dallas, Texas",US (CONUS),Full-time,101280,151920,year,,https://jobs.lever.co/shieldai/eb301146-1229-4f63-b82b-dac764382c21
Shield AI,Lever,Sr Proposal Manager (R5816),Growth Division,,"San Diego, California",US (CONUS),Full-time,74560,111840,year,Bachelor's,https://jobs.lever.co/shieldai/10fac21b-fceb-4e91-b3db-8ec09c6b40c1
Shield AI,Lever,Sr. Recruiting Coordinator (R5646),People Experience Division,,London,International,Full-time,48000,72000,year,,https://jobs.lever.co/shieldai/3c15127a-d868-42b0-8660-1be603c377c0
Shield AI,Lever,"Sr. Staff BD Account Executive - Autonomy Specialist, Japan (R5096)",Growth Division,,Tokyo,International,Full-time,,,,Bachelor's,https://jobs.lever.co/shieldai/198b40c1-a37e-4123-9e02-ed955f55b623
Shield AI,Lever,"Sr. Staff BD Account Executive - Autonomy Specialist, Taiwan (R5097)",Growth Division,,Taipei,International,Full-time,,,,Bachelor's,https://jobs.lever.co/shieldai/7a28d334-dc1e-4db8-a9fa-ea0946a6d0b7
Shield AI,Lever,Sr. Staff Electrical Engineer - BlueSky (R5838),V-BAT Division,,Remote,US/Remote,Full-time,230000,350000,year,Bachelor's,https://jobs.lever.co/shieldai/45ea9010-a429-4a28-b2d0-311af12a342e
Shield AI,Lever,"Sr. Staff Engineer, GNC - BlueSky (R5798)",V-BAT Division,,Remote,US/Remote,Full-time,173000,250000,year,Bachelor's,https://jobs.lever.co/shieldai/b3bb2565-135f-4bb7-93b3-2599bab544dc
Shield AI,Lever,Sr. Staff Mechanical Engineer - BlueSky (R5825),V-BAT Division,,Remote,US/Remote,Full-time,240000,350000,year,Bachelor's,https://jobs.lever.co/shieldai/1aa1c3ee-577a-419a-89fd-1f9815691858
Shield AI,Lever,"Sr. Staff Platform/Data Reliability Engineer, Databricks (R5537)",Enterprise Operations Division,,Remote,US/Remote,Full-time,180000,270000,year,,https://jobs.lever.co/shieldai/0395a275-3a5d-4454-b981-8f475092bc44
Shield AI,Lever,Sr. Staff Thermal Engineer - Aircraft Avionics & Thermal Systems (R3930),X-BAT Division,,"Seattle, Washington",US (CONUS),Full-time,200000,310000,year,Bachelor's,https://jobs.lever.co/shieldai/eef811a9-5e6d-44af-9ee2-f4259de7aeee
Shield AI,Lever,Staff Advance Industrial Engineer,Aircraft Operations Division,,"Dallas, Texas",US (CONUS),Full-time,120000,190000,year,Bachelor's,https://jobs.lever.co/shieldai/b1bc272c-ad7b-4af3-9676-1f1132485492
Shield AI,Lever,Staff Aerostructures Design Engineer (R4955),X-BAT Division,,"Seattle, Washington",US (CONUS),Full-time,160000,240000,year,Bachelor's,https://jobs.lever.co/shieldai/3b688ab2-7fd2-450b-86cc-eada11e06d66
Shield AI,Lever,Staff Aerostructures Design Engineer (R5159),X-BAT Division,,"Seattle, Washington",US (CONUS),Full-time,160000,240000,year,Bachelor's,https://jobs.lever.co/shieldai/04df761d-632e-4398-8fc6-47ec02be580c
Shield AI,Lever,Staff Aerostructures Design Engineer (R5160),X-BAT Division,,"Seattle, Washington",US (CONUS),Full-time,160000,240000,year,Bachelor's,https://jobs.lever.co/shieldai/a1703b54-4856-4369-8a41-142e22bb8a34
Shield AI,Lever,"Staff BD Account Executive, Autonomy Specialist - Australia (R5135)",Growth Division,,Canberra,International,Full-time,,,,Bachelor's,https://jobs.lever.co/shieldai/e13c8e7b-97cf-414c-b17b-4554c7e52b11
Shield AI,Lever,Staff COMSEC Officer (R4904),Legal Division,,"Washington, DC",US (CONUS),Full-time,100000,150000,year,Bachelor's,https://jobs.lever.co/shieldai/987f06c0-683d-4b89-9095-a4f9401164f5
Shield AI,Lever,Staff Cross Domain Solution Engineer (R5356),Legal Division,,"Dallas, Texas",US (CONUS),Full-time,130000,200000,year,Bachelor's,https://jobs.lever.co/shieldai/4fe78e2a-39c3-431f-a687-0fb2388ab413
Shield AI,Lever,Staff Customer Success Manager (R5645),Hivemind Solutions Division,,"Washington, DC",US (CONUS),Full-time,110000,170000,year,Bachelor's,https://jobs.lever.co/shieldai/c8a795a0-0155-4cce-8f43-c504756f34a3
Shield AI,Lever,Staff Electrical Engineer,X-BAT Division,,"San Diego, California",US (CONUS),Full-time,150000,220000,year,Bachelor's,https://jobs.lever.co/shieldai/9a3a2c7f-c5f5-4253-b173-560f102fc13c
Shield AI,Lever,"Staff Engineer, Advanced Manufacturing (R4968)",Aircraft Operations Division,,"Dallas, Texas",US (CONUS),Full-time,120000,190000,year,Bachelor's,https://jobs.lever.co/shieldai/6e5e0b9b-ddbd-43c3-bf01-3d0d0f29109c
Shield AI,Lever,"Staff Engineer, Advanced Manufacturing - Special Projects (R4972)",Aircraft Operations Division,,"Dallas, Texas",US (CONUS),Full-time,120000,190000,year,Bachelor's,https://jobs.lever.co/shieldai/a8c05b56-a0b3-4f08-8e60-f740e8f1b067
Shield AI,Lever,"Staff Engineer, Applications (R4828)",Hivemind Solutions Division,,Taipei,International,Full-time,,,,Bachelor's,https://jobs.lever.co/shieldai/8846ec30-76f4-4f4d-88ef-09aa3389fadc
Shield AI,Lever,"Staff Engineer, Autonomy Capabilities – Maritime (R5325)",Hivemind Solutions Division,,"Washington, DC",US (CONUS),Full-time,220800,331200,year,Bachelor's,https://jobs.lever.co/shieldai/9dc614b4-9e93-49f5-9623-404e75426c7b
Shield AI,Lever,"Staff Engineer, Autonomy Factory Pipeline (R5276)",Hivemind Solutions Division,,"Washington, DC",US (CONUS),Full-time,150000,220000,year,Bachelor's,https://jobs.lever.co/shieldai/d10a2b58-3b67-4423-be05-578040a88342
Shield AI,Lever,"Staff Engineer, Autonomy Software Integration (R4483)",Hivemind Platform Division,,"San Diego, California",US (CONUS),Full-time,152480,228720,year,Bachelor's,https://jobs.lever.co/shieldai/ed36d9df-a47e-4905-8e2b-aaee98182df8
Shield AI,Lever,"Staff Engineer, Autonomy and Motion Planning (R5263)",Hivemind Solutions Division,,London,International,Full-time,,,,Bachelor's,https://jobs.lever.co/shieldai/82ee14ce-eba4-4cef-a540-599f828cd652
Shield AI,Lever,"Staff Engineer, Composite Manufacturing",Aircraft Operations Division,,"Dallas, Texas",US (CONUS),Full-time,127771,191657,year,Bachelor's,https://jobs.lever.co/shieldai/5f562503-1655-4a53-91fc-b6ea72d1841b
Shield AI,Lever,"Staff Engineer, Computer Vision (C++) (R5196)",Hivemind Solutions Division,,Melbourne,International,Full-time,,,,Master's,https://jobs.lever.co/shieldai/89fc4fec-1fa4-4d2a-b732-fd2138ab3036
Shield AI,Lever,"Staff Engineer, Core Platform Integration (R5411)",Hivemind Platform Division,,"San Diego, California",US (CONUS),Full-time,190000,290000,year,Bachelor's,https://jobs.lever.co/shieldai/aa3d2845-c311-4132-bd4d-7992f9affa7b
Shield AI,Lever,"Staff Engineer, Cybersecurity Platform (R5531)",X-BAT Division,,"Seattle, Washington",US (CONUS),Full-time,190000,280000,year,Bachelor's,https://jobs.lever.co/shieldai/a0d0acf8-5c01-43d0-9bb7-3a0433280302
Shield AI,Lever,"Staff Engineer, Data Analysis (R5290)",V-BAT Division,,"Dallas, Texas",US (CONUS),Full-time,150000,220000,year,Bachelor's,https://jobs.lever.co/shieldai/2f1b420a-125f-4b25-bf1d-0e8605932480
Shield AI,Lever,"Staff Engineer, Data Platform (R5659)",Hivemind Platform Division,,"San Diego, California",US (CONUS),Full-time,150000,230000,year,,https://jobs.lever.co/shieldai/0915a15c-9f24-4851-a375-006bab31d6c6
Shield AI,Lever,"Staff Engineer, DevOps (5431)",V-BAT Division,,United States,US/Remote,Full-time,150000,220000,year,Bachelor's,https://jobs.lever.co/shieldai/1d77e789-a2be-414c-9a1f-f4bc284343ea
Shield AI,Lever,"Staff Engineer, Digital Factory Lead (R5265)",Aircraft Operations Division,,"Dallas, Texas",US (CONUS),Full-time,140000,210000,year,Bachelor's,https://jobs.lever.co/shieldai/5ffcacae-0859-44d0-b762-846ca20c45ae
Shield AI,Lever,"Staff Engineer, Digital Infrastructure (R5602)",Hivemind Solutions Division,,London,International,Full-time,,,,Bachelor's,https://jobs.lever.co/shieldai/0d911732-84ee-4641-b22d-e5021e270240
Shield AI,Lever,"Staff Engineer, Electrical Integration & Test (R5204)",X-BAT Division,,"Seattle, Washington",US (CONUS),Full-time,180000,280001,year,Bachelor's,https://jobs.lever.co/shieldai/77b463a8-a2bb-423e-952b-c9e63b45b0fa
Shield AI,Lever,"Staff Engineer, Electrical System Advance Manufacturing (R5183)",Aircraft Operations Division,,"Dallas, Texas",US (CONUS),Full-time,120000,190000,year,Bachelor's,https://jobs.lever.co/shieldai/dfcc51fa-dc96-4108-a759-ea3ffe6db995
Shield AI,Lever,"Staff Engineer, Electromechanical Systems Advance Manufacturing (R5184)",Aircraft Operations Division,,"Dallas, Texas",US (CONUS),Full-time,120000,190000,year,Bachelor's,https://jobs.lever.co/shieldai/2ac71dc7-c40d-4cd4-84f7-d812ec7e71b5
Shield AI,Lever,"Staff Engineer, FPGA Design (R5347)",X-BAT Division,,"Seattle, Washington",US (CONUS),Full-time,180000,280000,year,Bachelor's,https://jobs.lever.co/shieldai/0a7b582c-2b0d-4157-bca8-5c6c66d1d6e4
Shield AI,Lever,"Staff Engineer, Field Quality (R4958)",Aircraft Operations Division,,"Dallas, Texas",US (CONUS),Full-time,120000,180000,year,,https://jobs.lever.co/shieldai/1644ff5a-51e4-4960-83ee-64415d5247bd
Shield AI,Lever,"Staff Engineer, Field Support - X-BAT Aircraft Systems (R5081)",Aircraft Operations Division,,Wichita Metro Area,International,,90000,130000,year,Bachelor's,https://jobs.lever.co/shieldai/1039fc07-1b3c-4e72-870a-494cd0f1d5a8
Shield AI,Lever,"Staff Engineer, Flight Controls - X-BAT (R4813)",X-BAT Division,,"Dallas, Texas",US (CONUS),Full-time,180000,280000,year,,https://jobs.lever.co/shieldai/86bbc19b-138b-4974-b27a-ad488230669e
Shield AI,Lever,"Staff Engineer, GenAI Tooling & DevEx (R5469)",Hivemind Solutions Division,,"Washington, DC",US (CONUS),Full-time,150000,220000,year,Bachelor's,https://jobs.lever.co/shieldai/e74514eb-0abd-4bae-b794-6ad1f9c339b2
Shield AI,Lever,"Staff Engineer, Ground Vehicle Advance Manufacturing (R5186)",Aircraft Operations Division,,"Dallas, Texas",US (CONUS),Full-time,120000,190000,year,Bachelor's,https://jobs.lever.co/shieldai/2791bb84-ea77-4501-a9a8-31ed670778c1
Shield AI,Lever,"Staff Engineer, Guidance & Controls (R4763)",V-BAT Division,,"Dallas, Texas",US (CONUS),Full-time,180000,280000,year,Bachelor's,https://jobs.lever.co/shieldai/7d210135-6de0-4433-bd46-198035378bb8
Shield AI,Lever,"Staff Engineer, Integration Manufacturing (R5187)",Aircraft Operations Division,,"Dallas, Texas",US (CONUS),Full-time,120000,190000,year,Bachelor's,https://jobs.lever.co/shieldai/c9a72861-46e8-4279-a99e-30a244351e79
Shield AI,Lever,"Staff Engineer, Landing Gear Systems (R5372)",X-BAT Division,,"Seattle, Washington",US (CONUS),Full-time,160000,278000,year,Bachelor's,https://jobs.lever.co/shieldai/6a9bcabc-0a1d-4744-85da-43189485c817
Shield AI,Lever,"Staff Engineer, Manufacturing",Aircraft Operations Division,,"Dallas, Texas",US (CONUS),Full-time,127771,191657,year,Bachelor's,https://jobs.lever.co/shieldai/60960e9b-f39e-48bf-b2ea-f61a58db8a5d
Shield AI,Lever,"Staff Engineer, Manufacturing Equipment",Aircraft Operations Division,,"Dallas, Texas",US (CONUS),Full-time,120000,190000,year,Bachelor's,https://jobs.lever.co/shieldai/b2de60ed-3c1e-4f94-883c-90917d3ca45e
Shield AI,Lever,"Staff Engineer, Mechanical & Actuated Systems (R5293)",X-BAT Division,,"Seattle, Washington",US (CONUS),Full-time,160000,240000,year,Bachelor's,https://jobs.lever.co/shieldai/cbfd4516-8d31-46d7-826a-ff097c5aad58
Shield AI,Lever,"Staff Engineer, Mechanical & Actuated Systems (R5293)",X-BAT Division,,"Dallas, Texas",US (CONUS),Full-time,130000,200000,year,Bachelor's,https://jobs.lever.co/shieldai/ef5f04e4-1769-4837-a5a2-a9ae30a1ba63
Shield AI,Lever,"Staff Engineer, Mechanical (R4887)",V-BAT Division,,"Dallas, Texas",US (CONUS),Full-time,130000,200000,year,Bachelor's,https://jobs.lever.co/shieldai/36691848-fa43-4c4b-9152-736f539f323c
Shield AI,Lever,"Staff Engineer, Mechanical (R5482)",V-BAT Division,,"Dallas, Texas",US (CONUS),Full-time,130000,200000,year,Bachelor's,https://jobs.lever.co/shieldai/344fe8ce-6572-47e8-a98e-934d8c937bf7
Shield AI,Lever,"Staff Engineer, Mechanical - Harness Design (R4594)",X-BAT Division,,"Seattle, Washington",US (CONUS),Full-time,166000,300000,year,Bachelor's,https://jobs.lever.co/shieldai/abbca258-77dc-4429-87fd-37e6f0b5adf8
Shield AI,Lever,"Staff Engineer, Mechanical Design - Launch and Recovery Systems (R4571)",X-BAT Division,,"Seattle, Washington",US (CONUS),Full-time,160000,240000,year,Master's,https://jobs.lever.co/shieldai/38746bcd-9f50-4c37-b661-878a4f38a466
Shield AI,Lever,"Staff Engineer, Mechanical Design - Launch and Recovery Systems (R4572)",X-BAT Division,,"Seattle, Washington",US (CONUS),Full-time,160000,240000,year,,https://jobs.lever.co/shieldai/a3dfba6d-09ec-42c3-9328-dbb2b5fbdab3
Shield AI,Lever,"Staff Engineer, Mechanical Test (R5475)",X-BAT Division,,"Seattle, Washington",US (CONUS),Full-time,160000,240000,year,Bachelor's,https://jobs.lever.co/shieldai/a9bce6a3-7320-4b2f-a7b4-b93319e97611
Shield AI,Lever,"Staff Engineer, Mission Systems - Fleet Support (R5004)",Aircraft Operations Division,,"Dallas, Texas",US (CONUS),Full-time,140000,210000,year,Bachelor's,https://jobs.lever.co/shieldai/eb93d8dc-40fa-4a11-a06f-87b3436bf85d
Shield AI,Lever,"Staff Engineer, Modeling & Simulation (R4869)",X-BAT Division,,"San Diego, California",US (CONUS),Full-time,150000,220000,year,Bachelor's,https://jobs.lever.co/shieldai/52b8f7b5-3a88-4e78-8f22-a3edc3bf1e73
Shield AI,Lever,"Staff Engineer, Operational Safety Specialist (R5306)",Aircraft Operations Division,,"Dallas, Texas",US (CONUS),Full-time,120000,180000,year,Bachelor's,https://jobs.lever.co/shieldai/ee5c330e-9598-4f71-9b94-6d4f28ed1288
Shield AI,Lever,"Staff Engineer, Operations Analysis (R4757)",X-BAT Division,,United States,US/Remote,Full-time,150000,220000,year,Bachelor's,https://jobs.lever.co/shieldai/f7ab0fef-4b0e-4f3a-8b92-98e1998ae0ad
Shield AI,Lever,"Staff Engineer, Perception (R5611)",Hivemind Solutions Division,,London,International,Full-time,,,,Bachelor's,https://jobs.lever.co/shieldai/b5a0906c-ecaa-47de-9173-fa7ce02989cd
Shield AI,Lever,"Staff Engineer, Power System Battery Pack Designer (R4479)",X-BAT Division,,"Dallas, Texas",US (CONUS),Full-time,150000,220000,year,Bachelor's,https://jobs.lever.co/shieldai/6b63f120-fedc-4157-95cb-6eebe9854538
Shield AI,Lever,"Staff Engineer, Propulsion - Mechanical Design (R5389)",V-BAT Division,,"Dallas, Texas",US (CONUS),Full-time,140000,210000,year,Bachelor's,https://jobs.lever.co/shieldai/86c4468a-827a-45e7-a672-830ff17acc42
Shield AI,Lever,"Staff Engineer, Propulsion Systems Advance Manufacturing (R5185)",Aircraft Operations Division,,"Dallas, Texas",US (CONUS),Full-time,120000,190000,year,Bachelor's,https://jobs.lever.co/shieldai/c7894f50-78c3-4b9b-959c-fdfaa2a87784
Shield AI,Lever,"Staff Engineer, Quality (R4840)",Aircraft Operations Division,,"Dallas, Texas",US (CONUS),Full-time,120000,180000,year,Bachelor's,https://jobs.lever.co/shieldai/664414ae-6aa0-4dc1-8e24-e89e7466428b
Shield AI,Lever,"Staff Engineer, Quality Assurance (R5358)",X-BAT Division,,Wichita Metro Area,International,Full-time,110000,160000,year,Bachelor's,https://jobs.lever.co/shieldai/7f7e2632-717e-4684-a7a5-058e94360d81
Shield AI,Lever,"Staff Engineer, Reliability Test (R5532)",X-BAT Division,,"Seattle, Washington",US (CONUS),Full-time,120000,180000,year,Bachelor's,https://jobs.lever.co/shieldai/b455a69a-a2c7-4f24-aec1-46ca5f5ec0be
Shield AI,Lever,"Staff Engineer, Safety - X-BAT (R5312)",Aircraft Operations Division,,"Dallas, Texas",US (CONUS),Full-time,140000,210000,year,Bachelor's,https://jobs.lever.co/shieldai/15791f6f-4d75-45a5-aa69-bee6733a41c9
Shield AI,Lever,"Staff Engineer, Software - Autonomous Aircraft Integration (R4983)",Hivemind Solutions Division,,"Washington, DC",US (CONUS),Full-time,182720,274080,year,Bachelor's,https://jobs.lever.co/shieldai/6265ee65-8136-41b5-9279-97f9a4b1d2f6
Shield AI,Lever,"Staff Engineer, Software Autonomy Applications (R4830)",Hivemind Solutions Division,,Tokyo,International,Full-time,,,,Bachelor's,https://jobs.lever.co/shieldai/75c6cb21-5e86-4676-aaab-821f9aab4e5d
Shield AI,Lever,"Staff Engineer, Software Autonomy Applications (R4962)",Hivemind Solutions Division,,London,International,Full-time,,,,Bachelor's,https://jobs.lever.co/shieldai/548aa2ee-c711-4d58-9f3d-dc19868fd391
Shield AI,Lever,"Staff Engineer, Software Autonomy Applications (R4987)",Hivemind Solutions Division,,Seoul,International,Full-time,,,,Bachelor's,https://jobs.lever.co/shieldai/f0a50041-da78-45b0-849d-481a8a67c085
Shield AI,Lever,"Staff Engineer, Software Embedded Applications (R5033)",X-BAT Division,,"Dallas, Texas",US (CONUS),Full-time,160000,250000,year,Bachelor's,https://jobs.lever.co/shieldai/10936087-44a4-47db-bddf-105436e872aa
Shield AI,Lever,"Staff Engineer, Software Test (R4784)",X-BAT Division,,"Dallas, Texas",US (CONUS),Full-time,150000,220000,year,Bachelor's,https://jobs.lever.co/shieldai/1f0a4bfe-acd7-4ace-913e-42937e9b23e2
Shield AI,Lever,"Staff Engineer, Software, GCS - C++ (R5189)",Hivemind Solutions Division,,United States,US/Remote,Full-time,150000,230000,year,Bachelor's,https://jobs.lever.co/shieldai/173aa386-c87c-4b7e-9a3f-eb99c7943fbc
Shield AI,Lever,"Staff Engineer, Structural Analysis (R4954)",X-BAT Division,,"Dallas, Texas",US (CONUS),Full-time,136730,205096,year,Bachelor's,https://jobs.lever.co/shieldai/ee7f7c27-9e53-4e20-a7fc-3a37ad35d47d
Shield AI,Lever,"Staff Engineer, Structural Designer (R4937)",X-BAT Division,,"Seattle, Washington",US (CONUS),Full-time,160000,240000,year,Bachelor's,https://jobs.lever.co/shieldai/2370b285-80b6-4603-95a9-abdf690750b7
Shield AI,Lever,"Staff Engineer, Structural Test Stand Design (R4413)",X-BAT Division,,"Dallas, Texas",US (CONUS),Full-time,138240,207360,year,Bachelor's,https://jobs.lever.co/shieldai/49d637fc-8dfe-485f-910e-941a496b50d4
Shield AI,Lever,"Staff Engineer, Survivability (Dallas) (R4607)",X-BAT Division,,"Dallas, Texas",US (CONUS),Full-time,168476,252714,year,Bachelor's,https://jobs.lever.co/shieldai/0ea1cea2-6bb5-40e9-a3ca-c9ab45498454
Shield AI,Lever,"Staff Engineer, System Reliability (R5533)",V-BAT Division,,"Dallas, Texas",US (CONUS),Full-time,140000,210000,year,Bachelor's,https://jobs.lever.co/shieldai/d5b3ae52-2703-46a2-b105-0712f400bcc1
Shield AI,Lever,"Staff Engineer, Test Integration, Modelling and Simulation (R5601)",Hivemind Solutions Division,,London,International,Full-time,,,,Bachelor's,https://jobs.lever.co/shieldai/7e905d32-4c1d-4c69-ad4c-d77a158e3297
Shield AI,Lever,"Staff Engineer, Thermal - Air Vehicle (R4856)",X-BAT Division,,"Seattle, Washington",US (CONUS),Full-time,170000,230000,year,Bachelor's,https://jobs.lever.co/shieldai/bbc92590-2f3e-467c-8ffc-c2efd0e8b98a
Shield AI,Lever,"Staff Engineer, Tool Design (R4967)",Aircraft Operations Division,,"Dallas, Texas",US (CONUS),Full-time,120000,190000,year,Bachelor's,https://jobs.lever.co/shieldai/6bccbc94-835c-46cc-94de-0eca27e532fa
Shield AI,Lever,"Staff Engineer, XBAT DevOps (R4542)",X-BAT Division,,"Seattle, Washington",US (CONUS),Full-time,180000,270000,year,Bachelor's,https://jobs.lever.co/shieldai/2c4f19cf-7a9c-47b7-a16e-2066f17ea998
Shield AI,Lever,"Staff Engineering Specialist, Avionics (R5109)",X-BAT Division,,"Seattle, Washington",US (CONUS),Full-time,33,50,hour,,https://jobs.lever.co/shieldai/a918e92a-3cc6-47df-bc74-4e2781d226d4
Shield AI,Lever,Staff Facility Security Officer (R5220),Legal Division,,"Washington, DC",US (CONUS),Full-time,100000,150000,year,Bachelor's,https://jobs.lever.co/shieldai/a031c582-1b29-4600-a7b3-58cba7adf806
Shield AI,Lever,Staff Field Solutions Engineer (R5343),Growth Division,,"Orlando, FL",US (CONUS),Full-time,180000,270000,year,,https://jobs.lever.co/shieldai/3ec25f55-8815-4f0f-8cfd-63a318d55328
Shield AI,Lever,Staff Field Solutions Engineer (R5522),Growth Division,,"Washington, DC",US (CONUS),Full-time,180000,270000,year,,https://jobs.lever.co/shieldai/a9afa909-29ae-4f20-a9cc-b0c3cd31e0e2
Shield AI,Lever,Staff Field Solutions Engineer (R5523),Growth Division,,"Washington, DC",US (CONUS),Full-time,180000,270000,year,,https://jobs.lever.co/shieldai/8c616778-17fe-48ae-9ab8-548d92872dfb
Shield AI,Lever,Staff Field Solutions Engineer (R5524),Growth Division,,"San Mateo, California",US (CONUS),Full-time,180000,270000,year,,https://jobs.lever.co/shieldai/0ecceb36-b4a8-4714-a484-0ff4cee1844d
Shield AI,Lever,Staff Fuel Systems Engineer,X-BAT Division,,"Dallas, Texas",US (CONUS),Full-time,142318,213476,year,Bachelor's,https://jobs.lever.co/shieldai/9a6944c7-f448-45bd-a272-09c94d2faa80
Shield AI,Lever,Staff Hardware Recruiter,People Experience Division,,Remote,US/Remote,Full-time,120000,180000,year,,https://jobs.lever.co/shieldai/7866a552-dd2f-4e81-89cd-67a52d1bbb39
Shield AI,Lever,Staff Hardware Reliability Engineer (R5142),X-BAT Division,,"Seattle, Washington",US (CONUS),Full-time,140000,210000,year,Bachelor's,https://jobs.lever.co/shieldai/88a4633a-d0b1-4025-b3ff-cb4c976fadc9
Shield AI,Lever,Staff Import Compliance Specialist (R5392),Aircraft Operations Division,,"Dallas, Texas",US (CONUS),Full-time,123920,185880,year,Bachelor's,https://jobs.lever.co/shieldai/d0b52d5f-5a87-4cbc-8fc8-ba4f529b8c90
Shield AI,Lever,Staff Loads Engineer (R4954),X-BAT Division,,"Seattle, Washington",US (CONUS),Full-time,200000,300000,year,Bachelor's,https://jobs.lever.co/shieldai/18347d18-9816-4085-b0da-5f2ff84687c1
Shield AI,Lever,"Staff Mechanical Engineer, Systems Integration (R5694)",X-BAT Division,,"Seattle, Washington",US (CONUS),Full-time,138000,200000,year,Bachelor's,https://jobs.lever.co/shieldai/c65332c3-5cd0-404d-97f9-e3a71895ed91
Shield AI,Lever,Staff Product Marketing Manager - V-BAT (R5274),Growth Division,,"Washington, DC",US (CONUS),Full-time,130000,200000,year,Master's,https://jobs.lever.co/shieldai/bf324025-2b57-4133-b473-81d2d1b20da4
Shield AI,Lever,Staff Recruiter (R5549),People Experience Division,,Munich,International,Full-time,,,,,https://jobs.lever.co/shieldai/43670c39-2659-425d-a30b-7dd86a23599c
Shield AI,Lever,Staff Reliability and Maintainability Engineer (R5301),Aircraft Operations Division,,"Dallas, Texas",US (CONUS),Full-time,100000,150000,year,Bachelor's,https://jobs.lever.co/shieldai/942cf840-e5da-489d-9086-e1e8ae09821a
Shield AI,Lever,"Staff Software Engineer, Autonomous Pilot Integration (R5208)",Hivemind Solutions Division,,"Washington, DC",US (CONUS),Full-time,187531,281297,year,Bachelor's,https://jobs.lever.co/shieldai/4cdda6f8-a132-431b-910e-8dfc1d1fec24
Shield AI,Lever,"Staff Software Engineer, Autonomous Pilot Integration –  Emerging Domains (R5401)",Hivemind Solutions Division,,"Washington, DC",US (CONUS),Full-time,195200,292800,year,Bachelor's,https://jobs.lever.co/shieldai/9e5b2887-d40e-48ac-bfb3-f08bc9aa8829
Shield AI,Lever,"Staff Software Engineer, Autonomous Pilot Integration –  Weapons (R5400)",Hivemind Solutions Division,,"Washington, DC",US (CONUS),Full-time,195200,292800,year,Bachelor's,https://jobs.lever.co/shieldai/2973db9d-8bd9-4f89-af10-a6c0a7fead77
Shield AI,Lever,"Staff Software Engineer, Autonomous Pilot Integration – Expeditionary (R5208)",Hivemind Solutions Division,,"Washington, DC",US (CONUS),Full-time,195200,292800,year,Bachelor's,https://jobs.lever.co/shieldai/cfceea3e-535a-4daa-b981-ae25746d285b
Shield AI,Lever,"Staff Software Engineer, Autonomy Applications Engineering",Hivemind Solutions Division,,New Delhi,International,Full-time,,,,Bachelor's,https://jobs.lever.co/shieldai/20ba2fbb-f9b3-4408-ac5c-7809a8446ea3
Shield AI,Lever,"Staff Software Engineer, Autonomy Behaviors (R4588)",Hivemind Solutions Division,,"Boston, MA",US (CONUS),Full-time,187531,281297,year,Bachelor's,https://jobs.lever.co/shieldai/addd3b2a-4b3b-41d8-9821-1cf50a442836
Shield AI,Lever,"Staff Software Engineer, Autonomy Capabilities – Space (R5368)",Hivemind Solutions Division,,"Boston, MA",US (CONUS),Full-time,187531,281297,year,Bachelor's,https://jobs.lever.co/shieldai/93f53ebc-7b99-468e-956b-07a82af2a315
Shield AI,Lever,"Staff Software Engineer, C++ Software Integration (R4018)",Hivemind Solutions Division,,"Washington, DC",US (CONUS),Full-time,150711,226067,year,Bachelor's,https://jobs.lever.co/shieldai/76691555-47d7-4801-800a-b3386a8bb8de
Shield AI,Lever,"Staff Software Engineer, GCS - Full Stack (R5192)",Hivemind Solutions Division,,United States,US/Remote,Full-time,150000,230000,year,Bachelor's,https://jobs.lever.co/shieldai/b6dcf09f-1fb2-4ac1-b2e6-9fab8acb4e79
Shield AI,Lever,"Staff Software Engineer, Perception (R5421)",Hivemind Solutions Division,,"Washington, DC",US (CONUS),Full-time,195200,292800,year,Bachelor's,https://jobs.lever.co/shieldai/104a9e83-0848-49c7-9d82-64618bbb39cb
Shield AI,Lever,"Staff Systems Engineer, Hivemind Enterprise (R4625)",Hivemind Platform Division,,"San Diego, California",US (CONUS),Full-time,141834,212752,year,Bachelor's,https://jobs.lever.co/shieldai/466470a1-4a1a-4c49-8adc-90cd6358ea76
Shield AI,Lever,Staff Technical Sourcer - Aircraft Engineering,People Experience Division,,"Dallas, Texas",US (CONUS),Full-time,,,,,https://jobs.lever.co/shieldai/36eee857-3f87-4b68-a25f-3a56d54f409b
Shield AI,Lever,"Staff Technician, Air Vehicle Systems (R4892)",X-BAT Division,,"Seattle, Washington",US (CONUS),Full-time,41,61,hour,,https://jobs.lever.co/shieldai/3d6d5608-23f6-4a7c-81ff-f41aaf05eb27
Shield AI,Lever,"Staff Technician, Welder (R5113)",Aircraft Operations Division,,"Dallas, Texas",US (CONUS),Full-time,34,51,hour,Associate/HS,https://jobs.lever.co/shieldai/dec31d94-a0bc-4b0b-b18d-046019253c47
Shield AI,Lever,Standardization Pilot (R5478),Aircraft Operations Division,,"Dallas, Texas",US (CONUS),,130000,200000,year,,https://jobs.lever.co/shieldai/91a83ad8-2453-4eda-ba35-a2c2ec6baf27
Shield AI,Lever,Strategic Sourcing Manager (R4766),Aircraft Operations Division,,"Dallas, Texas",US (CONUS),Full-time,105000,140000,year,Bachelor's,https://jobs.lever.co/shieldai/42de5714-9487-42a5-ba68-f68ebec43d78
Shield AI,Lever,Strategic Sourcing Manager - Hivemind Subcontracts (R4464),Aircraft Operations Division,,"Washington, DC",US (CONUS),Full-time,65000,105000,year,Associate/HS,https://jobs.lever.co/shieldai/515658a7-d371-48ac-aea4-0c09d6ade3a6
Shield AI,Lever,Supplier Development Engineer (R4621),Aircraft Operations Division,,Taipei,International,Full-time,,,,Master's,https://jobs.lever.co/shieldai/34d71878-2793-427c-ac43-e83cff4a5fee
Shield AI,Lever,Supplier Development Engineer - Electronics (R5480),Aircraft Operations Division,,"Dallas, Texas",US (CONUS),Full-time,149565,224347,year,Master's,https://jobs.lever.co/shieldai/cf0f2076-a481-4b1a-8a37-39979abb98e6
Shield AI,Lever,Supplier Development Engineer - Mechanical (R4561),Aircraft Operations Division,,"Dallas, Texas",US (CONUS),Full-time,110000,170000,year,,https://jobs.lever.co/shieldai/9f1c3c6f-6807-4cd4-bbb1-d9914841c23e
Shield AI,Lever,Systems Test Engineer (R5243),Hivemind Solutions Division,,London,International,Full-time,,,,Bachelor's,https://jobs.lever.co/shieldai/063e8ca4-9077-4edf-b85e-04dcfdf9afc3
Shield AI,Lever,"Technical Program Manager, Manufacturing (R4741)",Aircraft Operations Division,,"Dallas, Texas",US (CONUS),Full-time,120000,180000,year,Bachelor's,https://jobs.lever.co/shieldai/5044fc9d-3138-46fe-a90d-058cf1373746
Shield AI,Lever,"Technical Program Manager, Mission Autonomy (R5052)",Hivemind Solutions Division,,"Dallas, Texas",US (CONUS),Full-time,170000,260000,year,Bachelor's,https://jobs.lever.co/shieldai/000362bc-8cc0-4569-8b47-a3c463f67b2f
Shield AI,Lever,Technical Writer (R5661),V-BAT Division,,"Dallas, Texas",US (CONUS),Full-time,60000,105000,year,Bachelor's,https://jobs.lever.co/shieldai/880305bc-3c32-4771-a144-92320b19a2fe
Shield AI,Lever,"Technician 3, Quality Systems Engineering (R4956)",Aircraft Operations Division,,"Dallas, Texas",US (CONUS),Full-time,28,42,hour,,https://jobs.lever.co/shieldai/3b0846c2-88ed-47d0-8ab0-59a844704ece
Shield AI,Lever,"Technician 4, Quality Engineering (R4959)",Aircraft Operations Division,,"Dallas, Texas",US (CONUS),Full-time,34,51,hour,,https://jobs.lever.co/shieldai/8f00a36b-02b5-4800-b55b-2c9d29c6dd62
Shield AI,Lever,"Technician II, Facilities (5444)",Facilities Division,,"Dallas, Texas",US (CONUS),Full-time,23,34,hour,Associate/HS,https://jobs.lever.co/shieldai/dae12300-3947-40a7-b497-bbb189599cb3
Shield AI,Lever,"Technician III, Maintenance (R5318)",Aircraft Operations Division,,"Dallas, Texas",US (CONUS),Full-time,33,48,hour,Associate/HS,https://jobs.lever.co/shieldai/688eda0d-b749-4a29-80e9-e6e1d4a80d2d
Shield AI,Lever,"Territory Business Development Manager, Intel/Space Force (R5134)",Growth Division,,"Washington, DC",US (CONUS),Full-time,270000,400000,year,Bachelor's,https://jobs.lever.co/shieldai/a197979d-ed30-4da9-91b1-a578097522ad
Shield AI,Lever,"Territory Business Development Manager, USMC (R5167)",Growth Division,,Remote,US/Remote,Full-time,270000,400000,year,Bachelor's,https://jobs.lever.co/shieldai/ef16315f-376b-4453-b804-42b0352c7f99
Shield AI,Lever,Tool Control Coordinator (R5727),Aircraft Operations Division,,"Dallas, Texas",US (CONUS),Full-time,28,42,hour,Master's,https://jobs.lever.co/shieldai/d76b3027-d232-405f-8dcd-c0ef70cd5868
Shield AI,Lever,Trade Compliance Manager (R5351),Legal Division,,London,International,Full-time,,,,Bachelor's,https://jobs.lever.co/shieldai/1257e13c-29c8-4a1d-b809-938b309c31f4
Shield AI,Lever,UAS Operator & Flight Operations Technician (R5438),Hivemind Solutions Division,,Lviv,International,Full-time,,,,Associate/HS,https://jobs.lever.co/shieldai/70f28ba1-aac2-4911-8253-fe86e1e0242a
Shield AI,Lever,V-BAT Air Vehicle Operator,Aircraft Operations Division,,"Dallas, Texas",US (CONUS),Full-time,56000,168000,year,,https://jobs.lever.co/shieldai/3286ffe2-a1e7-4393-9df6-2703d8b55967
Shield AI,Lever,V-BAT Internal Training Instructor (R5031),Aircraft Operations Division,,"Dallas, Texas",US (CONUS),Full-time,110000,172000,year,,https://jobs.lever.co/shieldai/6b0abf25-6af7-4a8d-9b95-b2509bd63d82
Shield AI,Lever,"X-BAT Business Development Director, Middle East (R4949)",Growth Division,,Abu Dhabi,International,Full-time,,,,,https://jobs.lever.co/shieldai/a4ca6614-e302-48f9-800c-fc9903ea5b5a
Vannevar Labs,Greenhouse,Controller,Finance,,Remote,US/Remote,,,,,Bachelor's,https://job-boards.greenhouse.io/vannevarlabs/jobs/5140427007
Vannevar Labs,Greenhouse,DevOps Engineer,Infrastructure Engineering,,Remote,US/Remote,,,,,,https://job-boards.greenhouse.io/vannevarlabs/jobs/5106734007
Vannevar Labs,Greenhouse,"Engineering Manager, AI Platform",Backend Platform Engineering,,Remote,US/Remote,,,,,,https://job-boards.greenhouse.io/vannevarlabs/jobs/5208631007
Vannevar Labs,Greenhouse,"Engineering Manager, Security Platform",Backend Platform Engineering,,Remote,US/Remote,,,,,,https://job-boards.greenhouse.io/vannevarlabs/jobs/5156839007
Vannevar Labs,Greenhouse,Forward Deployed Engineer (TS/SCI Clearance Required),Forward Deployed Engineering,,Remote,US/Remote,,,,,Associate/HS,https://job-boards.greenhouse.io/vannevarlabs/jobs/4172631007
Vannevar Labs,Greenhouse,Forward Deployed Engineer - Oahu (TS/SCI Clearance Required),Forward Deployed Engineering,,"Honolulu, Hawaii, United States",US (non-CONUS),,135000,205000,year,Associate/HS,https://job-boards.greenhouse.io/vannevarlabs/jobs/5082044007
Vannevar Labs,Greenhouse,Forward Deployed Engineer - Software Modernization (TS/SCI Clearance Required),Forward Deployed Engineering,,"Washington, District of Columbia, United States",US (CONUS),,,,,,https://job-boards.greenhouse.io/vannevarlabs/jobs/5165272007
Vannevar Labs,Greenhouse,Machine Learning Engineer,Backend Platform Engineering,,Remote,US/Remote,,150000,215000,year,,https://job-boards.greenhouse.io/vannevarlabs/jobs/5045652007
Vannevar Labs,Greenhouse,Mission Lead (Clearance Required),Mission Development,,"Honolulu, Hawaii, United States",US (non-CONUS),,150000,170000,year,,https://job-boards.greenhouse.io/vannevarlabs/jobs/5099077007
Vannevar Labs,Greenhouse,Mission Lead (Tampa) - Clearance Required,Mission Strategy,,"Tampa, Florida, United States",US (CONUS),,,,,,https://job-boards.greenhouse.io/vannevarlabs/jobs/5166244007
Vannevar Labs,Greenhouse,Mission Lead - Cyber (Clearance Required),Mission Development,,"Washington, District of Columbia, United States",US (CONUS),,,,,,https://job-boards.greenhouse.io/vannevarlabs/jobs/5166384007
Vannevar Labs,Greenhouse,Mission Lead - San Diego (Clearance Required),Mission Development,,"San Diego, California",US (CONUS),,150000,170000,year,,https://job-boards.greenhouse.io/vannevarlabs/jobs/5181911007
Vannevar Labs,Greenhouse,Product Manager - Mission Agents,Product Engineering,,Remote,US/Remote,,,,,,https://job-boards.greenhouse.io/vannevarlabs/jobs/5125334007
Vannevar Labs,Greenhouse,Public Policy & Community Affairs Intern,Operations,,"Honolulu, Hawaii, United States",US (non-CONUS),,,,,,https://job-boards.greenhouse.io/vannevarlabs/jobs/5175741007
Vannevar Labs,Greenhouse,Senior Mission Manager (Clearance Required),Mission Development,,"Raleigh, North Carolina, United States; Tampa, Florida, United States; Washington, District of Columbia, United States",US (CONUS),,180000,220000,year,,https://job-boards.greenhouse.io/vannevarlabs/jobs/5115401007
Vannevar Labs,Greenhouse,Senior Mission Manager - International (Clearance Required),Mission Development,,"Washington, District of Columbia, United States",US (CONUS),,180000,220000,year,,https://job-boards.greenhouse.io/vannevarlabs/jobs/5116185007
Vannevar Labs,Greenhouse,Senior Software Engineer - ATO,Forward Deployed Engineering,,"San Diego, California",US (CONUS),,150000,215000,year,,https://job-boards.greenhouse.io/vannevarlabs/jobs/5038982007
Vannevar Labs,Greenhouse,Senior Software Engineer - Agents Platform,Backend Platform Engineering,,Remote,US/Remote,,,,,,https://job-boards.greenhouse.io/vannevarlabs/jobs/5100492007
Vannevar Labs,Greenhouse,"Senior Software Engineer, Full-Stack - Security Platform",Backend Platform Engineering,,Remote,US/Remote,,150000,215000,year,,https://job-boards.greenhouse.io/vannevarlabs/jobs/5196044007
Vannevar Labs,Greenhouse,"Senior Software Engineer, Fullstack",Product Engineering,,Remote,US/Remote,,,,,,https://job-boards.greenhouse.io/vannevarlabs/jobs/5083725007
Vannevar Labs,Greenhouse,Staff Technical Product Manager,Backend Platform Engineering,,Remote,US/Remote,,,,,,https://job-boards.greenhouse.io/vannevarlabs/jobs/5051042007
