"Company","ATS","Title","Field","Team","Location","Region","Employment","PayMin","PayMax","PayInterval","Education","URL"
"Northrop Grumman","Eightfold","2026 Associate Energetics Manufacturing Engineer - Elkton MD","Material/Process","","Elkton, MD","US (CONUS)","","","","","","https://jobs.northropgrumman.com/careers/job/1340074027905"
"Northrop Grumman","Eightfold","Aircraft Electrician - Entry & level 1","Flight Operations Mult-Func","","Palmdale, CA","US (CONUS)","","","","","","https://jobs.northropgrumman.com/careers/job/1340072025510"
"Northrop Grumman","Eightfold","Principal / Sr Principal Aeronautical Engineer","Mechanical","","Palmdale, CA","US (CONUS)","","","","","","https://jobs.northropgrumman.com/careers/job/1340072788583"
"Northrop Grumman","Eightfold","Principal Quality Engineer","Mission/Quality Assurance","","Baltimore, MD","US (CONUS)","","","","","","https://jobs.northropgrumman.com/careers/job/1340073933642"
"Northrop Grumman","Eightfold","Staff Engineer Manufacturing Systems","Systems/Architecture/Test","","Sunnyvale, CA","US (CONUS)","","","","","","https://jobs.northropgrumman.com/careers/job/1340073973936"
"Northrop Grumman","Eightfold","Sr Principal Engineer Mission Assurance","Mission/Quality Assurance","","Sunnyvale, CA","US (CONUS)","","","","","","https://jobs.northropgrumman.com/careers/job/1340073866271"
"Northrop Grumman","Eightfold","Sr Principal Test Conductor","Mission and Quality Assurance","","Palmdale, CA","US (CONUS)","","","","","","https://jobs.northropgrumman.com/careers/job/1340072994374"
"Northrop Grumman","Eightfold","Principal Business Management Analyst","Business Management Mult-Func","","Linthicum Heights, MD","US (CONUS)","","","","","","https://jobs.northropgrumman.com/careers/job/1340073452597"
"Northrop Grumman","Eightfold","Quality Engineer","Mission/Quality Assurance","","Annapolis, MD","US (CONUS)","","","","","","https://jobs.northropgrumman.com/careers/job/1340073616706"
"Northrop Grumman","Eightfold","Principal Quality Engineer","Mission/Quality Assurance","","Baltimore, MD","US (CONUS)","","","","","","https://jobs.northropgrumman.com/careers/job/1340073872054"
"Northrop Grumman","Eightfold","Sentinel - Staff Mechanical Engineer - Interfaces (19690)","Mechanical","","Roy, UT","US (CONUS)","","","","","","https://jobs.northropgrumman.com/careers/job/1340073906467"
"Northrop Grumman","Eightfold","Sentinel - Sr Principal Mechanical Engineer (19687)","Mechanical","","Roy, UT","US (CONUS)","","","","","","https://jobs.northropgrumman.com/careers/job/1340073907044"
"Northrop Grumman","Eightfold","Principal Quality Engineer","Mission/Quality Assurance","","Baltimore, MD","US (CONUS)","","","","","","https://jobs.northropgrumman.com/careers/job/1340073932145"
"Northrop Grumman","Eightfold","Manager Supply Chain Programs 1","Global Supply Chain Mult-Func","","Dulles, VA","US (CONUS)","","","","","","https://jobs.northropgrumman.com/careers/job/1340073966763"
"Northrop Grumman","Eightfold","Mission Assurance Director 1","Mission and Quality Assurance","","Melbourne, FL","US (CONUS)","","","","","","https://jobs.northropgrumman.com/careers/job/1340074017705"
"Northrop Grumman","Eightfold","Project Management","Project Management (Non-P&L)","","Warner Robins, GA","US (CONUS)","","","","","","https://jobs.northropgrumman.com/careers/job/1340074022572"
"Northrop Grumman","Eightfold","Software Engineer / Principal Software Engineer (AHT)","Software","","Hollywood, MD","US (CONUS)","","","","","","https://jobs.northropgrumman.com/careers/job/1340074028262"
"Northrop Grumman","Eightfold","Systems Engineer - Level 5","Systems/Architecture/Test","","Chandler, AZ","US (CONUS)","","","","","","https://jobs.northropgrumman.com/careers/job/1340074030047"
"Northrop Grumman","Eightfold","Sr. Principal Classified Cybersecurity Analyst - TS/SCI","Cyber","","Dulles, VA","US (CONUS)","","","","","","https://jobs.northropgrumman.com/careers/job/1340072922793"
"Northrop Grumman","Eightfold","Gerber Operator - Manufacturing Technician - Level 1","Manufacturing and Production","","San Diego, CA","US (CONUS)","","","","","","https://jobs.northropgrumman.com/careers/job/1340073971223"
"Northrop Grumman","Eightfold","Manager Production Planning Scheduler 1","Manufacturing and Production","","Clearfield, UT","US (CONUS)","","","","","","https://jobs.northropgrumman.com/careers/job/1340074038702"
"Northrop Grumman","Eightfold","Mechanical Technician – Level 2 or Level 3","Tech Support Mult-Func","","Redondo Beach, CA","US (CONUS)","","","","","","https://jobs.northropgrumman.com/careers/job/1340074042364"
"Northrop Grumman","Eightfold","U109 Logistics Inventory and Control Coordinator B - 1st Shift","NGC - Non - NGJF Union","","Baltimore, MD","US (CONUS)","","","","","","https://jobs.northropgrumman.com/careers/job/1340073654716"
"Northrop Grumman","Eightfold","Sr Principal Quality Engineer","Mission/Quality Assurance","","Baltimore, MD","US (CONUS)","","","","","","https://jobs.northropgrumman.com/careers/job/1340073954475"
"Northrop Grumman","Eightfold","NDT Tech 3 (SkillBridge)","Mission and Quality Assurance","","Charlottesville, VA","US (CONUS)","","","","","","https://jobs.northropgrumman.com/careers/job/1340074006914"
"Northrop Grumman","Eightfold","Staff ERP Material Master Data (MMD) BPL","Design and Programming","","Roy, UT","US (CONUS)","","","","","","https://jobs.northropgrumman.com/careers/job/1340074016694"
"Northrop Grumman","Eightfold","Senior Systems Engineer Secret clearance","Systems/Architecture/Test","","Newport News, VA","US (CONUS)","","","","","","https://jobs.northropgrumman.com/careers/job/1340074029551"
"Northrop Grumman","Eightfold","2nd Shift Lead Electrical Test Conductor (Level 3/4)","Mission and Quality Assurance","","Redondo Beach, CA","US (CONUS)","","","","","","https://jobs.northropgrumman.com/careers/job/1340074029996"
"Northrop Grumman","Eightfold","Sr Principal Windows / VMWare Systems Administrator - Polygraph","Design and Programming","","Linthicum Heights, MD","US (CONUS)","","","","","","https://jobs.northropgrumman.com/careers/job/1340071774873"
"Northrop Grumman","Eightfold","U109 HVAC Technician - 2nd Shift","NGC - Non - NGJF Union","","Linthicum Heights, MD","US (CONUS)","","","","","","https://jobs.northropgrumman.com/careers/job/1340073476722"
"Northrop Grumman","Eightfold","Engineer Quality","Mission/Quality Assurance","","Salt Lake City, UT","US (CONUS)","","","","","","https://jobs.northropgrumman.com/careers/job/1340073768201"
"Northrop Grumman","Eightfold","Systems Engineering Manager - level 3","Systems/Architecture/Test","","Chandler, AZ","US (CONUS)","","","","","","https://jobs.northropgrumman.com/careers/job/1340073940411"
"Northrop Grumman","Eightfold","Staff FPGA Digital Engineer - 5","Engineering Mult-Func","","Chandler, AZ","US (CONUS)","","","","","","https://jobs.northropgrumman.com/careers/job/1340074030762"
"Northrop Grumman","Eightfold","Production Planner and Scheduler 2/3","Manufacturing and Production","","Corinne, UT","US (CONUS)","","","","","","https://jobs.northropgrumman.com/careers/job/1340072989981"
"Northrop Grumman","Eightfold","Sr Principal Production Operations","Manufacturing and Production","","Baltimore, MD","US (CONUS)","","","","","","https://jobs.northropgrumman.com/careers/job/1340073014757"
"Northrop Grumman","Eightfold","Payroll Assistant 3 - Timekeeping","Payroll","","Irving, TX","US (CONUS)","","","","","","https://jobs.northropgrumman.com/careers/job/1340074002042"
"Northrop Grumman","Eightfold","Manager Subsystem Factory Test Design Section 3","Electrical","","Baltimore, MD","US (CONUS)","","","","","","https://jobs.northropgrumman.com/careers/job/1340073659420"
"Northrop Grumman","Eightfold","Principal Engineer Systems","Systems/Architecture/Test","","Buffalo, NY","US (CONUS)","","","","","","https://jobs.northropgrumman.com/careers/job/1340073964765"
"Northrop Grumman","Eightfold","Business Operations Manager 3","Project Management (Non-P&L)","","Linthicum Heights, MD","US (CONUS)","","","","","","https://jobs.northropgrumman.com/careers/job/1340073989809"
"Northrop Grumman","Eightfold","Business Management Analyst - Multifunction","Business Management Mult-Func","","Linthicum Heights, MD","US (CONUS)","","","","","","https://jobs.northropgrumman.com/careers/job/1340073992848"
"Northrop Grumman","Eightfold","Principal or Sr. Principal Program Cost and Schedule Control Analyst","Business Management Mult-Func","","Melbourne, FL","US (CONUS)","","","","","","https://jobs.northropgrumman.com/careers/job/1340073997636"
"Northrop Grumman","Eightfold","Principal Engineer Systems - AHT","Systems/Architecture/Test","","Huntsville, AL","US (CONUS)","","","","","","https://jobs.northropgrumman.com/careers/job/1340073998110"
"Northrop Grumman","Eightfold","Precision Electromechanical Assembler 3 (2nd shift)","Manufacturing and Production","","Rolling Meadows, IL","US (CONUS)","","","","","","https://jobs.northropgrumman.com/careers/job/1340073987354"
"Northrop Grumman","Eightfold","Software/Systems Engineer Architect - Level 5","Systems/Architecture/Test","","Huntsville, AL","US (CONUS)","","","","","","https://jobs.northropgrumman.com/careers/job/1340073995326"
"Northrop Grumman","Eightfold","Senior Staff Radar Modeling Simulation Analysis Systems Engineer","Systems/Architecture/Test","","Baltimore, MD","US (CONUS)","","","","","","https://jobs.northropgrumman.com/careers/job/1340074006059"
"Northrop Grumman","Eightfold","Associate Industrial Security Analyst","Security Mult-Func","","El Segundo, CA","US (CONUS)","","","","","","https://jobs.northropgrumman.com/careers/job/1340073724484"
"Northrop Grumman","Eightfold","Sr Principal Engineer Systems","Systems/Architecture/Test","","Apopka, FL","US (CONUS)","","","","","","https://jobs.northropgrumman.com/careers/job/1340073934491"
"Northrop Grumman","Eightfold","Senior Principal Program Cost Control Analyst - Finance","Business Management Mult-Func","","Dulles, VA","US (CONUS)","","","","","","https://jobs.northropgrumman.com/careers/job/1340073994735"
"Northrop Grumman","Eightfold","Manufacturing Engineer - 2nd Shift","Material/Process","","Palmdale, CA","US (CONUS)","","","","","","https://jobs.northropgrumman.com/careers/job/1340073995107"
"Northrop Grumman","Eightfold","Principal Software Engineer","Software","","Rolling Meadows, IL","US (CONUS)","","","","","","https://jobs.northropgrumman.com/careers/job/1340073998312"
"Northrop Grumman","Eightfold","Manager Program Control 2","Finance and Accounting","","Melbourne, FL","US (CONUS)","","","","","","https://jobs.northropgrumman.com/careers/job/1340073999501"
"Northrop Grumman","Eightfold","Principal Embedded Software Engineer","Software","","Baltimore, MD","US (CONUS)","","","","","","https://jobs.northropgrumman.com/careers/job/1340074000017"
"Northrop Grumman","Eightfold","Principal or Sr. Principal Program Cost and Schedule Control Analyst","Business Management Mult-Func","","San Diego, CA","US (CONUS)","","","","","","https://jobs.northropgrumman.com/careers/job/1340072849002"
"Northrop Grumman","Eightfold","Cyber Analyst (AHT)","Mission and Quality Assurance","","Colorado Springs, CO","US (CONUS)","","","","","","https://jobs.northropgrumman.com/careers/job/1340073442752"
"Northrop Grumman","Eightfold","Systems Engineer - Level 2/3 (AHT)","Systems/Architecture/Test","","Aurora, CO","US (CONUS)","","","","","","https://jobs.northropgrumman.com/careers/job/1340073517416"
"Northrop Grumman","Eightfold","Thermal Mechanical Engineer - Level 2 - Dulles","Mechanical","","Dulles, VA","US (CONUS)","","","","","","https://jobs.northropgrumman.com/careers/job/1340073548469"
"Northrop Grumman","Eightfold","Sr Principal Embedded Software Engineer","Software","","Melbourne, FL","US (CONUS)","","","","","","https://jobs.northropgrumman.com/careers/job/1340073855756"
"Northrop Grumman","Eightfold","Principal HR Business Partner - Palmdale CA","Human Resources Mult-Func","","Palmdale, CA","US (CONUS)","","","","","","https://jobs.northropgrumman.com/careers/job/1340073855804"
"Northrop Grumman","Eightfold","Embedded Software Engineer – Level 5 (Secret)","Software","","Dulles, VA","US (CONUS)","","","","","","https://jobs.northropgrumman.com/careers/job/1340073990348"
"Northrop Grumman","Eightfold","Executive Assistant to Vice President","General Administrative","","Baltimore, MD","US (CONUS)","","","","","","https://jobs.northropgrumman.com/careers/job/1340073991875"
"Northrop Grumman","Eightfold","Mission Assurance Software Engineer Level 4","Mission/Quality Assurance","","Aurora, CO","US (CONUS)","","","","","","https://jobs.northropgrumman.com/careers/job/1340074005503"
"Northrop Grumman","Eightfold","Sr. Principal Systems Engineer Level 4","Systems/Architecture/Test","","Sunnyvale, CA","US (CONUS)","","","","","","https://jobs.northropgrumman.com/careers/job/1340074006036"
"Northrop Grumman","Eightfold","Electrical Subsystem Wiring Design Engineer - (Level 2/3)","Electrical","","Melbourne, FL","US (CONUS)","","","","","","https://jobs.northropgrumman.com/careers/job/1340072808506"
"Northrop Grumman","Eightfold","Facilities Manager 2","Facilities Mult-Func","","Melbourne, FL","US (CONUS)","","","","","","https://jobs.northropgrumman.com/careers/job/1340073950374"
"Northrop Grumman","Eightfold","Program Manager 2","Program Management (P&L)","","El Segundo, CA","US (CONUS)","","","","","","https://jobs.northropgrumman.com/careers/job/1340073957203"
"Northrop Grumman","Eightfold","Mechanical Design Engineer Level 5","Mechanical","","Ocean Springs, MS","US (CONUS)","","","","","","https://jobs.northropgrumman.com/careers/job/1340073994757"
"Northrop Grumman","Eightfold","Systems Engineer (2/3 level) - Modeling Sim & Analysis SW Dev","Systems/Architecture/Test","","Palmdale, CA","US (CONUS)","","","","","","https://jobs.northropgrumman.com/careers/job/1340073999822"
"Northrop Grumman","Eightfold","Non-Destructive Test Technician 1","Mission and Quality Assurance","","Clearfield, UT","US (CONUS)","","","","","","https://jobs.northropgrumman.com/careers/job/1340074002009"
"Northrop Grumman","Eightfold","Principal Software Engineer - Development","Software","","San Diego, CA","US (CONUS)","","","","","","https://jobs.northropgrumman.com/careers/job/1340074005151"
"Northrop Grumman","Eightfold","Sentinel - Principal Systems / Sr Principal Systems Engineer - 17538","Systems/Architecture/Test","","Roy, UT","US (CONUS)","","","","","","https://jobs.northropgrumman.com/careers/job/1340074005510"
"Northrop Grumman","Eightfold","Sr. Principal Propulsion Engineer – Level 4","Mechanical","","Corinne, UT","US (CONUS)","","","","","","https://jobs.northropgrumman.com/careers/job/1340072956311"
"Northrop Grumman","Eightfold","Program Cost and Schedule Control Analyst","Business Management Mult-Func","","Palmdale, CA","US (CONUS)","","","","","","https://jobs.northropgrumman.com/careers/job/1340072985957"
"Northrop Grumman","Eightfold","Principal/ Sr Principal Project Management","Project Management (Non-P&L)","","Melbourne, FL","US (CONUS)","","","","","","https://jobs.northropgrumman.com/careers/job/1340073463530"
"Northrop Grumman","Eightfold","Tool Crib Attendant 4","Manufacturing and Production","","Edwards AFB, CA","US (CONUS)","","","","","","https://jobs.northropgrumman.com/careers/job/1340073960996"
"Northrop Grumman","Eightfold","Systems Engineer - Level 3","Systems/Architecture/Test","","Chandler, AZ","US (CONUS)","","","","","","https://jobs.northropgrumman.com/careers/job/1340073968233"
"Northrop Grumman","Eightfold","Embedded Software/Principal Embedded Software Engineer","Software","","Rolling Meadows, IL","US (CONUS)","","","","","","https://jobs.northropgrumman.com/careers/job/1340073999178"
"Northrop Grumman","Eightfold","Principal Engineer Network (III) (26-403)","Networks","","Colorado Springs, CO","US (CONUS)","","","","","","https://jobs.northropgrumman.com/careers/job/1340074004773"
"Northrop Grumman","Eightfold","Casual Technical Professional","Intern/Casual","","San Diego, CA","US (CONUS)","","","","","","https://jobs.northropgrumman.com/careers/job/1340073971978"
"Northrop Grumman","Eightfold","Supply Chain Technical Coordinator Level 1 or 2","Global Supply Chain Mult-Func","","Clearfield, UT","US (CONUS)","","","","","","https://jobs.northropgrumman.com/careers/job/1340073976042"
"Northrop Grumman","Eightfold","Contract Order Administrator","Contracts","","Plymouth, MN","US (CONUS)","","","","","","https://jobs.northropgrumman.com/careers/job/1340074000001"
"Northrop Grumman","Eightfold","Cyber Systems Administrator – Regional COSA (26-396)","Cyber","","Colorado Springs, CO","US (CONUS)","","","","","","https://jobs.northropgrumman.com/careers/job/1340074006347"
"Northrop Grumman","Eightfold","Supply Chain Procurement Specialist Level 1 or 2","Global Supply Chain Mult-Func","","Melbourne, FL","US (CONUS)","","","","","","https://jobs.northropgrumman.com/careers/job/1340073707896"
"Northrop Grumman","Eightfold","Sr Principal Engineer Systems 4","Systems/Architecture/Test","","Ocean Springs, MS","US (CONUS)","","","","","","https://jobs.northropgrumman.com/careers/job/1340073899456"
"Northrop Grumman","Eightfold","Engineer Manufacturing","Material/Process","","San Diego, CA","US (CONUS)","","","","","","https://jobs.northropgrumman.com/careers/job/1340073932236"
"Northrop Grumman","Eightfold","Manager Subcontracts 2","Global Supply Chain Mult-Func","","Sunnyvale, CA","US (CONUS)","","","","","","https://jobs.northropgrumman.com/careers/job/1340073952321"
"Northrop Grumman","Eightfold","Chief Engineer Level 5 - Linthicum","Engineering Mult-Func","","Baltimore, MD","US (CONUS)","","","","","","https://jobs.northropgrumman.com/careers/job/1340072647464"
"Northrop Grumman","Eightfold","Principal Test Conductor/ Test Conductor","Mission and Quality Assurance","","Whiteman AFB, MO","US (CONUS)","","","","","","https://jobs.northropgrumman.com/careers/job/1340073738507"
"Northrop Grumman","Eightfold","Software Engineer Level 3 or 4","Software","","Morrisville, NC","US (CONUS)","","","","","","https://jobs.northropgrumman.com/careers/job/1340073738615"
"Northrop Grumman","Eightfold","Sentinel - Staff Project Change Engineer - 19785*","Engineering Mult-Func","","Roy, UT","US (CONUS)","","","","","","https://jobs.northropgrumman.com/careers/job/1340073998759"
"Northrop Grumman","Eightfold","Mechanical Design Engineer Level 4","Mechanical","","Ocean Springs, MS","US (CONUS)","","","","","","https://jobs.northropgrumman.com/careers/job/1340073896644"
"Northrop Grumman","Eightfold","Principal/Senior Principal Software Engineer - DevOps","Software","","Melbourne, FL","US (CONUS)","","","","","","https://jobs.northropgrumman.com/careers/job/1340073994867"
"Northrop Grumman","Eightfold","Employee Communications Representative - Level 2","Communications Mult-Func","","McLean, VA","US (CONUS)","","","","","","https://jobs.northropgrumman.com/careers/job/1340073999222"
"Northrop Grumman","Eightfold","Supply Chain Technical Coordinator 2 OR 3 - A SHIFT","Global Supply Chain Mult-Func","","Clearfield, UT","US (CONUS)","","","","","","https://jobs.northropgrumman.com/careers/job/1340073997477"
"Northrop Grumman","Eightfold","Manufacturing Engineer – Process Center Lead Harnessing & Soldering - Level 2","Material/Process","","Goleta, CA","US (CONUS)","","","","","","https://jobs.northropgrumman.com/careers/job/1340074006525"
"Northrop Grumman","Eightfold","Principal or Sr. Principal Engineer Aeronautical - Airframe Design","Mechanical","","Melbourne, FL","US (CONUS)","","","","","","https://jobs.northropgrumman.com/careers/job/1340074007036"
"Northrop Grumman","Eightfold","Systems Engineer 3/4","Systems/Architecture/Test","","Corinne, UT","US (CONUS)","","","","","","https://jobs.northropgrumman.com/careers/job/1340073021444"
"Northrop Grumman","Eightfold","Cyber Systems Administrator/Principal Cyber Systems Administrator (TS/SCI)","Cyber","","Elkridge, MD","US (CONUS)","","","","","","https://jobs.northropgrumman.com/careers/job/1340073365694"
"Northrop Grumman","Eightfold","Aerodynamics Systems Engineer 4 (AHT)","Systems/Architecture/Test","","Los Angeles, CA","US (CONUS)","","","","","","https://jobs.northropgrumman.com/careers/job/1340073448250"
"Northrop Grumman","Eightfold","Principal Engineer Software","Software","","McClellan Park, CA","US (CONUS)","","","","","","https://jobs.northropgrumman.com/careers/job/1340073765215"
"Northrop Grumman","Eightfold","Program Cost Control Analyst 3 or 4 - Finance","Business Management Mult-Func","","Dulles, VA","US (CONUS)","","","","","","https://jobs.northropgrumman.com/careers/job/1340073997299"
"Northrop Grumman","Eightfold","Principal Quality Analyst / Sr. Principal Quality Analyst","Mission and Quality Assurance","","Oklahoma City, OK","US (CONUS)","","","","","","https://jobs.northropgrumman.com/careers/job/1340073998540"
"Northrop Grumman","Eightfold","Administrative Assistant 4","General Administrative","","Rolling Meadows, IL","US (CONUS)","","","","","","https://jobs.northropgrumman.com/careers/job/1340074002489"
"Northrop Grumman","Eightfold","Manager Mechanical Engineering 2","Mechanical","","Sunnyvale, CA","US (CONUS)","","","","","","https://jobs.northropgrumman.com/careers/job/1340074007012"
"Northrop Grumman","Eightfold","Mechanical Design Engineer Level 4","Mechanical","","Sunnyvale, CA","US (CONUS)","","","","","","https://jobs.northropgrumman.com/careers/job/1340073994628"
"Northrop Grumman","Eightfold","Staff Integration and Test Engineer (Project Manager) (26-405)","Systems/Architecture/Test","","Colorado Springs, CO","US (CONUS)","","","","","","https://jobs.northropgrumman.com/careers/job/1340074003375"
"Northrop Grumman","Eightfold","U105 Inspector B","NGC - Non - NGJF Union","","Linthicum Heights, MD","US (CONUS)","","","","","","https://jobs.northropgrumman.com/careers/job/1340072827434"
"Northrop Grumman","Eightfold","Principal Program Cost and Schedule Control Analyst","Business Management Mult-Func","","Palmdale, CA","US (CONUS)","","","","","","https://jobs.northropgrumman.com/careers/job/1340073068833"
"Northrop Grumman","Eightfold","Computer Systems Analyst - Windows","Design and Programming","","Baltimore, MD","US (CONUS)","","","","","","https://jobs.northropgrumman.com/careers/job/1340073484521"
"Northrop Grumman","Eightfold","Cyber Systems Engineer - Level 2 or 3 (AHT)","Cyber","","Aurora, CO","US (CONUS)","","","","","","https://jobs.northropgrumman.com/careers/job/1340073497623"
"Northrop Grumman","Eightfold","Inspector 4","Mission and Quality Assurance","","San Diego, CA","US (CONUS)","","","","","","https://jobs.northropgrumman.com/careers/job/1340073855020"
"Northrop Grumman","Eightfold","Classified Cybersecurity Analyst","Cyber","","Baltimore, MD","US (CONUS)","","","","","","https://jobs.northropgrumman.com/careers/job/1340071298586"
"Northrop Grumman","Eightfold","Associate Mechanical Engineer 2/3","Mechanical","","Oklahoma City, OK","US (CONUS)","","","","","","https://jobs.northropgrumman.com/careers/job/1340073899303"
"Northrop Grumman","Eightfold","Cyber Software Test Engineer - Level 2 (26-381)","Cyber","","Colorado Springs, CO","US (CONUS)","","","","","","https://jobs.northropgrumman.com/careers/job/1340073873344"
"Northrop Grumman","Eightfold","Manager Mechanical Engineering 2","Mechanical","","Ocean Springs, MS","US (CONUS)","","","","","","https://jobs.northropgrumman.com/careers/job/1340073960214"
"Northrop Grumman","Eightfold","Electronic Technician 3 (3rd shift)","Tech Support Mult-Func","","Rolling Meadows, IL","US (CONUS)","","","","","","https://jobs.northropgrumman.com/careers/job/1340073987419"
"Northrop Grumman","Eightfold","Program Cost Control Analyst 2 or 3 - Finance","Business Management Mult-Func","","Dulles, VA","US (CONUS)","","","","","","https://jobs.northropgrumman.com/careers/job/1340073994383"
"Northrop Grumman","Eightfold","Principal Program Cost and Schedule Control Analyst","Business Management Mult-Func","","San Diego, CA","US (CONUS)","","","","","","https://jobs.northropgrumman.com/careers/job/1340073463611"
"Northrop Grumman","Eightfold","Systems Software Integrator - Level 3 or 4 (AHT)","Systems/Architecture/Test","","Aurora, CO","US (CONUS)","","","","","","https://jobs.northropgrumman.com/careers/job/1340073487391"
"Northrop Grumman","Eightfold","Senior Proposal Graphic Artist ( Active TS/SCI )","Proposal","","Dulles, VA","US (CONUS)","","","","","","https://jobs.northropgrumman.com/careers/job/1340073662789"
"Northrop Grumman","Eightfold","Senior Supply Chain Manager - Programs","Global Supply Chain Mult-Func","","New Malden, England, GB","International","","","","","","https://jobs.northropgrumman.com/careers/job/1340073884382"
"Northrop Grumman","Eightfold","Sr Principal Cyber Systems Engineer /  Principal Cyber Systems Engineer","Cyber","","Azusa, CA","US (CONUS)","","","","","","https://jobs.northropgrumman.com/careers/job/1340073960535"
"Northrop Grumman","Eightfold","Electrical Design Engineer Level 4","Electrical","","Sunnyvale, CA","US (CONUS)","","","","","","https://jobs.northropgrumman.com/careers/job/1340073992745"
"Northrop Grumman","Eightfold","Sr Principal Engineer Systems - AHT","Systems/Architecture/Test","","Huntsville, AL","US (CONUS)","","","","","","https://jobs.northropgrumman.com/careers/job/1340073997281"
"Northrop Grumman","Eightfold","Mechanical Engineering Manager","Mechanical","","Sunnyvale, CA","US (CONUS)","","","","","","https://jobs.northropgrumman.com/careers/job/1340074004033"
"Northrop Grumman","Eightfold","Quality Engineer","Mission/Quality Assurance","","Elkridge, MD","US (CONUS)","","","","","","https://jobs.northropgrumman.com/careers/job/1340073107375"
"Northrop Grumman","Eightfold","Software Engineer Level 2","Software","","Morrisville, NC","US (CONUS)","","","","","","https://jobs.northropgrumman.com/careers/job/1340073918641"
"Northrop Grumman","Eightfold","Mechanical Engineer/ Lvl 3/4– Motion Controls Project Engineering","Mechanical","","Elkton, MD","US (CONUS)","","","","","","https://jobs.northropgrumman.com/careers/job/1340073957440"
"Northrop Grumman","Eightfold","Manager Program Control 2","Finance and Accounting","","El Segundo, CA","US (CONUS)","","","","","","https://jobs.northropgrumman.com/careers/job/1340073998894"
"Northrop Grumman","Eightfold","Contingent Workforce Program Operations Lead","Human Resources Mult-Func","","Bloomington, MN","US (CONUS)","","","","","","https://jobs.northropgrumman.com/careers/job/1340074002332"
"Northrop Grumman","Eightfold","U109 Repair and Calibration Technician C - 1st Shift","NGC - Non - NGJF Union","","Linthicum Heights, MD","US (CONUS)","","","","","","https://jobs.northropgrumman.com/careers/job/1340073324139"
"Northrop Grumman","Eightfold","Principal Engineer Facilities","Facilities Mult-Func","","Gilbert, AZ","US (CONUS)","","","","","","https://jobs.northropgrumman.com/careers/job/1340073852818"
"Northrop Grumman","Eightfold","Principal Electrical Engineer","Electrical","","Oklahoma City, OK","US (CONUS)","","","","","","https://jobs.northropgrumman.com/careers/job/1340073887452"
"Northrop Grumman","Eightfold","Manager Business Planning 2","Project Management (Non-P&L)","","Los Angeles, CA","US (CONUS)","","","","","","https://jobs.northropgrumman.com/careers/job/1340073895110"
"Northrop Grumman","Eightfold","Manufacturing Engineer - Palmdale CA","Material/Process","","Palmdale, CA","US (CONUS)","","","","","","https://jobs.northropgrumman.com/careers/job/1340073918890"
"Northrop Grumman","Eightfold","Principal Systems Engineer (AHT)","Systems/Architecture/Test","","Huntsville, AL","US (CONUS)","","","","","","https://jobs.northropgrumman.com/careers/job/1340073993915"
"Northrop Grumman","Eightfold","Sr Principal Software Engineer - Development","Software","","San Diego, CA","US (CONUS)","","","","","","https://jobs.northropgrumman.com/careers/job/1340074005365"
"Northrop Grumman","Eightfold","Principal Quality Engineer/Sr. Principal Quality Engineer 3/4","Mission/Quality Assurance","","Apopka, FL","US (CONUS)","","","","","","https://jobs.northropgrumman.com/careers/job/1340074007169"
"Northrop Grumman","Eightfold","SCA Elec Tech Maintenance 1 / 2","NGC - Non - NGJF Service Contract Act","","Warner Robins, GA","US (CONUS)","","","","","","https://jobs.northropgrumman.com/careers/job/1340074007801"
"Northrop Grumman","Eightfold","Manager Electronics Engineering 2","Electrical","","Baltimore, MD","US (CONUS)","","","","","","https://jobs.northropgrumman.com/careers/job/1340071177363"
"Northrop Grumman","Eightfold","Staff Electronics Engineer - Infrastructure Architect","Electrical","","San Diego, CA","US (CONUS)","","","","","","https://jobs.northropgrumman.com/careers/job/1340070754982"
"Northrop Grumman","Eightfold","Machinist 2/3","Manufacturing and Production","","Corinne, UT","US (CONUS)","","","","","","https://jobs.northropgrumman.com/careers/job/1340072709159"
"Northrop Grumman","Eightfold","Assembler 2","Manufacturing and Production","","Madison, AL","US (CONUS)","","","","","","https://jobs.northropgrumman.com/careers/job/1340072909688"
"Northrop Grumman","Eightfold","Principal Program Cost and Schedule Control Analyst","Business Management Mult-Func","","Palmdale, CA","US (CONUS)","","","","","","https://jobs.northropgrumman.com/careers/job/1340073436592"
"Northrop Grumman","Eightfold","Staff Electro-Optics Infrared (EO/IR) Engineer","Electrical","","Melbourne, FL","US (CONUS)","","","","","","https://jobs.northropgrumman.com/careers/job/1340073447137"
"Northrop Grumman","Eightfold","Principal or Sr. Principal Project Manager","Project Management (Non-P&L)","","Los Angeles, CA","US (CONUS)","","","","","","https://jobs.northropgrumman.com/careers/job/1340073894663"
"Northrop Grumman","Eightfold","Sr. Principal Mission Assurance Engineer","Mission/Quality Assurance","","Elkton, MD","US (CONUS)","","","","","","https://jobs.northropgrumman.com/careers/job/1340073964120"
"Northrop Grumman","Eightfold","Mechanical Design Engineer Level 5","Mechanical","","Sunnyvale, CA","US (CONUS)","","","","","","https://jobs.northropgrumman.com/careers/job/1340073994496"
"Northrop Grumman","Eightfold","AI Product Engineer","Cyber","","Cheltenham, England, GB","International","","","","","","https://jobs.northropgrumman.com/careers/job/1340073994509"
"Northrop Grumman","Eightfold","Sentinel - Sr. Principal Project Change Engineer - 19783*","Engineering Mult-Func","","Roy, UT","US (CONUS)","","","","","","https://jobs.northropgrumman.com/careers/job/1340073998341"
"Northrop Grumman","Eightfold","Program Manager 3 DARC","Program Management (P&L)","","Colorado Springs, CO","US (CONUS)","","","","","","https://jobs.northropgrumman.com/careers/job/1340074003853"
"Northrop Grumman","Eightfold","Sr. Staff Engineer Systems (Certified TEMPEST Professional Level I or II)","Systems/Architecture/Test","","Melbourne, FL","US (CONUS)","","","","","","https://jobs.northropgrumman.com/careers/job/1340074006051"
"Northrop Grumman","Eightfold","Staff Principal Systems Engineer 5","Systems/Architecture/Test","","Sunnyvale, CA","US (CONUS)","","","","","","https://jobs.northropgrumman.com/careers/job/1340074006374"
"Northrop Grumman","Eightfold","Principal Electrical Test Engineer – Level 3","Electrical","","Redondo Beach, CA","US (CONUS)","","","","","","https://jobs.northropgrumman.com/careers/job/1340074006558"
"Northrop Grumman","Eightfold","Staff Principal Systems Engineer 5","Systems/Architecture/Test","","Ocean Springs, MS","US (CONUS)","","","","","","https://jobs.northropgrumman.com/careers/job/1340074006745"
"Northrop Grumman","Eightfold","Manager General Manufacturing - Level 3 (VSL)","Manufacturing and Production","","Oxnard, CA","US (CONUS)","","","","","","https://jobs.northropgrumman.com/careers/job/1340073997990"
"Northrop Grumman","Eightfold","Cyber Systems Engineer","Cyber","","Melbourne, FL","US (CONUS)","","","","","","https://jobs.northropgrumman.com/careers/job/1340072620193"
"Northrop Grumman","Eightfold","Staff Digital Engineer","Engineering Mult-Func","","Linthicum Heights, MD","US (CONUS)","","","","","","https://jobs.northropgrumman.com/careers/job/1340072641327"
"Northrop Grumman","Eightfold","Principal Program Cost and Schedule Control Analyst","Business Management Mult-Func","","San Diego, CA","US (CONUS)","","","","","","https://jobs.northropgrumman.com/careers/job/1340072994364"
"Northrop Grumman","Eightfold","Systems Engineer - Level 2 or 3 (AHT)","Systems/Architecture/Test","","Boulder, CO","US (CONUS)","","","","","","https://jobs.northropgrumman.com/careers/job/1340073498885"
"Northrop Grumman","Eightfold","Staff Pilot Test","Flight Operations Mult-Func","","Melbourne, FL","US (CONUS)","","","","","","https://jobs.northropgrumman.com/careers/job/1340073962582"
"Northrop Grumman","Eightfold","Cyber Systems Administrator","Cyber","","Augusta, GA","US (CONUS)","","","","","","https://jobs.northropgrumman.com/careers/job/1340073989125"
"Northrop Grumman","Eightfold","Plant Protection Officer","NGC - Non - NGJF Union","","Rocket Center, WV","US (CONUS)","","","","","","https://jobs.northropgrumman.com/careers/job/1340073989295"
"Northrop Grumman","Eightfold","Manufacturing Technician (Level 2 or 3)","Manufacturing and Production","","Clearfield, UT","US (CONUS)","","","","","","https://jobs.northropgrumman.com/careers/job/1340073996198"
"Northrop Grumman","Eightfold","Program Manager 3 - VMS Hardware Manager","Program Management (P&L)","","Melbourne, FL","US (CONUS)","","","","","","https://jobs.northropgrumman.com/careers/job/1340073996884"
"Northrop Grumman","Eightfold","2027 Associate Business Management/Business Management Analyst – Pathways Program – Sunnyvale CA","Business Management Mult-Func","","Sunnyvale, CA","US (CONUS)","","","","","","https://jobs.northropgrumman.com/careers/job/1340073998901"
"Northrop Grumman","Eightfold","Contract Admin Mgr 3","Contracts","","Linthicum Heights, MD","US (CONUS)","","","","","","https://jobs.northropgrumman.com/careers/job/1340074003415"
"Northrop Grumman","Eightfold","Principal/Sr. Principal RF Microwave/Mixed Signal Design Engineer","Electrical","","Baltimore, MD","US (CONUS)","","","","","","https://jobs.northropgrumman.com/careers/job/1340073110892"
"Northrop Grumman","Eightfold","Director Mission Assurance 2","Mission and Quality Assurance","","Los Angeles, CA","US (CONUS)","","","","","","https://jobs.northropgrumman.com/careers/job/1340073952265"
"Northrop Grumman","Eightfold","Structures Engineer Mechanical - Level 4 - Dulles","Mechanical","","Dulles, VA","US (CONUS)","","","","","","https://jobs.northropgrumman.com/careers/job/1340073988383"
"Northrop Grumman","Eightfold","Principal Technical Services Project Management","Project Management (Non-P&L)","","Tampa, FL","US (CONUS)","","","","","","https://jobs.northropgrumman.com/careers/job/1340073998895"
"Northrop Grumman","Eightfold","Sr Principal Engineer Propulsion","Mechanical","","Elkton, MD","US (CONUS)","","","","","","https://jobs.northropgrumman.com/careers/job/1340074001372"
"Northrop Grumman","Eightfold","Engineer Propulsion - Lvl 1/2","Mechanical","","Elkton, MD","US (CONUS)","","","","","","https://jobs.northropgrumman.com/careers/job/1340074001629"
"Northrop Grumman","Eightfold","Software Engineer - Software Test","Software","","San Diego, CA","US (CONUS)","","","","","","https://jobs.northropgrumman.com/careers/job/1340074004633"
"Northrop Grumman","Eightfold","Sentinel - Principal / Sr Principal Systems Engineer - 19035","Systems/Architecture/Test","","Roy, UT","US (CONUS)","","","","","","https://jobs.northropgrumman.com/careers/job/1340074006683"
"Northrop Grumman","Eightfold","Flight Inspector 3","Flight Operations Mult-Func","","Palmdale, CA","US (CONUS)","","","","","","https://jobs.northropgrumman.com/careers/job/1340073146650"
"Northrop Grumman","Eightfold","Production Planner - Level 2","Manufacturing and Production","","Oxnard, CA","US (CONUS)","","","","","","https://jobs.northropgrumman.com/careers/job/1340073200924"
"Northrop Grumman","Eightfold","Business Management Analyst - Multifunction","Business Management Mult-Func","","Linthicum Heights, MD","US (CONUS)","","","","","","https://jobs.northropgrumman.com/careers/job/1340073375261"
"Northrop Grumman","Eightfold","Associate Computer Systems Analyst - Linux - Pathways Program - Melbourne FL","Design and Programming","","Melbourne, FL","US (CONUS)","","","","","","https://jobs.northropgrumman.com/careers/job/1340073751411"
"Northrop Grumman","Eightfold","2026 Space Flight Operations - Associate Engineer - Linthicum MD (AHT)","Systems/Architecture/Test","","Linthicum Heights, MD","US (CONUS)","","","","","","https://jobs.northropgrumman.com/careers/job/1340073774109"
"Northrop Grumman","Eightfold","Principal Systems Engineer Architect","Systems/Architecture/Test","","Melbourne, FL","US (CONUS)","","","","","","https://jobs.northropgrumman.com/careers/job/1340073831564"
"Northrop Grumman","Eightfold","Electrical Engineer","Electrical","","Oklahoma City, OK","US (CONUS)","","","","","","https://jobs.northropgrumman.com/careers/job/1340073893446"
"Northrop Grumman","Eightfold","Sr. Principal Electrical Engineer/Principal Electrical Engineer","Electrical","","Oklahoma City, OK","US (CONUS)","","","","","","https://jobs.northropgrumman.com/careers/job/1340073899160"
"Northrop Grumman","Eightfold","Principal Mechanical Engineer/Sr. Principal Mechanical Engineer","Mechanical","","Oklahoma City, OK","US (CONUS)","","","","","","https://jobs.northropgrumman.com/careers/job/1340073905650"
"Northrop Grumman","Eightfold","Administrative Assistant 4","General Administrative","","Oklahoma City, OK","US (CONUS)","","","","","","https://jobs.northropgrumman.com/careers/job/1340073933609"
"Northrop Grumman","Eightfold","Principal Supply Chain Planning Specialist/Sr Principal Supply Chain Planning Specialist-19775","Global Supply Chain Mult-Func","","Roy, UT","US (CONUS)","","","","","","https://jobs.northropgrumman.com/careers/job/1340073936535"
"Northrop Grumman","Eightfold","Assoc Test Conductor/ Test Conductor","Mission and Quality Assurance","","San Diego, CA","US (CONUS)","","","","","","https://jobs.northropgrumman.com/careers/job/1340073940130"
"Northrop Grumman","Eightfold","Principal Logistics Planner","Manufacturing and Production","","Melbourne, FL","US (CONUS)","","","","","","https://jobs.northropgrumman.com/careers/job/1340073955163"
"Northrop Grumman","Eightfold","Program Cost Control Analyst - Level 5","Business Management Mult-Func","","Linthicum Heights, MD","US (CONUS)","","","","","","https://jobs.northropgrumman.com/careers/job/1340073114785"
"Northrop Grumman","Eightfold","Systems Engineer - Level 3/4 (AHT)","Systems/Architecture/Test","","Aurora, CO","US (CONUS)","","","","","","https://jobs.northropgrumman.com/careers/job/1340073517718"
"Northrop Grumman","Eightfold","Flight Inspector Level 3 or 4","Flight Operations Mult-Func","","Chandler, AZ","US (CONUS)","","","","","","https://jobs.northropgrumman.com/careers/job/1340073518729"
"Northrop Grumman","Eightfold","Systems Engineer - Level 3 or 4","Systems/Architecture/Test","","Gilbert, AZ","US (CONUS)","","","","","","https://jobs.northropgrumman.com/careers/job/1340073865253"
"Northrop Grumman","Eightfold","Cyber Resarcher","Cyber","","Cheltenham, England, GB","International","","","","","","https://jobs.northropgrumman.com/careers/job/1340073994531"
"Northrop Grumman","Eightfold","Maintenance Technician - Level 3","Facilities Mult-Func","","Clearfield, UT","US (CONUS)","","","","","","https://jobs.northropgrumman.com/careers/job/1340073996329"
"Northrop Grumman","Eightfold","Project Management - Level 2","Project Management (Non-P&L)","","Clearfield, UT","US (CONUS)","","","","","","https://jobs.northropgrumman.com/careers/job/1340073997291"
"Northrop Grumman","Eightfold","Principal Propulsion Engineer - Elkton MD","Mechanical","","Elkton, MD","US (CONUS)","","","","","","https://jobs.northropgrumman.com/careers/job/1340074000672"
"Northrop Grumman","Eightfold","Principal Cyber Intelligence Analyst","Cyber","","MD","US (CONUS)","","","","","","https://jobs.northropgrumman.com/careers/job/1340072939673"
"Northrop Grumman","Eightfold","Industrial Security Analyst / Principal Industrial Security Analyst (15076)","Security Mult-Func","","Roy, UT","US (CONUS)","","","","","","https://jobs.northropgrumman.com/careers/job/1340072941805"
"Northrop Grumman","Eightfold","2026 Associate Configuration Analyst - Chandler AZ (AHT)","Tech Support Mult-Func","","Chandler, AZ","US (CONUS)","","","","","","https://jobs.northropgrumman.com/careers/job/1340073994772"
"Northrop Grumman","Eightfold","2026 Configuration Analyst - Chandler AZ (AHT)","Tech Support Mult-Func","","Chandler, AZ","US (CONUS)","","","","","","https://jobs.northropgrumman.com/careers/job/1340073995158"
"Northrop Grumman","Eightfold","Supply Chain Planning Specialist","Global Supply Chain Mult-Func","","Baltimore, MD","US (CONUS)","","","","","","https://jobs.northropgrumman.com/careers/job/1340073998405"
"Northrop Grumman","Eightfold","2027 Intern Vehicle Engineering - CA OK ND","Intern/Casual","","Palmdale, CA","US (CONUS)","","","","","","https://jobs.northropgrumman.com/careers/job/1340073999705"
"Northrop Grumman","Eightfold","Principal / Sr. Principal Project Management","Project Management (Non-P&L)","","El Segundo, CA","US (CONUS)","","","","","","https://jobs.northropgrumman.com/careers/job/1340074000794"
"Northrop Grumman","Eightfold","2027 Business Management Intern - Sunnyvale CA","Intern/Casual","","Sunnyvale, CA","US (CONUS)","","","","","","https://jobs.northropgrumman.com/careers/job/1340074000986"
"Northrop Grumman","Eightfold","Sr. Principal Systems Engineer Architect","Systems/Architecture/Test","","Melbourne, FL","US (CONUS)","","","","","","https://jobs.northropgrumman.com/careers/job/1340074004673"
"Northrop Grumman","Eightfold","Manager Supply Chain Programs 2","Global Supply Chain Mult-Func","","Oxnard, CA","US (CONUS)","","","","","","https://jobs.northropgrumman.com/careers/job/1340074004998"
"Northrop Grumman","Eightfold","Principal/Manufacturing Engineer (Level 2 OR 3)","Material/Process","","Chandler, AZ","US (CONUS)","","","","","","https://jobs.northropgrumman.com/careers/job/1340074006795"
"Northrop Grumman","Eightfold","Engineer Systems Architect","Systems/Architecture/Test","","Melbourne, FL","US (CONUS)","","","","","","https://jobs.northropgrumman.com/careers/job/1340074007759"
"Northrop Grumman","Eightfold","Principal Windows Systems Administrator - Secret","Design and Programming","","San Diego, CA","US (CONUS)","","","","","","https://jobs.northropgrumman.com/careers/job/1340073572300"
"Northrop Grumman","Eightfold","Human Resources Liaison","Human Resources Mult-Func","","Irving, TX","US (CONUS)","","","","","","https://jobs.northropgrumman.com/careers/job/1340074007803"
"Northrop Grumman","Eightfold","Machinist 2","Manufacturing and Production","","Mesa, AZ","US (CONUS)","","","","","","https://jobs.northropgrumman.com/careers/job/1340073990478"
"Northrop Grumman","Eightfold","2027 Associate Technical Editor and Writer/Technical Editor and Writer","Communications Mult-Func","","Melbourne, FL","US (CONUS)","","","","","","https://jobs.northropgrumman.com/careers/job/1340073991822"
"Northrop Grumman","Eightfold","Senior Principal Program Cost Control Analyst - Finance","Business Management Mult-Func","","Dulles, VA","US (CONUS)","","","","","","https://jobs.northropgrumman.com/careers/job/1340073997998"
"Northrop Grumman","Eightfold","Sentinel - Interface Systems Engineer (Level 2/3)","Systems/Architecture/Test","","Roy, UT","US (CONUS)","","","","","","https://jobs.northropgrumman.com/careers/job/1340074000855"
"Northrop Grumman","Eightfold","Senior Staff Chief Engineer","Engineering Mult-Func","","Baltimore, MD","US (CONUS)","","","","","","https://jobs.northropgrumman.com/careers/job/1340074005707"
"Northrop Grumman","Eightfold","Program Manager 3","Program Management (P&L)","","Redondo Beach, CA","US (CONUS)","","","","","","https://jobs.northropgrumman.com/careers/job/1340074006781"
"Northrop Grumman","Eightfold","Program Cost and Schedule Control Analyst","Business Management Mult-Func","","Oklahoma City, OK","US (CONUS)","","","","","","https://jobs.northropgrumman.com/careers/job/1340071321800"
"Northrop Grumman","Eightfold","Principal Program Cost and Schedule Control Analyst","Business Management Mult-Func","","San Diego, CA","US (CONUS)","","","","","","https://jobs.northropgrumman.com/careers/job/1340072577777"
"Northrop Grumman","Eightfold","Engineer Industrial","Material/Process","","MA","US (CONUS)","","","","","","https://jobs.northropgrumman.com/careers/job/1340073061905"
"Northrop Grumman","Eightfold","Systems Engineer - Level 2","Systems/Architecture/Test","","Chandler, AZ","US (CONUS)","","","","","","https://jobs.northropgrumman.com/careers/job/1340073967549"
"Northrop Grumman","Eightfold","Systems Engineering Manager 2","Systems/Architecture/Test","","Corinne, UT","US (CONUS)","","","","","","https://jobs.northropgrumman.com/careers/job/1340073989792"
"Northrop Grumman","Eightfold","Engineer Electromechanical Level 1/2","Electrical","","Rocket Center, WV","US (CONUS)","","","","","","https://jobs.northropgrumman.com/careers/job/1340072086660"
"Northrop Grumman","Eightfold","Shipping Receiving Coordinator 2","Deliver","","San Diego, CA","US (CONUS)","","","","","","https://jobs.northropgrumman.com/careers/job/1340071232414"
"Northrop Grumman","Eightfold","Sr Principal Systems Engineer - I&T","Systems/Architecture/Test","","Los Angeles, CA","US (CONUS)","","","","","","https://jobs.northropgrumman.com/careers/job/1340072941960"
"Northrop Grumman","Eightfold","Principal Financial Analyst","Finance and Accounting","","San Diego, CA","US (CONUS)","","","","","","https://jobs.northropgrumman.com/careers/job/1340073144881"
"Northrop Grumman","Eightfold","Principal Classified Cybersecurity Analyst","Cyber","","Baltimore, MD","US (CONUS)","","","","","","https://jobs.northropgrumman.com/careers/job/1340072113174"
"Northrop Grumman","Eightfold","Senior Principal Electronics Engineer - Infrastructure Architect","Electrical","","San Diego, CA","US (CONUS)","","","","","","https://jobs.northropgrumman.com/careers/job/1340070754963"
"Northrop Grumman","Eightfold","Sr. Principal/Principal Cybersecurity Analyst - 19061 -  Roy Utah","Cyber","","Roy, UT","US (CONUS)","","","","","","https://jobs.northropgrumman.com/careers/job/1340072706985"
"Northrop Grumman","Eightfold","Staff Systems Engineer","Systems/Architecture/Test","","Linthicum Heights, MD","US (CONUS)","","","","","","https://jobs.northropgrumman.com/careers/job/1340073916221"
"Northrop Grumman","Eightfold","Principal Supply Chain Planning Specialist","Global Supply Chain Mult-Func","","Baltimore, MD","US (CONUS)","","","","","","https://jobs.northropgrumman.com/careers/job/1340073970709"
"Northrop Grumman","Eightfold","Sr. Principal Reliability & Maintainability Systems Engineer","Systems/Architecture/Test","","Melbourne, FL","US (CONUS)","","","","","","https://jobs.northropgrumman.com/careers/job/1340073997702"
"Northrop Grumman","Eightfold","Mechanical Design Engineer - Level 2/3 - Dulles","Mechanical","","Dulles, VA","US (CONUS)","","","","","","https://jobs.northropgrumman.com/careers/job/1340073999245"
"Northrop Grumman","Eightfold","Principal / Sr. Principal Systems Test Engineer - 18427","Systems/Architecture/Test","","Roy, UT","US (CONUS)","","","","","","https://jobs.northropgrumman.com/careers/job/1340074000402"
"Northrop Grumman","Eightfold","Principal Software Engineer - Software Test","Software","","San Diego, CA","US (CONUS)","","","","","","https://jobs.northropgrumman.com/careers/job/1340074004785"
"Northrop Grumman","Eightfold","DevOps Engineer - Level 3 (AHT)","Software","","Colorado Springs, CO","US (CONUS)","","","","","","https://jobs.northropgrumman.com/careers/job/1340072943037"
"Northrop Grumman","Eightfold","Staff Propulsion Engineer – Level 5","Mechanical","","Corinne, UT","US (CONUS)","","","","","","https://jobs.northropgrumman.com/careers/job/1340072955829"
"Northrop Grumman","Eightfold","Program Cost and Schedule Control Analyst","Business Management Mult-Func","","Oklahoma City, OK","US (CONUS)","","","","","","https://jobs.northropgrumman.com/careers/job/1340073548259"
"Northrop Grumman","Eightfold","Sr. Principal Avionics Engineer- Cost Volume Lead","Electrical","","Melbourne, FL","US (CONUS)","","","","","","https://jobs.northropgrumman.com/careers/job/1340073917087"
"Northrop Grumman","Eightfold","Principal/Sr. Principal Dedicated Cloud Engineer","Software","","Wright-Patterson AFB, OH","US (CONUS)","","","","","","https://jobs.northropgrumman.com/careers/job/1340074004099"
"Northrop Grumman","Eightfold","Principal Engineer DevOps – SW Engr III (26-404)","Software","","Colorado Springs, CO","US (CONUS)","","","","","","https://jobs.northropgrumman.com/careers/job/1340074005566"
"Northrop Grumman","Eightfold","Principal Systems Engineer / Senior Principal Systems Engineer","Systems/Architecture/Test","","Melbourne, FL","US (CONUS)","","","","","","https://jobs.northropgrumman.com/careers/job/1340072999640"
"Northrop Grumman","Eightfold","Mechanical Technician 1/2","Tech Support Mult-Func","","Redondo Beach, CA","US (CONUS)","","","","","","https://jobs.northropgrumman.com/careers/job/1340072107229"
"Northrop Grumman","Eightfold","Pr./Sr. Pr. Mission Engineer (AHT)","Systems/Architecture/Test","","Dulles, VA","US (CONUS)","","","","","","https://jobs.northropgrumman.com/careers/job/1340073657601"
"Northrop Grumman","Eightfold","Embedded Software Engineer – Level 3 or 4","Software","","Dulles, VA","US (CONUS)","","","","","","https://jobs.northropgrumman.com/careers/job/1340072964335"
"Northrop Grumman","Eightfold","Program Planning Analyst/Scheduler","Business Management Mult-Func","","Sunnyvale, CA","US (CONUS)","","","","","","https://jobs.northropgrumman.com/careers/job/1340072964382"
"Northrop Grumman","Eightfold","Sr Principal Contract Administrator-4","Contracts","","San Diego, CA","US (CONUS)","","","","","","https://jobs.northropgrumman.com/careers/job/1340073145840"
"Northrop Grumman","Eightfold","Tool Engineering Manager 3","Material/Process","","Clearfield, UT","US (CONUS)","","","","","","https://jobs.northropgrumman.com/careers/job/1340073906905"
"Northrop Grumman","Eightfold","Sentinel Staff Structural Engineer - Interfaces Analysis Lead - 19806","Mechanical","","Roy, UT","US (CONUS)","","","","","","https://jobs.northropgrumman.com/careers/job/1340073934226"
"Northrop Grumman","Eightfold","Quality Analyst Level 2","Mission and Quality Assurance","","Magna, UT","US (CONUS)","","","","","","https://jobs.northropgrumman.com/careers/job/1340073940182"
"Northrop Grumman","Eightfold","Space RADAR Tasking Model - Staff Engineer Systems","Systems/Architecture/Test","","Linthicum Heights, MD","US (CONUS)","","","","","","https://jobs.northropgrumman.com/careers/job/1340072787787"
"Northrop Grumman","Eightfold","Pr./Sr. Pr. Systems Engineer - Fault Management & System Autonomy (AHT)","Systems/Architecture/Test","","Dulles, VA","US (CONUS)","","","","","","https://jobs.northropgrumman.com/careers/job/1340072933383"
"Northrop Grumman","Eightfold","Engineer Electrical Level 4 - Power Subsystems - Dulles","Electrical","","Dulles, VA","US (CONUS)","","","","","","https://jobs.northropgrumman.com/careers/job/1340072941578"
"Northrop Grumman","Eightfold","Director for Army and Special Operations Programs","Government Relations Mult-Func","","Falls Church, VA","US (CONUS)","","","","","","https://jobs.northropgrumman.com/careers/job/1340073623384"
"Northrop Grumman","Eightfold","eCad Electrical Engineer - Level 5 - Dulles","Electrical","","Dulles, VA","US (CONUS)","","","","","","https://jobs.northropgrumman.com/careers/job/1340073669028"
"Northrop Grumman","Eightfold","Principal/Sr Principal Systems Engineer (AHT)","Systems/Architecture/Test","","Fairfax, VA","US (CONUS)","","","","","","https://jobs.northropgrumman.com/careers/job/1340073671938"
"Northrop Grumman","Eightfold","Staff Systems Engineer - Triton (Rancho Bernardo CA)","Systems/Architecture/Test","","San Diego, CA","US (CONUS)","","","","","","https://jobs.northropgrumman.com/careers/job/1340073976116"
"Northrop Grumman","Eightfold","RF Microwave Design Engineer - Level 4 - Dulles","Electrical","","Dulles, VA","US (CONUS)","","","","","","https://jobs.northropgrumman.com/careers/job/1340073734756"
"Northrop Grumman","Eightfold","Production Operator - Level 2","Manufacturing and Production","","Charlotte, NC","US (CONUS)","","","","","","https://jobs.northropgrumman.com/careers/job/1340073921921"
"Northrop Grumman","Eightfold","Business Operations Manager","Project Management (Non-P&L)","","Baltimore, MD","US (CONUS)","","","","","","https://jobs.northropgrumman.com/careers/job/1340073949417"
"Northrop Grumman","Eightfold","FPGA Design Engineer Level 3/4 - Linthicum","Engineering Mult-Func","","Linthicum Heights, MD","US (CONUS)","","","","","","https://jobs.northropgrumman.com/careers/job/1340071233492"
"Northrop Grumman","Eightfold","Guidance Navigation Control (GNC) Engineer – Level 2 (AHT)","Systems/Architecture/Test","","Dulles, VA","US (CONUS)","","","","","","https://jobs.northropgrumman.com/careers/job/1340072658057"
"Northrop Grumman","Eightfold","Principal/ Sr. Principal FPGA Design Engineer","Engineering Mult-Func","","Rolling Meadows, IL","US (CONUS)","","","","","","https://jobs.northropgrumman.com/careers/job/1340072045946"
"Northrop Grumman","Eightfold","Space TS/SCI Modeling and Simulation Systems Engineer (T2/T3) (AHT)","Systems/Architecture/Test","","Rolling Meadows, IL","US (CONUS)","","","","","","https://jobs.northropgrumman.com/careers/job/1340073517026"
"Northrop Grumman","Eightfold","Engineer/Principal Engineer Systems Test (AHT)","Systems/Architecture/Test","","Rolling Meadows, IL","US (CONUS)","","","","","","https://jobs.northropgrumman.com/careers/job/1340073517288"
"Northrop Grumman","Eightfold","Principal Software Engineer","Software","","San Diego, CA","US (CONUS)","","","","","","https://jobs.northropgrumman.com/careers/job/1340073822919"
"Northrop Grumman","Eightfold","Mechanical Structural Engineer - Level 3/4 - Northern Virginia","Mechanical","","Dulles, VA","US (CONUS)","","","","","","https://jobs.northropgrumman.com/careers/job/1340073894556"
"Northrop Grumman","Eightfold","Configuration and Data Management Analyst","Tech Support Mult-Func","","Dulles, VA","US (CONUS)","","","","","","https://jobs.northropgrumman.com/careers/job/1340073899462"
"Northrop Grumman","Eightfold","Systems Administrator/Principal Systems Administrator (AHT)","Networks","","Wright-Patterson AFB, OH","US (CONUS)","","","","","","https://jobs.northropgrumman.com/careers/job/1340073950917"
"Northrop Grumman","Eightfold","Software Engineer/Principal Software Engineer (AHT)","Software","","Beavercreek, OH","US (CONUS)","","","","","","https://jobs.northropgrumman.com/careers/job/1340073951583"
"Northrop Grumman","Eightfold","Principal Industrial Security Analyst (Level 3)","Security Mult-Func","","Huntsville, AL","US (CONUS)","","","","","","https://jobs.northropgrumman.com/careers/job/1340073957166"
"Northrop Grumman","Eightfold","Mixed Signal Electronics Engineer 2 (AHT)","Engineering Mult-Func","","Los Angeles, CA","US (CONUS)","","","","","","https://jobs.northropgrumman.com/careers/job/1340073971229"
"Northrop Grumman","Eightfold","Engineering Technician - Level 2 or Level 3","Tech Support Mult-Func","","FL","US (CONUS)","","","","","","https://jobs.northropgrumman.com/careers/job/1340073501999"
"Northrop Grumman","Eightfold","Principal Program Planning and Scheduling Analyst","Business Management Mult-Func","","Buffalo, NY","US (CONUS)","","","","","","https://jobs.northropgrumman.com/careers/job/1340073734243"
"Northrop Grumman","Eightfold","Electromagnetic Compatibility Engineer Level 2-3","Systems/Architecture/Test","","Dulles, VA","US (CONUS)","","","","","","https://jobs.northropgrumman.com/careers/job/1340073755240"
"Northrop Grumman","Eightfold","Staff Systems Engineer I&T Lead","Systems/Architecture/Test","","Fairfax, VA","US (CONUS)","","","","","","https://jobs.northropgrumman.com/careers/job/1340073904715"
"Northrop Grumman","Eightfold","Space Systems Engineer (AHT)","Systems/Architecture/Test","","Dulles, VA","US (CONUS)","","","","","","https://jobs.northropgrumman.com/careers/job/1340073959155"
"Northrop Grumman","Eightfold","Test Engineer Level 2 (AHT)","Systems/Architecture/Test","","Los Angeles, CA","US (CONUS)","","","","","","https://jobs.northropgrumman.com/careers/job/1340073968161"
"Northrop Grumman","Eightfold","Project Management - Level 4 - Linthicum","Project Management (Non-P&L)","","Linthicum Heights, MD","US (CONUS)","","","","","","https://jobs.northropgrumman.com/careers/job/1340073970423"
"Northrop Grumman","Eightfold","Machine Perception (MP) Engineer  – Level 3 or 4","Systems/Architecture/Test","","Dulles, VA","US (CONUS)","","","","","","https://jobs.northropgrumman.com/careers/job/1340072301752"
"Northrop Grumman","Eightfold","Principal Space Vehicle Systems Engineer (AHT)","Systems/Architecture/Test","","Dulles, VA","US (CONUS)","","","","","","https://jobs.northropgrumman.com/careers/job/1340073369242"
"Northrop Grumman","Eightfold","U107 CDL Driver","NGC - Non - NGJF Union","","Linthicum Heights, MD","US (CONUS)","","","","","","https://jobs.northropgrumman.com/careers/job/1340073394190"
"Northrop Grumman","Eightfold","Aircraft Sheet Metal Technician 2","Flight Operations Mult-Func","","Melbourne, FL","US (CONUS)","","","","","","https://jobs.northropgrumman.com/careers/job/1340073569414"
"Northrop Grumman","Eightfold","Inventory Material Control Support - Level 1","Manufacturing and Production","","Sterling, VA","US (CONUS)","","","","","","https://jobs.northropgrumman.com/careers/job/1340073737647"
"Northrop Grumman","Eightfold","Manufacturing Technician 1 / 2","Manufacturing and Production","","Kettering, OH","US (CONUS)","","","","","","https://jobs.northropgrumman.com/careers/job/1340073881897"
"Northrop Grumman","Eightfold","Engineering Tech Support - Level 1","Tech Support Mult-Func","","Dulles, VA","US (CONUS)","","","","","","https://jobs.northropgrumman.com/careers/job/1340073959511"
"Northrop Grumman","Eightfold","Systems Engineer - Level 4","Systems/Architecture/Test","","Gilbert, AZ","US (CONUS)","","","","","","https://jobs.northropgrumman.com/careers/job/1340073974977"
"Northrop Grumman","Eightfold","Systems Engineer Level 2 - Mission Operations Factory Support","Systems/Architecture/Test","","Redondo Beach, CA","US (CONUS)","","","","","","https://jobs.northropgrumman.com/careers/job/1340073976013"
"Northrop Grumman","Eightfold","Software Segment Lead - Staff Software Engineer","Software","","San Diego, CA","US (CONUS)","","","","","","https://jobs.northropgrumman.com/careers/job/1340071784510"
"Northrop Grumman","Eightfold","Embedded Flight Software Engineer – Level 5","Software","","Linthicum Heights, MD","US (CONUS)","","","","","","https://jobs.northropgrumman.com/careers/job/1340073097109"
"Northrop Grumman","Eightfold","Principal/Sr. Principal Systems Engineer (AHT)","Systems/Architecture/Test","","Fairfax, VA","US (CONUS)","","","","","","https://jobs.northropgrumman.com/careers/job/1340073372174"
"Northrop Grumman","Eightfold","Space Principal/ Sr. Principal System Safety Engineer","Environmental","","Dulles, VA","US (CONUS)","","","","","","https://jobs.northropgrumman.com/careers/job/1340073690889"
"Northrop Grumman","Eightfold","Manager Flight Operations 1","Flight Operations Mult-Func","","MD","US (CONUS)","","","","","","https://jobs.northropgrumman.com/careers/job/1340073935187"
"Northrop Grumman","Eightfold","Engineer Software Quality","Mission/Quality Assurance","","Rolling Meadows, IL","US (CONUS)","","","","","","https://jobs.northropgrumman.com/careers/job/1340073957972"
"Northrop Grumman","Eightfold","Program Cost and Schedule Control Analyst","Business Management Mult-Func","","Palmdale, CA","US (CONUS)","","","","","","https://jobs.northropgrumman.com/careers/job/1340073970577"
"Northrop Grumman","Eightfold","Systems Engineer Level 3 & Level 4 - Mission Operations Factory Support","Systems/Architecture/Test","","Redondo Beach, CA","US (CONUS)","","","","","","https://jobs.northropgrumman.com/careers/job/1340073976095"
"Northrop Grumman","Eightfold","Sr Principal Engineer Systems","Systems/Architecture/Test","","Annapolis, MD","US (CONUS)","","","","","","https://jobs.northropgrumman.com/careers/job/1340070930296"
"Northrop Grumman","Eightfold","Space Mission Ground Simulator - Principal / Sr Principal Systems Engineer (AHT)","Systems/Architecture/Test","","Linthicum Heights, MD","US (CONUS)","","","","","","https://jobs.northropgrumman.com/careers/job/1340071618617"
"Northrop Grumman","Eightfold","Space Systems Embedded Software Engineers - Level 3 or 4 (TS/SCI)","Software","","Rolling Meadows, IL","US (CONUS)","","","","","","https://jobs.northropgrumman.com/careers/job/1340073462677"
"Northrop Grumman","Eightfold","Principal Project Management","Project Management (Non-P&L)","","Melbourne, FL","US (CONUS)","","","","","","https://jobs.northropgrumman.com/careers/job/1340073610405"
"Northrop Grumman","Eightfold","Space Systems Engineer level 2-3","Systems/Architecture/Test","","Morrisville, NC","US (CONUS)","","","","","","https://jobs.northropgrumman.com/careers/job/1340073896924"
"Northrop Grumman","Eightfold","Manager 2 Global Trade","Compliance","","Los Angeles, CA","US (CONUS)","","","","","","https://jobs.northropgrumman.com/careers/job/1340073925083"
"Northrop Grumman","Eightfold","Embedded Software Engineer-Level 3/4 (AHT)","Software","","Los Angeles, CA","US (CONUS)","","","","","","https://jobs.northropgrumman.com/careers/job/1340073939033"
"Northrop Grumman","Eightfold","Space Flight Operations - Engineer/Principal Engineer Systems (AHT)","Systems/Architecture/Test","","Linthicum Heights, MD","US (CONUS)","","","","","","https://jobs.northropgrumman.com/careers/job/1340071799698"
"Northrop Grumman","Eightfold","Mechanical Antenna Engineer - Level 3 - Dulles","Mechanical","","Dulles, VA","US (CONUS)","","","","","","https://jobs.northropgrumman.com/careers/job/1340072618378"
"Northrop Grumman","Eightfold","Lead Sr Principal Manufacturing Analyst","Manufacturing and Production","","Elkridge, MD","US (CONUS)","","","","","","https://jobs.northropgrumman.com/careers/job/1340073793453"
"Northrop Grumman","Eightfold","Mechanical Structural Engineer - Level 2/3 - Northern Virginia","Mechanical","","Dulles, VA","US (CONUS)","","","","","","https://jobs.northropgrumman.com/careers/job/1340073894193"
"Northrop Grumman","Eightfold","Network Communications - Level 4","Networks","","Gilbert, AZ","US (CONUS)","","","","","","https://jobs.northropgrumman.com/careers/job/1340073970897"
"Northrop Grumman","Eightfold","Senior Quality Enablement Specialist - Program Support","Mission and Quality Assurance","","Exmouth, WA, AU","International","","","","","","https://jobs.northropgrumman.com/careers/job/1340073741817"
"Northrop Grumman","Eightfold","Simulation Software Engineer Level 3 or 4","Systems/Architecture/Test","","Dulles, VA","US (CONUS)","","","","","","https://jobs.northropgrumman.com/careers/job/1340073844618"
"Northrop Grumman","Eightfold","Embedded Software Engineer – Level 2  (Secret)","Software","","Dulles, VA","US (CONUS)","","","","","","https://jobs.northropgrumman.com/careers/job/1340073860861"
"Northrop Grumman","Eightfold","Security Coordinator 3","Security Mult-Func","","Rolling Meadows, IL","US (CONUS)","","","","","","https://jobs.northropgrumman.com/careers/job/1340073959119"
"Northrop Grumman","Eightfold","Staff Electronics Engineer – Communications Field Liaison","Electrical","","Palmdale, CA","US (CONUS)","","","","","","https://jobs.northropgrumman.com/careers/job/1340073969921"
"Northrop Grumman","Eightfold","Principal Software Engineer","Software","","San Diego, CA","US (CONUS)","","","","","","https://jobs.northropgrumman.com/careers/job/1340073971131"
"Northrop Grumman","Eightfold","Thermal Systems Engineer Level 5 - Linthicum","Electrical","","Linthicum Heights, MD","US (CONUS)","","","","","","https://jobs.northropgrumman.com/careers/job/1340073657608"
"Northrop Grumman","Eightfold","Manager Digital Engineering 2 - Linthicum","Engineering Mult-Func","","Linthicum Heights, MD","US (CONUS)","","","","","","https://jobs.northropgrumman.com/careers/job/1340072572444"
"Northrop Grumman","Eightfold","Space Mission Ground Simulator - Principal / Sr Principal Systems Engineer (AHT)","Systems/Architecture/Test","","Linthicum Heights, MD","US (CONUS)","","","","","","https://jobs.northropgrumman.com/careers/job/1340072786184"
"Northrop Grumman","Eightfold","Principal or Sr. Principal Program Cost & Schedule Control Analyst","Business Management Mult-Func","","Melbourne, FL","US (CONUS)","","","","","","https://jobs.northropgrumman.com/careers/job/1340073593818"
"Northrop Grumman","Eightfold","Principal / Senior  Principal Project Management","Project Management (Non-P&L)","","Melbourne, FL","US (CONUS)","","","","","","https://jobs.northropgrumman.com/careers/job/1340073719929"
"Northrop Grumman","Eightfold","Production Test Technician 2","Mission and Quality Assurance","","San Diego, CA","US (CONUS)","","","","","","https://jobs.northropgrumman.com/careers/job/1340073919454"
"Northrop Grumman","Eightfold","Principal Program Planning Analyst/Scheduler","Business Management Mult-Func","","Linthicum Heights, MD","US (CONUS)","","","","","","https://jobs.northropgrumman.com/careers/job/1340073956037"
"Northrop Grumman","Eightfold","Principal / Sr. Principal Software Systems Administrator   [TS SCI]","Networks","","Stafford, VA","US (CONUS)","","","","","","https://jobs.northropgrumman.com/careers/job/1340073966835"
"Northrop Grumman","Eightfold","Embedded Flight Software Engineer – Level 3 or 4 (AHT)","Software","","Linthicum Heights, MD","US (CONUS)","","","","","","https://jobs.northropgrumman.com/careers/job/1340072562895"
"Northrop Grumman","Eightfold","Associate Technical Editor and Writer","Communications Mult-Func","","El Segundo, CA","US (CONUS)","","","","","","https://jobs.northropgrumman.com/careers/job/1340073546930"
"Northrop Grumman","Eightfold","Northrop Grumman (SkillBridge) - Principal/Sr. Principal Computer Systems Analyst - Windows","Design and Programming","","Emerado, ND","US (CONUS)","","","","","","https://jobs.northropgrumman.com/careers/job/1340073953178"
"Northrop Grumman","Eightfold","Aeronautical Engineer OR Principal Aeronautical Engineer (Aerodynamics)","Mechanical","","Redondo Beach, CA","US (CONUS)","","","","","","https://jobs.northropgrumman.com/careers/job/1340073955447"
"Northrop Grumman","Eightfold","RF Microwave Design Engineer Level 4 - Baltimore","Electrical","","Baltimore, MD","US (CONUS)","","","","","","https://jobs.northropgrumman.com/careers/job/1340073443850"
"Northrop Grumman","Eightfold","On-Orbit Execution & Planning Engineer","Systems/Architecture/Test","","Colorado Springs, CO","US (CONUS)","","","","","","https://jobs.northropgrumman.com/careers/job/1340073501873"
"Northrop Grumman","Eightfold","Space Systems Engineer / Principal Systems Engineer","Systems/Architecture/Test","","Linthicum Heights, MD","US (CONUS)","","","","","","https://jobs.northropgrumman.com/careers/job/1340073848013"
"Northrop Grumman","Eightfold","Manager 3 -  Manufacturing & Logistics","Manufacturing and Production","","Charlottesville, VA","US (CONUS)","","","","","","https://jobs.northropgrumman.com/careers/job/1340073876622"
"Northrop Grumman","Eightfold","Systems Engineering Manager 2","Systems/Architecture/Test","","Melbourne, FL","US (CONUS)","","","","","","https://jobs.northropgrumman.com/careers/job/1340071636784"
"Northrop Grumman","Eightfold","Staff Electronics Engineer","Electrical","","Oklahoma City, OK","US (CONUS)","","","","","","https://jobs.northropgrumman.com/careers/job/1340073952808"
"Northrop Grumman","Eightfold","Manager Programs 2","Program Management (P&L)","","San Diego, CA","US (CONUS)","","","","","","https://jobs.northropgrumman.com/careers/job/1340073959457"
"Northrop Grumman","Eightfold","Staff Electronics Communications Engineer","Electrical","","Melbourne, FL","US (CONUS)","","","","","","https://jobs.northropgrumman.com/careers/job/1340073970350"
"Northrop Grumman","Eightfold","Ground Mission Architect","Systems/Architecture/Test","","Dulles, VA","US (CONUS)","","","","","","https://jobs.northropgrumman.com/careers/job/1340072271377"
"Northrop Grumman","Eightfold","Space Engineer/Principal Engineer Systems","Systems/Architecture/Test","","Rolling Meadows, IL","US (CONUS)","","","","","","https://jobs.northropgrumman.com/careers/job/1340072319935"
"Northrop Grumman","Eightfold","(DoD SkillBridge) Guidance Navigation Control (GNC) Engineer - level 3 or 4","Systems/Architecture/Test","","Dulles, VA","US (CONUS)","","","","","","https://jobs.northropgrumman.com/careers/job/1340072355376"
"Northrop Grumman","Eightfold","Manager 2 - Power Electronics - Baltimore","Electrical","","Baltimore, MD","US (CONUS)","","","","","","https://jobs.northropgrumman.com/careers/job/1340072400904"
"Northrop Grumman","Eightfold","Thermal Engineer (Level 2 or 3)","Mechanical","","Plymouth, MN","US (CONUS)","","","","","","https://jobs.northropgrumman.com/careers/job/1340072642621"
"Northrop Grumman","Eightfold","Mission Systems Engineer (Principal/Sr Principal) - Signatures Limitations and Constraints Management Lead (AHT)","Systems/Architecture/Test","","Linthicum Heights, MD","US (CONUS)","","","","","","https://jobs.northropgrumman.com/careers/job/1340072941094"
"Northrop Grumman","Eightfold","FPGA Verification Engineer Level 5 - Linthicum","Engineering Mult-Func","","Linthicum Heights, MD","US (CONUS)","","","","","","https://jobs.northropgrumman.com/careers/job/1340073146565"
"Northrop Grumman","Eightfold","Staff Engineer Systems","Systems/Architecture/Test","","Sunnyvale, CA","US (CONUS)","","","","","","https://jobs.northropgrumman.com/careers/job/1340073672197"
"Northrop Grumman","Eightfold","DevOps Engineer Level 3 or 4","Software","","Linthicum Heights, MD","US (CONUS)","","","","","","https://jobs.northropgrumman.com/careers/job/1340073686599"
"Northrop Grumman","Eightfold","Manufacturing Technician 1 / 2","Manufacturing and Production","","Kettering, OH","US (CONUS)","","","","","","https://jobs.northropgrumman.com/careers/job/1340073881550"
"Northrop Grumman","Eightfold","Associate Industrial Security Analyst","Security Mult-Func","","Palmdale, CA","US (CONUS)","","","","","","https://jobs.northropgrumman.com/careers/job/1340073929455"
"Northrop Grumman","Eightfold","Sr Principal DevOps Engineer (AHT)","Software","","Aurora, CO","US (CONUS)","","","","","","https://jobs.northropgrumman.com/careers/job/1340073958740"
"Northrop Grumman","Eightfold","Sentinel Systems Engineering Department Manager 3 - 19780","Systems/Architecture/Test","","Roy, UT","US (CONUS)","","","","","","https://jobs.northropgrumman.com/careers/job/1340073963197"
"Northrop Grumman","Eightfold","Principal Operations Program Management Specialist","Manufacturing and Production","","Rolling Meadows, IL","US (CONUS)","","","","","","https://jobs.northropgrumman.com/careers/job/1340073968901"
"Northrop Grumman","Eightfold","Embedded Software Engineer – Level 3 or 4","Software","","Dulles, VA","US (CONUS)","","","","","","https://jobs.northropgrumman.com/careers/job/1340072140625"
"Northrop Grumman","Eightfold","IO & Signature Mgt. Requirements Specialist","Cyber","","Washington, DC","US (CONUS)","","","","","","https://jobs.northropgrumman.com/careers/job/1340072655288"
"Northrop Grumman","Eightfold","Space Staff SEIT Lead","Systems/Architecture/Test","","Linthicum Heights, MD","US (CONUS)","","","","","","https://jobs.northropgrumman.com/careers/job/1340073684111"
"Northrop Grumman","Eightfold","Radar Modeling Simulation Analysis Associate Systems Engineer","Systems/Architecture/Test","","Linthicum Heights, MD","US (CONUS)","","","","","","https://jobs.northropgrumman.com/careers/job/1340073899467"
"Northrop Grumman","Eightfold","Engineer Field - Level 5","Systems/Architecture/Test","","Honolulu, HI","US (non-CONUS)","","","","","","https://jobs.northropgrumman.com/careers/job/1340073960188"
"Northrop Grumman","Eightfold","Space Assembly Integration and Test (AI&T) IPT Lead - Staff Engineer Systems","Systems/Architecture/Test","","Baltimore, MD","US (CONUS)","","","","","","https://jobs.northropgrumman.com/careers/job/1340070615596"
"Northrop Grumman","Eightfold","Electromechanical Engineer Level 5 - Linthicum","Electrical","","Linthicum Heights, MD","US (CONUS)","","","","","","https://jobs.northropgrumman.com/careers/job/1340071522690"
"Northrop Grumman","Eightfold","Chief Engineer Level 6 - Linthicum","Engineering Mult-Func","","Linthicum Heights, MD","US (CONUS)","","","","","","https://jobs.northropgrumman.com/careers/job/1340071584305"
"Northrop Grumman","Eightfold","Staff Test Software Engineer","Software","","Linthicum Heights, MD","US (CONUS)","","","","","","https://jobs.northropgrumman.com/careers/job/1340073096993"
"Northrop Grumman","Eightfold","Test Automation Software Engineer – Level 5","Software","","Morrisville, NC","US (CONUS)","","","","","","https://jobs.northropgrumman.com/careers/job/1340073505473"
"Northrop Grumman","Eightfold","Staff Agile Product Owner","Operations (IT)","","Morrisville, NC","US (CONUS)","","","","","","https://jobs.northropgrumman.com/careers/job/1340073692607"
"Northrop Grumman","Eightfold","Principal Configuration Analyst - 18216","Tech Support Mult-Func","","Huntsville, AL","US (CONUS)","","","","","","https://jobs.northropgrumman.com/careers/job/1340073939841"
"Northrop Grumman","Eightfold","Principal Supply Chain Planning Specialist","Global Supply Chain Mult-Func","","Baltimore, MD","US (CONUS)","","","","","","https://jobs.northropgrumman.com/careers/job/1340073940654"
"Northrop Grumman","Eightfold","Senior Principal Systems Architect","Systems/Architecture/Test","","Baltimore, MD","US (CONUS)","","","","","","https://jobs.northropgrumman.com/careers/job/1340073954697"
"Northrop Grumman","Eightfold","Principal Program Planning Analyst/Scheduler","Business Management Mult-Func","","Sykesville, MD","US (CONUS)","","","","","","https://jobs.northropgrumman.com/careers/job/1340073956660"
"Northrop Grumman","Eightfold","Shelter Engineer (AHT)","Engineering Mult-Func","","Boulder, CO","US (CONUS)","","","","","","https://jobs.northropgrumman.com/careers/job/1340073970785"
"Northrop Grumman","Eightfold","Electromechanical Engineer Level 4 - Linthicum","Electrical","","Linthicum Heights, MD","US (CONUS)","","","","","","https://jobs.northropgrumman.com/careers/job/1340071522769"
"Northrop Grumman","Eightfold","Engineer Electrical Level 2 - Command & Data Handling - Dulles","Electrical","","Dulles, VA","US (CONUS)","","","","","","https://jobs.northropgrumman.com/careers/job/1340072846942"
"Northrop Grumman","Eightfold","Space RADAR Payload I&T SME - Staff Engineer Systems","Systems/Architecture/Test","","Linthicum Heights, MD","US (CONUS)","","","","","","https://jobs.northropgrumman.com/careers/job/1340073371622"
"Northrop Grumman","Eightfold","Embedded Software Engineer – Level 3 or 4 (Secret)","Software","","Dulles, VA","US (CONUS)","","","","","","https://jobs.northropgrumman.com/careers/job/1340073589297"
"Northrop Grumman","Eightfold","Product Engineer (Level 3 or 4)","Material/Process","","Mesa, AZ","US (CONUS)","","","","","","https://jobs.northropgrumman.com/careers/job/1340073594340"
"Northrop Grumman","Eightfold","Electrical Engineer Level 3/4 - Electrical Ground Support Equipment - Dulles","Electrical","","Dulles, VA","US (CONUS)","","","","","","https://jobs.northropgrumman.com/careers/job/1340073607599"
"Northrop Grumman","Eightfold","Business Development Operations Manager 1 ( Secret Clearance)","Operations (BD)","","McLean, VA","US (CONUS)","","","","","","https://jobs.northropgrumman.com/careers/job/1340073729682"
"Northrop Grumman","Eightfold","Principal Electronics Engineer/Senior Principal Electronics Engineer","Electrical","","Baltimore, MD","US (CONUS)","","","","","","https://jobs.northropgrumman.com/careers/job/1340073738612"
"Northrop Grumman","Eightfold","Business Support Assistant","General Administrative","","Edinburgh, SA, AU","International","","","","","","https://jobs.northropgrumman.com/careers/job/1340073877082"
"Northrop Grumman","Eightfold","Principal Project Management Level 3","Project Management (Non-P&L)","","Melbourne, FL","US (CONUS)","","","","","","https://jobs.northropgrumman.com/careers/job/1340073965335"
"Northrop Grumman","Eightfold","Electrical Engineer II","Electrical","","Chandler, AZ","US (CONUS)","","","","","","https://jobs.northropgrumman.com/careers/job/1340073975499"
"Northrop Grumman","Eightfold","Engineer Supplier Mission Assurance Level 2 or Level 3","Mission/Quality Assurance","","Chandler, AZ","US (CONUS)","","","","","","https://jobs.northropgrumman.com/careers/job/1340073975843"
"Northrop Grumman","Eightfold","Embedded Operating System Software Developer – Level 3 or 4 (AHT)","Software","","Linthicum Heights, MD","US (CONUS)","","","","","","https://jobs.northropgrumman.com/careers/job/1340072602822"
"Northrop Grumman","Eightfold","Space RADAR Data Processing - Principal/Sr Principal Engineer Systems (AHT)","Systems/Architecture/Test","","Linthicum Heights, MD","US (CONUS)","","","","","","https://jobs.northropgrumman.com/careers/job/1340072786310"
"Northrop Grumman","Eightfold","Systems Engineer – EO/IR","Systems/Architecture/Test","","Dulles, VA","US (CONUS)","","","","","","https://jobs.northropgrumman.com/careers/job/1340073143794"
"Northrop Grumman","Eightfold","Guidance Navigation Control (GNC) Engineer – Level 2 TS Cleared (AHT)","Systems/Architecture/Test","","Dulles, VA","US (CONUS)","","","","","","https://jobs.northropgrumman.com/careers/job/1340073475023"
"Northrop Grumman","Eightfold","Principal Systems Engineer Space Vehicles (AHT)","Systems/Architecture/Test","","Dulles, VA","US (CONUS)","","","","","","https://jobs.northropgrumman.com/careers/job/1340073495495"
"Northrop Grumman","Eightfold","Sr Principal Engineer Systems (AHT)","Systems/Architecture/Test","","Dulles, VA","US (CONUS)","","","","","","https://jobs.northropgrumman.com/careers/job/1340073495534"
"Northrop Grumman","Eightfold","Cyber Systems Engineer – Level 2 or Level 3 (AHT)","Cyber","","Colorado Springs, CO","US (CONUS)","","","","","","https://jobs.northropgrumman.com/careers/job/1340073949509"
"Northrop Grumman","Eightfold","Principal / Sr. Principal DevOps Engineer (AHT)","Software","","Aurora, CO","US (CONUS)","","","","","","https://jobs.northropgrumman.com/careers/job/1340073959568"
"Northrop Grumman","Eightfold","Senior Principal Embedded Systems Security Engineer","Systems/Architecture/Test","","Baltimore, MD","US (CONUS)","","","","","","https://jobs.northropgrumman.com/careers/job/1340073976851"
"Northrop Grumman","Eightfold","Power Electronics Engineer Level 3/4 - Rolling Meadows","Electrical","","Rolling Meadows, IL","US (CONUS)","","","","","","https://jobs.northropgrumman.com/careers/job/1340072019188"
"Northrop Grumman","Eightfold","Sr. Principal Cyber Systems Engineer","Cyber","","Melbourne, FL","US (CONUS)","","","","","","https://jobs.northropgrumman.com/careers/job/1340072620720"
"Northrop Grumman","Eightfold","Sr Principal Engineer Embedded Software","Software","","Sterling, VA","US (CONUS)","","","","","","https://jobs.northropgrumman.com/careers/job/1340072828453"
"Northrop Grumman","Eightfold","Mechanical Engineer/ Lvl 3/4– Motion Control and Avionics (Technical)","Mechanical","","Elkton, MD","US (CONUS)","","","","","","https://jobs.northropgrumman.com/careers/job/1340073955386"
"Northrop Grumman","Eightfold","Associate Engineer Electrical","Electrical","","Melbourne, FL","US (CONUS)","","","","","","https://jobs.northropgrumman.com/careers/job/1340073957300"
"Northrop Grumman","Eightfold","Intelligence Analyst - Level 2 or 3 (AHT)","Tech Support Mult-Func","","Aurora, CO","US (CONUS)","","","","","","https://jobs.northropgrumman.com/careers/job/1340073964528"
"Northrop Grumman","Eightfold","Sr Principal Software Engineer - Java","Software","","San Diego, CA","US (CONUS)","","","","","","https://jobs.northropgrumman.com/careers/job/1340073975914"
"Northrop Grumman","Eightfold","Sentinel - Principal Program Cost and Schedule Control Analyst (14830)","Business Management Mult-Func","","Roy, UT","US (CONUS)","","","","","","https://jobs.northropgrumman.com/careers/job/1340073976107"
"Northrop Grumman","Eightfold","Space Staff Engineer Systems","Systems/Architecture/Test","","Rolling Meadows, IL","US (CONUS)","","","","","","https://jobs.northropgrumman.com/careers/job/1340072337876"
"Northrop Grumman","Eightfold","Microelectronics Process Engineer/Principal Microelectronics Process Engineer","Material/Process","","Linthicum Heights, MD","US (CONUS)","","","","","","https://jobs.northropgrumman.com/careers/job/1340072795674"
"Northrop Grumman","Eightfold","Engineer/Principal Engineer Systems","Systems/Architecture/Test","","Morrisville, NC","US (CONUS)","","","","","","https://jobs.northropgrumman.com/careers/job/1340073142295"
"Northrop Grumman","Eightfold","Space RADAR Payload I&T SME - Sr. Staff Engineer Systems","Systems/Architecture/Test","","Linthicum Heights, MD","US (CONUS)","","","","","","https://jobs.northropgrumman.com/careers/job/1340073371555"
"Northrop Grumman","Eightfold","Space Principal/ Sr. Principal Launch and Operations Systems Engineer (AHT)","Systems/Architecture/Test","","Rolling Meadows, IL","US (CONUS)","","","","","","https://jobs.northropgrumman.com/careers/job/1340073517269"
"Northrop Grumman","Eightfold","Quality Manager 1 - 2nd Shift","Mission and Quality Assurance","","Baltimore, MD","US (CONUS)","","","","","","https://jobs.northropgrumman.com/careers/job/1340073939835"
"Northrop Grumman","Eightfold","Northrop Grumman (SkillBridge) – Production Test Technician 2","Mission and Quality Assurance","","Los Angeles, CA","US (CONUS)","","","","","","https://jobs.northropgrumman.com/careers/job/1340073955973"
"Northrop Grumman","Eightfold","Hardware/Field Engineer - Level 2 or 3 (AHT)","Material/Process","","Colorado Springs, CO","US (CONUS)","","","","","","https://jobs.northropgrumman.com/careers/job/1340073960965"
"Northrop Grumman","Eightfold","Aircraft Structures Military and Veterans Encouraged to Apply","Flight Operations Mult-Func","","Palmdale, CA","US (CONUS)","","","","","","https://jobs.northropgrumman.com/careers/job/1340072025525"
"Northrop Grumman","Eightfold","Software Quality Engineer/ Prin Software Quality Engineer","Mission/Quality Assurance","","Palmdale, CA","US (CONUS)","","","","","","https://jobs.northropgrumman.com/careers/job/1340073113670"
"Northrop Grumman","Eightfold","Program Cost Control Analyst - Level 2","Business Management Mult-Func","","Boulder, CO","US (CONUS)","","","","","","https://jobs.northropgrumman.com/careers/job/1340073394395"
"Northrop Grumman","Eightfold","Manager Engineering 2","Systems/Architecture/Test","","Oklahoma City, OK","US (CONUS)","","","","","","https://jobs.northropgrumman.com/careers/job/1340073487904"
"Northrop Grumman","Eightfold","Program Planning Analyst/Scheduler","Business Management Mult-Func","","Buffalo, NY","US (CONUS)","","","","","","https://jobs.northropgrumman.com/careers/job/1340073734348"
"Northrop Grumman","Eightfold","Staff Engineer Systems: O&S SEIT Lead","Systems/Architecture/Test","","Dulles, VA","US (CONUS)","","","","","","https://jobs.northropgrumman.com/careers/job/1340073757608"
"Northrop Grumman","Eightfold","Senior Capture Manager 3 (TS/SCI)","Capture","","Dulles, VA","US (CONUS)","","","","","","https://jobs.northropgrumman.com/careers/job/1340073804999"
"Northrop Grumman","Eightfold","Capture Manager 2 (TS/SCI)","Capture","","Dulles, VA","US (CONUS)","","","","","","https://jobs.northropgrumman.com/careers/job/1340073806315"
"Northrop Grumman","Eightfold","Final Assembly Inspector 2/3","Mission and Quality Assurance","","Palmdale, CA","US (CONUS)","","","","","","https://jobs.northropgrumman.com/careers/job/1340073906851"
"Northrop Grumman","Eightfold","Inventory Material Control Support 1","Manufacturing and Production","","Gilbert, AZ","US (CONUS)","","","","","","https://jobs.northropgrumman.com/careers/job/1340073907222"
"Northrop Grumman","Eightfold","Principal Industrial Security Analyst - 19089","Security Mult-Func","","Roy, UT","US (CONUS)","","","","","","https://jobs.northropgrumman.com/careers/job/1340073927630"
"Northrop Grumman","Eightfold","Flight Test Technician 2/3","Flight Operations Mult-Func","","Emerado, ND","US (CONUS)","","","","","","https://jobs.northropgrumman.com/careers/job/1340073931616"
"Northrop Grumman","Eightfold","Sr. Principal Aeronautical Engineer (AHT)","Mechanical","","Los Angeles, CA","US (CONUS)","","","","","","https://jobs.northropgrumman.com/careers/job/1340073933624"
"Northrop Grumman","Eightfold","Principal Project Change Engineer - 18315","Engineering Mult-Func","","Huntsville, AL","US (CONUS)","","","","","","https://jobs.northropgrumman.com/careers/job/1340073939806"
"Northrop Grumman","Eightfold","Supply Chain Project Manager - Level 5","Project Management (Non-P&L)","","New York, NY","US (CONUS)","","","","","","https://jobs.northropgrumman.com/careers/job/1340073957332"
"Northrop Grumman","Eightfold","Principal Logistics Management Analyst /  Logistics Management Analyst(SkillBridge)","Tech Support Mult-Func","","Whiteman AFB, MO","US (CONUS)","","","","","","https://jobs.northropgrumman.com/careers/job/1340073965146"
"Northrop Grumman","Eightfold","Inspector Machined Parts 3","Mission and Quality Assurance","","El Segundo, CA","US (CONUS)","","","","","","https://jobs.northropgrumman.com/careers/job/1340073975047"
"Northrop Grumman","Eightfold","2026 Part-Time Mechanical Engineering Intern - Chandler AZ","Intern/Casual","","Chandler, AZ","US (CONUS)","","","","","","https://jobs.northropgrumman.com/careers/job/1340073975834"
"Northrop Grumman","Eightfold","2027 Associate Electronics Engineer/Electronics Engineer","Electrical","","Melbourne, FL","US (CONUS)","","","","","","https://jobs.northropgrumman.com/careers/job/1340073975978"
"Northrop Grumman","Eightfold","Systems Test Engineer Level 2 /3","Systems/Architecture/Test","","Sunnyvale, CA","US (CONUS)","","","","","","https://jobs.northropgrumman.com/careers/job/1340072655865"
"Northrop Grumman","Eightfold","Graphics Simulation Software Engineer - Level 3 & 4","Software","","Dulles, VA","US (CONUS)","","","","","","https://jobs.northropgrumman.com/careers/job/1340073363865"
"Northrop Grumman","Eightfold","Embedded Software Engineer – Level 3 or 4","Software","","McLean, VA","US (CONUS)","","","","","","https://jobs.northropgrumman.com/careers/job/1340073392602"
"Northrop Grumman","Eightfold","Space Systems Embedded Software Engineer - Level 2 (TS/SCI)","Software","","Rolling Meadows, IL","US (CONUS)","","","","","","https://jobs.northropgrumman.com/careers/job/1340073461275"
"Northrop Grumman","Eightfold","Sr Principal Systems Engineer (AHT)","Systems/Architecture/Test","","Fairfax, VA","US (CONUS)","","","","","","https://jobs.northropgrumman.com/careers/job/1340073728169"
"Northrop Grumman","Eightfold","Staff Supply Chain Subcontract Specialist","Global Supply Chain Mult-Func","","Rolling Meadows, IL","US (CONUS)","","","","","","https://jobs.northropgrumman.com/careers/job/1340073938220"
"Northrop Grumman","Eightfold","Program Planning and Scheduling Analyst","Business Management Mult-Func","","Melbourne, FL","US (CONUS)","","","","","","https://jobs.northropgrumman.com/careers/job/1340073939782"
"Northrop Grumman","Eightfold","Mechanical Engineer/ Lvl 3/4– Motion Controls and Avionics (Design Lead)","Mechanical","","Elkton, MD","US (CONUS)","","","","","","https://jobs.northropgrumman.com/careers/job/1340073955948"
"Northrop Grumman","Eightfold","Principal/Sr. Principal Structural Analysis Engineer","Mechanical","","Oklahoma City, OK","US (CONUS)","","","","","","https://jobs.northropgrumman.com/careers/job/1340073956007"
"Northrop Grumman","Eightfold","Sr Principal Program Planning Analyst/Scheduler","Business Management Mult-Func","","Linthicum Heights, MD","US (CONUS)","","","","","","https://jobs.northropgrumman.com/careers/job/1340073956541"
"Northrop Grumman","Eightfold","Weapons Engineer","Electrical","","Melbourne, FL","US (CONUS)","","","","","","https://jobs.northropgrumman.com/careers/job/1340073962393"
"Northrop Grumman","Eightfold","Staff Engineer Systems","Systems/Architecture/Test","","Melbourne, FL","US (CONUS)","","","","","","https://jobs.northropgrumman.com/careers/job/1340073972214"
"Northrop Grumman","Eightfold","Propulsion Engineering Manager 2","Mechanical","","Corinne, UT","US (CONUS)","","","","","","https://jobs.northropgrumman.com/careers/job/1340073973639"
"Northrop Grumman","Eightfold","Principal or Sr. Principal Program Cost and Schedule Control Analyst","Business Management Mult-Func","","San Diego, CA","US (CONUS)","","","","","","https://jobs.northropgrumman.com/careers/job/1340073974701"
"Northrop Grumman","Eightfold","Principal Program Cost Control Analyst","Business Management Mult-Func","","Los Angeles, CA","US (CONUS)","","","","","","https://jobs.northropgrumman.com/careers/job/1340073975654"
"Northrop Grumman","Eightfold","Senior Program Management Director – Division Program Execution Lead","Program Management (P&L)","","San Diego, CA","US (CONUS)","","","","","","https://jobs.northropgrumman.com/careers/job/1340072923935"
"Northrop Grumman","Eightfold","Staff Systems Engineer","Systems/Architecture/Test","","Melbourne, FL","US (CONUS)","","","","","","https://jobs.northropgrumman.com/careers/job/1340073885377"
"Northrop Grumman","Eightfold","Principal/Sr. Principal Engineer Electromechanical (AHT)","Electrical","","Fairfax, VA","US (CONUS)","","","","","","https://jobs.northropgrumman.com/careers/job/1340073182978"
"Northrop Grumman","Eightfold","LabVIEW Systems Engineer Level 4","Systems/Architecture/Test","","Sunnyvale, CA","US (CONUS)","","","","","","https://jobs.northropgrumman.com/careers/job/1340073517591"
"Northrop Grumman","Eightfold","Industrial Security Director - Level 1","Security Mult-Func","","Redondo Beach, CA","US (CONUS)","","","","","","https://jobs.northropgrumman.com/careers/job/1340073933617"
"Northrop Grumman","Eightfold","FPGA Verification Engineer Level 3/4 - Linthicum","Engineering Mult-Func","","Linthicum Heights, MD","US (CONUS)","","","","","","https://jobs.northropgrumman.com/careers/job/1340073146533"
"Northrop Grumman","Eightfold","Mission Architect Engineer (AHT)","Systems/Architecture/Test","","Chantilly, VA","US (CONUS)","","","","","","https://jobs.northropgrumman.com/careers/job/1340073570290"
"Northrop Grumman","Eightfold","Principal Engineer Software","Software","","San Diego, CA","US (CONUS)","","","","","","https://jobs.northropgrumman.com/careers/job/1340072378379"
"Northrop Grumman","Eightfold","Engineer Systems (AHT)","Systems/Architecture/Test","","Dulles, VA","US (CONUS)","","","","","","https://jobs.northropgrumman.com/careers/job/1340072812874"
"Northrop Grumman","Eightfold","LabVIEW Systems Engineer Level 3","Systems/Architecture/Test","","Sunnyvale, CA","US (CONUS)","","","","","","https://jobs.northropgrumman.com/careers/job/1340073955196"
"Northrop Grumman","Eightfold","Test Engineer - Level 2 or Level 3","Systems/Architecture/Test","","Oxnard, CA","US (CONUS)","","","","","","https://jobs.northropgrumman.com/careers/job/1340073959025"
"Northrop Grumman","Eightfold","Proposal Manager 1 ( TS/SCI)","Proposal","","Dulles, VA","US (CONUS)","","","","","","https://jobs.northropgrumman.com/careers/job/1340073960445"
"Northrop Grumman","Eightfold","Principal / Sr Principal Proposal Analyst - Level 3 or 4","Proposal","","Clearfield, UT","US (CONUS)","","","","","","https://jobs.northropgrumman.com/careers/job/1340073968387"
"Northrop Grumman","Eightfold","Principal Software Engineer (AHT)","Software","","Bellevue, NE","US (CONUS)","","","","","","https://jobs.northropgrumman.com/careers/job/1340073975852"
"Northrop Grumman","Eightfold","Space Sr. Principal Engineer Systems","Systems/Architecture/Test","","Rolling Meadows, IL","US (CONUS)","","","","","","https://jobs.northropgrumman.com/careers/job/1340072319993"
"Northrop Grumman","Eightfold","Guidance Navigation Control (GNC) Engineers - Level 3 or 4 - TS Cleared (AHT)","Systems/Architecture/Test","","Dulles, VA","US (CONUS)","","","","","","https://jobs.northropgrumman.com/careers/job/1340072284946"
"Northrop Grumman","Eightfold","Electrical Engineer Level 4 - Electrical Ground Support Equipment - Dulles","Electrical","","Dulles, VA","US (CONUS)","","","","","","https://jobs.northropgrumman.com/careers/job/1340072617926"
"Northrop Grumman","Eightfold","Embedded Software Engineer – Level 3 or 4","Software","","Dulles, VA","US (CONUS)","","","","","","https://jobs.northropgrumman.com/careers/job/1340073831324"
"Northrop Grumman","Eightfold","Network Communications Analyst (NMA) (26-368)","Networks","","Colorado Springs, CO","US (CONUS)","","","","","","https://jobs.northropgrumman.com/careers/job/1340073971217"
"Northrop Grumman","Eightfold","Electrical Engineer FPGA - Level 3/4 - Dulles","Electrical","","Dulles, VA","US (CONUS)","","","","","","https://jobs.northropgrumman.com/careers/job/1340071802066"
"Northrop Grumman","Eightfold","Space Systems/ Principal Systems Engineer (AHT)","Systems/Architecture/Test","","Fairfax, VA","US (CONUS)","","","","","","https://jobs.northropgrumman.com/careers/job/1340073094734"
"Northrop Grumman","Eightfold","Principal Systems Engineer - Fault Management & System Autonomy (AHT)","Systems/Architecture/Test","","Dulles, VA","US (CONUS)","","","","","","https://jobs.northropgrumman.com/careers/job/1340073109107"
"Northrop Grumman","Eightfold","Sr. Principal Computer Systems Analyst - Windows","Design and Programming","","Baltimore, MD","US (CONUS)","","","","","","https://jobs.northropgrumman.com/careers/job/1340073693323"
"Northrop Grumman","Eightfold","Embedded Software Engineer – Level 3 or 4","Software","","Sterling, VA","US (CONUS)","","","","","","https://jobs.northropgrumman.com/careers/job/1340073900961"
"Northrop Grumman","Eightfold","Digital Receiver Exciter Engineer Level 3/4 - Baltimore","Electrical","","Baltimore, MD","US (CONUS)","","","","","","https://jobs.northropgrumman.com/careers/job/1340073459010"
"Northrop Grumman","Eightfold","Program Cost Control Analyst - Level 4","Business Management Mult-Func","","Boulder, CO","US (CONUS)","","","","","","https://jobs.northropgrumman.com/careers/job/1340073498636"
"Northrop Grumman","Eightfold","Guidance Navigation Control (GNC) Engineering Analyst – Level 5","Systems/Architecture/Test","","Dulles, VA","US (CONUS)","","","","","","https://jobs.northropgrumman.com/careers/job/1340072105067"
"Northrop Grumman","Eightfold","Pr./Sr. Pr. Mission Engineer (AHT)","Systems/Architecture/Test","","Dulles, VA","US (CONUS)","","","","","","https://jobs.northropgrumman.com/careers/job/1340072994357"
"Northrop Grumman","Eightfold","eCad Electrical Engineer - Level 3/4 - Dulles","Electrical","","Dulles, VA","US (CONUS)","","","","","","https://jobs.northropgrumman.com/careers/job/1340073669252"
"Northrop Grumman","Eightfold","Space Flight Operations Engineer Systems (AHT)","Systems/Architecture/Test","","Linthicum Heights, MD","US (CONUS)","","","","","","https://jobs.northropgrumman.com/careers/job/1340073901319"
"Northrop Grumman","Eightfold","Principal / Senior Principal Microelectronics Device Engineer","Electrical","","Manhattan Beach, CA","US (CONUS)","","","","","","https://jobs.northropgrumman.com/careers/job/1340073939882"
"Northrop Grumman","Eightfold","Senior Principal Test Conductor","Mission and Quality Assurance","","Melbourne, FL","US (CONUS)","","","","","","https://jobs.northropgrumman.com/careers/job/1340073955418"
"Northrop Grumman","Eightfold","Program Planning Analyst/Scheduler","Business Management Mult-Func","","Sykesville, MD","US (CONUS)","","","","","","https://jobs.northropgrumman.com/careers/job/1340073956963"
"Northrop Grumman","Eightfold","Systems Engineer - Level 3","Systems/Architecture/Test","","Gilbert, AZ","US (CONUS)","","","","","","https://jobs.northropgrumman.com/careers/job/1340073973215"
"Northrop Grumman","Eightfold","Program Planning Manager - Level 2","Project Management (Non-P&L)","","Redondo Beach, CA","US (CONUS)","","","","","","https://jobs.northropgrumman.com/careers/job/1340073976140"
"Northrop Grumman","Eightfold","Space RADAR Tasking Model - Staff Engineer Systems","Systems/Architecture/Test","","Linthicum Heights, MD","US (CONUS)","","","","","","https://jobs.northropgrumman.com/careers/job/1340069745088"
"Northrop Grumman","Eightfold","Principal/Sr. Principal Production Operations Level 3/4","Manufacturing and Production","","Clearfield, UT","US (CONUS)","","","","","","https://jobs.northropgrumman.com/careers/job/1340073768800"
"Northrop Grumman","Eightfold","Embedded Software Engineering Manager 1","Software","","Linthicum Heights, MD","US (CONUS)","","","","","","https://jobs.northropgrumman.com/careers/job/1340073857952"
"Northrop Grumman","Eightfold","2027 Guidance Navigation and Control Intern Dulles VA","Intern/Casual","","Dulles, VA","US (CONUS)","","","","","","https://jobs.northropgrumman.com/careers/job/1340073702822"
"Northrop Grumman","Eightfold","Inspector 1 (Space/Satellite Systems)","Flight Operations Mult-Func","","Dulles, VA","US (CONUS)","","","","","","https://jobs.northropgrumman.com/careers/job/1340073595246"
"Northrop Grumman","Eightfold","2027 Software Test Engineering Intern- Huntsville AL","Intern/Casual","","Huntsville, AL","US (CONUS)","","","","","","https://jobs.northropgrumman.com/careers/job/1340073914967"
"Northrop Grumman","Eightfold","STAFF Program Planning Analyst/Scheduler","Business Management Mult-Func","","Linthicum Heights, MD","US (CONUS)","","","","","","https://jobs.northropgrumman.com/careers/job/1340073932174"
"Northrop Grumman","Eightfold","Software Engineer (Level 3/4) AHT","Software","","McLean, VA","US (CONUS)","","","","","","https://jobs.northropgrumman.com/careers/job/1340072721865"
"Northrop Grumman","Eightfold","Industrial Engineer / Principal Industrial Engineer","Material/Process","","Warner Robins, GA","US (CONUS)","","","","","","https://jobs.northropgrumman.com/careers/job/1340073918537"
"Northrop Grumman","Eightfold","Supply Chain Technical Coordinator 3","Global Supply Chain Mult-Func","","Magna, UT","US (CONUS)","","","","","","https://jobs.northropgrumman.com/careers/job/1340073921883"
"Northrop Grumman","Eightfold","Bonder Metal or Composite 2","Manufacturing and Production","","El Segundo, CA","US (CONUS)","","","","","","https://jobs.northropgrumman.com/careers/job/1340073927710"
"Northrop Grumman","Eightfold","Sentinel - Staff Structural Engineer - 19114","Mechanical","","Roy, UT","US (CONUS)","","","","","","https://jobs.northropgrumman.com/careers/job/1340073644103"
"Northrop Grumman","Eightfold","Senior Principal Supply Chain Subcontract Specialist","Global Supply Chain Mult-Func","","El Segundo, CA","US (CONUS)","","","","","","https://jobs.northropgrumman.com/careers/job/1340073674282"
"Northrop Grumman","Eightfold","Manager Engineering Technical Support 1 - Machining (2nd Shift)","Tech Support Mult-Func","","Redondo Beach, CA","US (CONUS)","","","","","","https://jobs.northropgrumman.com/careers/job/1340073942821"
"Northrop Grumman","Eightfold","Principal / Senior Principal Electrical Engineer","Electrical","","Warner Robins, GA","US (CONUS)","","","","","","https://jobs.northropgrumman.com/careers/job/1340070838091"
"Northrop Grumman","Eightfold","Journeyman Electrician","NGC - Non - NGJF Union","","Magna, UT","US (CONUS)","","","","","","https://jobs.northropgrumman.com/careers/job/1340072720489"
"Northrop Grumman","Eightfold","Sentinel - Manager of Test Engineering","Systems/Architecture/Test","","Roy, UT","US (CONUS)","","","","","","https://jobs.northropgrumman.com/careers/job/1340073688161"
"Northrop Grumman","Eightfold","Administrative Assistant Level 3/4","General Administrative","","Linthicum Heights, MD","US (CONUS)","","","","","","https://jobs.northropgrumman.com/careers/job/1340073770394"
"Northrop Grumman","Eightfold","Non Destructive Test Technician  Level 2- Travel Team","Mission and Quality Assurance","","Palmdale, CA","US (CONUS)","","","","","","https://jobs.northropgrumman.com/careers/job/1340073916978"
"Northrop Grumman","Eightfold","Sentinel – Program Cost and Schedule Control Analyst (18804)","Business Management Mult-Func","","Roy, UT","US (CONUS)","","","","","","https://jobs.northropgrumman.com/careers/job/1340073923155"
"Northrop Grumman","Eightfold","Manager Supply Chain Programs 3","Global Supply Chain Mult-Func","","San Diego, CA","US (CONUS)","","","","","","https://jobs.northropgrumman.com/careers/job/1340073925555"
"Northrop Grumman","Eightfold","Staff Optomechanical Engineer - 5","Electrical","","Chandler, AZ","US (CONUS)","","","","","","https://jobs.northropgrumman.com/careers/job/1340073921554"
"Northrop Grumman","Eightfold","Structural Engineer 2 / 3","Mechanical","","Corinne, UT","US (CONUS)","","","","","","https://jobs.northropgrumman.com/careers/job/1340073930561"
"Northrop Grumman","Eightfold","Mechanical Design Engineers Level 2","Mechanical","","Sunnyvale, CA","US (CONUS)","","","","","","https://jobs.northropgrumman.com/careers/job/1340073939584"
"Northrop Grumman","Eightfold","Sr Principal Systems Test Engineer – Verification PO (26-384)","Systems/Architecture/Test","","Colorado Springs, CO","US (CONUS)","","","","","","https://jobs.northropgrumman.com/careers/job/1340073873410"
"Northrop Grumman","Eightfold","Quality Engineer 2/3","Mission/Quality Assurance","","Goleta, CA","US (CONUS)","","","","","","https://jobs.northropgrumman.com/careers/job/1340073907890"
"Northrop Grumman","Eightfold","Configuration Analyst-Product Support","Tech Support Mult-Func","","Eglin AFB, FL","US (CONUS)","","","","","","https://jobs.northropgrumman.com/careers/job/1340073926683"
"Northrop Grumman","Eightfold","Principal or Sr Principal Electronics Engineer","Electrical","","Baltimore, MD","US (CONUS)","","","","","","https://jobs.northropgrumman.com/careers/job/1340073926941"
"Northrop Grumman","Eightfold","Engineering Program Manager","Systems/Architecture/Test","","Rolling Meadows, IL","US (CONUS)","","","","","","https://jobs.northropgrumman.com/careers/job/1340072867357"
"Northrop Grumman","Eightfold","Principal / Sr Principal Missile Warning System Engineer","Systems/Architecture/Test","","Warner Robins, GA","US (CONUS)","","","","","","https://jobs.northropgrumman.com/careers/job/1340072898872"
"Northrop Grumman","Eightfold","Senior Staff Safety Systems Engineer","Environmental","","Linthicum Heights, MD","US (CONUS)","","","","","","https://jobs.northropgrumman.com/careers/job/1340073917636"
"Northrop Grumman","Eightfold","Food Services Associate - Level 4","General Administrative","","Corinne, UT","US (CONUS)","","","","","","https://jobs.northropgrumman.com/careers/job/1340073940240"
"Northrop Grumman","Eightfold","Principal / Sr Principal Digital Engineer","Engineering Mult-Func","","Warner Robins, GA","US (CONUS)","","","","","","https://jobs.northropgrumman.com/careers/job/1340069926742"
"Northrop Grumman","Eightfold","Electrical Engineer - Level 5","Electrical","","Colorado Springs, CO","US (CONUS)","","","","","","https://jobs.northropgrumman.com/careers/job/1340072266121"
"Northrop Grumman","Eightfold","Principal Software Systems Engineer","Systems/Architecture/Test","","San Diego, CA","US (CONUS)","","","","","","https://jobs.northropgrumman.com/careers/job/1340073093800"
"Northrop Grumman","Eightfold","Quality Inspector 2","Mission and Quality Assurance","","Madison, AL","US (CONUS)","","","","","","https://jobs.northropgrumman.com/careers/job/1340073670995"
"Northrop Grumman","Eightfold","Sentinel - Business Process Analyst (Level 2 or 3)(19715)","Tech Support Mult-Func","","Roy, UT","US (CONUS)","","","","","","https://jobs.northropgrumman.com/careers/job/1340073732377"
"Northrop Grumman","Eightfold","Certification Project Lead","Systems/Architecture/Test","","Fortitude Valley, QLD, AU","International","","","","","","https://jobs.northropgrumman.com/careers/job/1340073831773"
"Northrop Grumman","Eightfold","DevOps Engineer – Level 3 or 4","Software","","El Segundo, CA","US (CONUS)","","","","","","https://jobs.northropgrumman.com/careers/job/1340073934403"
"Northrop Grumman","Eightfold","Mechanical Design Engineer Level 2","Mechanical","","Ocean Springs, MS","US (CONUS)","","","","","","https://jobs.northropgrumman.com/careers/job/1340073939620"
"Northrop Grumman","Eightfold","Proposal Manager 3 - TS/SCI","Proposal","","Redondo Beach, CA","US (CONUS)","","","","","","https://jobs.northropgrumman.com/careers/job/1340073476523"
"Northrop Grumman","Eightfold","Sentinel - Systems Engineer / Principal Systems Engineer  - 19360","Systems/Architecture/Test","","Roy, UT","US (CONUS)","","","","","","https://jobs.northropgrumman.com/careers/job/1340073484226"
"Northrop Grumman","Eightfold","Principal Supply Chain Subcontract Specialist","Global Supply Chain Mult-Func","","Rolling Meadows, IL","US (CONUS)","","","","","","https://jobs.northropgrumman.com/careers/job/1340073891442"
"Northrop Grumman","Eightfold","Sentinel - Systems Security Engineer - 16416*","Systems/Architecture/Test","","Roy, UT","US (CONUS)","","","","","","https://jobs.northropgrumman.com/careers/job/1340071015456"
"Northrop Grumman","Eightfold","Staff Systems Design Engineer","Systems/Architecture/Test","","Rolling Meadows, IL","US (CONUS)","","","","","","https://jobs.northropgrumman.com/careers/job/1340073927781"
"Northrop Grumman","Eightfold","Engineering Technician  – Level 2 or Level 3","Tech Support Mult-Func","","FL","US (CONUS)","","","","","","https://jobs.northropgrumman.com/careers/job/1340072505884"
"Northrop Grumman","Eightfold","Manager Subcontracts 2","Global Supply Chain Mult-Func","","Dulles, VA","US (CONUS)","","","","","","https://jobs.northropgrumman.com/careers/job/1340073736596"
"Northrop Grumman","Eightfold","Tool Crib Attendant 3","Manufacturing and Production","","Edwards AFB, CA","US (CONUS)","","","","","","https://jobs.northropgrumman.com/careers/job/1340073833563"
"Northrop Grumman","Eightfold","Sentinel - Mechanical Engineers","Mechanical","","Roy, UT","US (CONUS)","","","","","","https://jobs.northropgrumman.com/careers/job/1340071482394"
"Northrop Grumman","Eightfold","Supply Chain Operations Manager 3 - 19685","Global Supply Chain Mult-Func","","Roy, UT","US (CONUS)","","","","","","https://jobs.northropgrumman.com/careers/job/1340073895415"
"Northrop Grumman","Eightfold","Sr. Staff Systems Engineer","Systems/Architecture/Test","","Rolling Meadows, IL","US (CONUS)","","","","","","https://jobs.northropgrumman.com/careers/job/1340073916995"
"Northrop Grumman","Eightfold","Staff I&T Systems Engineer - RF / HW - 2nd Shift","Systems/Architecture/Test","","Baltimore, MD","US (CONUS)","","","","","","https://jobs.northropgrumman.com/careers/job/1340073928096"
"Northrop Grumman","Eightfold","2026 Associate Engineer Quality/ Engineer Quality - Rolling Meadows IL","Mission/Quality Assurance","","Rolling Meadows, IL","US (CONUS)","","","","","","https://jobs.northropgrumman.com/careers/job/1340073657587"
"Northrop Grumman","Eightfold","Administrative Functional Support 3","General Administrative","","Azusa, CA","US (CONUS)","","","","","","https://jobs.northropgrumman.com/careers/job/1340073725097"
"Northrop Grumman","Eightfold","2026 Associate Business Process Analyst/Business Process Analyst - Redondo Beach CA","Tech Support Mult-Func","","Redondo Beach, CA","US (CONUS)","","","","","","https://jobs.northropgrumman.com/careers/job/1340073732675"
"Northrop Grumman","Eightfold","Engineering Technician 2","Tech Support Mult-Func","","Corinne, UT","US (CONUS)","","","","","","https://jobs.northropgrumman.com/careers/job/1340073805691"
"Northrop Grumman","Eightfold","Sr. Principal Software Engineer","Software","","Melbourne, FL","US (CONUS)","","","","","","https://jobs.northropgrumman.com/careers/job/1340073853201"
"Northrop Grumman","Eightfold","Principal Software Engineer","Software","","Melbourne, FL","US (CONUS)","","","","","","https://jobs.northropgrumman.com/careers/job/1340073857844"
"Northrop Grumman","Eightfold","Administrative Assistant - Level 2","General Administrative","","Charlotte, NC","US (CONUS)","","","","","","https://jobs.northropgrumman.com/careers/job/1340073923167"
"Northrop Grumman","Eightfold","2027 Associate Software Engineer / Software Engineer - Huntsville AL","Software","","Huntsville, AL","US (CONUS)","","","","","","https://jobs.northropgrumman.com/careers/job/1340073926701"
"Northrop Grumman","Eightfold","2027 Principal Test Engineer - Plymouth MN","Systems/Architecture/Test","","Plymouth, MN","US (CONUS)","","","","","","https://jobs.northropgrumman.com/careers/job/1340073929247"
"Northrop Grumman","Eightfold","Logistics Management Analyst","Tech Support Mult-Func","","Aurora, CO","US (CONUS)","","","","","","https://jobs.northropgrumman.com/careers/job/1340073939923"
"Northrop Grumman","Eightfold","Sr Principal Pilot - Unmanned Aerial Vehicle","Flight Operations Mult-Func","","MD","US (CONUS)","","","","","","https://jobs.northropgrumman.com/careers/job/1340073940281"
"Northrop Grumman","Eightfold","Engineer or Principal Engineer Systems","Systems/Architecture/Test","","Melbourne, FL","US (CONUS)","","","","","","https://jobs.northropgrumman.com/careers/job/1340072647461"
"Northrop Grumman","Eightfold","Vehicle Engineer Level 3/4 - Spacecraft Operations - Colorado Springs","Systems/Architecture/Test","","Colorado Springs, CO","US (CONUS)","","","","","","https://jobs.northropgrumman.com/careers/job/1340072846925"
"Northrop Grumman","Eightfold","Sentinel - Staff Supply Chain Procurement Specialist - 19769","Project Management (Non-P&L)","","Roy, UT","US (CONUS)","","","","","","https://jobs.northropgrumman.com/careers/job/1340073609123"
"Northrop Grumman","Eightfold","Sentinel Functional Homeroom Systems Engineering Manager 2 - 19770","Systems/Architecture/Test","","Huntsville, AL","US (CONUS)","","","","","","https://jobs.northropgrumman.com/careers/job/1340073850888"
"Northrop Grumman","Eightfold","Quality Control Technician Level 2 or Level 3","Mission and Quality Assurance","","Magna, UT","US (CONUS)","","","","","","https://jobs.northropgrumman.com/careers/job/1340073865701"
"Northrop Grumman","Eightfold","U105  Electronic Manufacturing Specialist (EMS/Operator) - 4th Shift","NGC - Non - NGJF Union","","Baltimore, MD","US (CONUS)","","","","","","https://jobs.northropgrumman.com/careers/job/1340073887268"
"Northrop Grumman","Eightfold","Program Cost Control Analyst - Level 3","Business Management Mult-Func","","Redondo Beach, CA","US (CONUS)","","","","","","https://jobs.northropgrumman.com/careers/job/1340073934204"
"Northrop Grumman","Eightfold","Electrical Engineer - Level 2","Electrical","","Huntsville, AL","US (CONUS)","","","","","","https://jobs.northropgrumman.com/careers/job/1340072358365"
"Northrop Grumman","Eightfold","Principal / Senior Principal Embedded Software Engineer","Software","","Beavercreek, OH","US (CONUS)","","","","","","https://jobs.northropgrumman.com/careers/job/1340072780448"
"Northrop Grumman","Eightfold","Principal Software Engineer - Java Developer","Software","","San Diego, CA","US (CONUS)","","","","","","https://jobs.northropgrumman.com/careers/job/1340073336825"
"Northrop Grumman","Eightfold","Talent Acquisition Business Partner","Staffing, Employment,Transfers","","New York, NY","US (CONUS)","","","","","","https://jobs.northropgrumman.com/careers/job/1340073896503"
"Northrop Grumman","Eightfold","Sentinel - Associate / Systems Engineer - STPA - SEC - Systems Security","Systems/Architecture/Test","","Roy, UT","US (CONUS)","","","","","","https://jobs.northropgrumman.com/careers/job/1340073586336"
"Northrop Grumman","Eightfold","Principal/Sr. Principal Modeling & Simulation Systems Engineer","Systems/Architecture/Test","","Rolling Meadows, IL","US (CONUS)","","","","","","https://jobs.northropgrumman.com/careers/job/1340073915846"
"Northrop Grumman","Eightfold","PRODUCTION/MATERIAL COORDINATOR","NGC - Non - NGJF S01","","Annapolis, MD","US (CONUS)","","","","","","https://jobs.northropgrumman.com/careers/job/1340073916283"
"Northrop Grumman","Eightfold","Supply Chain Planning Specialist 2/3","Global Supply Chain Mult-Func","","Palm Beach Gardens, FL","US (CONUS)","","","","","","https://jobs.northropgrumman.com/careers/job/1340073918440"
"Northrop Grumman","Eightfold","Principal/Sr Principal Radar Sensor Software Engineer","Software","","Huntsville, AL","US (CONUS)","","","","","","https://jobs.northropgrumman.com/careers/job/1340073933616"
"Northrop Grumman","Eightfold","Principal Mechanical Engineer","Mechanical","","Plymouth, MN","US (CONUS)","","","","","","https://jobs.northropgrumman.com/careers/job/1340073939810"
"Northrop Grumman","Eightfold","Supply Chain Planning Specialist 2/3","Global Supply Chain Mult-Func","","Elkton, MD","US (CONUS)","","","","","","https://jobs.northropgrumman.com/careers/job/1340073918478"
"Northrop Grumman","Eightfold","Manager Systems Engineering 2","Systems/Architecture/Test","","Los Angeles, CA","US (CONUS)","","","","","","https://jobs.northropgrumman.com/careers/job/1340073923189"
"Northrop Grumman","Eightfold","Software Engineers (Level 2 or 3) AHT","Software","","Dulles, VA","US (CONUS)","","","","","","https://jobs.northropgrumman.com/careers/job/1340072208898"
"Northrop Grumman","Eightfold","Software/Principal Software Development Analyst","Design and Programming","","Redondo Beach, CA","US (CONUS)","","","","","","https://jobs.northropgrumman.com/careers/job/1340072850867"
"Northrop Grumman","Eightfold","Sentinel - Staff Human Factors Engineer - User Experience (UX) - 5088-1","Systems/Architecture/Test","","Roy, UT","US (CONUS)","","","","","","https://jobs.northropgrumman.com/careers/job/1340073758162"
"Northrop Grumman","Eightfold","Manager Systems Engineering 2","Systems/Architecture/Test","","Los Angeles, CA","US (CONUS)","","","","","","https://jobs.northropgrumman.com/careers/job/1340073923211"
"Northrop Grumman","Eightfold","Sr. Principal Systems Design Engineer","Systems/Architecture/Test","","Rolling Meadows, IL","US (CONUS)","","","","","","https://jobs.northropgrumman.com/careers/job/1340073927824"
"Northrop Grumman","Eightfold","Principal OR Sr. Principal Guidance Navigation Controls Engineer","Systems/Architecture/Test","","El Segundo, CA","US (CONUS)","","","","","","https://jobs.northropgrumman.com/careers/job/1340073928374"
"Northrop Grumman","Eightfold","Assembler 1","Manufacturing and Production","","San Diego, CA","US (CONUS)","","","","","","https://jobs.northropgrumman.com/careers/job/1340073935837"
"Northrop Grumman","Eightfold","Electronics Engineer/ Principal Electronics Engineer - Dev Ops","Electrical","","San Diego, CA","US (CONUS)","","","","","","https://jobs.northropgrumman.com/careers/job/1340072986657"
"Northrop Grumman","Eightfold","Sentinel - Sr. Principal Supplier Management Team (SMT) Systems Engineer","Systems/Architecture/Test","","Roy, UT","US (CONUS)","","","","","","https://jobs.northropgrumman.com/careers/job/1340073725987"
"Northrop Grumman","Eightfold","Supplier Quality Engineer (Level 3 or 4)","Mission/Quality Assurance","","Mesa, AZ","US (CONUS)","","","","","","https://jobs.northropgrumman.com/careers/job/1340073907425"
"Northrop Grumman","Eightfold","Principal/Sr Principal Software Engineer","Software","","Huntsville, AL","US (CONUS)","","","","","","https://jobs.northropgrumman.com/careers/job/1340073934450"
"Northrop Grumman","Eightfold","Manager Program Control 2","Finance and Accounting","","Oklahoma City, OK","US (CONUS)","","","","","","https://jobs.northropgrumman.com/careers/job/1340073934458"
"Northrop Grumman","Eightfold","2027 Software Test Engineering Intern- Huntsville AL","Intern/Casual","","Huntsville, AL","US (CONUS)","","","","","","https://jobs.northropgrumman.com/careers/job/1340073914854"
"Northrop Grumman","Eightfold","LabVIEW Engineer","Systems/Architecture/Test","","Warner Robins, GA","US (CONUS)","","","","","","https://jobs.northropgrumman.com/careers/job/1340072642979"
"Northrop Grumman","Eightfold","Communications Manager","Communications Mult-Func","","London, England, GB","International","","","","","","https://jobs.northropgrumman.com/careers/job/1340073909532"
"Northrop Grumman","Eightfold","HVAC Mechanic 3/4","Facilities Mult-Func","","Salt Lake City, UT","US (CONUS)","","","","","","https://jobs.northropgrumman.com/careers/job/1340073925038"
"Northrop Grumman","Eightfold","Sentinel - Manufacturing Engineers","Material/Process","","Roy, UT","US (CONUS)","","","","","","https://jobs.northropgrumman.com/careers/job/1340071482284"
"Northrop Grumman","Eightfold","Sentinel Sr Principal Structural Engineer - 19379","Mechanical","","Roy, UT","US (CONUS)","","","","","","https://jobs.northropgrumman.com/careers/job/1340073394975"
"Northrop Grumman","Eightfold","Principal OR Sr. Principal Guidance Navigation Controls Engineer","Systems/Architecture/Test","","El Segundo, CA","US (CONUS)","","","","","","https://jobs.northropgrumman.com/careers/job/1340073929426"
"Northrop Grumman","Eightfold","Principal Electrical Engineer III","Electrical","","Chandler, AZ","US (CONUS)","","","","","","https://jobs.northropgrumman.com/careers/job/1340073932876"
"Northrop Grumman","Eightfold","Principal Engineer Electronics - Payloads (San Diego CA)","Electrical","","San Diego, CA","US (CONUS)","","","","","","https://jobs.northropgrumman.com/careers/job/1340073569197"
"Northrop Grumman","Eightfold","Sr Principal Engineer Aeronautical","Mechanical","","Melbourne, FL","US (CONUS)","","","","","","https://jobs.northropgrumman.com/careers/job/1340073757284"
"Northrop Grumman","Eightfold","GNC Engineer: Nav Modeling Analysis and Simulation – Level 3/4 – Secret – Space (Chandler)","Systems/Architecture/Test","","Chandler, AZ","US (CONUS)","","","","","","https://jobs.northropgrumman.com/careers/job/1340073853338"
"Northrop Grumman","Eightfold","Inspector 2/3","Mission and Quality Assurance","","Elkton, MD","US (CONUS)","","","","","","https://jobs.northropgrumman.com/careers/job/1340073887283"
"Northrop Grumman","Eightfold","Operating Unit Business Development Manager","Account Management","","Clearfield, UT","US (CONUS)","","","","","","https://jobs.northropgrumman.com/careers/job/1340073926608"
"Northrop Grumman","Eightfold","Operations Training Curriculum Designer/Instructor Level 3/4 - Colorado Springs","Systems/Architecture/Test","","Colorado Springs, CO","US (CONUS)","","","","","","https://jobs.northropgrumman.com/careers/job/1340072656623"
"Northrop Grumman","Eightfold","Principal/Sr Principal Software Engineer Guidance Navigation Control (GNC)","Software","","Beavercreek, OH","US (CONUS)","","","","","","https://jobs.northropgrumman.com/careers/job/1340072780422"
"Northrop Grumman","Eightfold","Sentinel - Senior Staff Systems Engineer (T06) - 19317","Systems/Architecture/Test","","Roy, UT","US (CONUS)","","","","","","https://jobs.northropgrumman.com/careers/job/1340073387710"
"Northrop Grumman","Eightfold","Principal Systems Engineer / Sr. Principal Systems Engineer - 19446","Systems/Architecture/Test","","Roy, UT","US (CONUS)","","","","","","https://jobs.northropgrumman.com/careers/job/1340073547989"
"Northrop Grumman","Eightfold","Flight Controller Level 2 - Spacecraft Operations - Colorado Springs","Tech Support Mult-Func","","Colorado Springs, CO","US (CONUS)","","","","","","https://jobs.northropgrumman.com/careers/job/1340072576103"
"Northrop Grumman","Eightfold","Quality Control Technician 3","Mission and Quality Assurance","","Corinne, UT","US (CONUS)","","","","","","https://jobs.northropgrumman.com/careers/job/1340073590155"
"Northrop Grumman","Eightfold","Electrical Engineer/Principal Electrical Engineer - (19658 19657 19656 19655 19654)","Electrical","","Roy, UT","US (CONUS)","","","","","","https://jobs.northropgrumman.com/careers/job/1340073709835"
"Northrop Grumman","Eightfold","Principal Software Engineer / Sr. Principal Software Engineer U","Software","","Colorado Springs, CO","US (CONUS)","","","","","","https://jobs.northropgrumman.com/careers/job/1340073733106"
"Northrop Grumman","Eightfold","Electronic Technician 3 (4th shift)","Tech Support Mult-Func","","Rolling Meadows, IL","US (CONUS)","","","","","","https://jobs.northropgrumman.com/careers/job/1340073891352"
"Northrop Grumman","Eightfold","Principal or Sr. Principal Contract Administrator","Contracts","","Rocket Center, WV","US (CONUS)","","","","","","https://jobs.northropgrumman.com/careers/job/1340073906876"
"Northrop Grumman","Eightfold","Principal or Sr. Principal Program Cost and Schedule Control Analyst","Business Management Mult-Func","","Layton, UT","US (CONUS)","","","","","","https://jobs.northropgrumman.com/careers/job/1340073925434"
"Northrop Grumman","Eightfold","Software/ Principal Software Engineer","Software","","Huntsville, AL","US (CONUS)","","","","","","https://jobs.northropgrumman.com/careers/job/1340073933860"
"Northrop Grumman","Eightfold","Engineer Systems Modeling & Simulation - Level 2/3 :  Loads & Dynamics","Systems/Architecture/Test","","Chandler, AZ","US (CONUS)","","","","","","https://jobs.northropgrumman.com/careers/job/1340073937824"
"Northrop Grumman","Eightfold","Vehicle Engineer Trainer Level 3/4 - Spacecraft Operations - Colorado Springs","Tech Support Mult-Func","","Colorado Springs, CO","US (CONUS)","","","","","","https://jobs.northropgrumman.com/careers/job/1340072241164"
"Northrop Grumman","Eightfold","Systems Engineer Training Lead Level 4 - Colorado Springs","Systems/Architecture/Test","","Colorado Springs, CO","US (CONUS)","","","","","","https://jobs.northropgrumman.com/careers/job/1340072272044"
"Northrop Grumman","Eightfold","Staff Engineer Software","Software","","Dulles, VA","US (CONUS)","","","","","","https://jobs.northropgrumman.com/careers/job/1340072606690"
"Northrop Grumman","Eightfold","Operator Maintainer","Facilities Mult-Func","","Exmouth, WA, AU","International","","","","","","https://jobs.northropgrumman.com/careers/job/1340073877277"
"Northrop Grumman","Eightfold","Manager Tool Die Making 1","Manufacturing and Production","","Clearfield, UT","US (CONUS)","","","","","","https://jobs.northropgrumman.com/careers/job/1340073898072"
"Northrop Grumman","Eightfold","Manager Compliance and Audit Management 3","Business Management Mult-Func","","El Segundo, CA","US (CONUS)","","","","","","https://jobs.northropgrumman.com/careers/job/1340073898342"
"Northrop Grumman","Eightfold","Project Management / Principal Project Management","Project Management (Non-P&L)","","Warner Robins, GA","US (CONUS)","","","","","","https://jobs.northropgrumman.com/careers/job/1340073904391"
"Northrop Grumman","Eightfold","Staff System Architect","Systems/Architecture/Test","","Rolling Meadows, IL","US (CONUS)","","","","","","https://jobs.northropgrumman.com/careers/job/1340073916458"
"Northrop Grumman","Eightfold","Principal Software Engineer – CI/CD Engineer (26-139)","Software","","Colorado Springs, CO","US (CONUS)","","","","","","https://jobs.northropgrumman.com/careers/job/1340073931598"
"Northrop Grumman","Eightfold","Mechanical Design Engineer Level 3/4","Mechanical","","Sunnyvale, CA","US (CONUS)","","","","","","https://jobs.northropgrumman.com/careers/job/1340073939725"
"Northrop Grumman","Eightfold","Mechanical Design Engineer Level 3/ 4","Mechanical","","Ocean Springs, MS","US (CONUS)","","","","","","https://jobs.northropgrumman.com/careers/job/1340073939854"
"Northrop Grumman","Eightfold","Mgr Business Development Operations 3","Operations (BD)","","McLean, VA","US (CONUS)","","","","","","https://jobs.northropgrumman.com/careers/job/1340073940184"
"Northrop Grumman","Eightfold","Food Services Associate - Level 2","General Administrative","","Corinne, UT","US (CONUS)","","","","","","https://jobs.northropgrumman.com/careers/job/1340073940246"
"Northrop Grumman","Eightfold","Sr. Principal Classified Cybersecurity Analyst","Cyber","","Baltimore, MD","US (CONUS)","","","","","","https://jobs.northropgrumman.com/careers/job/1340072867485"
"Northrop Grumman","Eightfold","Flight Director Level 3/4 - Spacecraft Operations - Colorado Springs","Tech Support Mult-Func","","Colorado Springs, CO","US (CONUS)","","","","","","https://jobs.northropgrumman.com/careers/job/1340073608158"
"Northrop Grumman","Eightfold","Principal/Senior Principal Engineer Embedded Software Engineer","Software","","Charlottesville, VA","US (CONUS)","","","","","","https://jobs.northropgrumman.com/careers/job/1340072851856"
"Northrop Grumman","Eightfold","Mission Operations Development Engineer - Level 2 - Chantilly","Systems/Architecture/Test","","Chantilly, VA","US (CONUS)","","","","","","https://jobs.northropgrumman.com/careers/job/1340073485125"
"Northrop Grumman","Eightfold","Sr Principal Software Engineer (Active Secret Clearance Required)","Software","","San Diego, CA","US (CONUS)","","","","","","https://jobs.northropgrumman.com/careers/job/1340073932772"
"Northrop Grumman","Eightfold","Principal Program Cost and Control Analyst","Business Management Mult-Func","","Melbourne, FL","US (CONUS)","","","","","","https://jobs.northropgrumman.com/careers/job/1340073939758"
"Northrop Grumman","Eightfold","Sentinel - Software Engineers","Software","","Roy, UT","US (CONUS)","","","","","","https://jobs.northropgrumman.com/careers/job/1340071481901"
"Northrop Grumman","Eightfold","Software Engineers (Level 2 or 3) AHT","Software","","McLean, VA","US (CONUS)","","","","","","https://jobs.northropgrumman.com/careers/job/1340072721890"
"Northrop Grumman","Eightfold","Sr. Principal Software Engineer (AHT)","Software","","Huntsville, AL","US (CONUS)","","","","","","https://jobs.northropgrumman.com/careers/job/1340073448086"
"Northrop Grumman","Eightfold","Sentinel - Information Assurance Engineer (level 2 or 3) - 18789","Systems/Architecture/Test","","Roy, UT","US (CONUS)","","","","","","https://jobs.northropgrumman.com/careers/job/1340071915971"
"Northrop Grumman","Eightfold","Principal / Sr. Principal Program Cost and Schedule Control Analyst","Business Management Mult-Func","","Melbourne, FL","US (CONUS)","","","","","","https://jobs.northropgrumman.com/careers/job/1340073924334"
"Northrop Grumman","Eightfold","Rapid Capabilities Lab Manager","Systems/Architecture/Test","","Melbourne, FL","US (CONUS)","","","","","","https://jobs.northropgrumman.com/careers/job/1340073924465"
"Northrop Grumman","Eightfold","Principal / Sr Principal Engineer Electrical","Electrical","","Warner Robins, GA","US (CONUS)","","","","","","https://jobs.northropgrumman.com/careers/job/1340072044870"
"Northrop Grumman","Eightfold","Operation Program Manager 3","Systems/Architecture/Test","","Oxnard, CA","US (CONUS)","","","","","","https://jobs.northropgrumman.com/careers/job/1340073851595"
"Northrop Grumman","Eightfold","Principal / Sr. Principal Cyber Software Engineer","Cyber","","Chantilly, VA","US (CONUS)","","","","","","https://jobs.northropgrumman.com/careers/job/1340073907123"
"Northrop Grumman","Eightfold","Electronics Engineer / Principal Electronics Engineer","Electrical","","Baltimore, MD","US (CONUS)","","","","","","https://jobs.northropgrumman.com/careers/job/1340073931143"
"Northrop Grumman","Eightfold","Proposal Manager 2 ( TS/SCI)","Proposal","","Redondo Beach, CA","US (CONUS)","","","","","","https://jobs.northropgrumman.com/careers/job/1340073694672"
"Northrop Grumman","Eightfold","Manager Program Control 2","Finance and Accounting","","Palmdale, CA","US (CONUS)","","","","","","https://jobs.northropgrumman.com/careers/job/1340073709482"
"Northrop Grumman","Eightfold","Program Cost and Control Analyst","Business Management Mult-Func","","Melbourne, FL","US (CONUS)","","","","","","https://jobs.northropgrumman.com/careers/job/1340073886798"
"Northrop Grumman","Eightfold","Sr. Principal Systems Engineer - Integration & Test","Systems/Architecture/Test","","Rolling Meadows, IL","US (CONUS)","","","","","","https://jobs.northropgrumman.com/careers/job/1340073926566"
"Northrop Grumman","Eightfold","Principal Project Management - NATO","Project Management (Non-P&L)","","San Diego, CA","US (CONUS)","","","","","","https://jobs.northropgrumman.com/careers/job/1340073928242"
"Northrop Grumman","Eightfold","Software Engineer (Algorithm) – TRK (26-334)","Software","","Huntsville, AL","US (CONUS)","","","","","","https://jobs.northropgrumman.com/careers/job/1340073929908"
"Northrop Grumman","Eightfold","Program Cost Control Analyst - Level 2 or 3","Business Management Mult-Func","","Redondo Beach, CA","US (CONUS)","","","","","","https://jobs.northropgrumman.com/careers/job/1340073934106"
"Northrop Grumman","Eightfold","Sentinel - Electrical Engineers","Electrical","","Roy, UT","US (CONUS)","","","","","","https://jobs.northropgrumman.com/careers/job/1340071482247"
"Northrop Grumman","Eightfold","Sentinel - Global Supply Chain Sourcing Manager 3 (8609-1)","Source","","Roy, UT","US (CONUS)","","","","","","https://jobs.northropgrumman.com/careers/job/1340071993488"
"Northrop Grumman","Eightfold","Program and Planning Scheduling Analyst - Level 3 or 4","Business Management Mult-Func","","Corinne, UT","US (CONUS)","","","","","","https://jobs.northropgrumman.com/careers/job/1340072361873"
"Northrop Grumman","Eightfold","Principal / Sr. Principal Systems Engineers - I&T - 2nd Shift","Systems/Architecture/Test","","Baltimore, MD","US (CONUS)","","","","","","https://jobs.northropgrumman.com/careers/job/1340073938495"
"Northrop Grumman","Eightfold","Principal / Sr. Principal Mechanical Engineer","Mechanical","","Lake Charles, LA","US (CONUS)","","","","","","https://jobs.northropgrumman.com/careers/job/1340073921480"
"Northrop Grumman","Eightfold","Sr. Principal Systems Engineer- IPT Lead","Systems/Architecture/Test","","Dulles, VA","US (CONUS)","","","","","","https://jobs.northropgrumman.com/careers/job/1340073929993"
"Northrop Grumman","Eightfold","Production Test Technician 2","Mission and Quality Assurance","","San Diego, CA","US (CONUS)","","","","","","https://jobs.northropgrumman.com/careers/job/1340073935528"
"Northrop Grumman","Eightfold","Principal Engineer Software/Sr Principal Engineer Software (Infrastructure)","Software","","Melbourne, FL","US (CONUS)","","","","","","https://jobs.northropgrumman.com/careers/job/1340071686160"
"Northrop Grumman","Eightfold","Embedded Software Engineer","Software","","Apopka, FL","US (CONUS)","","","","","","https://jobs.northropgrumman.com/careers/job/1340072851903"
"Northrop Grumman","Eightfold","Production Test Technician 1","Mission and Quality Assurance","","San Diego, CA","US (CONUS)","","","","","","https://jobs.northropgrumman.com/careers/job/1340073372328"
"Northrop Grumman","Eightfold","Support and Test Equipment Manager","Design and Programming","","Edinburgh, SA, AU","International","","","","","","https://jobs.northropgrumman.com/careers/job/1340073877323"
"Northrop Grumman","Eightfold","Principal Supply Chain Planning Specialist","Global Supply Chain Mult-Func","","Baltimore, MD","US (CONUS)","","","","","","https://jobs.northropgrumman.com/careers/job/1340073923772"
"Northrop Grumman","Eightfold","Systems Engineer/Principal Systems Engineer - Integration & Test","Systems/Architecture/Test","","Rolling Meadows, IL","US (CONUS)","","","","","","https://jobs.northropgrumman.com/careers/job/1340073925459"
"Northrop Grumman","Eightfold","Talent Acquisition Sourcer - Level 1 or 2","Staffing, Employment,Transfers","","Fairfax, VA","US (CONUS)","","","","","","https://jobs.northropgrumman.com/careers/job/1340073933120"
"Northrop Grumman","Eightfold","Electrical Engineer - Level 6","Electrical","","Colorado Springs, CO","US (CONUS)","","","","","","https://jobs.northropgrumman.com/careers/job/1340072266314"
"Northrop Grumman","Eightfold","Flight Operations & Sustainment Team Lead - Level 3/4 - Dulles","Systems/Architecture/Test","","Dulles, VA","US (CONUS)","","","","","","https://jobs.northropgrumman.com/careers/job/1340073341854"
"Northrop Grumman","Eightfold","Quality Control Technician 2","Mission and Quality Assurance","","Corinne, UT","US (CONUS)","","","","","","https://jobs.northropgrumman.com/careers/job/1340073589025"
"Northrop Grumman","Eightfold","Staff Oxygen System Analyst","Mechanical","","Melbourne, FL","US (CONUS)","","","","","","https://jobs.northropgrumman.com/careers/job/1340073892040"
"Northrop Grumman","Eightfold","Principal / Sr. Principal Cyber Software Engineer","Cyber","","Chantilly, VA","US (CONUS)","","","","","","https://jobs.northropgrumman.com/careers/job/1340073907083"
"Northrop Grumman","Eightfold","Process Engineering Manager 2","Electrical","","Manhattan Beach, CA","US (CONUS)","","","","","","https://jobs.northropgrumman.com/careers/job/1340073934103"
"Northrop Grumman","Eightfold","Sentinel - Systems Engineers","Systems/Architecture/Test","","Roy, UT","US (CONUS)","","","","","","https://jobs.northropgrumman.com/careers/job/1340071437079"
"Northrop Grumman","Eightfold","Cyber Systems Engineer (Level 3 or 4) AHT","Cyber","","Dulles, VA","US (CONUS)","","","","","","https://jobs.northropgrumman.com/careers/job/1340072207842"
"Northrop Grumman","Eightfold","Systems Security Engineer (Principal or Senior Principal Level) (OKC)","Systems/Architecture/Test","","Oklahoma City, OK","US (CONUS)","","","","","","https://jobs.northropgrumman.com/careers/job/1340072849675"
"Northrop Grumman","Eightfold","Principal Software Engineer / Sr. Principal Software Engineer","Software","","Colorado Springs, CO","US (CONUS)","","","","","","https://jobs.northropgrumman.com/careers/job/1340073462425"
"Northrop Grumman","Eightfold","Principal Systems Architect Engineer","Systems/Architecture/Test","","Roy, UT","US (CONUS)","","","","","","https://jobs.northropgrumman.com/careers/job/1340073518386"
"Northrop Grumman","Eightfold","Principal Engineer Human Factors","Systems/Architecture/Test","","Melbourne, FL","US (CONUS)","","","","","","https://jobs.northropgrumman.com/careers/job/1340073659196"
"Northrop Grumman","Eightfold","Associate Supplier Quality Analyst (Plymouth MN or Mesa AZ)","Mission and Quality Assurance","","Mesa, AZ","US (CONUS)","","","","","","https://jobs.northropgrumman.com/careers/job/1340073776342"
"Northrop Grumman","Eightfold","Manufacturing Engineer / Principal Manufacturing Engineer","Material/Process","","Palmdale, CA","US (CONUS)","","","","","","https://jobs.northropgrumman.com/careers/job/1340073855251"
"Northrop Grumman","Eightfold","Manager Subcontracts 1","Global Supply Chain Mult-Func","","Rolling Meadows, IL","US (CONUS)","","","","","","https://jobs.northropgrumman.com/careers/job/1340073907968"
"Northrop Grumman","Eightfold","Modeling & Simulation Systems Engineer","Systems/Architecture/Test","","Rolling Meadows, IL","US (CONUS)","","","","","","https://jobs.northropgrumman.com/careers/job/1340073915336"
"Northrop Grumman","Eightfold","Sr Staff Systems Engineer","Systems/Architecture/Test","","Fairfax, VA","US (CONUS)","","","","","","https://jobs.northropgrumman.com/careers/job/1340073919061"
"Northrop Grumman","Eightfold","Line Maintenance Technician 3 (SkillBridge)","Manufacturing and Production","","Los Angeles, CA","US (CONUS)","","","","","","https://jobs.northropgrumman.com/careers/job/1340073935880"
"Northrop Grumman","Eightfold","Sr. Staff Systems Architect","Systems/Architecture/Test","","Rolling Meadows, IL","US (CONUS)","","","","","","https://jobs.northropgrumman.com/careers/job/1340073916284"
"Northrop Grumman","Eightfold","Engineer Embedded Software","Software","","San Diego, CA","US (CONUS)","","","","","","https://jobs.northropgrumman.com/careers/job/1340073898799"
"Northrop Grumman","Eightfold","Principal PCB Layout Design Engineer (AHT)","Systems/Architecture/Test","","Los Angeles, CA","US (CONUS)","","","","","","https://jobs.northropgrumman.com/careers/job/1340073907427"
"Northrop Grumman","Eightfold","Sr. Principal Engineer Electrical - Power Systems Design","Electrical","","Melbourne, FL","US (CONUS)","","","","","","https://jobs.northropgrumman.com/careers/job/1340073928834"
"Northrop Grumman","Eightfold","Energetics Engineering Manager 2","Mechanical","","Corinne, UT","US (CONUS)","","","","","","https://jobs.northropgrumman.com/careers/job/1340073906993"
"Northrop Grumman","Eightfold","Mission Operations Development Engineer - Level 3/4 - Chantilly","Systems/Architecture/Test","","Chantilly, VA","US (CONUS)","","","","","","https://jobs.northropgrumman.com/careers/job/1340073485476"
"Northrop Grumman","Eightfold","Principal EO/IR Systems Engineer","Electrical","","Melbourne, FL","US (CONUS)","","","","","","https://jobs.northropgrumman.com/careers/job/1340073937031"
"Northrop Grumman","Eightfold","Tool Crib Attendant 2","Manufacturing and Production","","Edwards AFB, CA","US (CONUS)","","","","","","https://jobs.northropgrumman.com/careers/job/1340073833483"
"Northrop Grumman","Eightfold","Program Planning and Scheduling Analyst","Business Management Mult-Func","","Redondo Beach, CA","US (CONUS)","","","","","","https://jobs.northropgrumman.com/careers/job/1340073934613"
"Northrop Grumman","Eightfold","Financial Analyst - Level 2 or 3","Finance and Accounting","","Redondo Beach, CA","US (CONUS)","","","","","","https://jobs.northropgrumman.com/careers/job/1340073936623"
"Northrop Grumman","Eightfold","2027 Software Engineering Intern- Huntsville AL","Intern/Casual","","Huntsville, AL","US (CONUS)","","","","","","https://jobs.northropgrumman.com/careers/job/1340073915293"
"Northrop Grumman","Eightfold","Principal/Sr Principal Cyber Systems Engineer","Cyber","","Dulles, VA","US (CONUS)","","","","","","https://jobs.northropgrumman.com/careers/job/1340073093204"
"Northrop Grumman","Eightfold","Principal Cyber Systems Engineer Lead","Cyber","","Chantilly, VA","US (CONUS)","","","","","","https://jobs.northropgrumman.com/careers/job/1340073170745"
"Northrop Grumman","Eightfold","Principal / Cyber Systems Engineer","Cyber","","Chantilly, VA","US (CONUS)","","","","","","https://jobs.northropgrumman.com/careers/job/1340073497397"
"Northrop Grumman","Eightfold","Principal/ Sr. Principal Engineer Electronics - Payloads","Electrical","","San Diego, CA","US (CONUS)","","","","","","https://jobs.northropgrumman.com/careers/job/1340073931190"
"Northrop Grumman","Eightfold","Bid Procurement Manager","Global Supply Chain Mult-Func","","Cheltenham, England, GB","International","","","","","","https://jobs.northropgrumman.com/careers/job/1340072054653"
"Northrop Grumman","Eightfold","Budget Analyst","Business Management Mult-Func","","El Segundo, CA","US (CONUS)","","","","","","https://jobs.northropgrumman.com/careers/job/1340072659583"
"Northrop Grumman","Eightfold","Software Engineering Center of Technical Excellence - Director 1","Systems/Architecture/Test","","Melbourne, FL","US (CONUS)","","","","","","https://jobs.northropgrumman.com/careers/job/1340073940006"
"Northrop Grumman","Eightfold","Software Engineer/Principal Software Engineer - Embedded and Real Time","Software","","San Diego, CA","US (CONUS)","","","","","","https://jobs.northropgrumman.com/careers/job/1340073739638"
"Northrop Grumman","Eightfold","Principal / Sr. Principal AI Software Engineer","Software","","Dulles, VA","US (CONUS)","","","","","","https://jobs.northropgrumman.com/careers/job/1340073096233"
"Northrop Grumman","Eightfold","Software Test Engineer (Hardware) AHT","Software","","Dulles, VA","US (CONUS)","","","","","","https://jobs.northropgrumman.com/careers/job/1340073141727"
"Northrop Grumman","Eightfold","Software Engineer (Level 3/4) AHT","Software","","Dulles, VA","US (CONUS)","","","","","","https://jobs.northropgrumman.com/careers/job/1340072208827"
"Northrop Grumman","Eightfold","Systems Engineering Integration and Test (SEIT) Lead","Systems/Architecture/Test","","Colorado Springs, CO","US (CONUS)","","","","","","https://jobs.northropgrumman.com/careers/job/1340073939733"
"Northrop Grumman","Eightfold","Software Test Engineer (Level 2 or 3) AHT","Software","","Dulles, VA","US (CONUS)","","","","","","https://jobs.northropgrumman.com/careers/job/1340073365595"
"Northrop Grumman","Eightfold","Weapon Systems Development Lead Level 6  (AHT)","Engineering Mult-Func","","Los Angeles, CA","US (CONUS)","","","","","","https://jobs.northropgrumman.com/careers/job/1340073940004"
"Northrop Grumman","Eightfold","Business Management Manager - Level 1","Business Management Mult-Func","","Linthicum Heights, MD","US (CONUS)","","","","","","https://jobs.northropgrumman.com/careers/job/1340073115139"
"Northrop Grumman","Eightfold","Principal Technical Services Project Management (Level 3) / Sr Principal Technical Services Project Management (Level 4)","Project Management (Non-P&L)","","Salt Lake City, UT","US (CONUS)","","","","","","https://jobs.northropgrumman.com/careers/job/1340073936194"
"Northrop Grumman","Eightfold","Manager Communications 2","Communications Mult-Func","","McLean, VA","US (CONUS)","","","","","","https://jobs.northropgrumman.com/careers/job/1340073348040"
"Northrop Grumman","Eightfold","Principal/ Sr. Principal Electrical Engineer - 18291","Electrical","","Huntsville, AL","US (CONUS)","","","","","","https://jobs.northropgrumman.com/careers/job/1340073919449"
"Northrop Grumman","Eightfold","DevOps Engineer – Level 3 or 4 AHT","Software","","Dulles, VA","US (CONUS)","","","","","","https://jobs.northropgrumman.com/careers/job/1340071903735"
"Northrop Grumman","Eightfold","Integrated Product Support (IPS) Lead","Deliver","","Colorado Springs, CO","US (CONUS)","","","","","","https://jobs.northropgrumman.com/careers/job/1340073938214"
"Northrop Grumman","Eightfold","Human Resources Manager 2","Human Resources Mult-Func","","McLean, VA","US (CONUS)","","","","","","https://jobs.northropgrumman.com/careers/job/1340073483488"
"Northrop Grumman","Eightfold","Systems Design Engineer / Principal Systems Design Engineer","Systems/Architecture/Test","","Rolling Meadows, IL","US (CONUS)","","","","","","https://jobs.northropgrumman.com/careers/job/1340073927769"
"Northrop Grumman","Eightfold","U105  Electronic Manufacturing Specialist (EMS/Operator)","NGC - Non - NGJF Union","","Baltimore, MD","US (CONUS)","","","","","","https://jobs.northropgrumman.com/careers/job/1340073887226"
"Northrop Grumman","Eightfold","Security Coordinator 3 - 19172","Security Mult-Func","","Roy, UT","US (CONUS)","","","","","","https://jobs.northropgrumman.com/careers/job/1340072868426"
"Northrop Grumman","Eightfold","Sr. IO & Signature Mgt. Requirements Specialist","Cyber","","Washington, DC","US (CONUS)","","","","","","https://jobs.northropgrumman.com/careers/job/1340073893804"
"Northrop Grumman","Eightfold","(SkillBridge) Deployable Principal Configuration Analyst","Tech Support Mult-Func","","Edwards AFB, CA","US (CONUS)","","","","","","https://jobs.northropgrumman.com/careers/job/1340073903779"
"Northrop Grumman","Eightfold","Intellectual Property Paralegal","Legal","","Falls Church, VA","US (CONUS)","","","","","","https://jobs.northropgrumman.com/careers/job/1340073905323"
"Northrop Grumman","Eightfold","(SkillBridge) Principal Configuration Analyst - Data Analysis","Tech Support Mult-Func","","Edwards AFB, CA","US (CONUS)","","","","","","https://jobs.northropgrumman.com/careers/job/1340073906463"
"Northrop Grumman","Eightfold","2027 Intern - Systems Engineering","Intern/Casual","","Melbourne, FL","US (CONUS)","","","","","","https://jobs.northropgrumman.com/careers/job/1340073907032"
"Northrop Grumman","Eightfold","SEIT Electrical Design Integration (EDI) Staff Electrical Systems Architect Engineer - 19594","Electrical","","Roy, UT","US (CONUS)","","","","","","https://jobs.northropgrumman.com/careers/job/1340073654188"
"Northrop Grumman","Eightfold","SEIT Electrical Design Integration (EDI) Principal Electrical/Sr. Principal Electrical Engineer 19593 - 19592","Electrical","","Roy, UT","US (CONUS)","","","","","","https://jobs.northropgrumman.com/careers/job/1340073654381"
"Northrop Grumman","Eightfold","Engineering Manager Level 1","Mechanical","","Annapolis, MD","US (CONUS)","","","","","","https://jobs.northropgrumman.com/careers/job/1340073901387"
"Northrop Grumman","Eightfold","Staff CAM / IPT Lead","Systems/Architecture/Test","","Los Angeles, CA","US (CONUS)","","","","","","https://jobs.northropgrumman.com/careers/job/1340072089853"
"Northrop Grumman","Eightfold","Sentinel - Principal / Sr Principal Cost Modeling Engineer - 18975","Systems/Architecture/Test","","Roy, UT","US (CONUS)","","","","","","https://jobs.northropgrumman.com/careers/job/1340072634592"
"Northrop Grumman","Eightfold","Manager General Manufacturing 1","Manufacturing and Production","","Rolling Meadows, IL","US (CONUS)","","","","","","https://jobs.northropgrumman.com/careers/job/1340073904000"
"Northrop Grumman","Eightfold","Sentinel Civil Design Engineer / Principal Civil  Design Engineer - 17065*","Systems/Architecture/Test","","Roy, UT","US (CONUS)","","","","","","https://jobs.northropgrumman.com/careers/job/1340070949222"
"Northrop Grumman","Eightfold","Engineer Material Process","Material/Process","","El Segundo, CA","US (CONUS)","","","","","","https://jobs.northropgrumman.com/careers/job/1340072964220"
"Northrop Grumman","Eightfold","Engineer or Principal Engineer - Structural Analysis","Mechanical","","Iuka, MS","US (CONUS)","","","","","","https://jobs.northropgrumman.com/careers/job/1340073725043"
"Northrop Grumman","Eightfold","Principal/ Sr Principal Structural Engineer - 19018","Mechanical","","Roy, UT","US (CONUS)","","","","","","https://jobs.northropgrumman.com/careers/job/1340072778218"
"Northrop Grumman","Eightfold","Principal Project Management","Project Management (Non-P&L)","","Cape Canaveral, FL","US (CONUS)","","","","","","https://jobs.northropgrumman.com/careers/job/1340073752636"
"Northrop Grumman","Eightfold","Principal Procore Administrator","Engineering Mult-Func","","Falls Church, VA","US (CONUS)","","","","","","https://jobs.northropgrumman.com/careers/job/1340073886115"
"Northrop Grumman","Eightfold","Sr Principal Propulsion Engineer","Mechanical","","Palm Beach Gardens, FL","US (CONUS)","","","","","","https://jobs.northropgrumman.com/careers/job/1340073904981"
"Northrop Grumman","Eightfold","Repair Technician 2","Manufacturing and Production","","Silverdale, WA","US (CONUS)","","","","","","https://jobs.northropgrumman.com/careers/job/1340073907125"
"Northrop Grumman","Eightfold","Manufacturing Operations Manager 2","Manufacturing and Production","","Baltimore, MD","US (CONUS)","","","","","","https://jobs.northropgrumman.com/careers/job/1340073856638"
"Northrop Grumman","Eightfold","Corporate Counsel II -  Investigations","Legal","","Falls Church, VA","US (CONUS)","","","","","","https://jobs.northropgrumman.com/careers/job/1340073897209"
"Northrop Grumman","Eightfold","Staff Principal Engineer Electronics","Electrical","","San Diego, CA","US (CONUS)","","","","","","https://jobs.northropgrumman.com/careers/job/1340073904311"
"Northrop Grumman","Eightfold","Engineer Network II (26-392)","Networks","","Colorado Springs, CO","US (CONUS)","","","","","","https://jobs.northropgrumman.com/careers/job/1340073873605"
"Northrop Grumman","Eightfold","Cyber Software Engineer","Cyber","","Cincinnati, OH","US (CONUS)","","","","","","https://jobs.northropgrumman.com/careers/job/1340073904205"
"Northrop Grumman","Eightfold","Principal Cyber Software Engineer","Cyber","","Cincinnati, OH","US (CONUS)","","","","","","https://jobs.northropgrumman.com/careers/job/1340073904578"
"Northrop Grumman","Eightfold","Principal Engineer Manufacturing","Material/Process","","Sunnyvale, CA","US (CONUS)","","","","","","https://jobs.northropgrumman.com/careers/job/1340073907269"
"Northrop Grumman","Eightfold","Principal Enterprise-Wide Applications Analyst","Operations (IT)","","New York, NY","US (CONUS)","","","","","","https://jobs.northropgrumman.com/careers/job/1340073691524"
"Northrop Grumman","Eightfold","Staff Vehicle IPT Lead Engineer","Mechanical","","Melbourne, FL","US (CONUS)","","","","","","https://jobs.northropgrumman.com/careers/job/1340073719546"
"Northrop Grumman","Eightfold","2026 Associate Computer Systems Architect/Computer Systems Architect","Design and Programming","","Melbourne, FL","US (CONUS)","","","","","","https://jobs.northropgrumman.com/careers/job/1340073891380"
"Northrop Grumman","Eightfold","Process MFG Engineer - Level 2","Material/Process","","Corinne, UT","US (CONUS)","","","","","","https://jobs.northropgrumman.com/careers/job/1340073443214"
"Northrop Grumman","Eightfold","Sr. Principal Facilities Power Systems Electrical Engineer","Material/Process","","Clearfield, UT","US (CONUS)","","","","","","https://jobs.northropgrumman.com/careers/job/1340073505627"
"Northrop Grumman","Eightfold","Sr Principal System Security Engineer","Systems/Architecture/Test","","Rolling Meadows, IL","US (CONUS)","","","","","","https://jobs.northropgrumman.com/careers/job/1340073891838"
"Northrop Grumman","Eightfold","Propulsion Engineer - Level 2/3","Mechanical","","Palm Beach Gardens, FL","US (CONUS)","","","","","","https://jobs.northropgrumman.com/careers/job/1340073904350"
"Northrop Grumman","Eightfold","Shipping and Transportation Operator","NGC - Non - NGJF S01","","Elkridge, MD","US (CONUS)","","","","","","https://jobs.northropgrumman.com/careers/job/1340073733138"
"Northrop Grumman","Eightfold","EHS Business Partner","Health (EHS)","","Tindal, NT, AU","International","","","","","","https://jobs.northropgrumman.com/careers/job/1340073740245"
"Northrop Grumman","Eightfold","Manager Classified Cybersecurity 2 - Top Secret","Cyber","","Beale AFB, CA","US (CONUS)","","","","","","https://jobs.northropgrumman.com/careers/job/1340073769629"
"Northrop Grumman","Eightfold","Principal Project Manager/Sr Principal Project Manager","Project Management (Non-P&L)","","MD","US (CONUS)","","","","","","https://jobs.northropgrumman.com/careers/job/1340073624320"
"Northrop Grumman","Eightfold","Industrial Security Analyst - Level  3 or 4","Security Mult-Func","","Colorado Springs, CO","US (CONUS)","","","","","","https://jobs.northropgrumman.com/careers/job/1340073800131"
"Northrop Grumman","Eightfold","Principal Systems Security Engineer","Systems/Architecture/Test","","Rolling Meadows, IL","US (CONUS)","","","","","","https://jobs.northropgrumman.com/careers/job/1340073891668"
"Northrop Grumman","Eightfold","Principal Engineer NDT/ Sr. Principal Engineer NDT  - Travel Team","Mission and Quality Assurance","","Palmdale, CA","US (CONUS)","","","","","","https://jobs.northropgrumman.com/careers/job/1340071823265"
"Northrop Grumman","Eightfold","Classified Cybersecurity Analyst","Cyber","","Linthicum Heights, MD","US (CONUS)","","","","","","https://jobs.northropgrumman.com/careers/job/1340072399644"
"Northrop Grumman","Eightfold","Manager Supplier Quality 3","Mission and Quality Assurance","","Linthicum Heights, MD","US (CONUS)","","","","","","https://jobs.northropgrumman.com/careers/job/1340073770912"
"Northrop Grumman","Eightfold","Program Planning and Scheduling Analyst - Level 3 or Level 4","Business Management Mult-Func","","Linthicum Heights, MD","US (CONUS)","","","","","","https://jobs.northropgrumman.com/careers/job/1340073907303"
"Northrop Grumman","Eightfold","Sentinel - Mechanical Engineer L2 or L3 (17107*)","Mechanical","","Roy, UT","US (CONUS)","","","","","","https://jobs.northropgrumman.com/careers/job/1340073894177"
"Northrop Grumman","Eightfold","Contracts Administrator - Level 3 or 4","Contracts","","Commerce, CA","US (CONUS)","","","","","","https://jobs.northropgrumman.com/careers/job/1340073672121"
"Northrop Grumman","Eightfold","Principal/Tool Engineer - Level 2 or 3","Material/Process","","Clearfield, UT","US (CONUS)","","","","","","https://jobs.northropgrumman.com/careers/job/1340073673821"
"Northrop Grumman","Eightfold","Manufacturing Expeditor 2/3","Manufacturing and Production","","Commerce, CA","US (CONUS)","","","","","","https://jobs.northropgrumman.com/careers/job/1340073859241"
"Northrop Grumman","Eightfold","Software Engineer (BM/SRM) (26-383)","Software","","Huntsville, AL","US (CONUS)","","","","","","https://jobs.northropgrumman.com/careers/job/1340073873380"
"Northrop Grumman","Eightfold","Sentinel – Program Cost and Schedule Control Analyst (18804)","Business Management Mult-Func","","Roy, UT","US (CONUS)","","","","","","https://jobs.northropgrumman.com/careers/job/1340072038171"
"Northrop Grumman","Eightfold","Avionics Repair Technician","Tech Support Mult-Func","","Chester, England, GB","International","","","","","","https://jobs.northropgrumman.com/careers/job/1340073585790"
"Northrop Grumman","Eightfold","Staff Project Management","Project Management (Non-P&L)","","Weeze, NRW, DE","International","","","","","","https://jobs.northropgrumman.com/careers/job/1340073817784"
"Northrop Grumman","Eightfold","Associate Software Engineer","Software","","Hollywood, MD","US (CONUS)","","","","","","https://jobs.northropgrumman.com/careers/job/1340073907025"
"Northrop Grumman","Eightfold","Principal Engineer Industrial","Material/Process","","San Diego, CA","US (CONUS)","","","","","","https://jobs.northropgrumman.com/careers/job/1340073371478"
"Northrop Grumman","Eightfold","Sr. Principal System Safety Engineer","Systems/Architecture/Test","","Palmdale, CA","US (CONUS)","","","","","","https://jobs.northropgrumman.com/careers/job/1340073615585"
"Northrop Grumman","Eightfold","Manager Supply Chain Programs 2","Global Supply Chain Mult-Func","","New York, NY","US (CONUS)","","","","","","https://jobs.northropgrumman.com/careers/job/1340073808433"
"Northrop Grumman","Eightfold","Computer Operations Analyst – Global COSA (26-379)","Operations (IT)","","Colorado Springs, CO","US (CONUS)","","","","","","https://jobs.northropgrumman.com/careers/job/1340073813738"
"Northrop Grumman","Eightfold","Cybersecurity / Anti Tamper Threat and Design Modeling – NG Fellow 1","Engineering Mult-Func","","Melbourne, FL","US (CONUS)","","","","","","https://jobs.northropgrumman.com/careers/job/1340073892810"
"Northrop Grumman","Eightfold","Program Cost Control Analyst - Level 3 or 4","Business Management Mult-Func","","Redondo Beach, CA","US (CONUS)","","","","","","https://jobs.northropgrumman.com/careers/job/1340073902391"
"Northrop Grumman","Eightfold","Sentinel- Engineer/Principal Mechanical Engineer (Secret Clearance)  -17004","Mechanical","","Roy, UT","US (CONUS)","","","","","","https://jobs.northropgrumman.com/careers/job/1340073906891"
"Northrop Grumman","Eightfold","Project Management","Project Management (Non-P&L)","","Oklahoma City, OK","US (CONUS)","","","","","","https://jobs.northropgrumman.com/careers/job/1340072923325"
"Northrop Grumman","Eightfold","Principal Engineer Network III (26-393)","Networks","","Colorado Springs, CO","US (CONUS)","","","","","","https://jobs.northropgrumman.com/careers/job/1340073873549"
"Northrop Grumman","Eightfold","Principal Engineer Systems – Network Sys Engr III (26-388)","Systems/Architecture/Test","","Colorado Springs, CO","US (CONUS)","","","","","","https://jobs.northropgrumman.com/careers/job/1340073873479"
"Northrop Grumman","Eightfold","Principal / Senior Principal Cybersecurity Analyst - 19072","Cyber","","Clearfield, UT","US (CONUS)","","","","","","https://jobs.northropgrumman.com/careers/job/1340073894741"
"Northrop Grumman","Eightfold","Engineer Aeronautical/Principal Engineer Aeronautical","Mechanical","","Melbourne, FL","US (CONUS)","","","","","","https://jobs.northropgrumman.com/careers/job/1340073755853"
"Northrop Grumman","Eightfold","Contracts Senior Manager","Contracts","","Magna, UT","US (CONUS)","","","","","","https://jobs.northropgrumman.com/careers/job/1340073894675"
"Northrop Grumman","Eightfold","Sr. Principal Systems Engineering Integration and Test (SEIT) Lead","Systems/Architecture/Test","","Rolling Meadows, IL","US (CONUS)","","","","","","https://jobs.northropgrumman.com/careers/job/1340073896620"
"Northrop Grumman","Eightfold","Lead Databricks Data Security Engineer","Cyber","","Falls Church, VA","US (CONUS)","","","","","","https://jobs.northropgrumman.com/careers/job/1340073897881"
"Northrop Grumman","Eightfold","Sr. Principal Cyber Software Engineer","Cyber","","Cincinnati, OH","US (CONUS)","","","","","","https://jobs.northropgrumman.com/careers/job/1340073905013"
"Northrop Grumman","Eightfold","U109 Logistics Inventory and Control Coordinator B - 1st Shift","NGC - Non - NGJF Union","","Baltimore, MD","US (CONUS)","","","","","","https://jobs.northropgrumman.com/careers/job/1340073483645"
"Northrop Grumman","Eightfold","Subcontracts Administrator – Level 3/4","Source","","Chandler, AZ","US (CONUS)","","","","","","https://jobs.northropgrumman.com/careers/job/1340073698213"
"Northrop Grumman","Eightfold","Principal Tooling Design Engineer","Material/Process","","Sunnyvale, CA","US (CONUS)","","","","","","https://jobs.northropgrumman.com/careers/job/1340073710272"
"Northrop Grumman","Eightfold","Material Cost Management Analyst - Level 3","Business Management Mult-Func","","Redondo Beach, CA","US (CONUS)","","","","","","https://jobs.northropgrumman.com/careers/job/1340073855525"
"Northrop Grumman","Eightfold","Director of Engineering 1 – Flight Software Integrated Product Team Lead","Systems/Architecture/Test","","Redondo Beach, CA","US (CONUS)","","","","","","https://jobs.northropgrumman.com/careers/job/1340073865324"
"Northrop Grumman","Eightfold","Sr Principal Systems Administrator – Global Ops Shift Lead (26-380)","Networks","","Colorado Springs, CO","US (CONUS)","","","","","","https://jobs.northropgrumman.com/careers/job/1340073873330"
"Northrop Grumman","Eightfold","Sentinel - Staff Material Process Engineer - 17371 & 17372","Material/Process","","Roy, UT","US (CONUS)","","","","","","https://jobs.northropgrumman.com/careers/job/1340073893844"
"Northrop Grumman","Eightfold","Manager of Strategic Innovation and Technology Partnerships 2","Operations (BD)","","Falls Church, VA","US (CONUS)","","","","","","https://jobs.northropgrumman.com/careers/job/1340072085376"
"Northrop Grumman","Eightfold","Manager Systems Engineering 2 – Reliability","Systems/Architecture/Test","","Sunnyvale, CA","US (CONUS)","","","","","","https://jobs.northropgrumman.com/careers/job/1340073900838"
"Northrop Grumman","Eightfold","Manager Subsystem Test Solutions 1","Electrical","","Baltimore, MD","US (CONUS)","","","","","","https://jobs.northropgrumman.com/careers/job/1340073905198"
"Northrop Grumman","Eightfold","Sr Principal/Principal Flight Test Engineer (Weapons)","Systems/Architecture/Test","","Edwards AFB, CA","US (CONUS)","","","","","","https://jobs.northropgrumman.com/careers/job/1340071902734"
"Northrop Grumman","Eightfold","Program or Principal Program Cost and Schedule Control Analyst","Business Management Mult-Func","","Oklahoma City, OK","US (CONUS)","","","","","","https://jobs.northropgrumman.com/careers/job/1340070658788"
"Northrop Grumman","Eightfold","Sentinel -Principal Material Process Engineer - EEEE parts","Material/Process","","Manhattan Beach, CA","US (CONUS)","","","","","","https://jobs.northropgrumman.com/careers/job/1340071577683"
"Northrop Grumman","Eightfold","Principal Engineer/ DMSMS-Obsolescence","Engineering Mult-Func","","Oklahoma City, OK","US (CONUS)","","","","","","https://jobs.northropgrumman.com/careers/job/1340073183563"
"Northrop Grumman","Eightfold","Engineer RF Microwave Subsystem I&T","Electrical","","Baltimore, MD","US (CONUS)","","","","","","https://jobs.northropgrumman.com/careers/job/1340073392724"
"Northrop Grumman","Eightfold","Inspector 3","Flight Operations Mult-Func","","Dulles, VA","US (CONUS)","","","","","","https://jobs.northropgrumman.com/careers/job/1340073595442"
"Northrop Grumman","Eightfold","Sr Principal Engineer System Safety (26-372)","Environmental","","Colorado Springs, CO","US (CONUS)","","","","","","https://jobs.northropgrumman.com/careers/job/1340073873262"
"Northrop Grumman","Eightfold","Contracts Administrator 3 or 4","Contracts","","Dulles, VA","US (CONUS)","","","","","","https://jobs.northropgrumman.com/careers/job/1340073898944"
"Northrop Grumman","Eightfold","Program Planning and Scheduling Analyst","Business Management Mult-Func","","Melbourne, FL","US (CONUS)","","","","","","https://jobs.northropgrumman.com/careers/job/1340073906859"
"Northrop Grumman","Eightfold","2026 Supply Chain Logistics Specialist - Magna UT","Global Supply Chain Mult-Func","","Magna, UT","US (CONUS)","","","","","","https://jobs.northropgrumman.com/careers/job/1340073182149"
"Northrop Grumman","Eightfold","2027 Associate Business Management/Business Management Analyst – Pathways Program – Linthicum MD","Business Management Mult-Func","","Linthicum Heights, MD","US (CONUS)","","","","","","https://jobs.northropgrumman.com/careers/job/1340073893878"
"Northrop Grumman","Eightfold","DevOps Engineer - Level 5 - Active poly","Software","","Aurora, CO","US (CONUS)","","","","","","https://jobs.northropgrumman.com/careers/job/1340071998175"
"Northrop Grumman","Eightfold","Principal/Sr. Principal Program Cost and Schedule Control Analyst","Business Management Mult-Func","","Oklahoma City, OK","US (CONUS)","","","","","","https://jobs.northropgrumman.com/careers/job/1340073406768"
"Northrop Grumman","Eightfold","Aeronautical Engineer (Fluids Subsystems Analyst)/Principal Aeronautical Engineer (Fluids Subsystems Analyst)","Mechanical","","Melbourne, FL","US (CONUS)","","","","","","https://jobs.northropgrumman.com/careers/job/1340073729773"
"Northrop Grumman","Eightfold","Aeronautical Engineer – Subsystem Design Engineer","Mechanical","","El Segundo, CA","US (CONUS)","","","","","","https://jobs.northropgrumman.com/careers/job/1340072964181"
"Northrop Grumman","Eightfold","Engineer Systems - Business Development Level 3","Systems/Architecture/Test","","Chandler, AZ","US (CONUS)","","","","","","https://jobs.northropgrumman.com/careers/job/1340073554982"
"Northrop Grumman","Eightfold","Subcontract Program Manager 2","Global Supply Chain Mult-Func","","Chandler, AZ","US (CONUS)","","","","","","https://jobs.northropgrumman.com/careers/job/1340073740016"
"Northrop Grumman","Eightfold","Energetics Manufacturing Engineer – Level  4","Material/Process","","Corinne, UT","US (CONUS)","","","","","","https://jobs.northropgrumman.com/careers/job/1340073896233"
"Northrop Grumman","Eightfold","Structural Engineer - Level 3 or Level 4","Mechanical","","Gilbert, AZ","US (CONUS)","","","","","","https://jobs.northropgrumman.com/careers/job/1340073908003"
"Northrop Grumman","Eightfold","SCA Warehouse Specialist","NGC - Non - NGJF Service Contract Act","","Warner Robins, GA","US (CONUS)","","","","","","https://jobs.northropgrumman.com/careers/job/1340072375724"
"Northrop Grumman","Eightfold","Engineer or Principal Engineer- Subsystems Electrical","Electrical","","Palmdale, CA","US (CONUS)","","","","","","https://jobs.northropgrumman.com/careers/job/1340073424153"
"Northrop Grumman","Eightfold","Non Destructive Test Technician - Travel Team","Mission and Quality Assurance","","Palmdale, CA","US (CONUS)","","","","","","https://jobs.northropgrumman.com/careers/job/1340071774013"
"Northrop Grumman","Eightfold","Principal Field Engineer - BACN Mission Coordinator (OCONUS)","Systems/Architecture/Test","","location abroad","International","","","","","","https://jobs.northropgrumman.com/careers/job/1340073898970"
"Northrop Grumman","Eightfold","Senior Principal Engineer Electronics","Electrical","","San Diego, CA","US (CONUS)","","","","","","https://jobs.northropgrumman.com/careers/job/1340073574337"
"Northrop Grumman","Eightfold","Non-Metallics Materials Engineer Level 3 or 4","Material/Process","","Sunnyvale, CA","US (CONUS)","","","","","","https://jobs.northropgrumman.com/careers/job/1340073890454"
"Northrop Grumman","Eightfold","Program Planning and Scheduling Analyst","Business Management Mult-Func","","Oklahoma City, OK","US (CONUS)","","","","","","https://jobs.northropgrumman.com/careers/job/1340073891364"
"Northrop Grumman","Eightfold","Manager Programs 3","Program Management (P&L)","","Baltimore, MD","US (CONUS)","","","","","","https://jobs.northropgrumman.com/careers/job/1340073895654"
"Northrop Grumman","Eightfold","Senior Principal Vehicle IPT Lead Engineer","Mechanical","","Melbourne, FL","US (CONUS)","","","","","","https://jobs.northropgrumman.com/careers/job/1340073719602"
"Northrop Grumman","Eightfold","Chief Engineer - Level 7","Engineering Mult-Func","","Huntsville, AL","US (CONUS)","","","","","","https://jobs.northropgrumman.com/careers/job/1340073891873"
"Northrop Grumman","Eightfold","Program Planning and Scheduling Analyst - Level 5","Business Management Mult-Func","","Linthicum Heights, MD","US (CONUS)","","","","","","https://jobs.northropgrumman.com/careers/job/1340073907863"
"Northrop Grumman","Eightfold","Principal Supply Chain Planning Specialist","Global Supply Chain Mult-Func","","Baltimore, MD","US (CONUS)","","","","","","https://jobs.northropgrumman.com/careers/job/1340073857458"
"Northrop Grumman","Eightfold","Program Planning Manager – Level 3","Project Management (Non-P&L)","","Dulles, VA","US (CONUS)","","","","","","https://jobs.northropgrumman.com/careers/job/1340073593779"
"Northrop Grumman","Eightfold","Sr Principal Financial Analyst","Finance and Accounting","","Falls Church, VA","US (CONUS)","","","","","","https://jobs.northropgrumman.com/careers/job/1340073495744"
"Northrop Grumman","Eightfold","Modeling and Simulation Systems Engineer - Leve 3 or 4 - Space AHT","Systems/Architecture/Test","","Colorado Springs, CO","US (CONUS)","","","","","","https://jobs.northropgrumman.com/careers/job/1340073900984"
"Northrop Grumman","Eightfold","Sr Principal Supply Chain Planning Specialist","Global Supply Chain Mult-Func","","San Diego, CA","US (CONUS)","","","","","","https://jobs.northropgrumman.com/careers/job/1340073706944"
"Northrop Grumman","Eightfold","Mission Assurance Manager (Level 2)","Mission and Quality Assurance","","Chandler, AZ","US (CONUS)","","","","","","https://jobs.northropgrumman.com/careers/job/1340073903791"
"Northrop Grumman","Eightfold","Program Cost & Schedule Control Analyst","Business Management Mult-Func","","Melbourne, FL","US (CONUS)","","","","","","https://jobs.northropgrumman.com/careers/job/1340073906471"
"Northrop Grumman","Eightfold","Cybersecurity Analyst/Principal Cybersecurity Analyst (AHT)","Cyber","","Wright-Patterson AFB, OH","US (CONUS)","","","","","","https://jobs.northropgrumman.com/careers/job/1340073904371"
"Northrop Grumman","Eightfold","Program Cost and Schedule Control Analyst","Business Management Mult-Func","","Elkton, MD","US (CONUS)","","","","","","https://jobs.northropgrumman.com/careers/job/1340073697528"
"Northrop Grumman","Eightfold","Ground Support Equipment Mechanic 3","Flight Operations Mult-Func","","Edwards AFB, CA","US (CONUS)","","","","","","https://jobs.northropgrumman.com/careers/job/1340073672106"
"Northrop Grumman","Eightfold","Software/ Principal Software Engineer","Software","","Huntsville, AL","US (CONUS)","","","","","","https://jobs.northropgrumman.com/careers/job/1340073897877"
"Northrop Grumman","Eightfold","Electronic Technician 2/3","Tech Support Mult-Func","","Melbourne, FL","US (CONUS)","","","","","","https://jobs.northropgrumman.com/careers/job/1340073661985"
"Northrop Grumman","Eightfold","System Test Engineer /Principal System Test Engineer","Systems/Architecture/Test","","McClellan Park, CA","US (CONUS)","","","","","","https://jobs.northropgrumman.com/careers/job/1340073609843"
"Northrop Grumman","Eightfold","Staff Safety Systems Engineer","Systems/Architecture/Test","","Palmdale, CA","US (CONUS)","","","","","","https://jobs.northropgrumman.com/careers/job/1340073615627"
"Northrop Grumman","Eightfold","Systems Administrator/Principal Systems Administrator (AHT)","Networks","","Wright-Patterson AFB, OH","US (CONUS)","","","","","","https://jobs.northropgrumman.com/careers/job/1340073904346"
"Northrop Grumman","Eightfold","Mechanical Design Engineer - Level 2 / Level 3","Mechanical","","Melbourne, FL","US (CONUS)","","","","","","https://jobs.northropgrumman.com/careers/job/1340073907161"
"Northrop Grumman","Eightfold","Sr Principal Flight Test Engineer","Systems/Architecture/Test","","Edwards AFB, CA","US (CONUS)","","","","","","https://jobs.northropgrumman.com/careers/job/1340073574043"
"Northrop Grumman","Eightfold","2026 Associate Tooling Engineer - Clearfield UT","Material/Process","","Clearfield, UT","US (CONUS)","","","","","","https://jobs.northropgrumman.com/careers/job/1340073891965"
"Northrop Grumman","Eightfold","Electronic Technician 2/3","Tech Support Mult-Func","","Corinne, UT","US (CONUS)","","","","","","https://jobs.northropgrumman.com/careers/job/1340073897184"
"Northrop Grumman","Eightfold","Principal Program Cost and Schedule Control Analyst","Business Management Mult-Func","","Palmdale, CA","US (CONUS)","","","","","","https://jobs.northropgrumman.com/careers/job/1340073906921"
"Northrop Grumman","Eightfold","Electronic Technician 3/4","Tech Support Mult-Func","","Corinne, UT","US (CONUS)","","","","","","https://jobs.northropgrumman.com/careers/job/1340073897458"
"Northrop Grumman","Eightfold","Program Cost and Schedule Control Analyst","Business Management Mult-Func","","Palmdale, CA","US (CONUS)","","","","","","https://jobs.northropgrumman.com/careers/job/1340073906899"
"Northrop Grumman","Eightfold","Electronic Warfare Portfolio Program Manager 3","Program Management (P&L)","","Melbourne, FL","US (CONUS)","","","","","","https://jobs.northropgrumman.com/careers/job/1340073898049"
"Northrop Grumman","Eightfold","Sr Principal DevOps Engineer (AHT)","Software","","Aurora, CO","US (CONUS)","","","","","","https://jobs.northropgrumman.com/careers/job/1340073552187"
"Northrop Grumman","Eightfold","Manager Supply Chain Programs 3","Global Supply Chain Mult-Func","","Clearfield, UT","US (CONUS)","","","","","","https://jobs.northropgrumman.com/careers/job/1340073589845"
"Northrop Grumman","Eightfold","Sr Principal Infrastructure Product Owner DevOps (AHT)","Operations (IT)","","Aurora, CO","US (CONUS)","","","","","","https://jobs.northropgrumman.com/careers/job/1340073145486"
"Northrop Grumman","Eightfold","Director of Enterprise Real Estate and Facilities","Real Estate","","Falls Church, VA","US (CONUS)","","","","","","https://jobs.northropgrumman.com/careers/job/1340073537367"
"Northrop Grumman","Eightfold","Manager Subcontracts 2","Global Supply Chain Mult-Func","","San Diego, CA","US (CONUS)","","","","","","https://jobs.northropgrumman.com/careers/job/1340073876931"
"Northrop Grumman","Eightfold","Radar Modeling Simulation Analysis Systems Engineer","Systems/Architecture/Test","","Baltimore, MD","US (CONUS)","","","","","","https://jobs.northropgrumman.com/careers/job/1340073834285"
"Northrop Grumman","Eightfold","Principal / Senior Principal F - 22 Systems Engineer","Systems/Architecture/Test","","Baltimore, MD","US (CONUS)","","","","","","https://jobs.northropgrumman.com/careers/job/1340073877104"
"Northrop Grumman","Eightfold","Principal / Sr. Principal Electronic Warfare Systems Engineer","Systems/Architecture/Test","","Warner Robins, GA","US (CONUS)","","","","","","https://jobs.northropgrumman.com/careers/job/1340071915902"
"Northrop Grumman","Eightfold","Sr Principal Network Engineer (AHT)","Networks","","Aurora, CO","US (CONUS)","","","","","","https://jobs.northropgrumman.com/careers/job/1340073602308"
"Northrop Grumman","Eightfold","Staff DO-229 Systems Engineer (I&T) Lead","Systems/Architecture/Test","","Los Angeles, CA","US (CONUS)","","","","","","https://jobs.northropgrumman.com/careers/job/1340073871485"
"Northrop Grumman","Eightfold","Principal / Sr. Principal Electromechanical Engineer (AHT)","Electrical","","Aurora, CO","US (CONUS)","","","","","","https://jobs.northropgrumman.com/careers/job/1340073589246"
"Northrop Grumman","Eightfold","Systems Administrator (AHT)","Cyber","","Aurora, CO","US (CONUS)","","","","","","https://jobs.northropgrumman.com/careers/job/1340073609403"
"Northrop Grumman","Eightfold","Staff Engineering Program Manager Airborne Navigation Systems","Systems/Architecture/Test","","Los Angeles, CA","US (CONUS)","","","","","","https://jobs.northropgrumman.com/careers/job/1340073871340"
"Northrop Grumman","Eightfold","DevOps Engineer (AHT)","Software","","Aurora, CO","US (CONUS)","","","","","","https://jobs.northropgrumman.com/careers/job/1340071903323"
"Northrop Grumman","Eightfold","Senior Principal Engineering Program Manager Airborne Navigation Systems","Systems/Architecture/Test","","Los Angeles, CA","US (CONUS)","","","","","","https://jobs.northropgrumman.com/careers/job/1340073871338"
"Northrop Grumman","Eightfold","Sr. Principal Electromechanical Engineer (AHT)","Electrical","","Aurora, CO","US (CONUS)","","","","","","https://jobs.northropgrumman.com/careers/job/1340073566378"
"Northrop Grumman","Eightfold","Electromechanical Engineer / Principal Electromechanical Engineer (AHT)","Electrical","","Aurora, CO","US (CONUS)","","","","","","https://jobs.northropgrumman.com/careers/job/1340073588934"
"Northrop Grumman","Eightfold","Principal / Sr. Principal Electromechanical Engineer - (AHT)","Electrical","","Aurora, CO","US (CONUS)","","","","","","https://jobs.northropgrumman.com/careers/job/1340073604230"
"Northrop Grumman","Eightfold","Network Engineer / Principal Network Engineer (AHT)","Networks","","Aurora, CO","US (CONUS)","","","","","","https://jobs.northropgrumman.com/careers/job/1340073609318"
"Northrop Grumman","Eightfold","Engineer/Principal Systems Test","Systems/Architecture/Test","","San Diego, CA","US (CONUS)","","","","","","https://jobs.northropgrumman.com/careers/job/1340073702066"
"Northrop Grumman","Eightfold","Electrical Engineer/Principal Electrical Engineer","Electrical","","Melbourne, FL","US (CONUS)","","","","","","https://jobs.northropgrumman.com/careers/job/1340073852327"
"Northrop Grumman","Eightfold","Principal or Sr Principal Data Engineer","Data Science","","Melbourne, FL","US (CONUS)","","","","","","https://jobs.northropgrumman.com/careers/job/1340073860863"
"Northrop Grumman","Eightfold","Principal Industrial Security Analyst - 19765","Security Mult-Func","","Roy, UT","US (CONUS)","","","","","","https://jobs.northropgrumman.com/careers/job/1340073739630"
"Northrop Grumman","Eightfold","Associate Industrial Security Analyst - 19764","Security Mult-Func","","Roy, UT","US (CONUS)","","","","","","https://jobs.northropgrumman.com/careers/job/1340073739938"
"Northrop Grumman","Eightfold","Sr. Principal Test Conductor - Mission Planner","Mission and Quality Assurance","","Edwards AFB, CA","US (CONUS)","","","","","","https://jobs.northropgrumman.com/careers/job/1340073740045"
"Northrop Grumman","Eightfold","Logistics Engineer / Principal Logistics Engineer","Material/Process","","Chantilly, VA","US (CONUS)","","","","","","https://jobs.northropgrumman.com/careers/job/1340073724490"
"Northrop Grumman","Eightfold","Software Engineer","Software","","Los Angeles, CA","US (CONUS)","","","","","","https://jobs.northropgrumman.com/careers/job/1340073740618"
"Northrop Grumman","Eightfold","Sentinel - Sr Principal Systems Engineer - 19599","Systems/Architecture/Test","","Roy, UT","US (CONUS)","","","","","","https://jobs.northropgrumman.com/careers/job/1340073768197"
"Northrop Grumman","Eightfold","Software Engineer - Level 3/4 (AHT)","Software","","Redondo Beach, CA","US (CONUS)","","","","","","https://jobs.northropgrumman.com/careers/job/1340073859969"
"Northrop Grumman","Eightfold","Sentinel - Principal/Sr. Principal Systems Engineer - 17387","Systems/Architecture/Test","","Roy, UT","US (CONUS)","","","","","","https://jobs.northropgrumman.com/careers/job/1340072089723"
"Northrop Grumman","Eightfold","Principal Capture Contract Administrator","Contracts","","Redondo Beach, CA","US (CONUS)","","","","","","https://jobs.northropgrumman.com/careers/job/1340073848774"
"Northrop Grumman","Eightfold","Sentinel - Principal Systems Engineer - 19597*","Systems/Architecture/Test","","Roy, UT","US (CONUS)","","","","","","https://jobs.northropgrumman.com/careers/job/1340073758499"
"Northrop Grumman","Eightfold","Network Communications Analyst 2 (26-364)","Networks","","Colorado Springs, CO","US (CONUS)","","","","","","https://jobs.northropgrumman.com/careers/job/1340073409446"
"Northrop Grumman","Eightfold","Principal/Sr. Principal Project Management","Project Management (Non-P&L)","","San Diego, CA","US (CONUS)","","","","","","https://jobs.northropgrumman.com/careers/job/1340073854793"
"Northrop Grumman","Eightfold","Electrical Test Conductor (Level 2/3)","Mission and Quality Assurance","","Redondo Beach, CA","US (CONUS)","","","","","","https://jobs.northropgrumman.com/careers/job/1340073866504"
"Northrop Grumman","Eightfold","Senior Principal Digital Engineer","Engineering Mult-Func","","Los Angeles, CA","US (CONUS)","","","","","","https://jobs.northropgrumman.com/careers/job/1340072659593"
"Northrop Grumman","Eightfold","Principal Logistics Management Analyst","Tech Support Mult-Func","","Oklahoma City, OK","US (CONUS)","","","","","","https://jobs.northropgrumman.com/careers/job/1340073667268"
"Northrop Grumman","Eightfold","Consulting Engineer - On Call","Intern/Casual","","Elkton, MD","US (CONUS)","","","","","","https://jobs.northropgrumman.com/careers/job/1340073754227"
"Northrop Grumman","Eightfold","Mechanical Engineering Manager","Mechanical","","Sunnyvale, CA","US (CONUS)","","","","","","https://jobs.northropgrumman.com/careers/job/1340073858214"
"Northrop Grumman","Eightfold","Staff Embedded Software Engineer","Software","","Linthicum Heights, MD","US (CONUS)","","","","","","https://jobs.northropgrumman.com/careers/job/1340073546543"
"Northrop Grumman","Eightfold","Aviation Safety Specialist","Mission and Quality Assurance","","Amberley, QLD, AU","International","","","","","","https://jobs.northropgrumman.com/careers/job/1340073711899"
"Northrop Grumman","Eightfold","Systems Safety Engineer – Level 2 or Level 3 (AHT)","Environmental","","Chandler, AZ","US (CONUS)","","","","","","https://jobs.northropgrumman.com/careers/job/1340073855983"
"Northrop Grumman","Eightfold","Staff Manufacturing Systems Engineer 9888-1","Systems/Architecture/Test","","Huntsville, AL","US (CONUS)","","","","","","https://jobs.northropgrumman.com/careers/job/1340073586557"
"Northrop Grumman","Eightfold","Principal / Senior Principal Engineer Aeronautical - Software","Mechanical","","Melbourne, FL","US (CONUS)","","","","","","https://jobs.northropgrumman.com/careers/job/1340073693500"
"Northrop Grumman","Eightfold","Systems Engineer - Air to Ground","Systems/Architecture/Test","","Baltimore, MD","US (CONUS)","","","","","","https://jobs.northropgrumman.com/careers/job/1340073724499"
"Northrop Grumman","Eightfold","Principal / Senior Principal Software Engineer","Software","","Los Angeles, CA","US (CONUS)","","","","","","https://jobs.northropgrumman.com/careers/job/1340073740684"
"Northrop Grumman","Eightfold","Systems Modeling and Simulation Engineer 3/4 - Space AHT","Systems/Architecture/Test","","Colorado Springs, CO","US (CONUS)","","","","","","https://jobs.northropgrumman.com/careers/job/1340073866231"
"Northrop Grumman","Eightfold","Ground Flight Dynamics Software Engineer (Level 3 or 4) - AHT","Software","","Redondo Beach, CA","US (CONUS)","","","","","","https://jobs.northropgrumman.com/careers/job/1340073866375"
"Northrop Grumman","Eightfold","Systems Administrator -  Level 5 Active Polygraph Required","Cyber","","Aurora, CO","US (CONUS)","","","","","","https://jobs.northropgrumman.com/careers/job/1340071902161"
"Northrop Grumman","Eightfold","Associate/Tooling Engineer Level 1/2","Material/Process","","Layton, UT","US (CONUS)","","","","","","https://jobs.northropgrumman.com/careers/job/1340073375119"
"Northrop Grumman","Eightfold","Director of Human Resources 1","Human Resources Mult-Func","","Melbourne, FL","US (CONUS)","","","","","","https://jobs.northropgrumman.com/careers/job/1340073551658"
"Northrop Grumman","Eightfold","Field Engineer (AHT)","Systems/Architecture/Test","","Honolulu, HI","US (non-CONUS)","","","","","","https://jobs.northropgrumman.com/careers/job/1340073762120"
"Northrop Grumman","Eightfold","Sentinel - Staff Program Planning and Scheduling Analyst (14844)","Business Management Mult-Func","","Roy, UT","US (CONUS)","","","","","","https://jobs.northropgrumman.com/careers/job/1340073859153"
"Northrop Grumman","Eightfold","Sr Principal Engineer Systems Test","Systems/Architecture/Test","","San Diego, CA","US (CONUS)","","","","","","https://jobs.northropgrumman.com/careers/job/1340073702967"
"Northrop Grumman","Eightfold","Electronic Technician 3","Tech Support Mult-Func","","Rolling Meadows, IL","US (CONUS)","","","","","","https://jobs.northropgrumman.com/careers/job/1340073769594"
"Northrop Grumman","Eightfold","Operations Project Manager Level 2/3","Project Management (Non-P&L)","","Elkton, MD","US (CONUS)","","","","","","https://jobs.northropgrumman.com/careers/job/1340073842809"
"Northrop Grumman","Eightfold","Principal Controls Engineer","Material/Process","","Corinne, UT","US (CONUS)","","","","","","https://jobs.northropgrumman.com/careers/job/1340072844325"
"Northrop Grumman","Eightfold","Associate Industrial Security Analyst","Security Mult-Func","","Edwards AFB, CA","US (CONUS)","","","","","","https://jobs.northropgrumman.com/careers/job/1340073615451"
"Northrop Grumman","Eightfold","Production Operations Manager 3","Manufacturing and Production","","Baltimore, MD","US (CONUS)","","","","","","https://jobs.northropgrumman.com/careers/job/1340073729012"
"Northrop Grumman","Eightfold","Industrial Security Analyst","Security Mult-Func","","Beavercreek, OH","US (CONUS)","","","","","","https://jobs.northropgrumman.com/careers/job/1340073732794"
"Northrop Grumman","Eightfold","Sr Staff Manufacturing Systems Engineer - 19490","Systems/Architecture/Test","","Roy, UT","US (CONUS)","","","","","","https://jobs.northropgrumman.com/careers/job/1340073730960"
"Northrop Grumman","Eightfold","Sentinel - Staff Systems Engineer - 19600","Systems/Architecture/Test","","Roy, UT","US (CONUS)","","","","","","https://jobs.northropgrumman.com/careers/job/1340073768207"
"Northrop Grumman","Eightfold","Software Engineer - Level 4 - Space AHT","Software","","Colorado Springs, CO","US (CONUS)","","","","","","https://jobs.northropgrumman.com/careers/job/1340073865827"
"Northrop Grumman","Eightfold","Engineer or Principal Engineer Structural Analysis (4/10 2nd Shift)","Mechanical","","Palmdale, CA","US (CONUS)","","","","","","https://jobs.northropgrumman.com/careers/job/1340073866189"
"Northrop Grumman","Eightfold","Aircraft Surface Finisher","NGC - Non - NGJF EBA","","Amberley, QLD, AU","International","","","","","","https://jobs.northropgrumman.com/careers/job/1340073674706"
"Northrop Grumman","Eightfold","Senior Principal Contract Administrator","Contracts","","Charlottesville, VA","US (CONUS)","","","","","","https://jobs.northropgrumman.com/careers/job/1340073477634"
"Northrop Grumman","Eightfold","Human Resources Business Partner - Level 3 or 4","Human Resources Mult-Func","","Aurora, CO","US (CONUS)","","","","","","https://jobs.northropgrumman.com/careers/job/1340073613613"
"Northrop Grumman","Eightfold","Modeling & Simulation Software Architect 6 (AHT)","Systems/Architecture/Test","","Los Angeles, CA","US (CONUS)","","","","","","https://jobs.northropgrumman.com/careers/job/1340073858784"
"Northrop Grumman","Eightfold","Systems Engineer - Level 3 (AHT)","Systems/Architecture/Test","","Redondo Beach, CA","US (CONUS)","","","","","","https://jobs.northropgrumman.com/careers/job/1340073864123"
"Northrop Grumman","Eightfold","Senior Principal Cyber Software Engineer (TG)","Cyber","","MD","US (CONUS)","","","","","","https://jobs.northropgrumman.com/careers/job/1340073445556"
"Northrop Grumman","Eightfold","Maintenance Technician 4","Facilities Mult-Func","","St. Augustine, FL","US (CONUS)","","","","","","https://jobs.northropgrumman.com/careers/job/1340073705539"
"Northrop Grumman","Eightfold","Software Engineer","Software","","Los Angeles, CA","US (CONUS)","","","","","","https://jobs.northropgrumman.com/careers/job/1340073740714"
"Northrop Grumman","Eightfold","Associate Industrial Security Analyst","Security Mult-Func","","Palmdale, CA","US (CONUS)","","","","","","https://jobs.northropgrumman.com/careers/job/1340073615339"
"Northrop Grumman","Eightfold","Principal / Senior Principal Systems Engineer","Systems/Architecture/Test","","Los Angeles, CA","US (CONUS)","","","","","","https://jobs.northropgrumman.com/careers/job/1340073831437"
"Northrop Grumman","Eightfold","Engineer or Principal Engineer Material & Process - HGT","Material/Process","","El Segundo, CA","US (CONUS)","","","","","","https://jobs.northropgrumman.com/careers/job/1340072920786"
"Northrop Grumman","Eightfold","Staff Engineer Manufacturing Systems","Systems/Architecture/Test","","Elkton, MD","US (CONUS)","","","","","","https://jobs.northropgrumman.com/careers/job/1340073670939"
"Northrop Grumman","Eightfold","Principal Electrical Engineer - Level 3 - Avionics Design Group","Electrical","","Chandler, AZ","US (CONUS)","","","","","","https://jobs.northropgrumman.com/careers/job/1340073847160"
"Northrop Grumman","Eightfold","Maintenance Technician Level 1 or Level 2","Facilities Mult-Func","","Layton, UT","US (CONUS)","","","","","","https://jobs.northropgrumman.com/careers/job/1340073857424"
"Northrop Grumman","Eightfold","Calling all Secret-Cleared Embedded Software Engineers! (Chandler)","Software","","Chandler, AZ","US (CONUS)","","","","","","https://jobs.northropgrumman.com/careers/job/1340073602113"
"Northrop Grumman","Eightfold","Computer Support 2/3 - 19447 and 19448 - Roy Utah","Operations (IT)","","Roy, UT","US (CONUS)","","","","","","https://jobs.northropgrumman.com/careers/job/1340073612661"
"Northrop Grumman","Eightfold","Maintenance Technician Level 3 or Level 4 - (Nights)","Facilities Mult-Func","","Layton, UT","US (CONUS)","","","","","","https://jobs.northropgrumman.com/careers/job/1340073857552"
"Northrop Grumman","Eightfold","DevOps Engineer Level 2/3 (AHT)","Software","","Los Angeles, CA","US (CONUS)","","","","","","https://jobs.northropgrumman.com/careers/job/1340073831326"
"Northrop Grumman","Eightfold","CLS - F-35 Aircraft Mechanic 3","Flight Operations Mult-Func","","Yuma, AZ","US (CONUS)","","","","","","https://jobs.northropgrumman.com/careers/job/1340073365523"
"Northrop Grumman","Eightfold","SDS Processes & Role-Based Tool Senior Manager 3 - 19793","Systems/Architecture/Test","","Roy, UT","US (CONUS)","","","","","","https://jobs.northropgrumman.com/careers/job/1340073855378"
"Northrop Grumman","Eightfold","Business Management Analyst - Level 3","Business Management Mult-Func","","Chandler, AZ","US (CONUS)","","","","","","https://jobs.northropgrumman.com/careers/job/1340073858714"
"Northrop Grumman","Eightfold","Software Engineer - Level 2 or 3 - Space AHT","Software","","Colorado Springs, CO","US (CONUS)","","","","","","https://jobs.northropgrumman.com/careers/job/1340073866184"
"Northrop Grumman","Eightfold","Specification Writer 3","Tech Support Mult-Func","","Chandler, AZ","US (CONUS)","","","","","","https://jobs.northropgrumman.com/careers/job/1340073680389"
"Northrop Grumman","Eightfold","Program Manager 3 - Propulsion Systems","Program Management (P&L)","","Magna, UT","US (CONUS)","","","","","","https://jobs.northropgrumman.com/careers/job/1340073855678"
"Northrop Grumman","Eightfold","Aircraft Inspector 1/2","Flight Operations Mult-Func","","Iuka, MS","US (CONUS)","","","","","","https://jobs.northropgrumman.com/careers/job/1340072660326"
"Northrop Grumman","Eightfold","P-3 SCA Aircraft Mechanic II or III - Days Nights Weekends","NGC - Non - NGJF Service Contract Act","","Jacksonville, FL","US (CONUS)","","","","","","https://jobs.northropgrumman.com/careers/job/1340072825382"
"Northrop Grumman","Eightfold","Principal Program Cost and Schedule Control Analyst","Business Management Mult-Func","","Elkton, MD","US (CONUS)","","","","","","https://jobs.northropgrumman.com/careers/job/1340073691153"
"Northrop Grumman","Eightfold","2026 Associate RF Engineer/RF Engineer - Dulles VA","Electrical","","Dulles, VA","US (CONUS)","","","","","","https://jobs.northropgrumman.com/careers/job/1340073844240"
"Northrop Grumman","Eightfold","Principal / Senior Principal Radar Modeling Simulation Analysis Systems Engineer","Systems/Architecture/Test","","Baltimore, MD","US (CONUS)","","","","","","https://jobs.northropgrumman.com/careers/job/1340073848042"
"Northrop Grumman","Eightfold","Staff Radar Modeling Simulation Analysis Systems Engineer","Systems/Architecture/Test","","Baltimore, MD","US (CONUS)","","","","","","https://jobs.northropgrumman.com/careers/job/1340073848338"
"Northrop Grumman","Eightfold","Software Integration & Test Engineer - Level 2/3 (AHT)","Systems/Architecture/Test","","Redondo Beach, CA","US (CONUS)","","","","","","https://jobs.northropgrumman.com/careers/job/1340073923802"
"Northrop Grumman","Eightfold","Sr Principal Program Cost and Schedule Control Analyst","Business Management Mult-Func","","Elkton, MD","US (CONUS)","","","","","","https://jobs.northropgrumman.com/careers/job/1340073690955"
"Northrop Grumman","Eightfold","Project Manager","Project Management (Non-P&L)","","Merritt Island, FL","US (CONUS)","","","","","","https://jobs.northropgrumman.com/careers/job/1340073782401"
"Northrop Grumman","Eightfold","Manager Programs 2","Program Management (P&L)","","Cincinnati, OH","US (CONUS)","","","","","","https://jobs.northropgrumman.com/careers/job/1340073756547"
"Northrop Grumman","Eightfold","Manager Programs 3","Program Management (P&L)","","San Diego, CA","US (CONUS)","","","","","","https://jobs.northropgrumman.com/careers/job/1340073665215"
"Northrop Grumman","Eightfold","Manager Programs 2","Program Management (P&L)","","Baltimore, MD","US (CONUS)","","","","","","https://jobs.northropgrumman.com/careers/job/1340073861981"
"Northrop Grumman","Eightfold","Principal / Senior Principal Software Engineer","Software","","Los Angeles, CA","US (CONUS)","","","","","","https://jobs.northropgrumman.com/careers/job/1340073740543"
"Northrop Grumman","Eightfold","Principal/Sr. Principal Electrical Engineer - 17611","Electrical","","Manhattan Beach, CA","US (CONUS)","","","","","","https://jobs.northropgrumman.com/careers/job/1340073740813"
"Northrop Grumman","Eightfold","Principal / Sr. Principal Industrial Engineer - 19539","Material/Process","","Roy, UT","US (CONUS)","","","","","","https://jobs.northropgrumman.com/careers/job/1340073762143"
"Northrop Grumman","Eightfold","Systems Engineer - Level 4 (AHT)","Systems/Architecture/Test","","Redondo Beach, CA","US (CONUS)","","","","","","https://jobs.northropgrumman.com/careers/job/1340073848855"
"Northrop Grumman","Eightfold","Project Management","Project Management (Non-P&L)","","Merritt Island, FL","US (CONUS)","","","","","","https://jobs.northropgrumman.com/careers/job/1340073788832"
"Northrop Grumman","Eightfold","Industrial Engineer - 19521","Material/Process","","Ogden, UT","US (CONUS)","","","","","","https://jobs.northropgrumman.com/careers/job/1340073762567"
"Northrop Grumman","Eightfold","Sr Principal Organizational Effectiveness Representative - Melbourne FL","Training,Management Developmnt","","Melbourne, FL","US (CONUS)","","","","","","https://jobs.northropgrumman.com/careers/job/1340073849326"
"Northrop Grumman","Eightfold","Energetics MFG Engineer Level 3","Material/Process","","Magna, UT","US (CONUS)","","","","","","https://jobs.northropgrumman.com/careers/job/1340073574309"
"Northrop Grumman","Eightfold","Program Cost Control Analyst - Level 3","Business Management Mult-Func","","Redondo Beach, CA","US (CONUS)","","","","","","https://jobs.northropgrumman.com/careers/job/1340073857759"
"Northrop Grumman","Eightfold","Low Observable Survivability Specialist (LOSS)","Tech Support Mult-Func","","Palmdale, CA","US (CONUS)","","","","","","https://jobs.northropgrumman.com/careers/job/1340073858267"
"Northrop Grumman","Eightfold","Digital & Power Engineer/Principal Digital & Power Engineer","Electrical","","Baltimore, MD","US (CONUS)","","","","","","https://jobs.northropgrumman.com/careers/job/1340073847858"
"Northrop Grumman","Eightfold","System Engineer - Level 4 (AHT)","Systems/Architecture/Test","","Redondo Beach, CA","US (CONUS)","","","","","","https://jobs.northropgrumman.com/careers/job/1340073849148"
"Northrop Grumman","Eightfold","Director Strategic Investments 1","Operations (BD)","","McLean, VA","US (CONUS)","","","","","","https://jobs.northropgrumman.com/careers/job/1340073848309"
"Northrop Grumman","Eightfold","Software/Dev Ops Engineer - Level 4 - Space AHT","Software","","Huntsville, AL","US (CONUS)","","","","","","https://jobs.northropgrumman.com/careers/job/1340073857641"
"Northrop Grumman","Eightfold","Engineer Avionics Systems","Engineering Mult-Func","","Springfield Central, QLD, AU","International","","","","","","https://jobs.northropgrumman.com/careers/job/1340073644157"
"Northrop Grumman","Eightfold","Engineer Supplier Quality","Mission/Quality Assurance","","San Diego, CA","US (CONUS)","","","","","","https://jobs.northropgrumman.com/careers/job/1340073762116"
"Northrop Grumman","Eightfold","(SkillBridge) Industrial Security Analyst - Level 3","Security Mult-Func","","Colorado Springs, CO","US (CONUS)","","","","","","https://jobs.northropgrumman.com/careers/job/1340073775219"
"Northrop Grumman","Eightfold","U109 Logistics Inventory and Control Coordinator B - 2nd Shift","NGC - Non - NGJF Union","","Baltimore, MD","US (CONUS)","","","","","","https://jobs.northropgrumman.com/careers/job/1340073147418"
"Northrop Grumman","Eightfold","Manager Program Planning 2 (Sustainment) (Top Secret Required)","Project Management (Non-P&L)","","Palmdale, CA","US (CONUS)","","","","","","https://jobs.northropgrumman.com/careers/job/1340073758527"
"Northrop Grumman","Eightfold","System Life Cycle Design & Integration- Fellow 2","Engineering Mult-Func","","San Diego, CA","US (CONUS)","","","","","","https://jobs.northropgrumman.com/careers/job/1340073823806"
"Northrop Grumman","Eightfold","Sr Principal Systems Engineer – GAITS Analysis PO (26-350)","Systems/Architecture/Test","","Colorado Springs, CO","US (CONUS)","","","","","","https://jobs.northropgrumman.com/careers/job/1340073804806"
"Northrop Grumman","Eightfold","Sr. Principal Electrical Engineer - Level 4 - Avionics Design Group","Electrical","","Chandler, AZ","US (CONUS)","","","","","","https://jobs.northropgrumman.com/careers/job/1340073732363"
"Northrop Grumman","Eightfold","Systems Administrator/Principal Systems Administrator (AHT)","Networks","","Beavercreek, OH","US (CONUS)","","","","","","https://jobs.northropgrumman.com/careers/job/1340073808419"
"Northrop Grumman","Eightfold","Principal or Sr Principal International Trade Compliance Analyst","Compliance","","New York, NY","US (CONUS)","","","","","","https://jobs.northropgrumman.com/careers/job/1340073660938"
"Northrop Grumman","Eightfold","Principal Software Engineer - ENT (26-266)","Software","","Colorado Springs, CO","US (CONUS)","","","","","","https://jobs.northropgrumman.com/careers/job/1340073793932"
"Northrop Grumman","Eightfold","Principal / Sr. Principal Project Management","Project Management (Non-P&L)","","San Diego, CA","US (CONUS)","","","","","","https://jobs.northropgrumman.com/careers/job/1340073737550"
"Northrop Grumman","Eightfold","Business Planning Analyst Level 4","Project Management (Non-P&L)","","Rocket Center, WV","US (CONUS)","","","","","","https://jobs.northropgrumman.com/careers/job/1340073755874"
"Northrop Grumman","Eightfold","Sentinel - Manager 2 - Program Planning and Scheduling (2417-1)","Project Management (Non-P&L)","","Roy, UT","US (CONUS)","","","","","","https://jobs.northropgrumman.com/careers/job/1340073727657"
"Northrop Grumman","Eightfold","ERP/Principal ERP Manufacturing Engineering (MFE) BPL","Design and Programming","","Roy, UT","US (CONUS)","","","","","","https://jobs.northropgrumman.com/careers/job/1340073758014"
"Northrop Grumman","Eightfold","Guidance Systems Integration Manager Project Management 1 - 19327","Project Management (Non-P&L)","","Roy, UT","US (CONUS)","","","","","","https://jobs.northropgrumman.com/careers/job/1340073476139"
"Northrop Grumman","Eightfold","Business Operations Manager 2","Project Management (Non-P&L)","","Baltimore, MD","US (CONUS)","","","","","","https://jobs.northropgrumman.com/careers/job/1340073732994"
"Northrop Grumman","Eightfold","Northrop Grumman (SkillBridge) – Manager Field Engineering Services 2","Systems/Architecture/Test","","San Diego, CA","US (CONUS)","","","","","","https://jobs.northropgrumman.com/careers/job/1340073738859"
"Northrop Grumman","Eightfold","Sentinel - Program Planning and Scheduling Analyst (2 or 3) 14636-1","Business Management Mult-Func","","Roy, UT","US (CONUS)","","","","","","https://jobs.northropgrumman.com/careers/job/1340073182957"
"Northrop Grumman","Eightfold","Test Engineer (Level 2)","Systems/Architecture/Test","","Chandler, AZ","US (CONUS)","","","","","","https://jobs.northropgrumman.com/careers/job/1340073738321"
"Northrop Grumman","Eightfold","Principal / Sr. Principal Lab Design and Operations Engineer","Electrical","","Melbourne, FL","US (CONUS)","","","","","","https://jobs.northropgrumman.com/careers/job/1340073753641"
"Northrop Grumman","Eightfold","Engineering Technician 2 - C Shift","Tech Support Mult-Func","","Salt Lake City, UT","US (CONUS)","","","","","","https://jobs.northropgrumman.com/careers/job/1340073830361"
"Northrop Grumman","Eightfold","Manager Software Engineering 2","Software","","Oklahoma City, OK","US (CONUS)","","","","","","https://jobs.northropgrumman.com/careers/job/1340071785635"
"Northrop Grumman","Eightfold","Principal / Sr Principal Project Management","Project Management (Non-P&L)","","El Segundo, CA","US (CONUS)","","","","","","https://jobs.northropgrumman.com/careers/job/1340073608740"
"Northrop Grumman","Eightfold","Sr Principal Quality Engineer","Mission/Quality Assurance","","Baltimore, MD","US (CONUS)","","","","","","https://jobs.northropgrumman.com/careers/job/1340073609528"
"Northrop Grumman","Eightfold","Principal Engineer Manufacturing","Material/Process","","San Diego, CA","US (CONUS)","","","","","","https://jobs.northropgrumman.com/careers/job/1340073709341"
"Northrop Grumman","Eightfold","Paint Technician  – Level 3 or Level 4","Tech Support Mult-Func","","Redondo Beach, CA","US (CONUS)","","","","","","https://jobs.northropgrumman.com/careers/job/1340073774266"
"Northrop Grumman","Eightfold","Senior Manager of Public Relations- Evergreen","Communications Mult-Func","","McLean, VA","US (CONUS)","","","","","","https://jobs.northropgrumman.com/careers/job/1340073822009"
"Northrop Grumman","Eightfold","Principal / Sr Principal Aeronautical Engineer","Mechanical","","Palmdale, CA","US (CONUS)","","","","","","https://jobs.northropgrumman.com/careers/job/1340072361493"
"Northrop Grumman","Eightfold","Pricing Cost Estimating Manager 2","Business Management Mult-Func","","Redondo Beach, CA","US (CONUS)","","","","","","https://jobs.northropgrumman.com/careers/job/1340070585653"
"Northrop Grumman","Eightfold","Staff Engineer Systems","Systems/Architecture/Test","","Melbourne, FL","US (CONUS)","","","","","","https://jobs.northropgrumman.com/careers/job/1340073443139"
"Northrop Grumman","Eightfold","Production Painter 3 (First Shift)","Manufacturing and Production","","Salt Lake City, UT","US (CONUS)","","","","","","https://jobs.northropgrumman.com/careers/job/1340073696174"
"Northrop Grumman","Eightfold","Systems Engineer Level 2","Systems/Architecture/Test","","Ocean Springs, MS","US (CONUS)","","","","","","https://jobs.northropgrumman.com/careers/job/1340073754769"
"Northrop Grumman","Eightfold","Staff Systems Engineer - Passive Sensing Lead","Systems/Architecture/Test","","Baltimore, MD","US (CONUS)","","","","","","https://jobs.northropgrumman.com/careers/job/1340073765091"
"Northrop Grumman","Eightfold","RF Test Engineer/ Principal RF Test Engineer- 2nd Shift","Electrical","","Baltimore, MD","US (CONUS)","","","","","","https://jobs.northropgrumman.com/careers/job/1340073769545"
"Northrop Grumman","Eightfold","Systems Engineer - Level 2 (AHT)","Systems/Architecture/Test","","Redondo Beach, CA","US (CONUS)","","","","","","https://jobs.northropgrumman.com/careers/job/1340073762115"
"Northrop Grumman","Eightfold","Sr. Principal Project Engineer 4","Mechanical","","Corinne, UT","US (CONUS)","","","","","","https://jobs.northropgrumman.com/careers/job/1340073785319"
"Northrop Grumman","Eightfold","Director - Chief Information and Digital Office","Design and Programming","","Linthicum Heights, MD","US (CONUS)","","","","","","https://jobs.northropgrumman.com/careers/job/1340073519022"
"Northrop Grumman","Eightfold","Program Manager 2  - ESPAStar Product Line","Program Management (P&L)","","Gilbert, AZ","US (CONUS)","","","","","","https://jobs.northropgrumman.com/careers/job/1340073519107"
"Northrop Grumman","Eightfold","Global Supply Chain Program Manager 3","Global Supply Chain Mult-Func","","Los Angeles, CA","US (CONUS)","","","","","","https://jobs.northropgrumman.com/careers/job/1340073573505"
"Northrop Grumman","Eightfold","Industrial Security Analyst - Level 3","Security Mult-Func","","Colorado Springs, CO","US (CONUS)","","","","","","https://jobs.northropgrumman.com/careers/job/1340073757321"
"Northrop Grumman","Eightfold","Reliability Engineer - Level 3 or 4 - Space AHT","Systems/Architecture/Test","","Huntsville, AL","US (CONUS)","","","","","","https://jobs.northropgrumman.com/careers/job/1340073831545"
"Northrop Grumman","Eightfold","Sr. Principal Modeling Simulation & Analysis Systems Engineer- 18980","Systems/Architecture/Test","","Roy, UT","US (CONUS)","","","","","","https://jobs.northropgrumman.com/careers/job/1340072637239"
"Northrop Grumman","Eightfold","Program Manager 1 - Multi-Domain Operations","Program Management (P&L)","","Boulder, CO","US (CONUS)","","","","","","https://jobs.northropgrumman.com/careers/job/1340073519684"
"Northrop Grumman","Eightfold","Government Relations Director (Civil Space Programs)","Government Relations Mult-Func","","Falls Church, VA","US (CONUS)","","","","","","https://jobs.northropgrumman.com/careers/job/1340073773920"
"Northrop Grumman","Eightfold","Industrial Security Analyst","Security Mult-Func","","Melbourne, FL","US (CONUS)","","","","","","https://jobs.northropgrumman.com/careers/job/1340073486172"
"Northrop Grumman","Eightfold","Sentinel - Sr Principal Financial Analyst (19346)","Finance and Accounting","","Roy, UT","US (CONUS)","","","","","","https://jobs.northropgrumman.com/careers/job/1340073613033"
"Northrop Grumman","Eightfold","Engineering Tech 4","Tech Support Mult-Func","","Rocket Center, WV","US (CONUS)","","","","","","https://jobs.northropgrumman.com/careers/job/1340073773600"
"Northrop Grumman","Eightfold","MLI Design Engineer/Principal MLI Design Engineer (Level 2/3)","Systems/Architecture/Test","","Redondo Beach, CA","US (CONUS)","","","","","","https://jobs.northropgrumman.com/careers/job/1340073771698"
"Northrop Grumman","Eightfold","Staff Support Equipment Engineer CoTE","Engineering Mult-Func","","Oklahoma City, OK","US (CONUS)","","","","","","https://jobs.northropgrumman.com/careers/job/1340073612114"
"Northrop Grumman","Eightfold","Structural Engineers Level 3 or 4","Mechanical","","Ocean Springs, MS","US (CONUS)","","","","","","https://jobs.northropgrumman.com/careers/job/1340073770299"
"Northrop Grumman","Eightfold","Manager Supply Chain 1","Global Supply Chain Mult-Func","","Palmdale, CA","US (CONUS)","","","","","","https://jobs.northropgrumman.com/careers/job/1340073571239"
"Northrop Grumman","Eightfold","Reliability Systems Safety Engineer 3/4","Systems/Architecture/Test","","Sunnyvale, CA","US (CONUS)","","","","","","https://jobs.northropgrumman.com/careers/job/1340073775182"
"Northrop Grumman","Eightfold","Non Destructive Test Technician (NDT)  – Level 2 or Level 3","Mission and Quality Assurance","","Corinne, UT","US (CONUS)","","","","","","https://jobs.northropgrumman.com/careers/job/1340071825110"
"Northrop Grumman","Eightfold","Staff Electronics Engineer - Hardware Integration Technical Lead","Electrical","","Melbourne, FL","US (CONUS)","","","","","","https://jobs.northropgrumman.com/careers/job/1340072941254"
"Northrop Grumman","Eightfold","Principal or Sr. Principal Field Engineer","Systems/Architecture/Test","","UT","US (CONUS)","","","","","","https://jobs.northropgrumman.com/careers/job/1340073753081"
"Northrop Grumman","Eightfold","Systems Engineer Level 3/4","Systems/Architecture/Test","","Ocean Springs, MS","US (CONUS)","","","","","","https://jobs.northropgrumman.com/careers/job/1340073755641"
"Northrop Grumman","Eightfold","Sr. Principal Propulsion Engineer - 4","Electrical","","Corinne, UT","US (CONUS)","","","","","","https://jobs.northropgrumman.com/careers/job/1340073757559"
"Northrop Grumman","Eightfold","Manager Test Pilot Engineering 2","Flight Operations Mult-Func","","Edwards AFB, CA","US (CONUS)","","","","","","https://jobs.northropgrumman.com/careers/job/1340073762264"
"Northrop Grumman","Eightfold","Staff Engineer Liaison - NCR Liaison Offer (26-330)","Tech Support Mult-Func","","Fort Belvoir, VA","US (CONUS)","","","","","","https://jobs.northropgrumman.com/careers/job/1340073751710"
"Northrop Grumman","Eightfold","Supply Chain Planning Specialist or Principal SC Planning Specialist","Global Supply Chain Mult-Func","","Baltimore, MD","US (CONUS)","","","","","","https://jobs.northropgrumman.com/careers/job/1340073749515"
"Northrop Grumman","Eightfold","Principal OR Senior Principal Navigation Engineer","Systems/Architecture/Test","","El Segundo, CA","US (CONUS)","","","","","","https://jobs.northropgrumman.com/careers/job/1340073822131"
"Northrop Grumman","Eightfold","Mechanical Design Engineer - Level 2 / Level 3","Mechanical","","Melbourne, FL","US (CONUS)","","","","","","https://jobs.northropgrumman.com/careers/job/1340073622556"
"Northrop Grumman","Eightfold","Staff Software Engineer – Level 5","Software","","Redondo Beach, CA","US (CONUS)","","","","","","https://jobs.northropgrumman.com/careers/job/1340073773232"
"Northrop Grumman","Eightfold","Systems Engineering Manager 2","Systems/Architecture/Test","","Corinne, UT","US (CONUS)","","","","","","https://jobs.northropgrumman.com/careers/job/1340073182377"
"Northrop Grumman","Eightfold","Prin Talent Acquisition Business Partner Sourcing - (SkillBridge)","Staffing, Employment,Transfers","","New York, NY","US (CONUS)","","","","","","https://jobs.northropgrumman.com/careers/job/1340073778298"
"Northrop Grumman","Eightfold","Sentinel - Mechanical Engineer L1/L2 (19649*)","Mechanical","","Roy, UT","US (CONUS)","","","","","","https://jobs.northropgrumman.com/careers/job/1340073709452"
"Northrop Grumman","Eightfold","Principal Supply Chain Procurement Specialist","Global Supply Chain Mult-Func","","Sunnyvale, CA","US (CONUS)","","","","","","https://jobs.northropgrumman.com/careers/job/1340073757219"
"Northrop Grumman","Eightfold","Contract Order Administrator 4","Contracts","","Mesa, AZ","US (CONUS)","","","","","","https://jobs.northropgrumman.com/careers/job/1340073736209"
"Northrop Grumman","Eightfold","Principal Systems Engineer - Modeling Simulation & Analysis (MS&A) - 18987*","Systems/Architecture/Test","","Roy, UT","US (CONUS)","","","","","","https://jobs.northropgrumman.com/careers/job/1340072786182"
"Northrop Grumman","Eightfold","Safety Engineer","Environmental","","New Malden, England, GB","International","","","","","","https://jobs.northropgrumman.com/careers/job/1340073743853"
"Northrop Grumman","Eightfold","Principal Facilities Planner (Level 3)","Facilities Mult-Func","","Redondo Beach, CA","US (CONUS)","","","","","","https://jobs.northropgrumman.com/careers/job/1340073770834"
"Northrop Grumman","Eightfold","Acoustic Analyst Level 5","Mechanical","","Sunnyvale, CA","US (CONUS)","","","","","","https://jobs.northropgrumman.com/careers/job/1340073786673"
"Northrop Grumman","Eightfold","Data Automation Engineer/Analyst - Level 2 or 3 (AHT)","Software","","Aurora, CO","US (CONUS)","","","","","","https://jobs.northropgrumman.com/careers/job/1340073771219"
"Northrop Grumman","Eightfold","Director 2 Strategic Cost Management","Finance and Accounting","","Falls Church, VA","US (CONUS)","","","","","","https://jobs.northropgrumman.com/careers/job/1340072898383"
"Northrop Grumman","Eightfold","Principal Engineer Facilities - Level 3","Facilities Mult-Func","","Redondo Beach, CA","US (CONUS)","","","","","","https://jobs.northropgrumman.com/careers/job/1340073771269"
"Northrop Grumman","Eightfold","Director 1 Capture – Space Systems Superiority Division (TS/SCI)","Capture","","Dulles, VA","US (CONUS)","","","","","","https://jobs.northropgrumman.com/careers/job/1340073757254"
"Northrop Grumman","Eightfold","GNC Engineer: Modeling & Simulation Product Lead – GPI (Level 4/5) – Secret","Systems/Architecture/Test","","Chandler, AZ","US (CONUS)","","","","","","https://jobs.northropgrumman.com/careers/job/1340073773586"
"Northrop Grumman","Eightfold","Staff Software Quality Engineer - 17934","Mission/Quality Assurance","","Roy, UT","US (CONUS)","","","","","","https://jobs.northropgrumman.com/careers/job/1340073793717"
"Northrop Grumman","Eightfold","Systems Engineer - Level 7 Mission Modeling Simulation – Level 7","Systems/Architecture/Test","","Chandler, AZ","US (CONUS)","","","","","","https://jobs.northropgrumman.com/careers/job/1340073741353"
"Northrop Grumman","Eightfold","Systems Engineering Manager 2- Mission Modeling Simulation","Systems/Architecture/Test","","Chandler, AZ","US (CONUS)","","","","","","https://jobs.northropgrumman.com/careers/job/1340073741168"
"Northrop Grumman","Eightfold","Systems Engineer - Mission Modeling Simulation – Level 6","Systems/Architecture/Test","","Chandler, AZ","US (CONUS)","","","","","","https://jobs.northropgrumman.com/careers/job/1340073741267"
"Northrop Grumman","Eightfold","Principal / Sr Principal Software Signal Processing Engineer","Software","","Colorado Springs, CO","US (CONUS)","","","","","","https://jobs.northropgrumman.com/careers/job/1340072962013"
"Northrop Grumman","Eightfold","Engineer or Principal Engineer Material & Process","Material/Process","","El Segundo, CA","US (CONUS)","","","","","","https://jobs.northropgrumman.com/careers/job/1340073769373"
"Northrop Grumman","Eightfold","Program Cost Control Analyst 2 or 3 - Finance","Business Management Mult-Func","","Dulles, VA","US (CONUS)","","","","","","https://jobs.northropgrumman.com/careers/job/1340073088559"
"Northrop Grumman","Eightfold","Program Cost Control Analyst Level 4 - Finance","Business Management Mult-Func","","Dulles, VA","US (CONUS)","","","","","","https://jobs.northropgrumman.com/careers/job/1340073773887"
"Northrop Grumman","Eightfold","PSM OU Fabrication Center - CMM Operator - Dimension Control Tech 3 or 4","Manufacturing and Production","","Lake Charles, LA","US (CONUS)","","","","","","https://jobs.northropgrumman.com/careers/job/1340073774962"
"Northrop Grumman","Eightfold","Senior Principal Aeronautical Engineer (USAF Sustainment Sub-IPT Lead)","Mechanical","","San Diego, CA","US (CONUS)","","","","","","https://jobs.northropgrumman.com/careers/job/1340073768338"
"Northrop Grumman","Eightfold","Program Cost Control Analyst 2 or 3 - Finance","Business Management Mult-Func","","Dulles, VA","US (CONUS)","","","","","","https://jobs.northropgrumman.com/careers/job/1340073773589"
"Northrop Grumman","Eightfold","Enterprise Services Program Manager (ESPM) - 19439 - Roy Utah","Design and Programming","","Roy, UT","US (CONUS)","","","","","","https://jobs.northropgrumman.com/careers/job/1340073709843"
"Northrop Grumman","Eightfold","Staff Aeronautical Engineer (USAF Sustainment Sub-IPT Lead)","Mechanical","","San Diego, CA","US (CONUS)","","","","","","https://jobs.northropgrumman.com/careers/job/1340073768549"
"Northrop Grumman","Eightfold","Engineering Technician 2","Tech Support Mult-Func","","Rocket Center, WV","US (CONUS)","","","","","","https://jobs.northropgrumman.com/careers/job/1340073725988"
"Northrop Grumman","Eightfold","Principal Logistics Mgmt Analyst","Tech Support Mult-Func","","Corinne, UT","US (CONUS)","","","","","","https://jobs.northropgrumman.com/careers/job/1340073712917"
"Northrop Grumman","Eightfold","Principal Linux Systems Administration - TS/SCI","Design and Programming","","Redondo Beach, CA","US (CONUS)","","","","","","https://jobs.northropgrumman.com/careers/job/1340073703382"
"Northrop Grumman","Eightfold","Engineering Technician 2 (2nd Shift)","Tech Support Mult-Func","","Rocket Center, WV","US (CONUS)","","","","","","https://jobs.northropgrumman.com/careers/job/1340073725976"
"Northrop Grumman","Eightfold","Manager Supply Chain Programs 2","Global Supply Chain Mult-Func","","Lake Charles, LA","US (CONUS)","","","","","","https://jobs.northropgrumman.com/careers/job/1340073736574"
"Northrop Grumman","Eightfold","Milling Machine Machinist Level 3/4","Manufacturing and Production","","Clearfield, UT","US (CONUS)","","","","","","https://jobs.northropgrumman.com/careers/job/1340073740014"
"Northrop Grumman","Eightfold","Principal/Sr. Principal Electrical Subsystem Wiring Design Engineer","Electrical","","Melbourne, FL","US (CONUS)","","","","","","https://jobs.northropgrumman.com/careers/job/1340072707182"
"Northrop Grumman","Eightfold","Accountant - Secret - Falls Church VA","Finance and Accounting","","Redondo Beach, CA","US (CONUS)","","","","","","https://jobs.northropgrumman.com/careers/job/1340073733811"
"Northrop Grumman","Eightfold","Sentinel - Principal/Sr. Principal Systems Engineer - 19628*","Systems/Architecture/Test","","Roy, UT","US (CONUS)","","","","","","https://jobs.northropgrumman.com/careers/job/1340073718009"
"Northrop Grumman","Eightfold","Senior Human Resources Director 2","Human Resources Mult-Func","","El Segundo, CA","US (CONUS)","","","","","","https://jobs.northropgrumman.com/careers/job/1340073723539"
"Northrop Grumman","Eightfold","Principal or Sr. Principal Engineer Aeronautical - Crew and Equipment Design","Mechanical","","Melbourne, FL","US (CONUS)","","","","","","https://jobs.northropgrumman.com/careers/job/1340073614020"
"Northrop Grumman","Eightfold","Lead Software Engineer","Cyber","","London, England, GB","International","","","","","","https://jobs.northropgrumman.com/careers/job/1340073679837"
"Northrop Grumman","Eightfold","Manager Systems Engineering - Level 1","Systems/Architecture/Test","","Boulder, CO","US (CONUS)","","","","","","https://jobs.northropgrumman.com/careers/job/1340073724726"
"Northrop Grumman","Eightfold","Systems Engineer - Level 4 (AHT)","Systems/Architecture/Test","","Chandler, AZ","US (CONUS)","","","","","","https://jobs.northropgrumman.com/careers/job/1340073740551"
"Northrop Grumman","Eightfold","Principal Test Conductor","Mission and Quality Assurance","","Gilbert, AZ","US (CONUS)","","","","","","https://jobs.northropgrumman.com/careers/job/1340073675064"
"Northrop Grumman","Eightfold","Sr Principal Chief Engineer","Engineering Mult-Func","","Apopka, FL","US (CONUS)","","","","","","https://jobs.northropgrumman.com/careers/job/1340073692762"
"Northrop Grumman","Eightfold","Maintenance Electrician 3","Facilities Mult-Func","","Charlottesville, VA","US (CONUS)","","","","","","https://jobs.northropgrumman.com/careers/job/1340073705592"
"Northrop Grumman","Eightfold","Staff Motor Drive Engineer","Electrical","","Rolling Meadows, IL","US (CONUS)","","","","","","https://jobs.northropgrumman.com/careers/job/1340073722746"
"Northrop Grumman","Eightfold","Systems Engineer - Level 3 (AHT)","Systems/Architecture/Test","","Redondo Beach, CA","US (CONUS)","","","","","","https://jobs.northropgrumman.com/careers/job/1340073741070"
"Northrop Grumman","Eightfold","Senior Principal Air Vehicle Management Engineer","Mechanical","","Marietta, GA","US (CONUS)","","","","","","https://jobs.northropgrumman.com/careers/job/1340072709696"
"Northrop Grumman","Eightfold","Security Coordinator - Level 3 or Level 4","Security Mult-Func","","Dulles, VA","US (CONUS)","","","","","","https://jobs.northropgrumman.com/careers/job/1340071714489"
"Northrop Grumman","Eightfold","Staff GNC Engineer – Flying Qualities","Systems/Architecture/Test","","Melbourne, FL","US (CONUS)","","","","","","https://jobs.northropgrumman.com/careers/job/1340073704597"
"Northrop Grumman","Eightfold","Principal / Sr. Principal Simulation Software Engineer","Software","","Oklahoma City, OK","US (CONUS)","","","","","","https://jobs.northropgrumman.com/careers/job/1340072044999"
"Northrop Grumman","Eightfold","Principal MLI Design Engineer/Senior Principal MLI Design Engineer (Level 3/4)","Systems/Architecture/Test","","Redondo Beach, CA","US (CONUS)","","","","","","https://jobs.northropgrumman.com/careers/job/1340073738924"
"Northrop Grumman","Eightfold","Modeling & Simulation Systems Engineer - Level 4 (AHT)","Systems/Architecture/Test","","Colorado Springs, CO","US (CONUS)","","","","","","https://jobs.northropgrumman.com/careers/job/1340073740705"
"Northrop Grumman","Eightfold","Antenna Test Engineer -2nd Shift","Electrical","","Baltimore, MD","US (CONUS)","","","","","","https://jobs.northropgrumman.com/careers/job/1340071634032"
"Northrop Grumman","Eightfold","Staff Air Vehicle Management Engineer","Mechanical","","Marietta, GA","US (CONUS)","","","","","","https://jobs.northropgrumman.com/careers/job/1340072709209"
"Northrop Grumman","Eightfold","Accountant - Secret - Redondo Beach CA","Finance and Accounting","","Redondo Beach, CA","US (CONUS)","","","","","","https://jobs.northropgrumman.com/careers/job/1340072934153"
"Northrop Grumman","Eightfold","Staff Engineer Hardware","Material/Process","","San Diego, CA","US (CONUS)","","","","","","https://jobs.northropgrumman.com/careers/job/1340073488837"
"Northrop Grumman","Eightfold","Manager Electronics Engineering 1","Electrical","","Rolling Meadows, IL","US (CONUS)","","","","","","https://jobs.northropgrumman.com/careers/job/1340073674084"
"Northrop Grumman","Eightfold","Enterprise Security Information System (ESIS) Team Lead","Security Mult-Func","","Irving, TX","US (CONUS)","","","","","","https://jobs.northropgrumman.com/careers/job/1340073724829"
"Northrop Grumman","Eightfold","Project Engineering Manager 2","Engineering Mult-Func","","Corinne, UT","US (CONUS)","","","","","","https://jobs.northropgrumman.com/careers/job/1340073725980"
"Northrop Grumman","Eightfold","Aeronautical Engineer (level 2/3) -  Subsystems Project Engineer","Mechanical","","Palmdale, CA","US (CONUS)","","","","","","https://jobs.northropgrumman.com/careers/job/1340073738621"
"Northrop Grumman","Eightfold","Sr Principal Software Engineer","Software","","Colorado Springs, CO","US (CONUS)","","","","","","https://jobs.northropgrumman.com/careers/job/1340071977368"
"Northrop Grumman","Eightfold","Supply Chain Technical Coordinator 1 or 2","Global Supply Chain Mult-Func","","Palmdale, CA","US (CONUS)","","","","","","https://jobs.northropgrumman.com/careers/job/1340073409023"
"Northrop Grumman","Eightfold","Lead Software Engineer","Cyber","","Manchester, England, GB","International","","","","","","https://jobs.northropgrumman.com/careers/job/1340073679849"
"Northrop Grumman","Eightfold","Principal Computer Systems Architect (Software) (26-377)","Design and Programming","","Colorado Springs, CO","US (CONUS)","","","","","","https://jobs.northropgrumman.com/careers/job/1340073708326"
"Northrop Grumman","Eightfold","GNC Engineer: Actuators - Level 3/4 (Chandler)","Systems/Architecture/Test","","Chandler, AZ","US (CONUS)","","","","","","https://jobs.northropgrumman.com/careers/job/1340073709199"
"Northrop Grumman","Eightfold","Manager Field Engineering Services 2","Systems/Architecture/Test","","San Diego, CA","US (CONUS)","","","","","","https://jobs.northropgrumman.com/careers/job/1340073736005"
"Northrop Grumman","Eightfold","Systems Engineer - Level 3 (AHT)","Systems/Architecture/Test","","Redondo Beach, CA","US (CONUS)","","","","","","https://jobs.northropgrumman.com/careers/job/1340073741078"
"Northrop Grumman","Eightfold","Supply Chain Planning Specialist","Global Supply Chain Mult-Func","","Beavercreek, OH","US (CONUS)","","","","","","https://jobs.northropgrumman.com/careers/job/1340073551411"
"Northrop Grumman","Eightfold","Aeronautical/Mechanical Engineer 2/3","Mechanical","","Sunnyvale, CA","US (CONUS)","","","","","","https://jobs.northropgrumman.com/careers/job/1340073613481"
"Northrop Grumman","Eightfold","Systems Engineer: Electrical - Level 1 or 2 (AHT)","Systems/Architecture/Test","","Chandler, AZ","US (CONUS)","","","","","","https://jobs.northropgrumman.com/careers/job/1340073727227"
"Northrop Grumman","Eightfold","Staff Chief Engineer","Engineering Mult-Func","","Apopka, FL","US (CONUS)","","","","","","https://jobs.northropgrumman.com/careers/job/1340073691944"
"Northrop Grumman","Eightfold","Principal/Sr Principal Flight Test Engineer - ECS","Systems/Architecture/Test","","Edwards AFB, CA","US (CONUS)","","","","","","https://jobs.northropgrumman.com/careers/job/1340072789524"
"Northrop Grumman","Eightfold","Sr Principal Contract Administrator - 18570","Contracts","","Roy, UT","US (CONUS)","","","","","","https://jobs.northropgrumman.com/careers/job/1340073518712"
"Northrop Grumman","Eightfold","Principal Engineer Software","Software","","El Segundo, CA","US (CONUS)","","","","","","https://jobs.northropgrumman.com/careers/job/1340073611419"
"Northrop Grumman","Eightfold","Test Conductor","Mission and Quality Assurance","","Gilbert, AZ","US (CONUS)","","","","","","https://jobs.northropgrumman.com/careers/job/1340073675013"
"Northrop Grumman","Eightfold","Embedded Software Engineer - Level 1 and 2","Software","","Warner Robins, GA","US (CONUS)","","","","","","https://jobs.northropgrumman.com/careers/job/1340073611269"
"Northrop Grumman","Eightfold","Manufacturing Engineer - Level 2 or Level 3","Material/Process","","Sterling, VA","US (CONUS)","","","","","","https://jobs.northropgrumman.com/careers/job/1340073738474"
"Northrop Grumman","Eightfold","Systems Engineer - Level 2 (AHT)","Systems/Architecture/Test","","Redondo Beach, CA","US (CONUS)","","","","","","https://jobs.northropgrumman.com/careers/job/1340073741024"
"Northrop Grumman","Eightfold","Sr Principal Mechanical Engineer","Mechanical","","Melbourne, FL","US (CONUS)","","","","","","https://jobs.northropgrumman.com/careers/job/1340073622292"
"Northrop Grumman","Eightfold","Principal Engineer Electrical","Electrical","","Gilbert, AZ","US (CONUS)","","","","","","https://jobs.northropgrumman.com/careers/job/1340073735094"
"Northrop Grumman","Eightfold","Software Engineer / Principal Software Engineer (Top Secret Clearance)","Software","","Manhattan Beach, CA","US (CONUS)","","","","","","https://jobs.northropgrumman.com/careers/job/1340073730855"
"Northrop Grumman","Eightfold","Cyber Systems Engineer 4 - Space AHT","Cyber","","Huntsville, AL","US (CONUS)","","","","","","https://jobs.northropgrumman.com/careers/job/1340073574499"
"Northrop Grumman","Eightfold","Sentinel - Principal/Sr. Principal Systems Engineer - 19627*","Systems/Architecture/Test","","Roy, UT","US (CONUS)","","","","","","https://jobs.northropgrumman.com/careers/job/1340073718261"
"Northrop Grumman","Eightfold","Dimension Control Technician 3/4 (B-shift)","Manufacturing and Production","","Clearfield, UT","US (CONUS)","","","","","","https://jobs.northropgrumman.com/careers/job/1340073594644"
"Northrop Grumman","Eightfold","Lead Software Engineer","Cyber","","Cheltenham, England, GB","International","","","","","","https://jobs.northropgrumman.com/careers/job/1340073679540"
"Northrop Grumman","Eightfold","Global Supply Chain Program Manager 3","Global Supply Chain Mult-Func","","Corinne, UT","US (CONUS)","","","","","","https://jobs.northropgrumman.com/careers/job/1340073722759"
"Northrop Grumman","Eightfold","Principal / Sr. Principal Cloud & DevSecOps Engineer – Azure/AWS (TS/SCI)","Software","","Wright-Patterson AFB, OH","US (CONUS)","","","","","","https://jobs.northropgrumman.com/careers/job/1340073723161"
"Northrop Grumman","Eightfold","Dimension Control Technician 1/2 (A-shift)","Manufacturing and Production","","Clearfield, UT","US (CONUS)","","","","","","https://jobs.northropgrumman.com/careers/job/1340073739948"
"Northrop Grumman","Eightfold","Field Services Representative","Tech Support Mult-Func","","Amberley, QLD, AU","International","","","","","","https://jobs.northropgrumman.com/careers/job/1340073644024"
"Northrop Grumman","Eightfold","Manager Test Engineering 2","Systems/Architecture/Test","","San Diego, CA","US (CONUS)","","","","","","https://jobs.northropgrumman.com/careers/job/1340073736758"
"Northrop Grumman","Eightfold","Principal Scrum Master (Software Engr) (26-378)","Operations (IT)","","Huntsville, AL","US (CONUS)","","","","","","https://jobs.northropgrumman.com/careers/job/1340073706606"
"Northrop Grumman","Eightfold","Systems Engineer Level 5 - Mission Modeling Simulation","Systems/Architecture/Test","","Chandler, AZ","US (CONUS)","","","","","","https://jobs.northropgrumman.com/careers/job/1340073740578"
"Northrop Grumman","Eightfold","Manufacturing Technician 2","Manufacturing and Production","","Goleta, CA","US (CONUS)","","","","","","https://jobs.northropgrumman.com/careers/job/1340073589910"
"Northrop Grumman","Eightfold","SkillBridge Design Engineer-17039","Systems/Architecture/Test","","Roy, UT","US (CONUS)","","","","","","https://jobs.northropgrumman.com/careers/job/1340073731789"
"Northrop Grumman","Eightfold","Contracts Administrator - Contracts Operations","Contracts","","El Segundo, CA","US (CONUS)","","","","","","https://jobs.northropgrumman.com/careers/job/1340073740980"
"Northrop Grumman","Eightfold","Supply Chain Procurement Specialist","Global Supply Chain Mult-Func","","New York, NY","US (CONUS)","","","","","","https://jobs.northropgrumman.com/careers/job/1340073709445"
"Northrop Grumman","Eightfold","Principal/ Sr. Principal Electronics Engineer  – Mission Processing","Electrical","","Melbourne, FL","US (CONUS)","","","","","","https://jobs.northropgrumman.com/careers/job/1340073722959"
"Northrop Grumman","Eightfold","Manager Material Distribution 1","Plan","","Lake Charles, LA","US (CONUS)","","","","","","https://jobs.northropgrumman.com/careers/job/1340073737007"
"Northrop Grumman","Eightfold","Mission Assurance Engineer - 12914-1*","Mission/Quality Assurance","","Roy, UT","US (CONUS)","","","","","","https://jobs.northropgrumman.com/careers/job/1340073700813"
"Northrop Grumman","Eightfold","Supply Chain Subcontract Specialist","Global Supply Chain Mult-Func","","San Diego, CA","US (CONUS)","","","","","","https://jobs.northropgrumman.com/careers/job/1340073595635"
"Northrop Grumman","Eightfold","Program Manager 1 – Carbon-Carbon Manufacturing","Program Management (P&L)","","Corinne, UT","US (CONUS)","","","","","","https://jobs.northropgrumman.com/careers/job/1340073739986"
"Northrop Grumman","Eightfold","2027 Associate Logistics Planner/Logistics Planner","Manufacturing and Production","","Melbourne, FL","US (CONUS)","","","","","","https://jobs.northropgrumman.com/careers/job/1340073740943"
"Northrop Grumman","Eightfold","Sr Principal Engineer Systems Modeling Simulation","Systems/Architecture/Test","","Melbourne, FL","US (CONUS)","","","","","","https://jobs.northropgrumman.com/careers/job/1340071991042"
"Northrop Grumman","Eightfold","Engineer Propulsion Level 2/3","Mechanical","","Rocket Center, WV","US (CONUS)","","","","","","https://jobs.northropgrumman.com/careers/job/1340073732991"
"Northrop Grumman","Eightfold","Business Management Analyst - Level 3 or 4","Business Management Mult-Func","","Redondo Beach, CA","US (CONUS)","","","","","","https://jobs.northropgrumman.com/careers/job/1340073591219"
"Northrop Grumman","Eightfold","Engr Energetics Mfg - Lvl 2/3","Material/Process","","Elkton, MD","US (CONUS)","","","","","","https://jobs.northropgrumman.com/careers/job/1340073735353"
"Northrop Grumman","Eightfold","Principal/Sr Principal Flight Test Engineer - ECS","Systems/Architecture/Test","","Edwards AFB, CA","US (CONUS)","","","","","","https://jobs.northropgrumman.com/careers/job/1340072790712"
"Northrop Grumman","Eightfold","Principal/Sr. Principal Electrical Engineer - Power Design - 19613","Electrical","","Roy, UT","US (CONUS)","","","","","","https://jobs.northropgrumman.com/careers/job/1340073609041"
"Northrop Grumman","Eightfold","Sr. Principal GNC Engineer – Flying Qualities","Systems/Architecture/Test","","Melbourne, FL","US (CONUS)","","","","","","https://jobs.northropgrumman.com/careers/job/1340073704244"
"Northrop Grumman","Eightfold","Subcontracts Officer","Contracts","","Springfield Central, QLD, AU","International","","","","","","https://jobs.northropgrumman.com/careers/job/1340073541144"
"Northrop Grumman","Eightfold","System Test Engineer","Systems/Architecture/Test","","MD","US (CONUS)","","","","","","https://jobs.northropgrumman.com/careers/job/1340068396786"
"Northrop Grumman","Eightfold","Industrial Security Manager 3 (Aeronautics Systems)","Security Mult-Func","","Palmdale, CA","US (CONUS)","","","","","","https://jobs.northropgrumman.com/careers/job/1340073724381"
"Northrop Grumman","Eightfold","Advanced Programs Systems Engineering Manager 2- 18236","Systems/Architecture/Test","","Huntsville, AL","US (CONUS)","","","","","","https://jobs.northropgrumman.com/careers/job/1340073731946"
"Northrop Grumman","Eightfold","Staff Engineer Systems","Systems/Architecture/Test","","Azusa, CA","US (CONUS)","","","","","","https://jobs.northropgrumman.com/careers/job/1340073351529"
"Northrop Grumman","Eightfold","Operations Project Management","Project Management (Non-P&L)","","Oklahoma City, OK","US (CONUS)","","","","","","https://jobs.northropgrumman.com/careers/job/1340073672152"
"Northrop Grumman","Eightfold","Supply Chain Operations Coordinator 2 or 3","Global Supply Chain Mult-Func","","Palmdale, CA","US (CONUS)","","","","","","https://jobs.northropgrumman.com/careers/job/1340073737533"
"Northrop Grumman","Eightfold","Systems Engineering Manager 3","Systems/Architecture/Test","","Charlottesville, VA","US (CONUS)","","","","","","https://jobs.northropgrumman.com/careers/job/1340073724759"
"Northrop Grumman","Eightfold","Software Engineer/Principal Software Engineer (AHT)","Software","","Beavercreek, OH","US (CONUS)","","","","","","https://jobs.northropgrumman.com/careers/job/1340073728331"
"Northrop Grumman","Eightfold","Systems Engineering Director 1","Systems/Architecture/Test","","Baltimore, MD","US (CONUS)","","","","","","https://jobs.northropgrumman.com/careers/job/1340073730598"
"Northrop Grumman","Eightfold","Sentinel - Staff Systems Engineer - 19621*","Systems/Architecture/Test","","Roy, UT","US (CONUS)","","","","","","https://jobs.northropgrumman.com/careers/job/1340073719062"
"Northrop Grumman","Eightfold","Melbourne Engineering Center - Principal Systems Engineer","Systems/Architecture/Test","","Melbourne, FL","US (CONUS)","","","","","","https://jobs.northropgrumman.com/careers/job/1340073741511"
"Northrop Grumman","Eightfold","Software Engineer Level 2 or 3 (AHT)","Software","","Aurora, CO","US (CONUS)","","","","","","https://jobs.northropgrumman.com/careers/job/1340073733829"
"Northrop Grumman","Eightfold","Python Software Engineer Level 2 (AHT)","Software","","Aurora, CO","US (CONUS)","","","","","","https://jobs.northropgrumman.com/careers/job/1340073736137"
"Northrop Grumman","Eightfold","2027 Intern Software Engineer","Intern/Casual","","Melbourne, FL","US (CONUS)","","","","","","https://jobs.northropgrumman.com/careers/job/1340073448461"
"Northrop Grumman","Eightfold","System Security Engineer (Melbourne FL) (Level 3 or 4) (Supply Chain)","Systems/Architecture/Test","","Melbourne, FL","US (CONUS)","","","","","","https://jobs.northropgrumman.com/careers/job/1340073586577"
"Northrop Grumman","Eightfold","AI Tooling Engineer – Level 2 or 3 (AHT)","Software","","Aurora, CO","US (CONUS)","","","","","","https://jobs.northropgrumman.com/careers/job/1340073737883"
"Northrop Grumman","Eightfold","Sentinel - Human Factors Engineer / Principal Engineer - 19441","Systems/Architecture/Test","","Roy, UT","US (CONUS)","","","","","","https://jobs.northropgrumman.com/careers/job/1340073670949"
"Northrop Grumman","Eightfold","Reliability Engineer/Principal Reliability Engineer (FRACAS)","Systems/Architecture/Test","","Rolling Meadows, IL","US (CONUS)","","","","","","https://jobs.northropgrumman.com/careers/job/1340073735906"
"Northrop Grumman","Eightfold","Business Development Manager 3  ( TS/SCI)","Account Management","","Redondo Beach, CA","US (CONUS)","","","","","","https://jobs.northropgrumman.com/careers/job/1340073345757"
"Northrop Grumman","Eightfold","Quality Inspector 3","Mission and Quality Assurance","","Boulder, CO","US (CONUS)","","","","","","https://jobs.northropgrumman.com/careers/job/1340073723240"
"Northrop Grumman","Eightfold","Human Factors Engineer - Level 3 or 4 - Space AHT","Systems/Architecture/Test","","Huntsville, AL","US (CONUS)","","","","","","https://jobs.northropgrumman.com/careers/job/1340073740250"
"Northrop Grumman","Eightfold","Staff Engineer Systems Test","Systems/Architecture/Test","","Los Angeles, CA","US (CONUS)","","","","","","https://jobs.northropgrumman.com/careers/job/1340073729713"
"Northrop Grumman","Eightfold","Program Cost and Schedule Control Analyst","Business Management Mult-Func","","Palmdale, CA","US (CONUS)","","","","","","https://jobs.northropgrumman.com/careers/job/1340073709726"
"Northrop Grumman","Eightfold","Software Engineer - Level 3","Software","","Huntsville, AL","US (CONUS)","","","","","","https://jobs.northropgrumman.com/careers/job/1340072843409"
"Northrop Grumman","Eightfold","Manufacturing Technician – Level 2","Manufacturing and Production","","Clearfield, UT","US (CONUS)","","","","","","https://jobs.northropgrumman.com/careers/job/1340073740624"
"Northrop Grumman","Eightfold","Principal / Sr. Principal Quality Analyst","Mission and Quality Assurance","","Edwards AFB, CA","US (CONUS)","","","","","","https://jobs.northropgrumman.com/careers/job/1340073532213"
"Northrop Grumman","Eightfold","Staff Linux Systems Administrator - TS/SCI","Design and Programming","","Redondo Beach, CA","US (CONUS)","","","","","","https://jobs.northropgrumman.com/careers/job/1340073702819"
"Northrop Grumman","Eightfold","Principal / Sr. Principal Project Management","Project Management (Non-P&L)","","El Segundo, CA","US (CONUS)","","","","","","https://jobs.northropgrumman.com/careers/job/1340073571229"
"Northrop Grumman","Eightfold","Staff Engineer Logistics - 18320","Material/Process","","Roy, UT","US (CONUS)","","","","","","https://jobs.northropgrumman.com/careers/job/1340072848339"
"Northrop Grumman","Eightfold","Software Engineering Manager 2","Software","","Melbourne, FL","US (CONUS)","","","","","","https://jobs.northropgrumman.com/careers/job/1340073611474"
"Northrop Grumman","Eightfold","Master Scheduler - Level 2","Business Management Mult-Func","","San Diego, CA","US (CONUS)","","","","","","https://jobs.northropgrumman.com/careers/job/1340073703371"
"Northrop Grumman","Eightfold","Sr Principal Cyber Systems Engineer – X-Lab Platform Engr (26-375)","Cyber","","Colorado Springs, CO","US (CONUS)","","","","","","https://jobs.northropgrumman.com/careers/job/1340073614222"
"Northrop Grumman","Eightfold","Mechanical Engineer (Level 2 or 3)","Mechanical","","Plymouth, MN","US (CONUS)","","","","","","https://jobs.northropgrumman.com/careers/job/1340073662650"
"Northrop Grumman","Eightfold","Non-Destructive Test Technician 1","Mission and Quality Assurance","","Clearfield, UT","US (CONUS)","","","","","","https://jobs.northropgrumman.com/careers/job/1340073674808"
"Northrop Grumman","Eightfold","Software Engineering Manager 2","Software","","Melbourne, FL","US (CONUS)","","","","","","https://jobs.northropgrumman.com/careers/job/1340073609924"
"Northrop Grumman","Eightfold","Sentinel - Sr. Staff Systems Engineer Technical Lead - 19357*","Systems/Architecture/Test","","Roy, UT","US (CONUS)","","","","","","https://jobs.northropgrumman.com/careers/job/1340073590330"
"Northrop Grumman","Eightfold","Manufacturing Analyst","Manufacturing and Production","","Warner Robins, GA","US (CONUS)","","","","","","https://jobs.northropgrumman.com/careers/job/1340073693451"
"Northrop Grumman","Eightfold","Manufacturing Technician 2","Manufacturing and Production","","Mesa, AZ","US (CONUS)","","","","","","https://jobs.northropgrumman.com/careers/job/1340073666350"
"Northrop Grumman","Eightfold","Principal Production Operations","Manufacturing and Production","","San Diego, CA","US (CONUS)","","","","","","https://jobs.northropgrumman.com/careers/job/1340073447815"
"Northrop Grumman","Eightfold","Principal or Sr. Principal Mass Properties Engineer","Mechanical","","Melbourne, FL","US (CONUS)","","","","","","https://jobs.northropgrumman.com/careers/job/1340073567609"
"Northrop Grumman","Eightfold","Sr. Principal Contract Administrator","Contracts","","Rocket Center, WV","US (CONUS)","","","","","","https://jobs.northropgrumman.com/careers/job/1340073669517"
"Northrop Grumman","Eightfold","Manager Programs 2","Program Management (P&L)","","Rolling Meadows, IL","US (CONUS)","","","","","","https://jobs.northropgrumman.com/careers/job/1340073567000"
"Northrop Grumman","Eightfold","Manager Programs 2 - Advanced Packaging","Program Management (P&L)","","Linthicum Heights, MD","US (CONUS)","","","","","","https://jobs.northropgrumman.com/careers/job/1340073691719"
"Northrop Grumman","Eightfold","Principal Optical Mechanical Window Responsible Engineer","Electrical","","Chandler, AZ","US (CONUS)","","","","","","https://jobs.northropgrumman.com/careers/job/1340073710270"
"Northrop Grumman","Eightfold","Manager Hardware Engineering 1","Material/Process","","Los Angeles, CA","US (CONUS)","","","","","","https://jobs.northropgrumman.com/careers/job/1340073692210"
"Northrop Grumman","Eightfold","Manager Programs 2","Program Management (P&L)","","Los Angeles, CA","US (CONUS)","","","","","","https://jobs.northropgrumman.com/careers/job/1340073591025"
"Northrop Grumman","Eightfold","Manager of Software Engineer Level 2","Software","","Buffalo, NY","US (CONUS)","","","","","","https://jobs.northropgrumman.com/careers/job/1340073661676"
"Northrop Grumman","Eightfold","Manager of Software Engineer Level 1","Software","","Buffalo, NY","US (CONUS)","","","","","","https://jobs.northropgrumman.com/careers/job/1340073661365"
"Northrop Grumman","Eightfold","Systems Engineer Level 5 - Ground Test IPT lead","Systems/Architecture/Test","","Chandler, AZ","US (CONUS)","","","","","","https://jobs.northropgrumman.com/careers/job/1340073424348"
"Northrop Grumman","Eightfold","Sr Staff Systems Engineer IPTL (AHT)","Systems/Architecture/Test","","Los Angeles, CA","US (CONUS)","","","","","","https://jobs.northropgrumman.com/careers/job/1340072285682"
"Northrop Grumman","Eightfold","Manufacturing Expeditor 2/3","Manufacturing and Production","","San Diego, CA","US (CONUS)","","","","","","https://jobs.northropgrumman.com/careers/job/1340073673113"
"Northrop Grumman","Eightfold","Principal / Sr Principal Facilities Industrial Engineer","Material/Process","","Baltimore, MD","US (CONUS)","","","","","","https://jobs.northropgrumman.com/careers/job/1340073673820"
"Northrop Grumman","Eightfold","Principal/Sr. Principal Construction Engineer","Facilities Mult-Func","","Colorado Springs, CO","US (CONUS)","","","","","","https://jobs.northropgrumman.com/careers/job/1340070795294"
"Northrop Grumman","Eightfold","Entry Level Machinist","NGC - Non - NGJF Union","","Rocket Center, WV","US (CONUS)","","","","","","https://jobs.northropgrumman.com/careers/job/1340073703558"
"Northrop Grumman","Eightfold","Manager Facilities Engineering 3","Facilities Mult-Func","","Linthicum Heights, MD","US (CONUS)","","","","","","https://jobs.northropgrumman.com/careers/job/1340073706159"
"Northrop Grumman","Eightfold","Software Engineer Level 3 or 4 (AHT)","Software","","Aurora, CO","US (CONUS)","","","","","","https://jobs.northropgrumman.com/careers/job/1340073709284"
"Northrop Grumman","Eightfold","Electrical Engineer / Principal Electrical Engineer","Electrical","","Warner Robins, GA","US (CONUS)","","","","","","https://jobs.northropgrumman.com/careers/job/1340073033600"
"Northrop Grumman","Eightfold","Senior Software Engineer","Cyber","","Manchester, England, GB","International","","","","","","https://jobs.northropgrumman.com/careers/job/1340073679868"
"Northrop Grumman","Eightfold","Staff RF Microwave Design Engineer","Electrical","","Aurora, CO","US (CONUS)","","","","","","https://jobs.northropgrumman.com/careers/job/1340073693417"
"Northrop Grumman","Eightfold","Manufacturing / Principal Manufacturing Process Engineer- PCB CAD/CAM","Material/Process","","Baltimore, MD","US (CONUS)","","","","","","https://jobs.northropgrumman.com/careers/job/1340073568826"
"Northrop Grumman","Eightfold","Principal or Sr. Principal Engineer Electronics - Hardware","Electrical","","Oklahoma City, OK","US (CONUS)","","","","","","https://jobs.northropgrumman.com/careers/job/1340073671935"
"Northrop Grumman","Eightfold","Sr Principal Engineer - Mass Properties Analyst","Mechanical","","Melbourne, FL","US (CONUS)","","","","","","https://jobs.northropgrumman.com/careers/job/1340071787843"
"Northrop Grumman","Eightfold","Principal / SR. Principal Manufacturing Process Engineer","Material/Process","","Baltimore, MD","US (CONUS)","","","","","","https://jobs.northropgrumman.com/careers/job/1340073518965"
"Northrop Grumman","Eightfold","Principal Industrial Security Analyst","Security Mult-Func","","Falls Church, VA","US (CONUS)","","","","","","https://jobs.northropgrumman.com/careers/job/1340072990168"
"Northrop Grumman","Eightfold","Staff Air Vehicle Engineer - Cost Volume Lead","Mechanical","","Melbourne, FL","US (CONUS)","","","","","","https://jobs.northropgrumman.com/careers/job/1340072704969"
"Northrop Grumman","Eightfold","Senior Software Engineer","Cyber","","Cheltenham, England, GB","International","","","","","","https://jobs.northropgrumman.com/careers/job/1340073679560"
"Northrop Grumman","Eightfold","Principal/ Sr Principal Manufacturing Project Engineer","Electrical","","Baltimore, MD","US (CONUS)","","","","","","https://jobs.northropgrumman.com/careers/job/1340073500993"
"Northrop Grumman","Eightfold","Sentinel - Staff Systems Engineer - 19202","Systems/Architecture/Test","","Roy, UT","US (CONUS)","","","","","","https://jobs.northropgrumman.com/careers/job/1340073187617"
"Northrop Grumman","Eightfold","Principal Information Systems Project Manager - 19470","Operations (IT)","","Roy, UT","US (CONUS)","","","","","","https://jobs.northropgrumman.com/careers/job/1340073694291"
"Northrop Grumman","Eightfold","Manager Supply Chain 2","Global Supply Chain Mult-Func","","Beavercreek, OH","US (CONUS)","","","","","","https://jobs.northropgrumman.com/careers/job/1340070817945"
"Northrop Grumman","Eightfold","Computer Systems Analyst","Design and Programming","","Hollywood, MD","US (CONUS)","","","","","","https://jobs.northropgrumman.com/careers/job/1340073476377"
"Northrop Grumman","Eightfold","Staff Manufacturing Systems Engineer - 18884","Systems/Architecture/Test","","Roy, UT","US (CONUS)","","","","","","https://jobs.northropgrumman.com/careers/job/1340073690920"
"Northrop Grumman","Eightfold","Principal Strategic Planner / Senior Principal Strategic Planner- Level 3 or 4","Operations (BD)","","El Segundo, CA","US (CONUS)","","","","","","https://jobs.northropgrumman.com/careers/job/1340073570426"
"Northrop Grumman","Eightfold","Principal / Sr Principal Manufacturing Systems Engineer 18895","Systems/Architecture/Test","","Roy, UT","US (CONUS)","","","","","","https://jobs.northropgrumman.com/careers/job/1340073666180"
"Northrop Grumman","Eightfold","Principal / Sr. Principal Systems Integration & Test Engineer - 3rd Shift","Systems/Architecture/Test","","Baltimore, MD","US (CONUS)","","","","","","https://jobs.northropgrumman.com/careers/job/1340073710093"
"Northrop Grumman","Eightfold","Sr. Principal Industrial Security Analyst","Security Mult-Func","","Falls Church, VA","US (CONUS)","","","","","","https://jobs.northropgrumman.com/careers/job/1340072989669"
"Northrop Grumman","Eightfold","Systems Engineer Level 5- Airframe IPT Lead","Program Management (P&L)","","Chandler, AZ","US (CONUS)","","","","","","https://jobs.northropgrumman.com/careers/job/1340073424218"
"Northrop Grumman","Eightfold","Quality Inspector 3 - 19227","Mission and Quality Assurance","","Huntsville, AL","US (CONUS)","","","","","","https://jobs.northropgrumman.com/careers/job/1340073465495"
"Northrop Grumman","Eightfold","Principal or Sr. Principal Engineer Electronics - Hardware","Electrical","","Oklahoma City, OK","US (CONUS)","","","","","","https://jobs.northropgrumman.com/careers/job/1340073611372"
"Northrop Grumman","Eightfold","Principal or Sr. Principal Program Planning and Scheduling Analyst","Business Management Mult-Func","","San Diego, CA","US (CONUS)","","","","","","https://jobs.northropgrumman.com/careers/job/1340073683805"
"Northrop Grumman","Eightfold","Embedded Software/Principal Embedded Software Engineer","Software","","Camarillo, CA","US (CONUS)","","","","","","https://jobs.northropgrumman.com/careers/job/1340073687358"
"Northrop Grumman","Eightfold","Sr Principal Engineer Electrical","Electrical","","Palmdale, CA","US (CONUS)","","","","","","https://jobs.northropgrumman.com/careers/job/1340073500952"
"Northrop Grumman","Eightfold","Manufacturing Technician 2-3","Manufacturing and Production","","Mesa, AZ","US (CONUS)","","","","","","https://jobs.northropgrumman.com/careers/job/1340073701944"
"Northrop Grumman","Eightfold","Program Cost and Schedule Control Analyst","Business Management Mult-Func","","Oklahoma City, OK","US (CONUS)","","","","","","https://jobs.northropgrumman.com/careers/job/1340073501931"
"Northrop Grumman","Eightfold","Vehicle Systems Engineer – Cameo Specialist","Mechanical","","Melbourne, FL","US (CONUS)","","","","","","https://jobs.northropgrumman.com/careers/job/1340073465574"
"Northrop Grumman","Eightfold","Senior Principal Oxygen System Analyst","Mechanical","","Melbourne, FL","US (CONUS)","","","","","","https://jobs.northropgrumman.com/careers/job/1340073185284"
"Northrop Grumman","Eightfold","Principal / Senior Principal Systems Engineer","Systems/Architecture/Test","","Los Angeles, CA","US (CONUS)","","","","","","https://jobs.northropgrumman.com/careers/job/1340073673746"
"Northrop Grumman","Eightfold","Modeling & Simulation Engineer - Level 3 or 4","Systems/Architecture/Test","","Huntsville, AL","US (CONUS)","","","","","","https://jobs.northropgrumman.com/careers/job/1340071487803"
"Northrop Grumman","Eightfold","Principal Mission Planner - B-2 JMPS","Tech Support Mult-Func","","Whiteman AFB, MO","US (CONUS)","","","","","","https://jobs.northropgrumman.com/careers/job/1340073587186"
"Northrop Grumman","Eightfold","Sentinel - Field Engineering Services Manager 2 - 19499","Systems/Architecture/Test","","Roy, UT","US (CONUS)","","","","","","https://jobs.northropgrumman.com/careers/job/1340073615173"
"Northrop Grumman","Eightfold","Senior Software Engineer","Cyber","","London, England, GB","International","","","","","","https://jobs.northropgrumman.com/careers/job/1340073680012"
"Northrop Grumman","Eightfold","Sr Principle Electrical Engineer – C&DH","Electrical","","Gilbert, AZ","US (CONUS)","","","","","","https://jobs.northropgrumman.com/careers/job/1340073691801"
"Northrop Grumman","Eightfold","Section Manager IPT Lead","Systems/Architecture/Test","","Los Angeles, CA","US (CONUS)","","","","","","https://jobs.northropgrumman.com/careers/job/1340073710410"
"Northrop Grumman","Eightfold","Environmental Engineer 2/3","Environmental","","Baltimore, MD","US (CONUS)","","","","","","https://jobs.northropgrumman.com/careers/job/1340073660581"
"Northrop Grumman","Eightfold","Precision Electromechanical Assembler 3","Manufacturing and Production","","Salt Lake City, UT","US (CONUS)","","","","","","https://jobs.northropgrumman.com/careers/job/1340072285213"
"Northrop Grumman","Eightfold","Principal Engineer - Simulation Modeling","Systems/Architecture/Test","","Palmdale, CA","US (CONUS)","","","","","","https://jobs.northropgrumman.com/careers/job/1340073486979"
"Northrop Grumman","Eightfold","Contract Admin Mgr","Contracts","","Elkton, MD","US (CONUS)","","","","","","https://jobs.northropgrumman.com/careers/job/1340073690781"
"Northrop Grumman","Eightfold","Precision Electromechanical Assembler 2 (Second Shift)","Manufacturing and Production","","Salt Lake City, UT","US (CONUS)","","","","","","https://jobs.northropgrumman.com/careers/job/1340071915175"
"Northrop Grumman","Eightfold","Sentinel - Principal / Sr Principal Systems Engineer - 17354","Systems/Architecture/Test","","Roy, UT","US (CONUS)","","","","","","https://jobs.northropgrumman.com/careers/job/1340073516568"
"Northrop Grumman","Eightfold","Manager Facilities 2","Facilities Mult-Func","","Elkridge, MD","US (CONUS)","","","","","","https://jobs.northropgrumman.com/careers/job/1340072563201"
"Northrop Grumman","Eightfold","Systems Engineer Level 5 - Flight Test IPT lead","Systems/Architecture/Test","","Chandler, AZ","US (CONUS)","","","","","","https://jobs.northropgrumman.com/careers/job/1340073424306"
"Northrop Grumman","Eightfold","Structural Engineer 2","Mechanical","","Corinne, UT","US (CONUS)","","","","","","https://jobs.northropgrumman.com/careers/job/1340073685452"
"Northrop Grumman","Eightfold","Principal International Trade Compliance Analyst","Compliance","","Chandler, AZ","US (CONUS)","","","","","","https://jobs.northropgrumman.com/careers/job/1340072920680"
"Northrop Grumman","Eightfold","Sentinel - Systems Engineer/Principal Systems Engineer -19142","Systems/Architecture/Test","","Roy, UT","US (CONUS)","","","","","","https://jobs.northropgrumman.com/careers/job/1340072934969"
"Northrop Grumman","Eightfold","Industrial Engineer - 19521","Material/Process","","Ogden, UT","US (CONUS)","","","","","","https://jobs.northropgrumman.com/careers/job/1340073690647"
"Northrop Grumman","Eightfold","Staff Principal Oxygen System Analyst","Mechanical","","Melbourne, FL","US (CONUS)","","","","","","https://jobs.northropgrumman.com/careers/job/1340073310371"
"Northrop Grumman","Eightfold","Sr Principal Mission Assurance Engineer","Mission/Quality Assurance","","Sykesville, MD","US (CONUS)","","","","","","https://jobs.northropgrumman.com/careers/job/1340073590967"
"Northrop Grumman","Eightfold","Precision Electromechanical Assembler 2 - Substrate Attach (2nd shift)","Manufacturing and Production","","Rolling Meadows, IL","US (CONUS)","","","","","","https://jobs.northropgrumman.com/careers/job/1340073596191"
"Northrop Grumman","Eightfold","Principal Information Systems Project Manager - 19471","Operations (IT)","","Roy, UT","US (CONUS)","","","","","","https://jobs.northropgrumman.com/careers/job/1340073697385"
"Northrop Grumman","Eightfold","Systems Engineer Level 6  - Software IPT lead","Systems/Architecture/Test","","Chandler, AZ","US (CONUS)","","","","","","https://jobs.northropgrumman.com/careers/job/1340073424346"
"Northrop Grumman","Eightfold","Senior Project Manager","Project Management (Non-P&L)","","New Malden, England, GB","International","","","","","","https://jobs.northropgrumman.com/careers/job/1340073610248"
"Northrop Grumman","Eightfold","Sr Principal Cyber Systems Engineer #2018-2","Cyber","","Huntsville, AL","US (CONUS)","","","","","","https://jobs.northropgrumman.com/careers/job/1340073692189"
"Northrop Grumman","Eightfold","Principal Software Engineer (AHT)","Software","","Hollywood, MD","US (CONUS)","","","","","","https://jobs.northropgrumman.com/careers/job/1340073707128"
"Northrop Grumman","Eightfold","Principal Program Cost and Schedule Control Analyst","Business Management Mult-Func","","Oklahoma City, OK","US (CONUS)","","","","","","https://jobs.northropgrumman.com/careers/job/1340071904378"
"Northrop Grumman","Eightfold","Principal / Sr. Principal Project Management","Project Management (Non-P&L)","","El Segundo, CA","US (CONUS)","","","","","","https://jobs.northropgrumman.com/careers/job/1340073569996"
"Northrop Grumman","Eightfold","Staff Facilities Industrial Engineer","Material/Process","","Baltimore, MD","US (CONUS)","","","","","","https://jobs.northropgrumman.com/careers/job/1340073672209"
"Northrop Grumman","Eightfold","Autonomy Software Integration and Test Lead","Software","","El Segundo, CA","US (CONUS)","","","","","","https://jobs.northropgrumman.com/careers/job/1340072403542"
"Northrop Grumman","Eightfold","Financial Analyst / CAM Analyst","Project Management (Non-P&L)","","Sunnyvale, CA","US (CONUS)","","","","","","https://jobs.northropgrumman.com/careers/job/1340073709738"
"Northrop Grumman","Eightfold","Principal Maintenance Computer Analyst","Electrical","","Melbourne, FL","US (CONUS)","","","","","","https://jobs.northropgrumman.com/careers/job/1340073666346"
"Northrop Grumman","Eightfold","Cabling & Harnessing Technician - Level 2 or 3","Manufacturing and Production","","Goleta, CA","US (CONUS)","","","","","","https://jobs.northropgrumman.com/careers/job/1340073484875"
"Northrop Grumman","Eightfold","Manager Industrial Security 2","Security Mult-Func","","Clearfield, UT","US (CONUS)","","","","","","https://jobs.northropgrumman.com/careers/job/1340073672758"
"Northrop Grumman","Eightfold","Systems Engineer - Level 3","Systems/Architecture/Test","","Chandler, AZ","US (CONUS)","","","","","","https://jobs.northropgrumman.com/careers/job/1340072785189"
"Northrop Grumman","Eightfold","Systems Engineer - Level 3/4 (AHT)","Systems/Architecture/Test","","Aurora, CO","US (CONUS)","","","","","","https://jobs.northropgrumman.com/careers/job/1340073667512"
"Northrop Grumman","Eightfold","Sr Principal Engineer Quality (2nd Shift)","Mission/Quality Assurance","","Baltimore, MD","US (CONUS)","","","","","","https://jobs.northropgrumman.com/careers/job/1340073501802"
"Northrop Grumman","Eightfold","Systems Engineer - Level 2/3 (AHT)","Systems/Architecture/Test","","Aurora, CO","US (CONUS)","","","","","","https://jobs.northropgrumman.com/careers/job/1340073704916"
"Northrop Grumman","Eightfold","Principal Engineer Quality","Mission/Quality Assurance","","Baltimore, MD","US (CONUS)","","","","","","https://jobs.northropgrumman.com/careers/job/1340073500883"
"Northrop Grumman","Eightfold","Manager of General Manufacturing 1","Manufacturing and Production","","Beavercreek, OH","US (CONUS)","","","","","","https://jobs.northropgrumman.com/careers/job/1340073588607"
"Northrop Grumman","Eightfold","Manager Programs 3","Program Management (P&L)","","Baltimore, MD","US (CONUS)","","","","","","https://jobs.northropgrumman.com/careers/job/1340073693075"
"Northrop Grumman","Eightfold","Systems Engineer 2/Principal Systems Engineer 3","Systems/Architecture/Test","","Oklahoma City, OK","US (CONUS)","","","","","","https://jobs.northropgrumman.com/careers/job/1340073553731"
"Northrop Grumman","Eightfold","Sr Principal Pilot - Unmanned Aerial Vehicle (UAV)","Flight Operations Mult-Func","","Edwards AFB, CA","US (CONUS)","","","","","","https://jobs.northropgrumman.com/careers/job/1340073559041"
"Northrop Grumman","Eightfold","Principal Proposal Analyst - 19469","Proposal","","Roy, UT","US (CONUS)","","","","","","https://jobs.northropgrumman.com/careers/job/1340073706956"
"Northrop Grumman","Eightfold","Systems Engineer Level 6 - Flight Algorithm IPT lead","Systems/Architecture/Test","","Chandler, AZ","US (CONUS)","","","","","","https://jobs.northropgrumman.com/careers/job/1340073424342"
"Northrop Grumman","Eightfold","U109 Logistics Inventory and Control Coordinator B - 2nd Shift","NGC - Non - NGJF Union","","Baltimore, MD","US (CONUS)","","","","","","https://jobs.northropgrumman.com/careers/job/1340073502822"
"Northrop Grumman","Eightfold","Systems Engineer Level 6 - Seeker IPT lead","Program Management (P&L)","","Chandler, AZ","US (CONUS)","","","","","","https://jobs.northropgrumman.com/careers/job/1340073189923"
"Northrop Grumman","Eightfold","RF Test and Development Engineer","Electrical","","Baltimore, MD","US (CONUS)","","","","","","https://jobs.northropgrumman.com/careers/job/1340073700598"
"Northrop Grumman","Eightfold","RF Test and Development Engineer - 2nd Shift","Electrical","","Baltimore, MD","US (CONUS)","","","","","","https://jobs.northropgrumman.com/careers/job/1340073701124"
"Northrop Grumman","Eightfold","Agile Coach/Lead Scrum Master","Program Management (P&L)","","New Malden, England, GB","International","","","","","","https://jobs.northropgrumman.com/careers/job/1340072236235"
"Northrop Grumman","Eightfold","Manager Quality 2","Mission and Quality Assurance","","Sunnyvale, CA","US (CONUS)","","","","","","https://jobs.northropgrumman.com/careers/job/1340073551996"
"Northrop Grumman","Eightfold","Systems Integration & Test Engineers (SI&T) - 3rd Shift","Systems/Architecture/Test","","Baltimore, MD","US (CONUS)","","","","","","https://jobs.northropgrumman.com/careers/job/1340073709944"
"Northrop Grumman","Eightfold","Sentinel - Principal/Sr Principal Engineer Systems Engineer - 17356","Systems/Architecture/Test","","Roy, UT","US (CONUS)","","","","","","https://jobs.northropgrumman.com/careers/job/1340073487861"
"Northrop Grumman","Eightfold","Supply Chain Manager","Global Supply Chain Mult-Func","","Cheltenham, England, GB","International","","","","","","https://jobs.northropgrumman.com/careers/job/1340059655043"
"Northrop Grumman","Eightfold","Sentinel - Systems Engineer/Principal Systems Engineer - 19198","Systems/Architecture/Test","","Roy, UT","US (CONUS)","","","","","","https://jobs.northropgrumman.com/careers/job/1340072940325"
"Northrop Grumman","Eightfold","Proposal Analyst - Level 3","Proposal","","Redondo Beach, CA","US (CONUS)","","","","","","https://jobs.northropgrumman.com/careers/job/1340072145201"
"Northrop Grumman","Eightfold","Principal Program Cost and Schedule Control Analyst (18205 / 19486)","Business Management Mult-Func","","Roy, UT","US (CONUS)","","","","","","https://jobs.northropgrumman.com/careers/job/1340072849132"
"Northrop Grumman","Eightfold","SkillBridge - Program Cost and Schedule Control Analyst","Business Management Mult-Func","","San Diego, CA","US (CONUS)","","","","","","https://jobs.northropgrumman.com/careers/job/1340073574737"
"Northrop Grumman","Eightfold","Master Scheduler - Level 2","Business Management Mult-Func","","San Diego, CA","US (CONUS)","","","","","","https://jobs.northropgrumman.com/careers/job/1340073703386"
"Northrop Grumman","Eightfold","Staff Chief Engineer","Engineering Mult-Func","","Sykesville, MD","US (CONUS)","","","","","","https://jobs.northropgrumman.com/careers/job/1340073612390"
"Northrop Grumman","Eightfold","Principal Technical Editor and Writer- Product Support","Communications Mult-Func","","Emerado, ND","US (CONUS)","","","","","","https://jobs.northropgrumman.com/careers/job/1340073666046"
"Northrop Grumman","Eightfold","Sentinel Principal/Sr Principal Mechanical Engineer-ECS 17696","Mechanical","","Roy, UT","US (CONUS)","","","","","","https://jobs.northropgrumman.com/careers/job/1340073667100"
"Northrop Grumman","Eightfold","Capture Manager 3","Capture","","Huntsville, AL","US (CONUS)","","","","","","https://jobs.northropgrumman.com/careers/job/1340073667276"
"Northrop Grumman","Eightfold","Staff Cyber Systems Engineer (S)","Cyber","","MD","US (CONUS)","","","","","","https://jobs.northropgrumman.com/careers/job/1340073667447"
"Northrop Grumman","Eightfold","Missile Tracking Systems Specialist - Level 3 or 4 (AHT)","Software","","Boulder, CO","US (CONUS)","","","","","","https://jobs.northropgrumman.com/careers/job/1340073676426"
"Northrop Grumman","Eightfold","Aeronautics Engineer – Responsible RE","Mechanical","","Palmdale, CA","US (CONUS)","","","","","","https://jobs.northropgrumman.com/careers/job/1340073348252"
"Northrop Grumman","Eightfold","Ground Handler","NGC - Non - NGJF EBA","","AU","International","","","","","","https://jobs.northropgrumman.com/careers/job/1340073643999"
"Northrop Grumman","Eightfold","Principal or Senior Principal Program Cost & Schedule Control Analyst","Business Management Mult-Func","","Melbourne, FL","US (CONUS)","","","","","","https://jobs.northropgrumman.com/careers/job/1340070968412"
"Northrop Grumman","Eightfold","Energetic Technician 2/3 (2nd Shift)","Tech Support Mult-Func","","Elkton, MD","US (CONUS)","","","","","","https://jobs.northropgrumman.com/careers/job/1340073608905"
"Northrop Grumman","Eightfold","Principal Software Systems Engineer (AHT)","Systems/Architecture/Test","","Huntsville, AL","US (CONUS)","","","","","","https://jobs.northropgrumman.com/careers/job/1340073452827"
"Northrop Grumman","Eightfold","Sr Principal Aeronautical Engineer - Hydraulics Responsible Engineer","Mechanical","","Palmdale, CA","US (CONUS)","","","","","","https://jobs.northropgrumman.com/careers/job/1340073611132"
"Northrop Grumman","Eightfold","GNC Engineer: Aerodynamics (Level 3/4) Chandler","Systems/Architecture/Test","","Chandler, AZ","US (CONUS)","","","","","","https://jobs.northropgrumman.com/careers/job/1340073615192"
"Northrop Grumman","Eightfold","Strike DevOps Chief Engineer - Director of Engineering 1","Systems/Architecture/Test","","Melbourne, FL","US (CONUS)","","","","","","https://jobs.northropgrumman.com/careers/job/1340073622787"
"Northrop Grumman","Eightfold","Software Engineer [ TS SCI ]","Software","","Colorado Springs, CO","US (CONUS)","","","","","","https://jobs.northropgrumman.com/careers/job/1340073657499"
"Northrop Grumman","Eightfold","Principal/ Sr. Principal Communications Electronics Engineer","Electrical","","Melbourne, FL","US (CONUS)","","","","","","https://jobs.northropgrumman.com/careers/job/1340073658978"
"Northrop Grumman","Eightfold","Senior Principal Mechanical Systems Engineer","Systems/Architecture/Test","","Annapolis, MD","US (CONUS)","","","","","","https://jobs.northropgrumman.com/careers/job/1340073659206"
"Northrop Grumman","Eightfold","Solar Array Electrical Engineer - Level 3/4","Electrical","","Redondo Beach, CA","US (CONUS)","","","","","","https://jobs.northropgrumman.com/careers/job/1340073662053"
"Northrop Grumman","Eightfold","Principal/Process Engineer","Material/Process","","Corinne, UT","US (CONUS)","","","","","","https://jobs.northropgrumman.com/careers/job/1340073662818"
"Northrop Grumman","Eightfold","Cable & Harness Electrical Engineer - Level 3/4","Electrical","","Redondo Beach, CA","US (CONUS)","","","","","","https://jobs.northropgrumman.com/careers/job/1340073663430"
"Northrop Grumman","Eightfold","Electrical Engineer - Level 2","Electrical","","Redondo Beach, CA","US (CONUS)","","","","","","https://jobs.northropgrumman.com/careers/job/1340073664561"
"Northrop Grumman","Eightfold","Systems Software Integrator - Level 3 or 4 (AHT)","Systems/Architecture/Test","","Aurora, CO","US (CONUS)","","","","","","https://jobs.northropgrumman.com/careers/job/1340073666958"
"Northrop Grumman","Eightfold","Manager Business Development 3","Account Management","","Huntsville, AL","US (CONUS)","","","","","","https://jobs.northropgrumman.com/careers/job/1340073667468"
"Northrop Grumman","Eightfold","Project / Systems Engineer - Level 3","Systems/Architecture/Test","","Huntsville, AL","US (CONUS)","","","","","","https://jobs.northropgrumman.com/careers/job/1340073667640"
"Northrop Grumman","Eightfold","Sr Principal Engineer Manufacturing Systems","Systems/Architecture/Test","","Rolling Meadows, IL","US (CONUS)","","","","","","https://jobs.northropgrumman.com/careers/job/1340073672094"
"Northrop Grumman","Eightfold","Associate / Engineer Embedded Software","Software","","Oklahoma City, OK","US (CONUS)","","","","","","https://jobs.northropgrumman.com/careers/job/1340073672310"
"Northrop Grumman","Eightfold","Deputy Site Lead- Japan (Sr Principal Engineer)","Engineering Mult-Func","","Okinawa, Okinawa, JP","International","","","","","","https://jobs.northropgrumman.com/careers/job/1340073672768"
"Northrop Grumman","Eightfold","Program Cost Control Analyst - Level 4","Business Management Mult-Func","","Chandler, AZ","US (CONUS)","","","","","","https://jobs.northropgrumman.com/careers/job/1340073674172"
"Northrop Grumman","Eightfold","U103 QLTY ASSURE CLERK","NGC - Non - NGJF Union","","Sunnyvale, CA","US (CONUS)","","","","","","https://jobs.northropgrumman.com/careers/job/1340073394236"
"Northrop Grumman","Eightfold","Journeyman Machinist","NGC - Non - NGJF Union","","Azusa, CA","US (CONUS)","","","","","","https://jobs.northropgrumman.com/careers/job/1340073468866"
"Northrop Grumman","Eightfold","Sentinel - Systems Engineer / Principal Systems Engineer - 17538","Systems/Architecture/Test","","Roy, UT","US (CONUS)","","","","","","https://jobs.northropgrumman.com/careers/job/1340069579964"
"Northrop Grumman","Eightfold","Principal Digital Engineer","Engineering Mult-Func","","Los Angeles, CA","US (CONUS)","","","","","","https://jobs.northropgrumman.com/careers/job/1340072920830"
"Northrop Grumman","Eightfold","Sentinel - Electrical Engineering Manager 2 (17610)","Electrical","","Manhattan Beach, CA","US (CONUS)","","","","","","https://jobs.northropgrumman.com/careers/job/1340073467734"
"Northrop Grumman","Eightfold","Configuration Analyst - Level 2 or 3 (AHT)","Tech Support Mult-Func","","Redondo Beach, CA","US (CONUS)","","","","","","https://jobs.northropgrumman.com/careers/job/1340073550607"
"Northrop Grumman","Eightfold","Design Integration Electrical Engineer - Level 3/4","Electrical","","Redondo Beach, CA","US (CONUS)","","","","","","https://jobs.northropgrumman.com/careers/job/1340073662690"
"Northrop Grumman","Eightfold","Deputy Site Lead - Sr Principal Engineer- 5th Fleet","Engineering Mult-Func","","Abu Dhabi, Abu Dhabi, AE","International","","","","","","https://jobs.northropgrumman.com/careers/job/1340073673336"
"Northrop Grumman","Eightfold","Systems Engineer - Level 3 or 4 (AHT)","Systems/Architecture/Test","","Redondo Beach, CA","US (CONUS)","","","","","","https://jobs.northropgrumman.com/careers/job/1340073617513"
"Northrop Grumman","Eightfold","Staff Contract Administrator","Contracts","","Los Angeles, CA","US (CONUS)","","","","","","https://jobs.northropgrumman.com/careers/job/1340073331839"
"Northrop Grumman","Eightfold","Sentinel - Principal / Sr Principal Systems Engineer - MS&A - 18046","Systems/Architecture/Test","","Roy, UT","US (CONUS)","","","","","","https://jobs.northropgrumman.com/careers/job/1340073586302"
"Northrop Grumman","Eightfold","Manager Flight Operations 1","Flight Operations Mult-Func","","Edwards AFB, CA","US (CONUS)","","","","","","https://jobs.northropgrumman.com/careers/job/1340073589462"
"Northrop Grumman","Eightfold","Classified Cybersecurity Analyst - Secret","Cyber","","Redondo Beach, CA","US (CONUS)","","","","","","https://jobs.northropgrumman.com/careers/job/1340073591699"
"Northrop Grumman","Eightfold","Principal Engineer Microelectronic Semiconductors","Electrical","","Baltimore, MD","US (CONUS)","","","","","","https://jobs.northropgrumman.com/careers/job/1340073600737"
"Northrop Grumman","Eightfold","Software Engineer - Level 4 - Space AHT","Software","","Huntsville, AL","US (CONUS)","","","","","","https://jobs.northropgrumman.com/careers/job/1340073674683"
"Northrop Grumman","Eightfold","Principal Material Cost Analyst","Business Management Mult-Func","","San Diego, CA","US (CONUS)","","","","","","https://jobs.northropgrumman.com/careers/job/1340072275145"
"Northrop Grumman","Eightfold","Sr Principal Computer Systems Analyst (26-267)","Design and Programming","","Colorado Springs, CO","US (CONUS)","","","","","","https://jobs.northropgrumman.com/careers/job/1340073661433"
"Northrop Grumman","Eightfold","Sr Principal Engineer Systems (DTS) (26-373)","Systems/Architecture/Test","","Colorado Springs, CO","US (CONUS)","","","","","","https://jobs.northropgrumman.com/careers/job/1340073661456"
"Northrop Grumman","Eightfold","Production Test Technician 1 (2nd Shift)","Mission and Quality Assurance","","San Diego, CA","US (CONUS)","","","","","","https://jobs.northropgrumman.com/careers/job/1340073232916"
"Northrop Grumman","Eightfold","F-35 Principal/Sr Principal Project Management","Project Management (Non-P&L)","","Redondo Beach, CA","US (CONUS)","","","","","","https://jobs.northropgrumman.com/careers/job/1340073112519"
"Northrop Grumman","Eightfold","Sentinel - Systems Engineer/Principal Systems Engineer - 19566","Systems/Architecture/Test","","Roy, UT","US (CONUS)","","","","","","https://jobs.northropgrumman.com/careers/job/1340073610685"
"Northrop Grumman","Eightfold","Manager Programs 2","Program Management (P&L)","","Warner Robins, GA","US (CONUS)","","","","","","https://jobs.northropgrumman.com/careers/job/1340073611974"
"Northrop Grumman","Eightfold","Sr. Principal Systems Engineer","Systems/Architecture/Test","","Melbourne, FL","US (CONUS)","","","","","","https://jobs.northropgrumman.com/careers/job/1340073658874"
"Northrop Grumman","Eightfold","Deployable Principal Network Communications/ Network Communications (Top Secret Clearance Required)","Networks","","Edwards AFB, CA","US (CONUS)","","","","","","https://jobs.northropgrumman.com/careers/job/1340073661279"
"Northrop Grumman","Eightfold","Cyber Systems Engineer - Level 3 or 4 (AHT)","Cyber","","Aurora, CO","US (CONUS)","","","","","","https://jobs.northropgrumman.com/careers/job/1340073666462"
"Northrop Grumman","Eightfold","Manager Programs 1","Program Management (P&L)","","Warner Robins, GA","US (CONUS)","","","","","","https://jobs.northropgrumman.com/careers/job/1340073612011"
"Northrop Grumman","Eightfold","Principal or Sr. Principal Program Planning and Scheduling Analyst","Business Management Mult-Func","","Layton, UT","US (CONUS)","","","","","","https://jobs.northropgrumman.com/careers/job/1340073660492"
"Northrop Grumman","Eightfold","Sr Staff Engineer Electronics - Sustainment Lead","Electrical","","Oklahoma City, OK","US (CONUS)","","","","","","https://jobs.northropgrumman.com/careers/job/1340073667256"
"Northrop Grumman","Eightfold","Staff Cyber Software Engineer (TG)","Cyber","","MD","US (CONUS)","","","","","","https://jobs.northropgrumman.com/careers/job/1340073663228"
"Northrop Grumman","Eightfold","Principal or Sr. Principal Aeronautical Engineer - Air Vehicle Configuration Design and Integration","Mechanical","","Redondo Beach, CA","US (CONUS)","","","","","","https://jobs.northropgrumman.com/careers/job/1340073666718"
"Northrop Grumman","Eightfold","Principal Production Operations","Manufacturing and Production","","San Diego, CA","US (CONUS)","","","","","","https://jobs.northropgrumman.com/careers/job/1340073072825"
"Northrop Grumman","Eightfold","Manager Information Technology 3","Design and Programming","","Linthicum Heights, MD","US (CONUS)","","","","","","https://jobs.northropgrumman.com/careers/job/1340073477404"
"Northrop Grumman","Eightfold","Software/Principal Software Engineer","Software","","Oklahoma City, OK","US (CONUS)","","","","","","https://jobs.northropgrumman.com/careers/job/1340073613349"
"Northrop Grumman","Eightfold","Principal Cyber Systems Engineer (ISSE) (26-207 & 26-344)","Cyber","","Colorado Springs, CO","US (CONUS)","","","","","","https://jobs.northropgrumman.com/careers/job/1340073614399"
"Northrop Grumman","Eightfold","Sentinel - Principal / Sr Principal Systems Engineer - MS&A - 18079","Systems/Architecture/Test","","Roy, UT","US (CONUS)","","","","","","https://jobs.northropgrumman.com/careers/job/1340073585843"
"Northrop Grumman","Eightfold","Algorithms Software Engineer - Level 2 or 3 (AHT)","Software","","Boulder, CO","US (CONUS)","","","","","","https://jobs.northropgrumman.com/careers/job/1340073676153"
"Northrop Grumman","Eightfold","Program Manager I","Program Management (P&L)","","Plymouth, MN","US (CONUS)","","","","","","https://jobs.northropgrumman.com/careers/job/1340073670966"
"Northrop Grumman","Eightfold","Engineering Technician 4","Tech Support Mult-Func","","Plymouth, MN","US (CONUS)","","","","","","https://jobs.northropgrumman.com/careers/job/1340073468401"
"Northrop Grumman","Eightfold","Cyber Systems Engineer (S)","Cyber","","MD","US (CONUS)","","","","","","https://jobs.northropgrumman.com/careers/job/1340073667511"
"Northrop Grumman","Eightfold","Sentinel -  CPLM SME – NX  (Mechanical Engineer) *19230","Mechanical","","Roy, UT","US (CONUS)","","","","","","https://jobs.northropgrumman.com/careers/job/1340073612770"
"Northrop Grumman","Eightfold","Cyber Systems Engineer (S)","Cyber","","MD","US (CONUS)","","","","","","https://jobs.northropgrumman.com/careers/job/1340073667487"
"Northrop Grumman","Eightfold","Sr Principal Cyber Systems Engineer (S)","Cyber","","MD","US (CONUS)","","","","","","https://jobs.northropgrumman.com/careers/job/1340073667625"
"Northrop Grumman","Eightfold","Principal Cyber Systems Engineer (S)","Cyber","","MD","US (CONUS)","","","","","","https://jobs.northropgrumman.com/careers/job/1340073667264"
"Northrop Grumman","Eightfold","Sentinel - Modeling Simulation & Analysis Systems Engineer- *19200","Systems/Architecture/Test","","Roy, UT","US (CONUS)","","","","","","https://jobs.northropgrumman.com/careers/job/1340073375096"
"Northrop Grumman","Eightfold","Sr Principal Cyber Systems Engineer (S)","Cyber","","MD","US (CONUS)","","","","","","https://jobs.northropgrumman.com/careers/job/1340073668165"
"Northrop Grumman","Eightfold","Business Management Director 1","Business Management Mult-Func","","McLean, VA","US (CONUS)","","","","","","https://jobs.northropgrumman.com/careers/job/1340073609114"
"Northrop Grumman","Eightfold","Staff Cyber Systems Engineer (S)","Cyber","","MD","US (CONUS)","","","","","","https://jobs.northropgrumman.com/careers/job/1340073667249"
"Northrop Grumman","Eightfold","U103 PRODUCTION COORD A","NGC - Non - NGJF Union","","Sunnyvale, CA","US (CONUS)","","","","","","https://jobs.northropgrumman.com/careers/job/1340073486477"
"Northrop Grumman","Eightfold","U110 SR MATERIAL HANDLERS","NGC - Non - NGJF Union","","Sunnyvale, CA","US (CONUS)","","","","","","https://jobs.northropgrumman.com/careers/job/1340073485486"
"Northrop Grumman","Eightfold","Sr. Engineering Design Manager –  3","Systems/Architecture/Test","","San Diego, CA","US (CONUS)","","","","","","https://jobs.northropgrumman.com/careers/job/1340073622728"
"Northrop Grumman","Eightfold","Associate /  Engineer Embedded Software","Software","","Beavercreek, OH","US (CONUS)","","","","","","https://jobs.northropgrumman.com/careers/job/1340073639829"
"Northrop Grumman","Eightfold","Manager Information Technology 3","Design and Programming","","Linthicum Heights, MD","US (CONUS)","","","","","","https://jobs.northropgrumman.com/careers/job/1340073477882"
"Northrop Grumman","Eightfold","Cyber Systems Engineer - Level 3 - Space AHT","Cyber","","Huntsville, AL","US (CONUS)","","","","","","https://jobs.northropgrumman.com/careers/job/1340073674809"
"Northrop Grumman","Eightfold","Senior Principal Reliability Systems Engineer","Systems/Architecture/Test","","Linthicum Heights, MD","US (CONUS)","","","","","","https://jobs.northropgrumman.com/careers/job/1340073657605"
"Northrop Grumman","Eightfold","Proposal Analyst - Level 3 or 4","Proposal","","Aurora, CO","US (CONUS)","","","","","","https://jobs.northropgrumman.com/careers/job/1340072915531"
"Northrop Grumman","Eightfold","Princpial Electrical Engineer","Electrical","","Gilbert, AZ","US (CONUS)","","","","","","https://jobs.northropgrumman.com/careers/job/1340073671993"
"Northrop Grumman","Eightfold","Sr Principal Cyber Systems Engineer (S)","Cyber","","MD","US (CONUS)","","","","","","https://jobs.northropgrumman.com/careers/job/1340073667659"
"Northrop Grumman","Eightfold","Principal Facilities Representative","Facilities Mult-Func","","Boulder, CO","US (CONUS)","","","","","","https://jobs.northropgrumman.com/careers/job/1340073660458"
"Northrop Grumman","Eightfold","Sr. Principal Electronics Engineer – Technical Program Manager (TPM)","Electrical","","Palmdale, CA","US (CONUS)","","","","","","https://jobs.northropgrumman.com/careers/job/1340072255623"
"Northrop Grumman","Eightfold","AI Software Engineer Level 3 or 4 (AHT)","Software","","Aurora, CO","US (CONUS)","","","","","","https://jobs.northropgrumman.com/careers/job/1340073673150"
"Northrop Grumman","Eightfold","Staff Software Engineer - MOSA SME","Software","","Melbourne, FL","US (CONUS)","","","","","","https://jobs.northropgrumman.com/careers/job/1340073613352"
"Northrop Grumman","Eightfold","Principal/Senior Principal Software Engineer - Cyber","Software","","Melbourne, FL","US (CONUS)","","","","","","https://jobs.northropgrumman.com/careers/job/1340073613495"
"Northrop Grumman","Eightfold","Principal /Sr. Engineer Manufacturing","Material/Process","","Sunnyvale, CA","US (CONUS)","","","","","","https://jobs.northropgrumman.com/careers/job/1340073672413"
"Northrop Grumman","Eightfold","Field Engineer/Principal Field Engineer (OCONUS - ROK)","Systems/Architecture/Test","","location abroad","International","","","","","","https://jobs.northropgrumman.com/careers/job/1340073665885"
"Northrop Grumman","Eightfold","Field Engineer/Principal Field Engineer (OCONUS - UK)","Systems/Architecture/Test","","location abroad","International","","","","","","https://jobs.northropgrumman.com/careers/job/1340073666362"
"Northrop Grumman","Eightfold","Sr Principal Cyber Systems Engineer (S)","Cyber","","MD","US (CONUS)","","","","","","https://jobs.northropgrumman.com/careers/job/1340073668139"
"Northrop Grumman","Eightfold","Principal Systems Administrator (26-376)","Networks","","Colorado Springs, CO","US (CONUS)","","","","","","https://jobs.northropgrumman.com/careers/job/1340073614603"
"Northrop Grumman","Eightfold","Manufacturing Technician 3 - C Shift","Manufacturing and Production","","Salt Lake City, UT","US (CONUS)","","","","","","https://jobs.northropgrumman.com/careers/job/1340073644003"
"Northrop Grumman","Eightfold","Principal Quality Engineer/Sr Principal Quality Engineer","Mission/Quality Assurance","","Sykesville, MD","US (CONUS)","","","","","","https://jobs.northropgrumman.com/careers/job/1340073496094"
"Northrop Grumman","Eightfold","Field Technician 4","Tech Support Mult-Func","","New York, NY","US (CONUS)","","","","","","https://jobs.northropgrumman.com/careers/job/1340073584105"
"Northrop Grumman","Eightfold","Manager Machining Manufacturing 1","Manufacturing and Production","","Sunnyvale, CA","US (CONUS)","","","","","","https://jobs.northropgrumman.com/careers/job/1340073622992"
"Northrop Grumman","Eightfold","Aircraft Inspector 1/2","Flight Operations Mult-Func","","Iuka, MS","US (CONUS)","","","","","","https://jobs.northropgrumman.com/careers/job/1340073623591"
"Northrop Grumman","Eightfold","Aircraft Inspector 3","Flight Operations Mult-Func","","Iuka, MS","US (CONUS)","","","","","","https://jobs.northropgrumman.com/careers/job/1340073623668"
"Northrop Grumman","Eightfold","Staff Engineer Electronics - RF Antenna Cosite (Melbourne FL)","Electrical","","Melbourne, FL","US (CONUS)","","","","","","https://jobs.northropgrumman.com/careers/job/1340073623774"
"Northrop Grumman","Eightfold","Principal Contract Administrator","Contracts","","MD","US (CONUS)","","","","","","https://jobs.northropgrumman.com/careers/job/1340073566974"
"Northrop Grumman","Eightfold","Sr. Principal Quality Engineer","Mission/Quality Assurance","","Linthicum Heights, MD","US (CONUS)","","","","","","https://jobs.northropgrumman.com/careers/job/1340073588435"
"Northrop Grumman","Eightfold","Sr Principal Engineer Digital","Engineering Mult-Func","","McClellan Park, CA","US (CONUS)","","","","","","https://jobs.northropgrumman.com/careers/job/1340073588618"
"Northrop Grumman","Eightfold","Engineer/ Principal Engineer Software - FPGA Developer","Software","","El Segundo, CA","US (CONUS)","","","","","","https://jobs.northropgrumman.com/careers/job/1340073572818"
"Northrop Grumman","Eightfold","Digital Engineer/Principal Digital Engineer","Engineering Mult-Func","","McClellan Park, CA","US (CONUS)","","","","","","https://jobs.northropgrumman.com/careers/job/1340073596377"
"Northrop Grumman","Eightfold","Staff Engineer Digital","Engineering Mult-Func","","McClellan Park, CA","US (CONUS)","","","","","","https://jobs.northropgrumman.com/careers/job/1340073596457"
"Northrop Grumman","Eightfold","Principal Logistics Management Analyst","Tech Support Mult-Func","","Lemoore, CA","US (CONUS)","","","","","","https://jobs.northropgrumman.com/careers/job/1340073085762"
"Northrop Grumman","Eightfold","Program Manager 1 - Thermal Systems","Program Management (P&L)","","Hanover, MD","US (CONUS)","","","","","","https://jobs.northropgrumman.com/careers/job/1340073623100"
"Northrop Grumman","Eightfold","QUAL ASSURANCE LEAD","NGC - Non - NGJF S01","","Elkridge, MD","US (CONUS)","","","","","","https://jobs.northropgrumman.com/careers/job/1340073547359"
"Northrop Grumman","Eightfold","Senior Principal Contract Administrator","Contracts","","San Antonio, TX","US (CONUS)","","","","","","https://jobs.northropgrumman.com/careers/job/1340073462352"
"Northrop Grumman","Eightfold","Staff Systems Engineer (RF Communications)taff","Systems/Architecture/Test","","Cincinnati, OH","US (CONUS)","","","","","","https://jobs.northropgrumman.com/careers/job/1340073557752"
"Northrop Grumman","Eightfold","Associate Quality Engineer","Mission/Quality Assurance","","Baltimore, MD","US (CONUS)","","","","","","https://jobs.northropgrumman.com/careers/job/1340073584476"
"Northrop Grumman","Eightfold","NDI Technician Apprenticeship Program","Mission and Quality Assurance","","Palmdale, CA","US (CONUS)","","","","","","https://jobs.northropgrumman.com/careers/job/1340073627727"
"Northrop Grumman","Eightfold","Production Quality Engineering Manager 2","Mission/Quality Assurance","","Los Angeles, CA","US (CONUS)","","","","","","https://jobs.northropgrumman.com/careers/job/1340073611682"
"Northrop Grumman","Eightfold","Weapons Requirements and Architecture Engineer (Level 2 or Level 3)","Electrical","","Melbourne, FL","US (CONUS)","","","","","","https://jobs.northropgrumman.com/careers/job/1340073589190"
"Northrop Grumman","Eightfold","Assembler Level 3/4","Manufacturing and Production","","Hopkinton, MA","US (CONUS)","","","","","","https://jobs.northropgrumman.com/careers/job/1340073611979"
"Northrop Grumman","Eightfold","Senior Principal Electronics Engineer - Offboard Health Management","Electrical","","Melbourne, FL","US (CONUS)","","","","","","https://jobs.northropgrumman.com/careers/job/1340072399649"
"Northrop Grumman","Eightfold","CLS - F - 35 Aircraft Mechanic 3/4 Electricians - (Lemoore)","Flight Operations Mult-Func","","Lemoore, CA","US (CONUS)","","","","","","https://jobs.northropgrumman.com/careers/job/1340073607865"
"Northrop Grumman","Eightfold","Principal / Sr. Principal Computer Hardware Engineer","Software","","Redondo Beach, CA","US (CONUS)","","","","","","https://jobs.northropgrumman.com/careers/job/1340073610854"
"Northrop Grumman","Eightfold","Sr Principal Classified Cybersecurity Analyst - TS/SCI","Cyber","","Dulles, VA","US (CONUS)","","","","","","https://jobs.northropgrumman.com/careers/job/1340073460736"
"Northrop Grumman","Eightfold","Lead Business Analyst","Project Management (Non-P&L)","","London, England, GB","International","","","","","","https://jobs.northropgrumman.com/careers/job/1340072237159"
"Northrop Grumman","Eightfold","Sr. Principal  BLOS Communications Electronics Engineer","Electrical","","Melbourne, FL","US (CONUS)","","","","","","https://jobs.northropgrumman.com/careers/job/1340073146288"
"Northrop Grumman","Eightfold","Staff Cyber Systems Engineer (Active Top Secret)","Cyber","","Redondo Beach, CA","US (CONUS)","","","","","","https://jobs.northropgrumman.com/careers/job/1340073555833"
"Northrop Grumman","Eightfold","Sr Principal Project Management - Program Integrator - 18225","Project Management (Non-P&L)","","Roy, UT","US (CONUS)","","","","","","https://jobs.northropgrumman.com/careers/job/1340072923622"
"Northrop Grumman","Eightfold","Systems Engineer - Level 2 or 3 (AHT)","Systems/Architecture/Test","","Colorado Springs, CO","US (CONUS)","","","","","","https://jobs.northropgrumman.com/careers/job/1340073612381"
"Northrop Grumman","Eightfold","Non-Destructive Test Technician 1","Mission and Quality Assurance","","Rocket Center, WV","US (CONUS)","","","","","","https://jobs.northropgrumman.com/careers/job/1340073612517"
"Northrop Grumman","Eightfold","Facilities Project Engineer - Level 2","Facilities Mult-Func","","Charlotte, NC","US (CONUS)","","","","","","https://jobs.northropgrumman.com/careers/job/1340073612667"
"Northrop Grumman","Eightfold","Sr Principal Project Management","Project Management (Non-P&L)","","Merritt Island, FL","US (CONUS)","","","","","","https://jobs.northropgrumman.com/careers/job/1340073613001"
"Northrop Grumman","Eightfold","Principal Engineering Design","Systems/Architecture/Test","","Annapolis, MD","US (CONUS)","","","","","","https://jobs.northropgrumman.com/careers/job/1340073613834"
"Northrop Grumman","Eightfold","Sr. Principal Systems Engineer - LTC Design / Architecture / Integration","Systems/Architecture/Test","","San Diego, CA","US (CONUS)","","","","","","https://jobs.northropgrumman.com/careers/job/1340073614100"
"Northrop Grumman","Eightfold","Sr Principal Software Engineer","Software","","El Segundo, CA","US (CONUS)","","","","","","https://jobs.northropgrumman.com/careers/job/1340073614403"
"Northrop Grumman","Eightfold","Systems Administrator/Principal Systems Administrator (2nd Shift)","Networks","","MD","US (CONUS)","","","","","","https://jobs.northropgrumman.com/careers/job/1340071787296"
"Northrop Grumman","Eightfold","Principal Systems Administrator","Research and Science Mult-Func","","Cheltenham, England, GB","International","","","","","","https://jobs.northropgrumman.com/careers/job/1340069889893"
"Northrop Grumman","Eightfold","Systems Engineer Level 2/ 3","Systems/Architecture/Test","","Ocean Springs, MS","US (CONUS)","","","","","","https://jobs.northropgrumman.com/careers/job/1340073216272"
"Northrop Grumman","Eightfold","Systems Engineer Level 4","Systems/Architecture/Test","","Ocean Springs, MS","US (CONUS)","","","","","","https://jobs.northropgrumman.com/careers/job/1340073217957"
"Northrop Grumman","Eightfold","Principal OR Sr. Principal Electronics Engineer – Network Engineer","Electrical","","San Diego, CA","US (CONUS)","","","","","","https://jobs.northropgrumman.com/careers/job/1340071469956"
"Northrop Grumman","Eightfold","Staff Systems Engineer - Nuclear Hardness & Survivability -18271","Systems/Architecture/Test","","Roy, UT","US (CONUS)","","","","","","https://jobs.northropgrumman.com/careers/job/1340072623673"
"Northrop Grumman","Eightfold","Program Management Director 1 - Command Systems Launch Execution Subsystem","Program Management (P&L)","","Roy, UT","US (CONUS)","","","","","","https://jobs.northropgrumman.com/careers/job/1340072001714"
"Northrop Grumman","Eightfold","Manager Programs 3 - Autonomy (Research & Advanced Design)","Program Management (P&L)","","Redondo Beach, CA","US (CONUS)","","","","","","https://jobs.northropgrumman.com/careers/job/1340072145220"
"Northrop Grumman","Eightfold","Principal/ Sr Principal Program Cost Schedule Control Analyst","Business Management Mult-Func","","Huntsville, AL","US (CONUS)","","","","","","https://jobs.northropgrumman.com/careers/job/1340073584480"
"Northrop Grumman","Eightfold","Principal Agile Coach/ Sr Principal Agile Coach (15999-1)","Operations (IT)","","Roy, UT","US (CONUS)","","","","","","https://jobs.northropgrumman.com/careers/job/1340073408193"
"Northrop Grumman","Eightfold","Supply Chain/ Principal Supply Chain Subcontract Specialist","Global Supply Chain Mult-Func","","El Segundo, CA","US (CONUS)","","","","","","https://jobs.northropgrumman.com/careers/job/1340071881815"
"Northrop Grumman","Eightfold","Milling Machine Machinist 2","Manufacturing and Production","","San Diego, CA","US (CONUS)","","","","","","https://jobs.northropgrumman.com/careers/job/1340073573564"
"Northrop Grumman","Eightfold","Engineer or Principal Engineer Electronics - Comms SMT","Electrical","","Oklahoma City, OK","US (CONUS)","","","","","","https://jobs.northropgrumman.com/careers/job/1340073588741"
"Northrop Grumman","Eightfold","Manufacturing Analyst 2","Manufacturing and Production","","Palmdale, CA","US (CONUS)","","","","","","https://jobs.northropgrumman.com/careers/job/1340073567262"
"Northrop Grumman","Eightfold","Principal Test Conductor - 17392","Mission and Quality Assurance","","Roy, UT","US (CONUS)","","","","","","https://jobs.northropgrumman.com/careers/job/1340073468631"
"Northrop Grumman","Eightfold","Industrial Engineer","Material/Process","","Baltimore, MD","US (CONUS)","","","","","","https://jobs.northropgrumman.com/careers/job/1340073569892"
"Northrop Grumman","Eightfold","Sentinel - Sr Principal Configuration Analyst - 18009","Tech Support Mult-Func","","Roy, UT","US (CONUS)","","","","","","https://jobs.northropgrumman.com/careers/job/1340072575742"
"Northrop Grumman","Eightfold","Production Test Technician 4","Mission and Quality Assurance","","Waynesboro, VA","US (CONUS)","","","","","","https://jobs.northropgrumman.com/careers/job/1340073436628"
"Northrop Grumman","Eightfold","Systems Engineer: Mission Modeling Simulation – Level 4 (AHT)","Systems/Architecture/Test","","Chandler, AZ","US (CONUS)","","","","","","https://jobs.northropgrumman.com/careers/job/1340073602498"
"Northrop Grumman","Eightfold","Engineering Technician 2/3","Tech Support Mult-Func","","Rocket Center, WV","US (CONUS)","","","","","","https://jobs.northropgrumman.com/careers/job/1340073602576"
"Northrop Grumman","Eightfold","Advanced Programs - Sr. Principal Systems Engineer - 18309","Systems/Architecture/Test","","Huntsville, AL","US (CONUS)","","","","","","https://jobs.northropgrumman.com/careers/job/1340073609261"
"Northrop Grumman","Eightfold","Sr Principal Supply Chain Subcontract Specialist","Global Supply Chain Mult-Func","","Melbourne, FL","US (CONUS)","","","","","","https://jobs.northropgrumman.com/careers/job/1340073610393"
"Northrop Grumman","Eightfold","Sr. Principal Communications/Co-site Electronics Engineer","Electrical","","Melbourne, FL","US (CONUS)","","","","","","https://jobs.northropgrumman.com/careers/job/1340072041220"
"Northrop Grumman","Eightfold","Staff Engineer Electronics – Mission Processing Engineer","Electrical","","Melbourne, FL","US (CONUS)","","","","","","https://jobs.northropgrumman.com/careers/job/1340072042017"
"Northrop Grumman","Eightfold","Senior Principal Analog Design Engineer","Electrical","","Los Angeles, CA","US (CONUS)","","","","","","https://jobs.northropgrumman.com/careers/job/1340073598968"
"Northrop Grumman","Eightfold","Engineering Program Manager Level 4","Systems/Architecture/Test","","Sunnyvale, CA","US (CONUS)","","","","","","https://jobs.northropgrumman.com/careers/job/1340073607663"
"Northrop Grumman","Eightfold","Principal/Sr. Principal RF Hardware Subsystem Integration and Test Engineers","Electrical","","Baltimore, MD","US (CONUS)","","","","","","https://jobs.northropgrumman.com/careers/job/1340073609251"
"Northrop Grumman","Eightfold","Staff Engineer Systems Software-18265","Software","","Huntsville, AL","US (CONUS)","","","","","","https://jobs.northropgrumman.com/careers/job/1340073609808"
"Northrop Grumman","Eightfold","Staff Embedded Software Engineer","Software","","Los Angeles, CA","US (CONUS)","","","","","","https://jobs.northropgrumman.com/careers/job/1340073609933"
"Northrop Grumman","Eightfold","Principal Contract Administrator","Contracts","","Buffalo, NY","US (CONUS)","","","","","","https://jobs.northropgrumman.com/careers/job/1340073610628"
"Northrop Grumman","Eightfold","Principal/Sr. Principal Product Supportability & Reliability Engineer","Systems/Architecture/Test","","Rolling Meadows, IL","US (CONUS)","","","","","","https://jobs.northropgrumman.com/careers/job/1340073610655"
"Northrop Grumman","Eightfold","Sr. Principal Program Planning and Scheduling Analyst","Business Management Mult-Func","","Palmdale, CA","US (CONUS)","","","","","","https://jobs.northropgrumman.com/careers/job/1340073610757"
"Northrop Grumman","Eightfold","Systems Engineer - Level 4 (AHT)","Systems/Architecture/Test","","Colorado Springs, CO","US (CONUS)","","","","","","https://jobs.northropgrumman.com/careers/job/1340073614129"
"Northrop Grumman","Eightfold","Principal/Senior Principal Engineer Electronics - Networks","Electrical","","San Diego, CA","US (CONUS)","","","","","","https://jobs.northropgrumman.com/careers/job/1340073519585"
"Northrop Grumman","Eightfold","Production Test Technician 2","Mission and Quality Assurance","","Waynesboro, VA","US (CONUS)","","","","","","https://jobs.northropgrumman.com/careers/job/1340073436609"
"Northrop Grumman","Eightfold","Industrial Security Analyst / CSSO - Level 2 or 3","Security Mult-Func","","Hollywood, MD","US (CONUS)","","","","","","https://jobs.northropgrumman.com/careers/job/1340073567224"
"Northrop Grumman","Eightfold","Sr. Principal RF Hardware Subsystem Integration and Test Engineer","Systems/Architecture/Test","","Baltimore, MD","US (CONUS)","","","","","","https://jobs.northropgrumman.com/careers/job/1340073613242"
"Northrop Grumman","Eightfold","U105 Senior Machine Repairer","NGC - Non - NGJF Union","","Baltimore, MD","US (CONUS)","","","","","","https://jobs.northropgrumman.com/careers/job/1340073447845"
"Northrop Grumman","Eightfold","Principal Supply Chain Subcontract Specialist","Global Supply Chain Mult-Func","","Melbourne, FL","US (CONUS)","","","","","","https://jobs.northropgrumman.com/careers/job/1340073591744"
"Northrop Grumman","Eightfold","Manufacturing Process Engineer (RF Systems)","Material/Process","","Rolling Meadows, IL","US (CONUS)","","","","","","https://jobs.northropgrumman.com/careers/job/1340073459217"
"Northrop Grumman","Eightfold","Principal Supply Chain Subcontract Specialist","Global Supply Chain Mult-Func","","Charlottesville, VA","US (CONUS)","","","","","","https://jobs.northropgrumman.com/careers/job/1340073584370"
"Northrop Grumman","Eightfold","Industrial Security Analyst - Level 3","Security Mult-Func","","Boulder, CO","US (CONUS)","","","","","","https://jobs.northropgrumman.com/careers/job/1340073609399"
"Northrop Grumman","Eightfold","Manager Aeronautical Engineering 2","Engineering Mult-Func","","Melbourne, FL","US (CONUS)","","","","","","https://jobs.northropgrumman.com/careers/job/1340073588926"
"Northrop Grumman","Eightfold","Computer Systems Analyst - Secret","Design and Programming","","Palmdale, CA","US (CONUS)","","","","","","https://jobs.northropgrumman.com/careers/job/1340073572816"
"Northrop Grumman","Eightfold","Apache FCR - Field Services Representative","Electrical","","Garbutt, QLD, AU","International","","","","","","https://jobs.northropgrumman.com/careers/job/1340072259860"
"Northrop Grumman","Eightfold","Deployable Aircraft Mechanic 3 (Top Secret Clearance required)","Flight Operations Mult-Func","","Palmdale, CA","US (CONUS)","","","","","","https://jobs.northropgrumman.com/careers/job/1340073608445"
"Northrop Grumman","Eightfold","Principal / Sr Principal Embedded Software Engineer","Software","","Warner Robins, GA","US (CONUS)","","","","","","https://jobs.northropgrumman.com/careers/job/1340073560058"
"Northrop Grumman","Eightfold","Principal/Sr. Principal Engineer Systems","Systems/Architecture/Test","","Baltimore, MD","US (CONUS)","","","","","","https://jobs.northropgrumman.com/careers/job/1340072790872"
"Northrop Grumman","Eightfold","Principal or Sr. Principal Cyber Systems Engineer","Cyber","","Annapolis, MD","US (CONUS)","","","","","","https://jobs.northropgrumman.com/careers/job/1340073572444"
"Northrop Grumman","Eightfold","Sr / Principal Cybersecurity Analyst - 19364 - Roy Utah","Cyber","","Roy, UT","US (CONUS)","","","","","","https://jobs.northropgrumman.com/careers/job/1340073547071"
"Northrop Grumman","Eightfold","Sentinel - Principal/Sr. Principal Structural Engineer- 19603*","Mechanical","","Roy, UT","US (CONUS)","","","","","","https://jobs.northropgrumman.com/careers/job/1340073586649"
"Northrop Grumman","Eightfold","Manager - Property and Asset Management 1","Business Management Mult-Func","","Warner Robins, GA","US (CONUS)","","","","","","https://jobs.northropgrumman.com/careers/job/1340073612863"
"Northrop Grumman","Eightfold","System Security Engineer Level 3/4 (AHT)","Cyber","","Los Angeles, CA","US (CONUS)","","","","","","https://jobs.northropgrumman.com/careers/job/1340073594335"
"Northrop Grumman","Eightfold","Staff Cyber Sys Admin","Cyber","","Dulles, VA","US (CONUS)","","","","","","https://jobs.northropgrumman.com/careers/job/1340073441212"
"Northrop Grumman","Eightfold","Sentinel - Principal Configuration Analyst - 17989*","Tech Support Mult-Func","","Roy, UT","US (CONUS)","","","","","","https://jobs.northropgrumman.com/careers/job/1340072574762"
"Northrop Grumman","Eightfold","Systems Engineering Manager 2","Systems/Architecture/Test","","MD","US (CONUS)","","","","","","https://jobs.northropgrumman.com/careers/job/1340073550595"
"Northrop Grumman","Eightfold","Facilities Manager 1- 18851","Facilities Mult-Func","","Huntsville, AL","US (CONUS)","","","","","","https://jobs.northropgrumman.com/careers/job/1340072376945"
"Northrop Grumman","Eightfold","BACN Sr Principal Supply Chain Logistic Specialist - Secret","Global Supply Chain Mult-Func","","Warner Robins, GA","US (CONUS)","","","","","","https://jobs.northropgrumman.com/careers/job/1340073589304"
"Northrop Grumman","Eightfold","Program Cost and Schedule Control Analyst","Business Management Mult-Func","","Melbourne, FL","US (CONUS)","","","","","","https://jobs.northropgrumman.com/careers/job/1340073593770"
"Northrop Grumman","Eightfold","Operations and Sustainment Chief Engineer","Engineering Mult-Func","","Melbourne, FL","US (CONUS)","","","","","","https://jobs.northropgrumman.com/careers/job/1340073594051"
"Northrop Grumman","Eightfold","Staff ERP Customer MR&O Component (SCC) BPL","Design and Programming","","Roy, UT","US (CONUS)","","","","","","https://jobs.northropgrumman.com/careers/job/1340073589276"
"Northrop Grumman","Eightfold","Receiving Inspector Level 2 /3","Mission and Quality Assurance","","Oxnard, CA","US (CONUS)","","","","","","https://jobs.northropgrumman.com/careers/job/1340073569336"
"Northrop Grumman","Eightfold","Sr Principal Project Management","Project Management (Non-P&L)","","Melbourne, FL","US (CONUS)","","","","","","https://jobs.northropgrumman.com/careers/job/1340073407540"
"Northrop Grumman","Eightfold","Principal or Senior Principal Embedded Software Engineer","Software","","Annapolis, MD","US (CONUS)","","","","","","https://jobs.northropgrumman.com/careers/job/1340073595156"
"Northrop Grumman","Eightfold","Sr Principal Human Factors Engineer - 18528","Systems/Architecture/Test","","Roy, UT","US (CONUS)","","","","","","https://jobs.northropgrumman.com/careers/job/1340072923968"
"Northrop Grumman","Eightfold","Environmental Health & Safety Engineer - Level 4","Environmental","","San Diego, CA","US (CONUS)","","","","","","https://jobs.northropgrumman.com/careers/job/1340073596909"
"Northrop Grumman","Eightfold","Staff Engineer Systems - Hardware Integration Lead - 19392","Systems/Architecture/Test","","Huntsville, AL","US (CONUS)","","","","","","https://jobs.northropgrumman.com/careers/job/1340073552182"
"Northrop Grumman","Eightfold","Principal or Senior Principal Aeronautical Engineer (Landing Gear)","Mechanical","","El Segundo, CA","US (CONUS)","","","","","","https://jobs.northropgrumman.com/careers/job/1340072656857"
"Northrop Grumman","Eightfold","Sentinel - Subcontract Technical Engineer (T02 - T03) - 19139*","Systems/Architecture/Test","","Roy, UT","US (CONUS)","","","","","","https://jobs.northropgrumman.com/careers/job/1340072848553"
"Northrop Grumman","Eightfold","Test Engineer - Level 2 or 3 - Space AHT","Systems/Architecture/Test","","Huntsville, AL","US (CONUS)","","","","","","https://jobs.northropgrumman.com/careers/job/1340073588288"
"Northrop Grumman","Eightfold","Software Engineer - Level 3/4","Software","","Redondo Beach, CA","US (CONUS)","","","","","","https://jobs.northropgrumman.com/careers/job/1340073570827"
"Northrop Grumman","Eightfold","Inspector 2","Mission and Quality Assurance","","Goleta, CA","US (CONUS)","","","","","","https://jobs.northropgrumman.com/careers/job/1340073570507"
"Northrop Grumman","Eightfold","Principal AI Software Engineer (AHT)","Software","","Beavercreek, OH","US (CONUS)","","","","","","https://jobs.northropgrumman.com/careers/job/1340073589836"
"Northrop Grumman","Eightfold","Principal Systems Engineer","Systems/Architecture/Test","","San Diego, CA","US (CONUS)","","","","","","https://jobs.northropgrumman.com/careers/job/1340073588675"
"Northrop Grumman","Eightfold","Staff Engineer Systems Signal Processing","Systems/Architecture/Test","","McClellan Park, CA","US (CONUS)","","","","","","https://jobs.northropgrumman.com/careers/job/1340072544220"
"Northrop Grumman","Eightfold","Proposal Co-ordinator","Proposal","","Cheltenham, England, GB","International","","","","","","https://jobs.northropgrumman.com/careers/job/1340073498101"
"Northrop Grumman","Eightfold","Manager Systems Engineering 2 - Targeting","Systems/Architecture/Test","","Rolling Meadows, IL","US (CONUS)","","","","","","https://jobs.northropgrumman.com/careers/job/1340073066377"
"Northrop Grumman","Eightfold","Principal/ Sr. Principal Electronics Engineer - Mission Systems","Electrical","","El Segundo, CA","US (CONUS)","","","","","","https://jobs.northropgrumman.com/careers/job/1340073067799"
"Northrop Grumman","Eightfold","Sentinel - DAPS Associate / Systems Engineer - 14374","Systems/Architecture/Test","","Roy, UT","US (CONUS)","","","","","","https://jobs.northropgrumman.com/careers/job/1340072636587"
"Northrop Grumman","Eightfold","Senior Principal Engineer - Guidance Navigation Controls (Project Talon)","Systems/Architecture/Test","","El Segundo, CA","US (CONUS)","","","","","","https://jobs.northropgrumman.com/careers/job/1340071775460"
"Northrop Grumman","Eightfold","Principal or Sr. Principal Program Planning and Scheduling Analyst","Business Management Mult-Func","","Redondo Beach, CA","US (CONUS)","","","","","","https://jobs.northropgrumman.com/careers/job/1340073070891"
"Northrop Grumman","Eightfold","Principal Proposal Analyst / Sr Principal Proposal Analyst - *18951","Proposal","","Roy, UT","US (CONUS)","","","","","","https://jobs.northropgrumman.com/careers/job/1340072914349"
"Northrop Grumman","Eightfold","SkillBridge - Industrial Security Analyst or Principal Industrial Security Analyst","Security Mult-Func","","Redondo Beach, CA","US (CONUS)","","","","","","https://jobs.northropgrumman.com/careers/job/1340071578282"
"Northrop Grumman","Eightfold","Principal or Senior Principal Guidance Navigation Controls (GNC) Engineer","Systems/Architecture/Test","","El Segundo, CA","US (CONUS)","","","","","","https://jobs.northropgrumman.com/careers/job/1340072624876"
"Northrop Grumman","Eightfold","Principal GNC Engineer - Autonomy Algorithm Developer","Systems/Architecture/Test","","El Segundo, CA","US (CONUS)","","","","","","https://jobs.northropgrumman.com/careers/job/1340072624966"
"Northrop Grumman","Eightfold","Principal GNC Engineer - Autonomy Algorithm Developer","Systems/Architecture/Test","","El Segundo, CA","US (CONUS)","","","","","","https://jobs.northropgrumman.com/careers/job/1340072624994"
"Northrop Grumman","Eightfold","Guidance Navigation Controls Manager 2","Systems/Architecture/Test","","San Diego, CA","US (CONUS)","","","","","","https://jobs.northropgrumman.com/careers/job/1340072284333"
"Northrop Grumman","Eightfold","E-6B IMMC SCA Aircraft Mechanic 3 - Structures","NGC - Non - NGJF Service Contract Act","","Lake Charles, LA","US (CONUS)","","","","","","https://jobs.northropgrumman.com/careers/job/1340068765161"
"Northrop Grumman","Eightfold","Manager Business Management 2","Business Management Mult-Func","","Redondo Beach, CA","US (CONUS)","","","","","","https://jobs.northropgrumman.com/careers/job/1340072826630"
"Northrop Grumman","Eightfold","Staff Software Engineer - Cloud","Software","","El Segundo, CA","US (CONUS)","","","","","","https://jobs.northropgrumman.com/careers/job/1340072828802"
"Northrop Grumman","Eightfold","Principal/Senior Principal  Systems Engineer Signals Processing","Systems/Architecture/Test","","McClellan Park, CA","US (CONUS)","","","","","","https://jobs.northropgrumman.com/careers/job/1340071273739"
"Northrop Grumman","Eightfold","Electronics Technician 3","Tech Support Mult-Func","","Buffalo, NY","US (CONUS)","","","","","","https://jobs.northropgrumman.com/careers/job/1340073540912"
"Northrop Grumman","Eightfold","Engineering Technician 4","Tech Support Mult-Func","","Elkton, MD","US (CONUS)","","","","","","https://jobs.northropgrumman.com/careers/job/1340073547621"
"Northrop Grumman","Eightfold","Manager Program Control 2","Finance and Accounting","","Melbourne, FL","US (CONUS)","","","","","","https://jobs.northropgrumman.com/careers/job/1340073548131"
"Northrop Grumman","Eightfold","Staff Engineer Software","Software","","Oklahoma City, OK","US (CONUS)","","","","","","https://jobs.northropgrumman.com/careers/job/1340073575765"
"Northrop Grumman","Eightfold","Sr. Principal Logistics Engineer","Material/Process","","Orlando, FL","US (CONUS)","","","","","","https://jobs.northropgrumman.com/careers/job/1340073584985"
"Northrop Grumman","Eightfold","Electronics Technician 2","Tech Support Mult-Func","","Buffalo, NY","US (CONUS)","","","","","","https://jobs.northropgrumman.com/careers/job/1340073187389"
"Northrop Grumman","Eightfold","Principal or Senior Principal Aeronautical Engineer (Landing Gear)","Mechanical","","El Segundo, CA","US (CONUS)","","","","","","https://jobs.northropgrumman.com/careers/job/1340071634736"
"Northrop Grumman","Eightfold","Sr Staff Engineer Signal Processing","Systems/Architecture/Test","","McClellan Park, CA","US (CONUS)","","","","","","https://jobs.northropgrumman.com/careers/job/1340071372820"
"Northrop Grumman","Eightfold","Tool and Die Making Manager 2","Manufacturing and Production","","Clearfield, UT","US (CONUS)","","","","","","https://jobs.northropgrumman.com/careers/job/1340073552943"
"Northrop Grumman","Eightfold","Principal System Administrator/ System Administrator (Ellsworth AFB)","Networks","","SD","US (CONUS)","","","","","","https://jobs.northropgrumman.com/careers/job/1340073553319"
"Northrop Grumman","Eightfold","Sr Principal Software Engineer - Cloud","Software","","El Segundo, CA","US (CONUS)","","","","","","https://jobs.northropgrumman.com/careers/job/1340072828812"
"Northrop Grumman","Eightfold","Staff Systems Architect (Environmental Control Systems)","Systems/Architecture/Test","","El Segundo, CA","US (CONUS)","","","","","","https://jobs.northropgrumman.com/careers/job/1340071645928"
"Northrop Grumman","Eightfold","Principal or Sr. Principal Flight Control Actuation System (FCAS) Engineer","Mechanical","","El Segundo, CA","US (CONUS)","","","","","","https://jobs.northropgrumman.com/careers/job/1340072303384"
"Northrop Grumman","Eightfold","Sr. Staff Guidance Navigation and Control Engineer","Systems/Architecture/Test","","El Segundo, CA","US (CONUS)","","","","","","https://jobs.northropgrumman.com/careers/job/1340072196897"
"Northrop Grumman","Eightfold","Principal or Sr. Principal Engineer Electronics - Weapons SMT","Electrical","","Oklahoma City, OK","US (CONUS)","","","","","","https://jobs.northropgrumman.com/careers/job/1340073573560"
"Northrop Grumman","Eightfold","Agile Lead - Release Train Engineer - Level 5","Systems/Architecture/Test","","Boulder, CO","US (CONUS)","","","","","","https://jobs.northropgrumman.com/careers/job/1340073574332"
"Northrop Grumman","Eightfold","Engineer / Principal Engineer Software - Cloud & Applications","Software","","El Segundo, CA","US (CONUS)","","","","","","https://jobs.northropgrumman.com/careers/job/1340072359972"
"Northrop Grumman","Eightfold","Manager of Supply Chain Programs 2","Global Supply Chain Mult-Func","","Palm Beach Gardens, FL","US (CONUS)","","","","","","https://jobs.northropgrumman.com/careers/job/1340073585690"
"Northrop Grumman","Eightfold","Quality Analyst","Mission and Quality Assurance","","Melbourne, FL","US (CONUS)","","","","","","https://jobs.northropgrumman.com/careers/job/1340073586304"
"Northrop Grumman","Eightfold","Industrial Security Analyst/ Princ Industrial Security Ana w/ Poly","Security Mult-Func","","Annapolis, MD","US (CONUS)","","","","","","https://jobs.northropgrumman.com/careers/job/1340073586424"
"Northrop Grumman","Eightfold","EHS Professional - Industrial Hygienist and Safety","Environmental","","San Diego, CA","US (CONUS)","","","","","","https://jobs.northropgrumman.com/careers/job/1340073586443"
"Northrop Grumman","Eightfold","Principal EVM Program Control Analyst","Business Management Mult-Func","","Melbourne, FL","US (CONUS)","","","","","","https://jobs.northropgrumman.com/careers/job/1340073586567"
"Northrop Grumman","Eightfold","Manager Tool Engineering 2 - CAM","Material/Process","","Palmdale, CA","US (CONUS)","","","","","","https://jobs.northropgrumman.com/careers/job/1340073587029"
"Northrop Grumman","Eightfold","Principal Project Engineer 3","Mechanical","","Corinne, UT","US (CONUS)","","","","","","https://jobs.northropgrumman.com/careers/job/1340073587195"
"Northrop Grumman","Eightfold","Sr. Principal Airworthiness Engineer - Technical Excellence Strategy","Systems/Architecture/Test","","Melbourne, FL","US (CONUS)","","","","","","https://jobs.northropgrumman.com/careers/job/1340073587981"
"Northrop Grumman","Eightfold","Principal/Senior Principal Materials and Process Engineer","Material/Process","","Baltimore, MD","US (CONUS)","","","","","","https://jobs.northropgrumman.com/careers/job/1340073588374"
"Northrop Grumman","Eightfold","Restricted Flight Operations Product Integrator (level 3 or level 4)","Project Management (Non-P&L)","","Palmdale, CA","US (CONUS)","","","","","","https://jobs.northropgrumman.com/careers/job/1340073588384"
"Northrop Grumman","Eightfold","Staff Systems Engineer","Systems/Architecture/Test","","San Diego, CA","US (CONUS)","","","","","","https://jobs.northropgrumman.com/careers/job/1340073588858"
"Northrop Grumman","Eightfold","Sr Principal Lead Software Engineer (full-stack)","Cyber","","Cincinnati, OH","US (CONUS)","","","","","","https://jobs.northropgrumman.com/careers/job/1340073474931"
"Northrop Grumman","Eightfold","Sentinel Principal Systems Engineer - 19029","Systems/Architecture/Test","","Roy, UT","US (CONUS)","","","","","","https://jobs.northropgrumman.com/careers/job/1340072852130"
"Northrop Grumman","Eightfold","Principal / Sr. Principal Engineer Quality","Mission/Quality Assurance","","Baltimore, MD","US (CONUS)","","","","","","https://jobs.northropgrumman.com/careers/job/1340073460289"
"Northrop Grumman","Eightfold","Sr Principal System Administrator (Ellsworth AFB)","Networks","","SD","US (CONUS)","","","","","","https://jobs.northropgrumman.com/careers/job/1340073567690"
"Northrop Grumman","Eightfold","Sr Principal Network Communications (Ellsworth AFB)","Networks","","SD","US (CONUS)","","","","","","https://jobs.northropgrumman.com/careers/job/1340073568081"
"Northrop Grumman","Eightfold","Principal System Administrator/ System Administrator (Barksdale AFB)","Networks","","LA","US (CONUS)","","","","","","https://jobs.northropgrumman.com/careers/job/1340073568350"
"Northrop Grumman","Eightfold","Principal Network Communications/ Network Communications (Melbourne FL)","Networks","","Melbourne, FL","US (CONUS)","","","","","","https://jobs.northropgrumman.com/careers/job/1340073568659"
"Northrop Grumman","Eightfold","Principal Electronics Engineer / Sr. Principal Electronics Engineer – Infrastructure & Cyber Security Lead","Electrical","","El Segundo, CA","US (CONUS)","","","","","","https://jobs.northropgrumman.com/careers/job/1340072124365"
"Northrop Grumman","Eightfold","Mission Autonomy Software Developer","Software","","El Segundo, CA","US (CONUS)","","","","","","https://jobs.northropgrumman.com/careers/job/1340072274109"
"Northrop Grumman","Eightfold","Network Communications/ Principal Network Communications (Ellsworth AFB)","Networks","","SD","US (CONUS)","","","","","","https://jobs.northropgrumman.com/careers/job/1340073567910"
"Northrop Grumman","Eightfold","Sr Principal System Administrator (Barksdale AFB)","Networks","","LA","US (CONUS)","","","","","","https://jobs.northropgrumman.com/careers/job/1340073568361"
"Northrop Grumman","Eightfold","Associate Network Communications (Melbourne FL)","Networks","","Melbourne, FL","US (CONUS)","","","","","","https://jobs.northropgrumman.com/careers/job/1340073568601"
"Northrop Grumman","Eightfold","Sentinel SEIT Systems Engineering Manager 2 - NH&S Testing  - 8752-1","Systems/Architecture/Test","","Roy, UT","US (CONUS)","","","","","","https://jobs.northropgrumman.com/careers/job/1340073467025"
"Northrop Grumman","Eightfold","Sr. Principal Electronics Engineer – Network Architect","Electrical","","El Segundo, CA","US (CONUS)","","","","","","https://jobs.northropgrumman.com/careers/job/1340072124492"
"Northrop Grumman","Eightfold","Principal / Sr Principal Engineer Software","Software","","San Diego, CA","US (CONUS)","","","","","","https://jobs.northropgrumman.com/careers/job/1340072787542"
"Northrop Grumman","Eightfold","Principal/Sr. Program Planning and Scheduling Analyst","Business Management Mult-Func","","San Diego, CA","US (CONUS)","","","","","","https://jobs.northropgrumman.com/careers/job/1340073404636"
"Northrop Grumman","Eightfold","Principal Space Systems Engineer - TS SCI Poly","Systems/Architecture/Test","","Colorado Springs, CO","US (CONUS)","","","","","","https://jobs.northropgrumman.com/careers/job/1340072783032"
"Northrop Grumman","Eightfold","Principal or Sr. Principal Program Planning and Scheduling Analyst","Business Management Mult-Func","","Redondo Beach, CA","US (CONUS)","","","","","","https://jobs.northropgrumman.com/careers/job/1340071847680"
"Northrop Grumman","Eightfold","Principal or Senior Principal Embedded Software Engineer (TS/SCI)","Software","","Annapolis, MD","US (CONUS)","","","","","","https://jobs.northropgrumman.com/careers/job/1340073595110"
"Northrop Grumman","Eightfold","U109 Aircraft Mechanic - 2nd Shift","NGC - Non - NGJF Union","","Baltimore, MD","US (CONUS)","","","","","","https://jobs.northropgrumman.com/careers/job/1340073372111"
"Northrop Grumman","Eightfold","Staff Engineer - Guidance Navigation Controls (Project Talon)","Systems/Architecture/Test","","El Segundo, CA","US (CONUS)","","","","","","https://jobs.northropgrumman.com/careers/job/1340071829880"
"Northrop Grumman","Eightfold","Vehicle Management Systems (VMS) Engineer or Principal Vehicle Management Systems (VMS) Engineer","Systems/Architecture/Test","","El Segundo, CA","US (CONUS)","","","","","","https://jobs.northropgrumman.com/careers/job/1340072623237"
"Northrop Grumman","Eightfold","Manager Supply Chain 3","Global Supply Chain Mult-Func","","Melbourne, FL","US (CONUS)","","","","","","https://jobs.northropgrumman.com/careers/job/1340073538777"
"Northrop Grumman","Eightfold","Sentinel - Electromagnetic Environmental Effects System Engineer - 17924*","Systems/Architecture/Test","","Roy, UT","US (CONUS)","","","","","","https://jobs.northropgrumman.com/careers/job/1340072721775"
"Northrop Grumman","Eightfold","Principal Production Operations","Manufacturing and Production","","Baltimore, MD","US (CONUS)","","","","","","https://jobs.northropgrumman.com/careers/job/1340073505941"
"Northrop Grumman","Eightfold","Principal or Sr. Principal Engineer Electronics - Weapons Responsible Engineer","Electrical","","Oklahoma City, OK","US (CONUS)","","","","","","https://jobs.northropgrumman.com/careers/job/1340073573384"
"Northrop Grumman","Eightfold","Manager Embedded Software Engineer 1","Software","","San Diego, CA","US (CONUS)","","","","","","https://jobs.northropgrumman.com/careers/job/1340073572360"
"Northrop Grumman","Eightfold","Associate Systems Engineer/Systems Engineer 11205-1","Systems/Architecture/Test","","Roy, UT","US (CONUS)","","","","","","https://jobs.northropgrumman.com/careers/job/1340073547774"
"Northrop Grumman","Eightfold","U109 Drafter – Detail A – Printed Circuits - 1st Shift","NGC - Non - NGJF Union","","Baltimore, MD","US (CONUS)","","","","","","https://jobs.northropgrumman.com/careers/job/1340073394022"
"Northrop Grumman","Eightfold","Program Director 1","Program Management (P&L)","","Roy, UT","US (CONUS)","","","","","","https://jobs.northropgrumman.com/careers/job/1340073403403"
"Northrop Grumman","Eightfold","Sr Principal Systems Engineer","Systems/Architecture/Test","","San Diego, CA","US (CONUS)","","","","","","https://jobs.northropgrumman.com/careers/job/1340073588760"
"Northrop Grumman","Eightfold","Electrical Engineer Level 2","Electrical","","Huntsville, AL","US (CONUS)","","","","","","https://jobs.northropgrumman.com/careers/job/1340073558196"
"Northrop Grumman","Eightfold","Software Engineer - Level 2","Software","","Redondo Beach, CA","US (CONUS)","","","","","","https://jobs.northropgrumman.com/careers/job/1340073570302"
"Northrop Grumman","Eightfold","Director of Flight Test I","Systems/Architecture/Test","","Los Angeles, CA","US (CONUS)","","","","","","https://jobs.northropgrumman.com/careers/job/1340073589685"
"Northrop Grumman","Eightfold","Sentinel - Human Factors Principal Engineer - 19159","Systems/Architecture/Test","","Roy, UT","US (CONUS)","","","","","","https://jobs.northropgrumman.com/careers/job/1340072924175"
"Northrop Grumman","Eightfold","Python Software Engineer Level 3 or 4 (AHT)","Software","","Aurora, CO","US (CONUS)","","","","","","https://jobs.northropgrumman.com/careers/job/1340073593773"
"Northrop Grumman","Eightfold","Mechanical Engineer","Mechanical","","Chantilly, VA","US (CONUS)","","","","","","https://jobs.northropgrumman.com/careers/job/1340073571245"
"Northrop Grumman","Eightfold","Sr. Principal Program Cost and Schedule Control Analyst","Business Management Mult-Func","","San Diego, CA","US (CONUS)","","","","","","https://jobs.northropgrumman.com/careers/job/1340073593065"
"Northrop Grumman","Eightfold","Electronics Technician 2","Tech Support Mult-Func","","Buffalo, NY","US (CONUS)","","","","","","https://jobs.northropgrumman.com/careers/job/1340073540911"
"Northrop Grumman","Eightfold","Systems Engineer","Systems/Architecture/Test","","San Diego, CA","US (CONUS)","","","","","","https://jobs.northropgrumman.com/careers/job/1340073588401"
"Northrop Grumman","Eightfold","Sentinel - Logistics Engineer (Level 2) - 19445*","Material/Process","","Roy, UT","US (CONUS)","","","","","","https://jobs.northropgrumman.com/careers/job/1340073586835"
"Northrop Grumman","Eightfold","Principal Technical Services Project Management","Project Management (Non-P&L)","","Corinne, UT","US (CONUS)","","","","","","https://jobs.northropgrumman.com/careers/job/1340073586121"
"Northrop Grumman","Eightfold","Engineering Program Manager Level 3","Systems/Architecture/Test","","Cape Canaveral, FL","US (CONUS)","","","","","","https://jobs.northropgrumman.com/careers/job/1340073593966"
"Northrop Grumman","Eightfold","Sr. Principal Payloads Electronics  Engineer","Electrical","","Palmdale, CA","US (CONUS)","","","","","","https://jobs.northropgrumman.com/careers/job/1340073586412"
"Northrop Grumman","Eightfold","Calling all Secret-Cleared GNC / MS&A Engineers! (Chandler)","Systems/Architecture/Test","","Chandler, AZ","US (CONUS)","","","","","","https://jobs.northropgrumman.com/careers/job/1340073590345"
"Northrop Grumman","Eightfold","Staff Engineer Guidance Navigation Control","Systems/Architecture/Test","","Plymouth, MN","US (CONUS)","","","","","","https://jobs.northropgrumman.com/careers/job/1340073594113"
"Northrop Grumman","Eightfold","Staff Flight Test Engineer","Systems/Architecture/Test","","Edwards AFB, CA","US (CONUS)","","","","","","https://jobs.northropgrumman.com/careers/job/1340073574045"
"Northrop Grumman","Eightfold","Guidance Navigation Controls Manager 2","Systems/Architecture/Test","","El Segundo, CA","US (CONUS)","","","","","","https://jobs.northropgrumman.com/careers/job/1340072281916"
"Northrop Grumman","Eightfold","Principal Computer Systems Architect","Design and Programming","","San Diego, CA","US (CONUS)","","","","","","https://jobs.northropgrumman.com/careers/job/1340073551655"
"Northrop Grumman","Eightfold","Senior Principal / Principal Flight Test Instrumentation Engineer","Electrical","","Melbourne, FL","US (CONUS)","","","","","","https://jobs.northropgrumman.com/careers/job/1340072350155"
"Northrop Grumman","Eightfold","2027 Associate Software Engineer/Software Engineer","Software","","Melbourne, FL","US (CONUS)","","","","","","https://jobs.northropgrumman.com/careers/job/1340073574210"
"Northrop Grumman","Eightfold","Associate Software Engineer","Software","","Rolling Meadows, IL","US (CONUS)","","","","","","https://jobs.northropgrumman.com/careers/job/1340073589773"
"Northrop Grumman","Eightfold","Principal Engineer Industrial","Material/Process","","Baltimore, MD","US (CONUS)","","","","","","https://jobs.northropgrumman.com/careers/job/1340073504464"
"Northrop Grumman","Eightfold","Systems Engineer  - Level 4 (AHT)","Systems/Architecture/Test","","Redondo Beach, CA","US (CONUS)","","","","","","https://jobs.northropgrumman.com/careers/job/1340073573075"
"Northrop Grumman","Eightfold","Manager Contract Administration 3","Contracts","","Dulles, VA","US (CONUS)","","","","","","https://jobs.northropgrumman.com/careers/job/1340073572821"
"Northrop Grumman","Eightfold","Manager Supply Chain Programs 2","Global Supply Chain Mult-Func","","Linthicum Heights, MD","US (CONUS)","","","","","","https://jobs.northropgrumman.com/careers/job/1340073569736"
"Northrop Grumman","Eightfold","Electronic Technician - Military Veterans Encouraged to Apply","NGC - Non - NGJF Union","","Baltimore, MD","US (CONUS)","","","","","","https://jobs.northropgrumman.com/careers/job/1340073571559"
"Northrop Grumman","Eightfold","Manager Mission Assurance 2","Mission and Quality Assurance","","Sunnyvale, CA","US (CONUS)","","","","","","https://jobs.northropgrumman.com/careers/job/1340073500400"
"Northrop Grumman","Eightfold","Principal Engineer Software - DevOps","Software","","Melbourne, FL","US (CONUS)","","","","","","https://jobs.northropgrumman.com/careers/job/1340072943055"
"Northrop Grumman","Eightfold","Software Engineer Level 3 or 4 (AHT)","Software","","Aurora, CO","US (CONUS)","","","","","","https://jobs.northropgrumman.com/careers/job/1340073569687"
"Northrop Grumman","Eightfold","Principal/Senior Principal Engineer - Survivability (California & Florida)","Systems/Architecture/Test","","Palmdale, CA","US (CONUS)","","","","","","https://jobs.northropgrumman.com/careers/job/1340073572117"
"Northrop Grumman","Eightfold","Software System Engineer (Level 4) - AHT","Software","","Redondo Beach, CA","US (CONUS)","","","","","","https://jobs.northropgrumman.com/careers/job/1340073467745"
"Northrop Grumman","Eightfold","U107 Inspector B Assembly - 2nd Shift","NGC - Non - NGJF Union","","Baltimore, MD","US (CONUS)","","","","","","https://jobs.northropgrumman.com/careers/job/1340072639767"
"Northrop Grumman","Eightfold","SkillBridge Engineer - Product Support","Engineering Mult-Func","","Melbourne, FL","US (CONUS)","","","","","","https://jobs.northropgrumman.com/careers/job/1340072087798"
"Northrop Grumman","Eightfold","Manager Manufacturing Engineering 2","Material/Process","","Palmdale, CA","US (CONUS)","","","","","","https://jobs.northropgrumman.com/careers/job/1340073446243"
"Northrop Grumman","Eightfold","Engineer Software Quality","Mission/Quality Assurance","","Los Angeles, CA","US (CONUS)","","","","","","https://jobs.northropgrumman.com/careers/job/1340073447933"
"Northrop Grumman","Eightfold","Manager General Manufacturing 1","Manufacturing and Production","","Palmdale, CA","US (CONUS)","","","","","","https://jobs.northropgrumman.com/careers/job/1340072828399"
"Northrop Grumman","Eightfold","Manager General Manufacturing 3","Manufacturing and Production","","Palmdale, CA","US (CONUS)","","","","","","https://jobs.northropgrumman.com/careers/job/1340072828430"
"Northrop Grumman","Eightfold","Sr. Principal Systems Safety Engineer MIL-STD-882E - 15028","Systems/Architecture/Test","","Roy, UT","US (CONUS)","","","","","","https://jobs.northropgrumman.com/careers/job/1340067794392"
"Northrop Grumman","Eightfold","Sr Principal Project Management","Project Management (Non-P&L)","","Melbourne, FL","US (CONUS)","","","","","","https://jobs.northropgrumman.com/careers/job/1340072269691"
"Northrop Grumman","Eightfold","Air Vehicle Engineer - Flight Test Integration","Mechanical","","Edwards AFB, CA","US (CONUS)","","","","","","https://jobs.northropgrumman.com/careers/job/1340073541039"
"Northrop Grumman","Eightfold","Principal Product Trainer - Aircraft Maintenance","Training-Tech","","Edwards AFB, CA","US (CONUS)","","","","","","https://jobs.northropgrumman.com/careers/job/1340073541828"
"Northrop Grumman","Eightfold","Principal Software Engineer - Java","Software","","San Diego, CA","US (CONUS)","","","","","","https://jobs.northropgrumman.com/careers/job/1340073575138"
"Northrop Grumman","Eightfold","Thermal Systems Engineer - Level 3 or 4 (Active TS or SCI)","Mechanical","","Redondo Beach, CA","US (CONUS)","","","","","","https://jobs.northropgrumman.com/careers/job/1340073576851"
"Northrop Grumman","Eightfold","Staff Electronics Engineer","Electrical","","Palmdale, CA","US (CONUS)","","","","","","https://jobs.northropgrumman.com/careers/job/1340072851762"
"Northrop Grumman","Eightfold","Principal or  Sr. Principal Software Engineer - Embedded","Software","","San Diego, CA","US (CONUS)","","","","","","https://jobs.northropgrumman.com/careers/job/1340072852990"
"Northrop Grumman","Eightfold","Staff Systems Engineer","Systems/Architecture/Test","","Roy, UT","US (CONUS)","","","","","","https://jobs.northropgrumman.com/careers/job/1340073557913"
"Northrop Grumman","Eightfold","Engineer / Principal Engineer Software - Autonomy","Software","","Redondo Beach, CA","US (CONUS)","","","","","","https://jobs.northropgrumman.com/careers/job/1340073465006"
"Northrop Grumman","Eightfold","Engineer/Principal Engineer - Survivability (San Diego CA)","Systems/Architecture/Test","","San Diego, CA","US (CONUS)","","","","","","https://jobs.northropgrumman.com/careers/job/1340073573447"
"Northrop Grumman","Eightfold","Product Trainer - Aircraft Maintenance","Training-Tech","","Edwards AFB, CA","US (CONUS)","","","","","","https://jobs.northropgrumman.com/careers/job/1340073574042"
"Northrop Grumman","Eightfold","Principal Inventory Planning Control - 16518-1","Plan","","Ogden, UT","US (CONUS)","","","","","","https://jobs.northropgrumman.com/careers/job/1340073549513"
"Northrop Grumman","Eightfold","Principal Systems Administrator (Rancho Bernardo)","Networks","","San Diego, CA","US (CONUS)","","","","","","https://jobs.northropgrumman.com/careers/job/1340073551488"
"Northrop Grumman","Eightfold","Sentinel - Manufacturing Operations Manager 2 - 19505","Manufacturing and Production","","Ogden, UT","US (CONUS)","","","","","","https://jobs.northropgrumman.com/careers/job/1340073551954"
"Northrop Grumman","Eightfold","Sr Principal Supply Chain Subcontract Specialist","Global Supply Chain Mult-Func","","Linthicum Heights, MD","US (CONUS)","","","","","","https://jobs.northropgrumman.com/careers/job/1340073567111"
"Northrop Grumman","Eightfold","Manager Supply Chain Programs 3","Global Supply Chain Mult-Func","","Melbourne, FL","US (CONUS)","","","","","","https://jobs.northropgrumman.com/careers/job/1340073567216"
"Northrop Grumman","Eightfold","Principal / Sr. Principal Configuration Management Engineer","Software","","Redondo Beach, CA","US (CONUS)","","","","","","https://jobs.northropgrumman.com/careers/job/1340073568243"
"Northrop Grumman","Eightfold","Sentinel - Technical Services - Sr. Principal Engineer - 19511","Systems/Architecture/Test","","Roy, UT","US (CONUS)","","","","","","https://jobs.northropgrumman.com/careers/job/1340073569669"
"Northrop Grumman","Eightfold","Sr Principal Systems Engineer","Systems/Architecture/Test","","Melbourne, FL","US (CONUS)","","","","","","https://jobs.northropgrumman.com/careers/job/1340073570410"
"Northrop Grumman","Eightfold","Sr. Principal Data Scientist (AHT)","Data Science","","Wright-Patterson AFB, OH","US (CONUS)","","","","","","https://jobs.northropgrumman.com/careers/job/1340073570823"
"Northrop Grumman","Eightfold","Systems Engineer / Principal Systems Engineer","Systems/Architecture/Test","","Oklahoma City, OK","US (CONUS)","","","","","","https://jobs.northropgrumman.com/careers/job/1340073453163"
"Northrop Grumman","Eightfold","Maintenance Electrician 3","Facilities Mult-Func","","Salt Lake City, UT","US (CONUS)","","","","","","https://jobs.northropgrumman.com/careers/job/1340073569475"
"Northrop Grumman","Eightfold","Manager Strategic Planning 1","Operations (BD)","","McLean, VA","US (CONUS)","","","","","","https://jobs.northropgrumman.com/careers/job/1340073570080"
"Northrop Grumman","Eightfold","DevOps Engineer/Principal DevOps Engineer (AHT)","Software","","Beavercreek, OH","US (CONUS)","","","","","","https://jobs.northropgrumman.com/careers/job/1340073572106"
"Northrop Grumman","Eightfold","Sr Principal RF Microwave Design Engineer (AHT)","Electrical","","Aurora, CO","US (CONUS)","","","","","","https://jobs.northropgrumman.com/careers/job/1340073572310"
"Northrop Grumman","Eightfold","Systems Engineer/Principal Systems Engineer - External Interface (AHT)","Systems/Architecture/Test","","Redondo Beach, CA","US (CONUS)","","","","","","https://jobs.northropgrumman.com/careers/job/1340073572461"
"Northrop Grumman","Eightfold","Sr. Principal Engineer Quality","Mission/Quality Assurance","","Sunnyvale, CA","US (CONUS)","","","","","","https://jobs.northropgrumman.com/careers/job/1340073502030"
"Northrop Grumman","Eightfold","Electrical/ Principal Electrical Engineer - 19500/19550","Electrical","","Clearfield, UT","US (CONUS)","","","","","","https://jobs.northropgrumman.com/careers/job/1340073504377"
"Northrop Grumman","Eightfold","Aviation Safety Specialist","Mission and Quality Assurance","","AU","International","","","","","","https://jobs.northropgrumman.com/careers/job/1340073504780"
"Northrop Grumman","Eightfold","Staff AI Software Engineer","Software","","El Segundo, CA","US (CONUS)","","","","","","https://jobs.northropgrumman.com/careers/job/1340073464745"
"Northrop Grumman","Eightfold","Principal Verification and Validation Engineer","Systems/Architecture/Test","","New Malden, England, GB","International","","","","","","https://jobs.northropgrumman.com/careers/job/1340072268776"
"Northrop Grumman","Eightfold","Missile Development Program Manager 3","Program Management (P&L)","","Los Angeles, CA","US (CONUS)","","","","","","https://jobs.northropgrumman.com/careers/job/1340071750615"
"Northrop Grumman","Eightfold","Non-Destructive Test Technician 4","Mission and Quality Assurance","","Magna, UT","US (CONUS)","","","","","","https://jobs.northropgrumman.com/careers/job/1340073572074"
"Northrop Grumman","Eightfold","Sr Principal Industrial Security Analyst","Security Mult-Func","","Baltimore, MD","US (CONUS)","","","","","","https://jobs.northropgrumman.com/careers/job/1340073549746"
"Northrop Grumman","Eightfold","Flight Inspector Level 1 or 2","Flight Operations Mult-Func","","Chandler, AZ","US (CONUS)","","","","","","https://jobs.northropgrumman.com/careers/job/1340073183167"
"Northrop Grumman","Eightfold","Sr Principal Product Trainer/ Principal Product Trainer (SkillBridge)","Training-Tech","","Whiteman AFB, MO","US (CONUS)","","","","","","https://jobs.northropgrumman.com/careers/job/1340073571579"
"Northrop Grumman","Eightfold","Principal / Sr. Principal Electromechanical Engineer (AHT)","Electrical","","Aurora, CO","US (CONUS)","","","","","","https://jobs.northropgrumman.com/careers/job/1340073568633"
"Northrop Grumman","Eightfold","Semiconductor Test and Assembly Senior Engineering Manager 3","Tech Support Mult-Func","","Linthicum Heights, MD","US (CONUS)","","","","","","https://jobs.northropgrumman.com/careers/job/1340073547800"
"Northrop Grumman","Eightfold","Aircraft Sheet Metal Technician 2 or 3 Days Nights Weekends","Flight Operations Mult-Func","","Lake Charles, LA","US (CONUS)","","","","","","https://jobs.northropgrumman.com/careers/job/1340073516010"
"Northrop Grumman","Eightfold","Principal Engineer Quality","Mission/Quality Assurance","","Sunnyvale, CA","US (CONUS)","","","","","","https://jobs.northropgrumman.com/careers/job/1340073502821"
"Northrop Grumman","Eightfold","Guidance Navigation Control Engineer (Level 3 or 4)","Systems/Architecture/Test","","Plymouth, MN","US (CONUS)","","","","","","https://jobs.northropgrumman.com/careers/job/1340073574529"
"Northrop Grumman","Eightfold","Engineer / Principal Systems Engineer - Prognostics / PHM","Systems/Architecture/Test","","Melbourne, FL","US (CONUS)","","","","","","https://jobs.northropgrumman.com/careers/job/1340072142033"
"Northrop Grumman","Eightfold","Sr. Principal Flight Avionics Responsible Engineer (Level 4)","Electrical","","Melbourne, FL","US (CONUS)","","","","","","https://jobs.northropgrumman.com/careers/job/1340072655711"
"Northrop Grumman","Eightfold","U105 INSPECTOR B","NGC - Non - NGJF Union","","Baltimore, MD","US (CONUS)","","","","","","https://jobs.northropgrumman.com/careers/job/1340072592460"
"Northrop Grumman","Eightfold","Manager Computer Systems Analysis 2 - Top Secret","Design and Programming","","Boulder, CO","US (CONUS)","","","","","","https://jobs.northropgrumman.com/careers/job/1340073501904"
"Northrop Grumman","Eightfold","Manufacturing Analyst / Principal Manufacturing Analyst","Manufacturing and Production","","Elkridge, MD","US (CONUS)","","","","","","https://jobs.northropgrumman.com/careers/job/1340073518090"
"Northrop Grumman","Eightfold","Navigation Systems Engineer","Systems/Architecture/Test","","Los Angeles, CA","US (CONUS)","","","","","","https://jobs.northropgrumman.com/careers/job/1340073556820"
"Northrop Grumman","Eightfold","Systems Engineering Manager 2","Systems/Architecture/Test","","San Diego, CA","US (CONUS)","","","","","","https://jobs.northropgrumman.com/careers/job/1340073548238"
"Northrop Grumman","Eightfold","Sr. Principal EO Signal Image Processing Engineer  - 4","Engineering Mult-Func","","Chandler, AZ","US (CONUS)","","","","","","https://jobs.northropgrumman.com/careers/job/1340073568085"
"Northrop Grumman","Eightfold","Sr Principal Product Trainer/ Principal Product Trainer","Training-Tech","","Whiteman AFB, MO","US (CONUS)","","","","","","https://jobs.northropgrumman.com/careers/job/1340073465755"
"Northrop Grumman","Eightfold","Staff Optomechanical Engineer - 5","Electrical","","Chandler, AZ","US (CONUS)","","","","","","https://jobs.northropgrumman.com/careers/job/1340073567997"
"Northrop Grumman","Eightfold","Quality Engineer","Mission/Quality Assurance","","Radford, VA","US (CONUS)","","","","","","https://jobs.northropgrumman.com/careers/job/1340073571372"
"Northrop Grumman","Eightfold","Systems Engineer 4 - RF Communications - Space AHT","Systems/Architecture/Test","","Huntsville, AL","US (CONUS)","","","","","","https://jobs.northropgrumman.com/careers/job/1340073574493"
"Northrop Grumman","Eightfold","Systems Test Engineer - Level 2 or 3 (AHT)","Systems/Architecture/Test","","Aurora, CO","US (CONUS)","","","","","","https://jobs.northropgrumman.com/careers/job/1340073501848"
"Northrop Grumman","Eightfold","Systems Hardware Engineer 4 - Space AHT","Systems/Architecture/Test","","Huntsville, AL","US (CONUS)","","","","","","https://jobs.northropgrumman.com/careers/job/1340073574386"
"Northrop Grumman","Eightfold","Engineer/Principal Industrial Engineer Level 2/3","Material/Process","","Clearfield, UT","US (CONUS)","","","","","","https://jobs.northropgrumman.com/careers/job/1340073573656"
"Northrop Grumman","Eightfold","Systems Safety Engineer – Level 3 or Level 4 (AHT)","Environmental","","Chandler, AZ","US (CONUS)","","","","","","https://jobs.northropgrumman.com/careers/job/1340073516867"
"Northrop Grumman","Eightfold","Ground Test Engineering Manager 2","Systems/Architecture/Test","","Edwards AFB, CA","US (CONUS)","","","","","","https://jobs.northropgrumman.com/careers/job/1340073436642"
"Northrop Grumman","Eightfold","Manager Programs 2","Program Management (P&L)","","San Diego, CA","US (CONUS)","","","","","","https://jobs.northropgrumman.com/careers/job/1340073551799"
"Northrop Grumman","Eightfold","Machinist 3 - 2nd Shift","Manufacturing and Production","","Commerce, CA","US (CONUS)","","","","","","https://jobs.northropgrumman.com/careers/job/1340073552136"
"Northrop Grumman","Eightfold","Principal Cyber Systems Engineer","Cyber","","Redondo Beach, CA","US (CONUS)","","","","","","https://jobs.northropgrumman.com/careers/job/1340073505655"
"Northrop Grumman","Eightfold","Mechanical Design Engineer Level 3/4","Mechanical","","Annapolis, MD","US (CONUS)","","","","","","https://jobs.northropgrumman.com/careers/job/1340073514675"
"Northrop Grumman","Eightfold","Principal Program Cost and Schedule Control Analyst","Business Management Mult-Func","","San Diego, CA","US (CONUS)","","","","","","https://jobs.northropgrumman.com/careers/job/1340072656643"
"Northrop Grumman","Eightfold","Systems Engineering Manager 2","Systems/Architecture/Test","","Chantilly, VA","US (CONUS)","","","","","","https://jobs.northropgrumman.com/careers/job/1340072140986"
"Northrop Grumman","Eightfold","Senior Principal Test Engineer","Systems/Architecture/Test","","San Diego, CA","US (CONUS)","","","","","","https://jobs.northropgrumman.com/careers/job/1340072941042"
"Northrop Grumman","Eightfold","Staff Test Engineer","Systems/Architecture/Test","","San Diego, CA","US (CONUS)","","","","","","https://jobs.northropgrumman.com/careers/job/1340072941770"
"Northrop Grumman","Eightfold","Principal Program Cost and Schedule Control Analyst","Business Management Mult-Func","","El Segundo, CA","US (CONUS)","","","","","","https://jobs.northropgrumman.com/careers/job/1340072271057"
"Northrop Grumman","Eightfold","Principal Systems Architect Engineer - MBSE Cameo","Systems/Architecture/Test","","El Segundo, CA","US (CONUS)","","","","","","https://jobs.northropgrumman.com/careers/job/1340072940178"
"Northrop Grumman","Eightfold","Principal Program Cost and Schedule Control Analyst","Business Management Mult-Func","","Layton, UT","US (CONUS)","","","","","","https://jobs.northropgrumman.com/careers/job/1340072994437"
"Northrop Grumman","Eightfold","Engineer Mechanical/Principal Engineer Mechanical (Level 2/3)","Mechanical","","Gilbert, AZ","US (CONUS)","","","","","","https://jobs.northropgrumman.com/careers/job/1340073559367"
"Northrop Grumman","Eightfold","Principal / Sr Principal Proposal Analyst","Proposal","","Baltimore, MD","US (CONUS)","","","","","","https://jobs.northropgrumman.com/careers/job/1340073552009"
"Northrop Grumman","Eightfold","Principal Cyber Systems Engineer","Cyber","","Redondo Beach, CA","US (CONUS)","","","","","","https://jobs.northropgrumman.com/careers/job/1340073072859"
"Northrop Grumman","Eightfold","Ground Software System I&T Engineer - AHT","Software","","Redondo Beach, CA","US (CONUS)","","","","","","https://jobs.northropgrumman.com/careers/job/1340073488576"
"Northrop Grumman","Eightfold","Sr Principal Mission Assurance Engineer - 19397","Mission/Quality Assurance","","Roy, UT","US (CONUS)","","","","","","https://jobs.northropgrumman.com/careers/job/1340073516996"
"Northrop Grumman","Eightfold","Sentinel- Principal Material Process Engineer -17984*","Material/Process","","Roy, UT","US (CONUS)","","","","","","https://jobs.northropgrumman.com/careers/job/1340071570756"
"Northrop Grumman","Eightfold","Systems Safety Engineer Lead - Level 3 or 4 (AHT)","Environmental","","Chandler, AZ","US (CONUS)","","","","","","https://jobs.northropgrumman.com/careers/job/1340073517075"
"Northrop Grumman","Eightfold","Systems Engineer - Radar Architect – Level 3 or Level 4 (AHT)","Systems/Architecture/Test","","Colorado Springs, CO","US (CONUS)","","","","","","https://jobs.northropgrumman.com/careers/job/1340073517671"
"Northrop Grumman","Eightfold","Cyber Systems Engineer – Level 2 or Level 3 (AHT)","Cyber","","Colorado Springs, CO","US (CONUS)","","","","","","https://jobs.northropgrumman.com/careers/job/1340073517782"
"Northrop Grumman","Eightfold","Systems Test Engineer – Level 3 or Level 4 (AHT)","Systems/Architecture/Test","","Colorado Springs, CO","US (CONUS)","","","","","","https://jobs.northropgrumman.com/careers/job/1340073517869"
"Northrop Grumman","Eightfold","Staff Project Management - Tech Ops / Staffing Engineering Lead","Project Management (Non-P&L)","","San Diego, CA","US (CONUS)","","","","","","https://jobs.northropgrumman.com/careers/job/1340073518157"
"Northrop Grumman","Eightfold","Systems Engineer – Level 2 or Level 3 (AHT)","Systems/Architecture/Test","","Colorado Springs, CO","US (CONUS)","","","","","","https://jobs.northropgrumman.com/careers/job/1340073540913"
"Northrop Grumman","Eightfold","Systems Engineer – Level 3 or Level 4 (AHT)","Systems/Architecture/Test","","Colorado Springs, CO","US (CONUS)","","","","","","https://jobs.northropgrumman.com/careers/job/1340073540921"
"Northrop Grumman","Eightfold","Software Engineering Manager 2","Software","","Rolling Meadows, IL","US (CONUS)","","","","","","https://jobs.northropgrumman.com/careers/job/1340073546898"
"Northrop Grumman","Eightfold","Staff Structural Dynamics Engineer","Mechanical","","Melbourne, FL","US (CONUS)","","","","","","https://jobs.northropgrumman.com/careers/job/1340073546919"
"Northrop Grumman","Eightfold","Software Agile Product Owner Level 3 or 4 (AHT)","Operations (IT)","","Aurora, CO","US (CONUS)","","","","","","https://jobs.northropgrumman.com/careers/job/1340073547241"
"Northrop Grumman","Eightfold","Data Management Manager","Tech Support Mult-Func","","Rolling Meadows, IL","US (CONUS)","","","","","","https://jobs.northropgrumman.com/careers/job/1340073547278"
"Northrop Grumman","Eightfold","Manufacturing Technician 2 or 3","Manufacturing and Production","","Mesa, AZ","US (CONUS)","","","","","","https://jobs.northropgrumman.com/careers/job/1340073548124"
"Northrop Grumman","Eightfold","Command Systems Hardware Design and Implementation Lead - Director 2","Program Management (P&L)","","Roy, UT","US (CONUS)","","","","","","https://jobs.northropgrumman.com/careers/job/1340072022070"
"Northrop Grumman","Eightfold","Controls and Simulation Engineer Level 4","Systems/Architecture/Test","","Sunnyvale, CA","US (CONUS)","","","","","","https://jobs.northropgrumman.com/careers/job/1340073552613"
"Northrop Grumman","Eightfold","Sentinel Principal Software Test Engineer 16832","Software","","Roy, UT","US (CONUS)","","","","","","https://jobs.northropgrumman.com/careers/job/1340073552806"
"Northrop Grumman","Eightfold","Non-Destructive Test (NDT) Engineer – Level 3 or Level 4","Mission and Quality Assurance","","Clearfield, UT","US (CONUS)","","","","","","https://jobs.northropgrumman.com/careers/job/1340069862480"
"Northrop Grumman","Eightfold","Principal Electronics Engineer – Hardware/Software Integration","Electrical","","GA","US (CONUS)","","","","","","https://jobs.northropgrumman.com/careers/job/1340073194037"
"Northrop Grumman","Eightfold","Principal /Sr. Engineer Manufacturing","Material/Process","","Sunnyvale, CA","US (CONUS)","","","","","","https://jobs.northropgrumman.com/careers/job/1340073553098"
"Northrop Grumman","Eightfold","Principal / Sr. Principal Specialty Test Engineer","Systems/Architecture/Test","","Plymouth, MN","US (CONUS)","","","","","","https://jobs.northropgrumman.com/careers/job/1340073554312"
"Northrop Grumman","Eightfold","Manager Programs 1","Program Management (P&L)","","Rocket Center, WV","US (CONUS)","","","","","","https://jobs.northropgrumman.com/careers/job/1340073554636"
"Northrop Grumman","Eightfold","Aircraft Records Coordinator 3","Flight Operations Mult-Func","","San Diego, CA","US (CONUS)","","","","","","https://jobs.northropgrumman.com/careers/job/1340073555291"
"Northrop Grumman","Eightfold","Senior Principal Systems Engineer (RF Communications)","Systems/Architecture/Test","","Cincinnati, OH","US (CONUS)","","","","","","https://jobs.northropgrumman.com/careers/job/1340073557521"
"Northrop Grumman","Eightfold","Electromechanical Engineer - Level 2","Electrical","","Redondo Beach, CA","US (CONUS)","","","","","","https://jobs.northropgrumman.com/careers/job/1340073557764"
"Northrop Grumman","Eightfold","Electromechanical Engineer - Level 3/4","Electrical","","Redondo Beach, CA","US (CONUS)","","","","","","https://jobs.northropgrumman.com/careers/job/1340073559204"
"Northrop Grumman","Eightfold","Opto-Mechanical Engineer - Level 3/4","Electrical","","Redondo Beach, CA","US (CONUS)","","","","","","https://jobs.northropgrumman.com/careers/job/1340073559786"
"Northrop Grumman","Eightfold","Opto-Mechanical Engineer - Level 2","Electrical","","Redondo Beach, CA","US (CONUS)","","","","","","https://jobs.northropgrumman.com/careers/job/1340073559817"
"Northrop Grumman","Eightfold","Manager Industrial Security 2","Security Mult-Func","","Melbourne, FL","US (CONUS)","","","","","","https://jobs.northropgrumman.com/careers/job/1340073548485"
"Northrop Grumman","Eightfold","Contracts Administrator Level 3 or 4","Contracts","","Redondo Beach, CA","US (CONUS)","","","","","","https://jobs.northropgrumman.com/careers/job/1340073549199"
"Northrop Grumman","Eightfold","Machinist 2/3 - 1st Shift","Manufacturing and Production","","Commerce, CA","US (CONUS)","","","","","","https://jobs.northropgrumman.com/careers/job/1340073550564"
"Northrop Grumman","Eightfold","Capture Manager 3","Capture","","Huntsville, AL","US (CONUS)","","","","","","https://jobs.northropgrumman.com/careers/job/1340073551271"
"Northrop Grumman","Eightfold","Sr. Principal/Principal Supply Chain Planning Specialist","Global Supply Chain Mult-Func","","Elkton, MD","US (CONUS)","","","","","","https://jobs.northropgrumman.com/careers/job/1340073551802"
"Northrop Grumman","Eightfold","Manager Program Control 2","Finance and Accounting","","Palmdale, CA","US (CONUS)","","","","","","https://jobs.northropgrumman.com/careers/job/1340073551942"
"Northrop Grumman","Eightfold","Director of Global Supply Chain I","Global Supply Chain Mult-Func","","Elkton, MD","US (CONUS)","","","","","","https://jobs.northropgrumman.com/careers/job/1340073551978"
"Northrop Grumman","Eightfold","Digital Engineering Manager 2","Engineering Mult-Func","","Linthicum Heights, MD","US (CONUS)","","","","","","https://jobs.northropgrumman.com/careers/job/1340073448644"
"Northrop Grumman","Eightfold","Engineer Electronics","Electrical","","Oklahoma City, OK","US (CONUS)","","","","","","https://jobs.northropgrumman.com/careers/job/1340073467033"
"Northrop Grumman","Eightfold","Sentinel - Lab Design Manager 2 (11914-2)","Systems/Architecture/Test","","Roy, UT","US (CONUS)","","","","","","https://jobs.northropgrumman.com/careers/job/1340071770283"
"Northrop Grumman","Eightfold","Engineer EHS","Environmental","","Clearfield, UT","US (CONUS)","","","","","","https://jobs.northropgrumman.com/careers/job/1340073498554"
"Northrop Grumman","Eightfold","Principal Classified Cybersecurity Analyst - Top Secret","Cyber","","Edwards AFB, CA","US (CONUS)","","","","","","https://jobs.northropgrumman.com/careers/job/1340073500763"
"Northrop Grumman","Eightfold","Modeling Simulation and Analysis Engineer (Engineer or Principal Engineer Level)","Systems/Architecture/Test","","Redondo Beach, CA","US (CONUS)","","","","","","https://jobs.northropgrumman.com/careers/job/1340073501180"
"Northrop Grumman","Eightfold","Principal Systems Engineer - CMDM","Systems/Architecture/Test","","Redondo Beach, CA","US (CONUS)","","","","","","https://jobs.northropgrumman.com/careers/job/1340073501814"
"Northrop Grumman","Eightfold","Manager 2 - Systems Engineering","Systems/Architecture/Test","","Redondo Beach, CA","US (CONUS)","","","","","","https://jobs.northropgrumman.com/careers/job/1340073505630"
"Northrop Grumman","Eightfold","Electrical Systems Engineer - Level 3 or 4 (AHT)","Systems/Architecture/Test","","Chandler, AZ","US (CONUS)","","","","","","https://jobs.northropgrumman.com/careers/job/1340073505682"
"Northrop Grumman","Eightfold","Systems Engineer: MBSE Modeling – Level 3 or Level 4 (AHT)","Systems/Architecture/Test","","Chandler, AZ","US (CONUS)","","","","","","https://jobs.northropgrumman.com/careers/job/1340073505706"
"Northrop Grumman","Eightfold","SDS Director of Programs 1 – Production Master Planner","Program Management (P&L)","","Roy, UT","US (CONUS)","","","","","","https://jobs.northropgrumman.com/careers/job/1340071168568"
"Northrop Grumman","Eightfold","Guidance Navigation Control (GNC) Engineer - Level 4","Systems/Architecture/Test","","Redondo Beach, CA","US (CONUS)","","","","","","https://jobs.northropgrumman.com/careers/job/1340073506791"
"Northrop Grumman","Eightfold","Systems Safety Engineer – Level 2 or Level 3 (AHT)","Environmental","","Chandler, AZ","US (CONUS)","","","","","","https://jobs.northropgrumman.com/careers/job/1340073516025"
"Northrop Grumman","Eightfold","Program Cost and Schedule Control Analyst","Business Management Mult-Func","","Melbourne, FL","US (CONUS)","","","","","","https://jobs.northropgrumman.com/careers/job/1340072993016"
"Northrop Grumman","Eightfold","Manager Tool Die Making 1","Manufacturing and Production","","Palmdale, CA","US (CONUS)","","","","","","https://jobs.northropgrumman.com/careers/job/1340072826234"
"Northrop Grumman","Eightfold","Staff Electromechanical Engineer","Electrical","","Linthicum Heights, MD","US (CONUS)","","","","","","https://jobs.northropgrumman.com/careers/job/1340073326364"
"Northrop Grumman","Eightfold","Supply Chain Technical Coordinator 2","Global Supply Chain Mult-Func","","Iuka, MS","US (CONUS)","","","","","","https://jobs.northropgrumman.com/careers/job/1340073531940"
"Northrop Grumman","Eightfold","Principal FPGA Digital Engineer - 3","Engineering Mult-Func","","Chandler, AZ","US (CONUS)","","","","","","https://jobs.northropgrumman.com/careers/job/1340073390563"
"Northrop Grumman","Eightfold","FPGA Digital Engineer - 2","Engineering Mult-Func","","Chandler, AZ","US (CONUS)","","","","","","https://jobs.northropgrumman.com/careers/job/1340073391061"
"Northrop Grumman","Eightfold","Staff Project Management","Project Management (Non-P&L)","","San Diego, CA","US (CONUS)","","","","","","https://jobs.northropgrumman.com/careers/job/1340073069488"
"Northrop Grumman","Eightfold","Associate Engineer Mission Assurance","Mission/Quality Assurance","","Elkton, MD","US (CONUS)","","","","","","https://jobs.northropgrumman.com/careers/job/1340073518428"
"Northrop Grumman","Eightfold","Aircraft Inspector 1/2","Flight Operations Mult-Func","","Iuka, MS","US (CONUS)","","","","","","https://jobs.northropgrumman.com/careers/job/1340073518519"
"Northrop Grumman","Eightfold","Manufacturing Technician - Level 1","Manufacturing and Production","","San Diego, CA","US (CONUS)","","","","","","https://jobs.northropgrumman.com/careers/job/1340072246755"
"Northrop Grumman","Eightfold","Specialty Test Engineer","Systems/Architecture/Test","","Plymouth, MN","US (CONUS)","","","","","","https://jobs.northropgrumman.com/careers/job/1340073554033"
"Northrop Grumman","Eightfold","Optical Subsystem I&T Engineer - 2","Engineering Mult-Func","","Chandler, AZ","US (CONUS)","","","","","","https://jobs.northropgrumman.com/careers/job/1340073390912"
"Northrop Grumman","Eightfold","Principal Flight Test Engineer (AHT)","Systems/Architecture/Test","","Los Angeles, CA","US (CONUS)","","","","","","https://jobs.northropgrumman.com/careers/job/1340073551973"
"Northrop Grumman","Eightfold","EO Signal Image Processing Engineer - 2","Engineering Mult-Func","","Chandler, AZ","US (CONUS)","","","","","","https://jobs.northropgrumman.com/careers/job/1340073477382"
"Northrop Grumman","Eightfold","Principal / Sr Principal Computer Aided Design and Modeling Engineer","Material/Process","","Colorado Springs, CO","US (CONUS)","","","","","","https://jobs.northropgrumman.com/careers/job/1340073554507"
"Northrop Grumman","Eightfold","Systems Engineer/Principal Systems Engineer","Systems/Architecture/Test","","Oklahoma City, OK","US (CONUS)","","","","","","https://jobs.northropgrumman.com/careers/job/1340073452869"
"Northrop Grumman","Eightfold","Guidance Navigation Control (GNC) Engineer - Level 2/3","Systems/Architecture/Test","","Redondo Beach, CA","US (CONUS)","","","","","","https://jobs.northropgrumman.com/careers/job/1340073506479"
"Northrop Grumman","Eightfold","Mission Assurance Engineer 2/3","Mission/Quality Assurance","","Elkton, MD","US (CONUS)","","","","","","https://jobs.northropgrumman.com/careers/job/1340073181475"
"Northrop Grumman","Eightfold","Principal Optical Engineer - 3","Engineering Mult-Func","","Chandler, AZ","US (CONUS)","","","","","","https://jobs.northropgrumman.com/careers/job/1340073179214"
"Northrop Grumman","Eightfold","Program Manager 2 - Supplier Management Team Lead","Program Management (P&L)","","Melbourne, FL","US (CONUS)","","","","","","https://jobs.northropgrumman.com/careers/job/1340073464224"
"Northrop Grumman","Eightfold","Program Manager 3 - Global Supply Chain","Global Supply Chain Mult-Func","","Magna, UT","US (CONUS)","","","","","","https://jobs.northropgrumman.com/careers/job/1340073546662"
"Northrop Grumman","Eightfold","Controls and Simulation Engineer Level 5","Systems/Architecture/Test","","Sunnyvale, CA","US (CONUS)","","","","","","https://jobs.northropgrumman.com/careers/job/1340073552729"
"Northrop Grumman","Eightfold","Communications Engineer/Principal Communications Engineer","Electrical","","Melbourne, FL","US (CONUS)","","","","","","https://jobs.northropgrumman.com/careers/job/1340073363734"
"Northrop Grumman","Eightfold","Systems Engineering Manager 2","Systems/Architecture/Test","","Baltimore, MD","US (CONUS)","","","","","","https://jobs.northropgrumman.com/careers/job/1340073559197"
"Northrop Grumman","Eightfold","Inspector 2/3 - Second Shift","Mission and Quality Assurance","","Elkton, MD","US (CONUS)","","","","","","https://jobs.northropgrumman.com/careers/job/1340073552464"
"Northrop Grumman","Eightfold","Industrial Security Analyst","Security Mult-Func","","Redondo Beach, CA","US (CONUS)","","","","","","https://jobs.northropgrumman.com/careers/job/1340073553331"
"Northrop Grumman","Eightfold","Business Management Manager - Level 2","Finance and Accounting","","Redondo Beach, CA","US (CONUS)","","","","","","https://jobs.northropgrumman.com/careers/job/1340073466989"
"Northrop Grumman","Eightfold","Inspector 2/3","Mission and Quality Assurance","","Elkton, MD","US (CONUS)","","","","","","https://jobs.northropgrumman.com/careers/job/1340073552597"
"Northrop Grumman","Eightfold","Sentinel - Supplier Management Program Execution Technical Lead - 19549","Systems/Architecture/Test","","Roy, UT","US (CONUS)","","","","","","https://jobs.northropgrumman.com/careers/job/1340073518814"
"Northrop Grumman","Eightfold","Principal Hardware Test Engineer","Systems/Architecture/Test","","Cincinnati, OH","US (CONUS)","","","","","","https://jobs.northropgrumman.com/careers/job/1340073557008"
"Northrop Grumman","Eightfold","Software Engineer Level 4 (AHT)","Software","","Aurora, CO","US (CONUS)","","","","","","https://jobs.northropgrumman.com/careers/job/1340073558373"
"Northrop Grumman","Eightfold","Sr. Principal Optomechanical Engineer - 4","Electrical","","Chandler, AZ","US (CONUS)","","","","","","https://jobs.northropgrumman.com/careers/job/1340073560069"
"Northrop Grumman","Eightfold","Full Stack Software Developer Level 3 or 4 (AHT)","Software","","Aurora, CO","US (CONUS)","","","","","","https://jobs.northropgrumman.com/careers/job/1340073547544"
"Northrop Grumman","Eightfold","Software Engineer Level 2 (AHT)","Software","","Aurora, CO","US (CONUS)","","","","","","https://jobs.northropgrumman.com/careers/job/1340073559715"
"Northrop Grumman","Eightfold","Hardware Test Engineer","Systems/Architecture/Test","","Cincinnati, OH","US (CONUS)","","","","","","https://jobs.northropgrumman.com/careers/job/1340073556838"
"Northrop Grumman","Eightfold","Manufacturing Engineer (Level 2 or Level 3)","Material/Process","","El Segundo, CA","US (CONUS)","","","","","","https://jobs.northropgrumman.com/careers/job/1340073556255"
"Northrop Grumman","Eightfold","Manager Project Management 3","Project Management (Non-P&L)","","Sunnyvale, CA","US (CONUS)","","","","","","https://jobs.northropgrumman.com/careers/job/1340073464824"
"Northrop Grumman","Eightfold","Test Technician - 2nd Shift","NGC - Non - NGJF S01","","Elkridge, MD","US (CONUS)","","","","","","https://jobs.northropgrumman.com/careers/job/1340073516792"
"Northrop Grumman","Eightfold","Assembler","Manufacturing and Production","","Buffalo, NY","US (CONUS)","","","","","","https://jobs.northropgrumman.com/careers/job/1340073540895"
"Northrop Grumman","Eightfold","Electronics Technician","Tech Support Mult-Func","","Buffalo, NY","US (CONUS)","","","","","","https://jobs.northropgrumman.com/careers/job/1340073540898"
"Northrop Grumman","Eightfold","Principal Program Cost Control Analyst","Business Management Mult-Func","","Buffalo, NY","US (CONUS)","","","","","","https://jobs.northropgrumman.com/careers/job/1340073540900"
"Northrop Grumman","Eightfold","Electronics Technician","Tech Support Mult-Func","","Buffalo, NY","US (CONUS)","","","","","","https://jobs.northropgrumman.com/careers/job/1340073540951"
"Northrop Grumman","Eightfold","Assembler 2","Manufacturing and Production","","Buffalo, NY","US (CONUS)","","","","","","https://jobs.northropgrumman.com/careers/job/1340073541023"
"Northrop Grumman","Eightfold","Electronics Technician 3","Tech Support Mult-Func","","Buffalo, NY","US (CONUS)","","","","","","https://jobs.northropgrumman.com/careers/job/1340073541040"
"Northrop Grumman","Eightfold","Sentinel - Principal / Sr. Principal Design Engineer (16931","Systems/Architecture/Test","","Roy, UT","US (CONUS)","","","","","","https://jobs.northropgrumman.com/careers/job/1340073541161"
"Northrop Grumman","Eightfold","Lead Sr. Principal Manufacturing Analyst","Manufacturing and Production","","Baltimore, MD","US (CONUS)","","","","","","https://jobs.northropgrumman.com/careers/job/1340073520018"
"Northrop Grumman","Eightfold","Assembler 2","Manufacturing and Production","","Buffalo, NY","US (CONUS)","","","","","","https://jobs.northropgrumman.com/careers/job/1340073540864"
"Northrop Grumman","Eightfold","Principal Manufacturing Analyst - Lead","Manufacturing and Production","","Baltimore, MD","US (CONUS)","","","","","","https://jobs.northropgrumman.com/careers/job/1340073519460"
"Northrop Grumman","Eightfold","Assembler 3","Manufacturing and Production","","Buffalo, NY","US (CONUS)","","","","","","https://jobs.northropgrumman.com/careers/job/1340073540925"
"Northrop Grumman","Eightfold","Test Technician","NGC - Non - NGJF S01","","Elkridge, MD","US (CONUS)","","","","","","https://jobs.northropgrumman.com/careers/job/1340073516738"
"Northrop Grumman","Eightfold","Sr Principal System Engineer - Integration & Test (AHT)","Systems/Architecture/Test","","Redondo Beach, CA","US (CONUS)","","","","","","https://jobs.northropgrumman.com/careers/job/1340073519077"
"Northrop Grumman","Eightfold","Systems Engineer/Prin Systems Engineer - Integration & Test (AHT)","Systems/Architecture/Test","","Redondo Beach, CA","US (CONUS)","","","","","","https://jobs.northropgrumman.com/careers/job/1340073518047"
"Northrop Grumman","Eightfold","Program Manager 2- 18949","Program Management (P&L)","","Roy, UT","US (CONUS)","","","","","","https://jobs.northropgrumman.com/careers/job/1340072868150"
"Northrop Grumman","Eightfold","Principal Field Engineer (Up to 75% Travel)","Systems/Architecture/Test","","Buffalo, NY","US (CONUS)","","","","","","https://jobs.northropgrumman.com/careers/job/1340073517511"
"Northrop Grumman","Eightfold","Principal Engineer Structural","Mechanical","","Palmdale, CA","US (CONUS)","","","","","","https://jobs.northropgrumman.com/careers/job/1340072372416"
"Northrop Grumman","Eightfold","Manager Programs 2 - 18242","Program Management (P&L)","","Huntsville, AL","US (CONUS)","","","","","","https://jobs.northropgrumman.com/careers/job/1340072868259"
"Northrop Grumman","Eightfold","Principal/Sr Principal Cyber Systems Engineer","Cyber","","San Antonio, TX","US (CONUS)","","","","","","https://jobs.northropgrumman.com/careers/job/1340073409174"
"Northrop Grumman","Eightfold","System Engineer Level 2 (AHT)","Systems/Architecture/Test","","Azusa, CA","US (CONUS)","","","","","","https://jobs.northropgrumman.com/careers/job/1340073501302"
"Northrop Grumman","Eightfold","Principal/Sr Principal System Engineer (AHT)","Systems/Architecture/Test","","Azusa, CA","US (CONUS)","","","","","","https://jobs.northropgrumman.com/careers/job/1340073486882"
"Northrop Grumman","Eightfold","Sr. Principal Computer Systems Analyst - Windows","Design and Programming","","Baltimore, MD","US (CONUS)","","","","","","https://jobs.northropgrumman.com/careers/job/1340072648975"
"Northrop Grumman","Eightfold","DevOps Engineer - Level 6","Software","","Redondo Beach, CA","US (CONUS)","","","","","","https://jobs.northropgrumman.com/careers/job/1340073519017"
"Northrop Grumman","Eightfold","Principal Engineer Supplier Quality","Mission/Quality Assurance","","San Diego, CA","US (CONUS)","","","","","","https://jobs.northropgrumman.com/careers/job/1340073500426"
"Northrop Grumman","Eightfold","Principal Engineer Systems - Payloads Field Service / Senior Principal Engineer Systems - Payloads Field Service (Mayfield FL)","Systems/Architecture/Test","","Jacksonville, FL","US (CONUS)","","","","","","https://jobs.northropgrumman.com/careers/job/1340073403443"
"Northrop Grumman","Eightfold","Staff Mission Assurance Engineer","Mission/Quality Assurance","","Melbourne, FL","US (CONUS)","","","","","","https://jobs.northropgrumman.com/careers/job/1340073488118"
"Northrop Grumman","Eightfold","Sentinel - Systems Safety Engineer - 17902*","Systems/Architecture/Test","","Roy, UT","US (CONUS)","","","","","","https://jobs.northropgrumman.com/careers/job/1340071471064"
"Northrop Grumman","Eightfold","DevOps Engineer - Level 3","Software","","Redondo Beach, CA","US (CONUS)","","","","","","https://jobs.northropgrumman.com/careers/job/1340073517595"
"Northrop Grumman","Eightfold","Sr Staff Propulsion Engineer","Mechanical","","Palm Beach Gardens, FL","US (CONUS)","","","","","","https://jobs.northropgrumman.com/careers/job/1340073518162"
"Northrop Grumman","Eightfold","Principal Mechanical Engineer - Top Secret Required (18524*)","Mechanical","","Roy, UT","US (CONUS)","","","","","","https://jobs.northropgrumman.com/careers/job/1340072869505"
"Northrop Grumman","Eightfold","Sr. Principal Weapon Stores Management Subsystem Responsible Engineer","Electrical","","Melbourne, FL","US (CONUS)","","","","","","https://jobs.northropgrumman.com/careers/job/1340073517481"
"Northrop Grumman","Eightfold","Principal Data Displays and Controls (DDC) Architect Engineer","Electrical","","Melbourne, FL","US (CONUS)","","","","","","https://jobs.northropgrumman.com/careers/job/1340073517575"
"Northrop Grumman","Eightfold","Engineer - Survivability  Liaison (Palmdale CA)","Systems/Architecture/Test","","Palmdale, CA","US (CONUS)","","","","","","https://jobs.northropgrumman.com/careers/job/1340073517708"
"Northrop Grumman","Eightfold","Manager Software Engineering 3","Software","","San Diego, CA","US (CONUS)","","","","","","https://jobs.northropgrumman.com/careers/job/1340072006760"
"Northrop Grumman","Eightfold","Sr Principal Procurement Analyst","Source","","San Diego, CA","US (CONUS)","","","","","","https://jobs.northropgrumman.com/careers/job/1340072403537"
"Northrop Grumman","Eightfold","Deputy Manager Programs 3 - 18245","Program Management (P&L)","","Huntsville, AL","US (CONUS)","","","","","","https://jobs.northropgrumman.com/careers/job/1340072867735"
"Northrop Grumman","Eightfold","Sentinel Principal / Sr Principal Engineer Industrial 17263 Secret Clearance","Material/Process","","Roy, UT","US (CONUS)","","","","","","https://jobs.northropgrumman.com/careers/job/1340073406318"
"Northrop Grumman","Eightfold","Electronics Engineer or Principal Electronics Engineer","Electrical","","Annapolis, MD","US (CONUS)","","","","","","https://jobs.northropgrumman.com/careers/job/1340073466329"
"Northrop Grumman","Eightfold","Manager Subcontracts 2","Global Supply Chain Mult-Func","","Melbourne, FL","US (CONUS)","","","","","","https://jobs.northropgrumman.com/careers/job/1340072024071"
"Northrop Grumman","Eightfold","Communications Hardware Engineer / Principal Communications Hardware Engineer","Electrical","","Palmdale, CA","US (CONUS)","","","","","","https://jobs.northropgrumman.com/careers/job/1340073404827"
"Northrop Grumman","Eightfold","Network Engineer","Cyber","","San Diego, CA","US (CONUS)","","","","","","https://jobs.northropgrumman.com/careers/job/1340073505478"
"Northrop Grumman","Eightfold","Sr Principal Network Engineer","Cyber","","San Diego, CA","US (CONUS)","","","","","","https://jobs.northropgrumman.com/careers/job/1340073505498"
"Northrop Grumman","Eightfold","Program Planning Manager 2","Project Management (Non-P&L)","","Redondo Beach, CA","US (CONUS)","","","","","","https://jobs.northropgrumman.com/careers/job/1340072965278"
"Northrop Grumman","Eightfold","Manager Programs 3 - 18247","Program Management (P&L)","","Huntsville, AL","US (CONUS)","","","","","","https://jobs.northropgrumman.com/careers/job/1340072867884"
"Northrop Grumman","Eightfold","Staff Systems Engineer - NATO ISS Lead","Systems/Architecture/Test","","San Diego, CA","US (CONUS)","","","","","","https://jobs.northropgrumman.com/careers/job/1340073520330"
"Northrop Grumman","Eightfold","I&T Manager – Level 2","Material/Process","","Sterling, VA","US (CONUS)","","","","","","https://jobs.northropgrumman.com/careers/job/1340073518396"
"Northrop Grumman","Eightfold","Software Engineer / Principal Software Engineer (AHT)","Software","","Hollywood, MD","US (CONUS)","","","","","","https://jobs.northropgrumman.com/careers/job/1340073518410"
"Northrop Grumman","Eightfold","Electronic Warfare (EW) Engineer/ Principal Electronic Warfare (EW) Engineer","Electrical","","Palmdale, CA","US (CONUS)","","","","","","https://jobs.northropgrumman.com/careers/job/1340073518548"
"Northrop Grumman","Eightfold","Principal Engineer Systems/Sr Principal Engineer Systems AHT - INF/MBSE","Systems/Architecture/Test","","Huntsville, AL","US (CONUS)","","","","","","https://jobs.northropgrumman.com/careers/job/1340073518700"
"Northrop Grumman","Eightfold","Principal Technical Editor and Writer","Communications Mult-Func","","Palmdale, CA","US (CONUS)","","","","","","https://jobs.northropgrumman.com/careers/job/1340073519749"
"Northrop Grumman","Eightfold","Principal Network Engineer","Cyber","","San Diego, CA","US (CONUS)","","","","","","https://jobs.northropgrumman.com/careers/job/1340073505475"
"Northrop Grumman","Eightfold","Systems Engineer - Level 5","Systems/Architecture/Test","","Chandler, AZ","US (CONUS)","","","","","","https://jobs.northropgrumman.com/careers/job/1340072964354"
"Northrop Grumman","Eightfold","Principal Engineer Systems/Sr Principal Engineer Systems - AHT","Systems/Architecture/Test","","Huntsville, AL","US (CONUS)","","","","","","https://jobs.northropgrumman.com/careers/job/1340073518637"
"Northrop Grumman","Eightfold","Principal Engineer Microelectronic Semiconductors","Electrical","","Baltimore, MD","US (CONUS)","","","","","","https://jobs.northropgrumman.com/careers/job/1340073501831"
"Northrop Grumman","Eightfold","BACN E-11A SCA Certified A&P Aircraft Mechanic 2 – Deployable - Multiple Shifts - Secret - Robins AFB","NGC - Non - NGJF Service Contract Act","","Robins AFB, GA","US (CONUS)","","","","","","https://jobs.northropgrumman.com/careers/job/1340073516212"
"Northrop Grumman","Eightfold","Manager Quality 2","Mission and Quality Assurance","","Baltimore, MD","US (CONUS)","","","","","","https://jobs.northropgrumman.com/careers/job/1340073467742"
"Northrop Grumman","Eightfold","Facilities Engineering Manager 2","Facilities Mult-Func","","Palmdale, CA","US (CONUS)","","","","","","https://jobs.northropgrumman.com/careers/job/1340073516773"
"Northrop Grumman","Eightfold","Principal Digital Engineer or Sr. Principal Digital Engineer","Engineering Mult-Func","","Baltimore, MD","US (CONUS)","","","","","","https://jobs.northropgrumman.com/careers/job/1340073517705"
"Northrop Grumman","Eightfold","Sr Principal Engineer Systems - External Interface (AHT)","Systems/Architecture/Test","","Redondo Beach, CA","US (CONUS)","","","","","","https://jobs.northropgrumman.com/careers/job/1340073518701"
"Northrop Grumman","Eightfold","Staff Embedded Software Engineer","Software","","Baltimore, MD","US (CONUS)","","","","","","https://jobs.northropgrumman.com/careers/job/1340073514790"
"Northrop Grumman","Eightfold","Sr Principal Embedded Software Engineer","Software","","Baltimore, MD","US (CONUS)","","","","","","https://jobs.northropgrumman.com/careers/job/1340073514438"
"Northrop Grumman","Eightfold","Principal Embedded Software Engineer","Software","","Baltimore, MD","US (CONUS)","","","","","","https://jobs.northropgrumman.com/careers/job/1340073514279"
"Northrop Grumman","Eightfold","Associate Pathways Computer Systems Analyst - Secret - San Diego CA","Design and Programming","","San Diego, CA","US (CONUS)","","","","","","https://jobs.northropgrumman.com/careers/job/1340073518195"
"Northrop Grumman","Eightfold","Engineer Energetics Manufacturing - 2/3","Material/Process","","Corinne, UT","US (CONUS)","","","","","","https://jobs.northropgrumman.com/careers/job/1340073519502"
"Northrop Grumman","Eightfold","Staff Propulsion Engineer","Mechanical","","Palm Beach Gardens, FL","US (CONUS)","","","","","","https://jobs.northropgrumman.com/careers/job/1340073518207"
"Northrop Grumman","Eightfold","Software Engineer Level 4 (AHT)","Software","","Aurora, CO","US (CONUS)","","","","","","https://jobs.northropgrumman.com/careers/job/1340073517860"
"Northrop Grumman","Eightfold","Software Engineer Level 2 or 3 (AHT)","Software","","Aurora, CO","US (CONUS)","","","","","","https://jobs.northropgrumman.com/careers/job/1340073517768"
"Northrop Grumman","Eightfold","Associate Cybersecurity Analyst - Secret - San Diego CA","Cyber","","San Diego, CA","US (CONUS)","","","","","","https://jobs.northropgrumman.com/careers/job/1340073518392"
"Northrop Grumman","Eightfold","Manufacturing Analyst / Principal Manufacturing Analyst","Manufacturing and Production","","Baltimore, MD","US (CONUS)","","","","","","https://jobs.northropgrumman.com/careers/job/1340073517727"
"Northrop Grumman","Eightfold","Sentinel - Structural/Principal Structural Analyst - 19127","Mechanical","","Roy, UT","US (CONUS)","","","","","","https://jobs.northropgrumman.com/careers/job/1340072783221"
"Northrop Grumman","Eightfold","Staff Cyber Systems Engineer","Cyber","","Chantilly, VA","US (CONUS)","","","","","","https://jobs.northropgrumman.com/careers/job/1340073502392"
"Northrop Grumman","Eightfold","EMI/C Systems Engineer - Level 3 or 4 (AHT)","Systems/Architecture/Test","","Gilbert, AZ","US (CONUS)","","","","","","https://jobs.northropgrumman.com/careers/job/1340073411636"
"Northrop Grumman","Eightfold","Principal Mechanical Engineer","Mechanical","","Gilbert, AZ","US (CONUS)","","","","","","https://jobs.northropgrumman.com/careers/job/1340073504448"
"Northrop Grumman","Eightfold","Proposal Analyst – Level 2","Proposal","","Colorado Springs, CO","US (CONUS)","","","","","","https://jobs.northropgrumman.com/careers/job/1340073483243"
"Northrop Grumman","Eightfold","Manager Engineering-5th Fleet (OCONUS)","Systems/Architecture/Test","","Abu Dhabi, Abu Dhabi, AE","International","","","","","","https://jobs.northropgrumman.com/careers/job/1340073487960"
"Northrop Grumman","Eightfold","Systems Engineer - Level 5","Systems/Architecture/Test","","Redondo Beach, CA","US (CONUS)","","","","","","https://jobs.northropgrumman.com/careers/job/1340073489570"
"Northrop Grumman","Eightfold","Systems Engineer - Level 5","Systems/Architecture/Test","","Redondo Beach, CA","US (CONUS)","","","","","","https://jobs.northropgrumman.com/careers/job/1340073489591"
"Northrop Grumman","Eightfold","Systems Engineer - Level 6","Systems/Architecture/Test","","Redondo Beach, CA","US (CONUS)","","","","","","https://jobs.northropgrumman.com/careers/job/1340073489760"
"Northrop Grumman","Eightfold","Sr. Principal Engineer Energetics Manufacturing - 4","Material/Process","","Corinne, UT","US (CONUS)","","","","","","https://jobs.northropgrumman.com/careers/job/1340073496259"
"Northrop Grumman","Eightfold","Sr. Principal Tool Engineer - Level 4","Material/Process","","Clearfield, UT","US (CONUS)","","","","","","https://jobs.northropgrumman.com/careers/job/1340073496624"
"Northrop Grumman","Eightfold","Senior Principal Systems Engineer","Systems/Architecture/Test","","San Diego, CA","US (CONUS)","","","","","","https://jobs.northropgrumman.com/careers/job/1340073182968"
"Northrop Grumman","Eightfold","Lead DevOps Engineer","Engineering Mult-Func","","London, England, GB","International","","","","","","https://jobs.northropgrumman.com/careers/job/1340068776226"
"Northrop Grumman","Eightfold","Sr Principal Quality Analyst - 13119-1","Mission and Quality Assurance","","Roy, UT","US (CONUS)","","","","","","https://jobs.northropgrumman.com/careers/job/1340073365963"
"Northrop Grumman","Eightfold","Sr Principal Information Systems Project Manager - Secret","Operations (IT)","","El Segundo, CA","US (CONUS)","","","","","","https://jobs.northropgrumman.com/careers/job/1340073186796"
"Northrop Grumman","Eightfold","Inspector 3","Mission and Quality Assurance","","Salt Lake City, UT","US (CONUS)","","","","","","https://jobs.northropgrumman.com/careers/job/1340073406136"
"Northrop Grumman","Eightfold","Staff Penetration Tester","Cyber","","San Antonio, TX","US (CONUS)","","","","","","https://jobs.northropgrumman.com/careers/job/1340073483362"
"Northrop Grumman","Eightfold","Systems Engineer - Level 4","Systems/Architecture/Test","","Chandler, AZ","US (CONUS)","","","","","","https://jobs.northropgrumman.com/careers/job/1340072736700"
"Northrop Grumman","Eightfold","Engineering Technician - Hardware / Software Integration","Tech Support Mult-Func","","San Diego, CA","US (CONUS)","","","","","","https://jobs.northropgrumman.com/careers/job/1340073465362"
"Northrop Grumman","Eightfold","Structural Engineer","Mechanical","","Plymouth, MN","US (CONUS)","","","","","","https://jobs.northropgrumman.com/careers/job/1340073475173"
"Northrop Grumman","Eightfold","Executive Administrative Assistant to VP","General Administrative","","Roy, UT","US (CONUS)","","","","","","https://jobs.northropgrumman.com/careers/job/1340073478435"
"Northrop Grumman","Eightfold","Industrial Security Analyst - 19136*","Security Mult-Func","","Roy, UT","US (CONUS)","","","","","","https://jobs.northropgrumman.com/careers/job/1340072851654"
"Northrop Grumman","Eightfold","EMI/C Systems Engineer - Level 3 or 4 (AHT)","Systems/Architecture/Test","","Gilbert, AZ","US (CONUS)","","","","","","https://jobs.northropgrumman.com/careers/job/1340073411722"
"Northrop Grumman","Eightfold","Senior Principal Systems Engineer – IFC Management","Systems/Architecture/Test","","San Diego, CA","US (CONUS)","","","","","","https://jobs.northropgrumman.com/careers/job/1340072316598"
"Northrop Grumman","Eightfold","Modeling and Simulation Engineering Manager 2","Systems/Architecture/Test","","San Diego, CA","US (CONUS)","","","","","","https://jobs.northropgrumman.com/careers/job/1340072272526"
"Northrop Grumman","Eightfold","Sentinel Manager Mission Assurance 2 - 19410","Mission and Quality Assurance","","Roy, UT","US (CONUS)","","","","","","https://jobs.northropgrumman.com/careers/job/1340073443417"
"Northrop Grumman","Eightfold","F-18 Electrical Avionics Technician 3","Flight Operations Mult-Func","","Belle Chasse, LA","US (CONUS)","","","","","","https://jobs.northropgrumman.com/careers/job/1340073500286"
"Northrop Grumman","Eightfold","Sr. Principal Financial Analyst","Finance and Accounting","","San Diego, CA","US (CONUS)","","","","","","https://jobs.northropgrumman.com/careers/job/1340073500497"
"Northrop Grumman","Eightfold","Facilities Representative - Level 2","Facilities Mult-Func","","El Segundo, CA","US (CONUS)","","","","","","https://jobs.northropgrumman.com/careers/job/1340073500764"
"Northrop Grumman","Eightfold","Manager of Business Management 3","Business Management Mult-Func","","Melbourne, FL","US (CONUS)","","","","","","https://jobs.northropgrumman.com/careers/job/1340073500964"
"Northrop Grumman","Eightfold","Sentinel Engineering Design/Principal Engineering Design 10601-1","Systems/Architecture/Test","","Roy, UT","US (CONUS)","","","","","","https://jobs.northropgrumman.com/careers/job/1340073501096"
"Northrop Grumman","Eightfold","Staff Pilot Test","Flight Operations Mult-Func","","Edwards AFB, CA","US (CONUS)","","","","","","https://jobs.northropgrumman.com/careers/job/1340073501138"
"Northrop Grumman","Eightfold","CNC Programmer/Milling Machine Machinist 2/3","Manufacturing and Production","","Corinne, UT","US (CONUS)","","","","","","https://jobs.northropgrumman.com/careers/job/1340073501833"
"Northrop Grumman","Eightfold","Supply Chain Planning Specialist","Global Supply Chain Mult-Func","","Salt Lake City, UT","US (CONUS)","","","","","","https://jobs.northropgrumman.com/careers/job/1340073501844"
"Northrop Grumman","Eightfold","Principal/Sr. Principal PCB Producibility Engineer","Systems/Architecture/Test","","Rolling Meadows, IL","US (CONUS)","","","","","","https://jobs.northropgrumman.com/careers/job/1340073501986"
"Northrop Grumman","Eightfold","Engineering CAD Administrator Level 3/4","Material/Process","","Ocean Springs, MS","US (CONUS)","","","","","","https://jobs.northropgrumman.com/careers/job/1340073502377"
"Northrop Grumman","Eightfold","Sentinel Principal / Sr Principal Industrial Engineer Master Production Scheduling (17265)","Material/Process","","Roy, UT","US (CONUS)","","","","","","https://jobs.northropgrumman.com/careers/job/1340073503578"
"Northrop Grumman","Eightfold","Systems Engineer - Level 2 (AHT) (Evergreen)","Systems/Architecture/Test","","Redondo Beach, CA","US (CONUS)","","","","","","https://jobs.northropgrumman.com/careers/job/1340073504791"
"Northrop Grumman","Eightfold","Sentinel - Principal Mechanical Engineer (Secret Clearance) - 19390","Mechanical","","Roy, UT","US (CONUS)","","","","","","https://jobs.northropgrumman.com/careers/job/1340073441990"
"Northrop Grumman","Eightfold","Manager Tool Engineering 2 - CAM","Material/Process","","Layton, UT","US (CONUS)","","","","","","https://jobs.northropgrumman.com/careers/job/1340073443919"
"Northrop Grumman","Eightfold","Industrial / Principal Industrial Engineer- Affordability Engineer - 18288","Material/Process","","Roy, UT","US (CONUS)","","","","","","https://jobs.northropgrumman.com/careers/job/1340072965737"
"Northrop Grumman","Eightfold","Staff Human Factors Engineer - Human Systems Integration (HSI) Lead","Systems/Architecture/Test","","Melbourne, FL","US (CONUS)","","","","","","https://jobs.northropgrumman.com/careers/job/1340073168210"
"Northrop Grumman","Eightfold","Engineer Mechanical (Level 2)","Mechanical","","Redondo Beach, CA","US (CONUS)","","","","","","https://jobs.northropgrumman.com/careers/job/1340073395513"
"Northrop Grumman","Eightfold","Systems Engineer - Level 6","Systems/Architecture/Test","","Redondo Beach, CA","US (CONUS)","","","","","","https://jobs.northropgrumman.com/careers/job/1340073489735"
"Northrop Grumman","Eightfold","Manager Test Inspection 3","Mission and Quality Assurance","","Elkton, MD","US (CONUS)","","","","","","https://jobs.northropgrumman.com/careers/job/1340073484709"
"Northrop Grumman","Eightfold","Computer Support 2- 19071 - Roy Utah","Operations (IT)","","Roy, UT","US (CONUS)","","","","","","https://jobs.northropgrumman.com/careers/job/1340073485517"
"Northrop Grumman","Eightfold","Cabling & Harnessing Technician - Level 2 or 3 - 2ND SHIFT","Manufacturing and Production","","Goleta, CA","US (CONUS)","","","","","","https://jobs.northropgrumman.com/careers/job/1340072638822"
"Northrop Grumman","Eightfold","Flight Systems Futures - Staff GN&C Engineer","Systems/Architecture/Test","","Roy, UT","US (CONUS)","","","","","","https://jobs.northropgrumman.com/careers/job/1340073355205"
"Northrop Grumman","Eightfold","Principal RF Systems Engineer / Senior Principal RF Systems Engineer","Systems/Architecture/Test","","Baltimore, MD","US (CONUS)","","","","","","https://jobs.northropgrumman.com/careers/job/1340072483158"
"Northrop Grumman","Eightfold","Flight Systems Futures - GN&C Engineer 3/4","Systems/Architecture/Test","","Roy, UT","US (CONUS)","","","","","","https://jobs.northropgrumman.com/careers/job/1340073354806"
"Northrop Grumman","Eightfold","Flight Systems Futures - GN&C Engineer 3/4","Systems/Architecture/Test","","Roy, UT","US (CONUS)","","","","","","https://jobs.northropgrumman.com/careers/job/1340073355457"
"Northrop Grumman","Eightfold","Electronics Communication Engineer/ Principal Electronics Communication Engineer","Electrical","","Palmdale, CA","US (CONUS)","","","","","","https://jobs.northropgrumman.com/careers/job/1340073447928"
"Northrop Grumman","Eightfold","Sentinel - Principal Mechanical Engineer (Secret Clearance) - 19388","Mechanical","","Roy, UT","US (CONUS)","","","","","","https://jobs.northropgrumman.com/careers/job/1340073441795"
"Northrop Grumman","Eightfold","Avionics Integration Section Manager 2","Electrical","","Melbourne, FL","US (CONUS)","","","","","","https://jobs.northropgrumman.com/careers/job/1340073488835"
"Northrop Grumman","Eightfold","Staff Software I&T Engineer – System Test Lead (Level 5)","Software","","Redondo Beach, CA","US (CONUS)","","","","","","https://jobs.northropgrumman.com/careers/job/1340073484873"
"Northrop Grumman","Eightfold","Director Supply Chain 1","Global Supply Chain Mult-Func","","Palmdale, CA","US (CONUS)","","","","","","https://jobs.northropgrumman.com/careers/job/1340073109432"
"Northrop Grumman","Eightfold","Manager Mission Assurance 2 - 13532-2","Mission and Quality Assurance","","Roy, UT","US (CONUS)","","","","","","https://jobs.northropgrumman.com/careers/job/1340073443622"
"Northrop Grumman","Eightfold","Program Manager 3","Program Management (P&L)","","Melbourne, FL","US (CONUS)","","","","","","https://jobs.northropgrumman.com/careers/job/1340073409453"
"Northrop Grumman","Eightfold","EMI/C Systems Engineer - Level 2 (AHT)","Systems/Architecture/Test","","Gilbert, AZ","US (CONUS)","","","","","","https://jobs.northropgrumman.com/careers/job/1340073411583"
"Northrop Grumman","Eightfold","Machinist 3 - Days Nights Weekends","Manufacturing and Production","","Lake Charles, LA","US (CONUS)","","","","","","https://jobs.northropgrumman.com/careers/job/1340073497220"
"Northrop Grumman","Eightfold","Principal Engineer Quality","Mission/Quality Assurance","","Sunnyvale, CA","US (CONUS)","","","","","","https://jobs.northropgrumman.com/careers/job/1340073392722"
"Northrop Grumman","Eightfold","Staff Field Engineer (Flight Test)","Systems/Architecture/Test","","Linthicum Heights, MD","US (CONUS)","","","","","","https://jobs.northropgrumman.com/careers/job/1340073501141"
"Northrop Grumman","Eightfold","2027 Intern Software Engineer","Intern/Casual","","Melbourne, FL","US (CONUS)","","","","","","https://jobs.northropgrumman.com/careers/job/1340073325729"
"Northrop Grumman","Eightfold","Senior Verification and Validation Engineer","Systems/Architecture/Test","","New Malden, England, GB","International","","","","","","https://jobs.northropgrumman.com/careers/job/1340073414639"
"Northrop Grumman","Eightfold","Engineer or Principal Engineer Aeronautical - Crew and Equipment Design","Mechanical","","Melbourne, FL","US (CONUS)","","","","","","https://jobs.northropgrumman.com/careers/job/1340073409968"
"Northrop Grumman","Eightfold","Staff Systems Engineer - Level 5","Systems/Architecture/Test","","Boulder, CO","US (CONUS)","","","","","","https://jobs.northropgrumman.com/careers/job/1340073502820"
"Northrop Grumman","Eightfold","Principal Engineer Software (Avionics)","Software","","Melbourne, FL","US (CONUS)","","","","","","https://jobs.northropgrumman.com/careers/job/1340073138428"
"Northrop Grumman","Eightfold","Manager General Manufacturing 1","Manufacturing and Production","","Plymouth, MN","US (CONUS)","","","","","","https://jobs.northropgrumman.com/careers/job/1340073486639"
"Northrop Grumman","Eightfold","Senior Human Resources Director 2","Human Resources Mult-Func","","Melbourne, FL","US (CONUS)","","","","","","https://jobs.northropgrumman.com/careers/job/1340071978657"
"Northrop Grumman","Eightfold","2027 Associate Software Engineer / Software Engineer","Software","","Melbourne, FL","US (CONUS)","","","","","","https://jobs.northropgrumman.com/careers/job/1340073448282"
"Northrop Grumman","Eightfold","Systems Administrator/Principal Systems Administrator (AHT)","Networks","","Wright-Patterson AFB, OH","US (CONUS)","","","","","","https://jobs.northropgrumman.com/careers/job/1340073168402"
"Northrop Grumman","Eightfold","Software Engineer/Principal Software Engineer–Java (TS/SCI-CI Poly) (AHT)","Software","","Wright-Patterson AFB, OH","US (CONUS)","","","","","","https://jobs.northropgrumman.com/careers/job/1340073089199"
"Northrop Grumman","Eightfold","Principal/ Sr. Principal Cloud Engineer","Software","","Wright-Patterson AFB, OH","US (CONUS)","","","","","","https://jobs.northropgrumman.com/careers/job/1340073370187"
"Northrop Grumman","Eightfold","Sentinel Industrial Engineer - 17264","Material/Process","","Roy, UT","US (CONUS)","","","","","","https://jobs.northropgrumman.com/careers/job/1340073483647"
"Northrop Grumman","Eightfold","Firefighter 3 (Palmdale CA)","Security Mult-Func","","Palmdale, CA","US (CONUS)","","","","","","https://jobs.northropgrumman.com/careers/job/1340073479065"
"Northrop Grumman","Eightfold","Senior Principal Price/Cost Proposal Analyst - Level 4","Proposal","","Melbourne, FL","US (CONUS)","","","","","","https://jobs.northropgrumman.com/careers/job/1340073479725"
"Northrop Grumman","Eightfold","Program Manager 3 - Antares/Eclipse","Program Management (P&L)","","Chandler, AZ","US (CONUS)","","","","","","https://jobs.northropgrumman.com/careers/job/1340073485747"
"Northrop Grumman","Eightfold","Principal Engineer Electrical -19314","Electrical","","Roy, UT","US (CONUS)","","","","","","https://jobs.northropgrumman.com/careers/job/1340073391452"
"Northrop Grumman","Eightfold","Sr Principal Classified Cybersecurity Analyst - Secret","Cyber","","Corinne, UT","US (CONUS)","","","","","","https://jobs.northropgrumman.com/careers/job/1340073394269"
"Northrop Grumman","Eightfold","Software Engineer","Software","","Symonston, ACT, AU","International","","","","","","https://jobs.northropgrumman.com/careers/job/1340073395970"
"Northrop Grumman","Eightfold","Engineer/Principal Engineer RF Microwave Design","Electrical","","Baltimore, MD","US (CONUS)","","","","","","https://jobs.northropgrumman.com/careers/job/1340073487953"
"Northrop Grumman","Eightfold","Sr Lead Test Engineer (LTE)","Mechanical","","MD","US (CONUS)","","","","","","https://jobs.northropgrumman.com/careers/job/1340073488242"
"Northrop Grumman","Eightfold","Staff Lead Test Engineer (LTE)","Mechanical","","MD","US (CONUS)","","","","","","https://jobs.northropgrumman.com/careers/job/1340073488302"
"Northrop Grumman","Eightfold","Embedded Software Engineer - Level 3 or 4 (Active Secret) - AHT","Software","","Redondo Beach, CA","US (CONUS)","","","","","","https://jobs.northropgrumman.com/careers/job/1340073488364"
"Northrop Grumman","Eightfold","Engineering Technician Level 3","Tech Support Mult-Func","","Gilbert, AZ","US (CONUS)","","","","","","https://jobs.northropgrumman.com/careers/job/1340073490782"
"Northrop Grumman","Eightfold","Project Management","Project Management (Non-P&L)","","Oklahoma City, OK","US (CONUS)","","","","","","https://jobs.northropgrumman.com/careers/job/1340073446237"
"Northrop Grumman","Eightfold","Associate Cloud Engineer/ Cloud Engineer","Software","","Wright-Patterson AFB, OH","US (CONUS)","","","","","","https://jobs.northropgrumman.com/careers/job/1340073071267"
"Northrop Grumman","Eightfold","Associate Cloud Engineer/ Cloud Engineer","Software","","Rome, NY","US (CONUS)","","","","","","https://jobs.northropgrumman.com/careers/job/1340073071273"
"Northrop Grumman","Eightfold","Systems Engineer - Level 3 or 4","Systems/Architecture/Test","","Huntsville, AL","US (CONUS)","","","","","","https://jobs.northropgrumman.com/careers/job/1340071526595"
"Northrop Grumman","Eightfold","Sr. Principal AWS Cloud Architect – On Site at Wright Patt (TS/SCI)(AHT)","Software","","Wright-Patterson AFB, OH","US (CONUS)","","","","","","https://jobs.northropgrumman.com/careers/job/1340072561621"
"Northrop Grumman","Eightfold","Manager Software Engineering 1","Software","","Beavercreek, OH","US (CONUS)","","","","","","https://jobs.northropgrumman.com/careers/job/1340072081522"
"Northrop Grumman","Eightfold","Sr Principal Network Administrator - Secret","Networks","","Azusa, CA","US (CONUS)","","","","","","https://jobs.northropgrumman.com/careers/job/1340073184294"
"Northrop Grumman","Eightfold","Facilities Engineering Manager 2","Mechanical","","Corinne, UT","US (CONUS)","","","","","","https://jobs.northropgrumman.com/careers/job/1340072405766"
"Northrop Grumman","Eightfold","Electrical Engineering Manager 3 - 19399","Electrical","","Roy, UT","US (CONUS)","","","","","","https://jobs.northropgrumman.com/careers/job/1340073365707"
"Northrop Grumman","Eightfold","Principal/Sr. Principal Cloud Engineer","Software","","Warner Robins, GA","US (CONUS)","","","","","","https://jobs.northropgrumman.com/careers/job/1340072019738"
"Northrop Grumman","Eightfold","Sr. Principal Research Scientist 4","Research and Science Mult-Func","","Corinne, UT","US (CONUS)","","","","","","https://jobs.northropgrumman.com/careers/job/1340073476586"
"Northrop Grumman","Eightfold","Supply Chain Tech Coordinator- Level 2","Global Supply Chain Mult-Func","","Elkton, MD","US (CONUS)","","","","","","https://jobs.northropgrumman.com/careers/job/1340073476714"
"Northrop Grumman","Eightfold","Principal Price/Cost Proposal Analyst - Level 3","Proposal","","Melbourne, FL","US (CONUS)","","","","","","https://jobs.northropgrumman.com/careers/job/1340073479290"
"Northrop Grumman","Eightfold","Production Control Manager 2","Manufacturing and Production","","Baltimore, MD","US (CONUS)","","","","","","https://jobs.northropgrumman.com/careers/job/1340073479296"
"Northrop Grumman","Eightfold","Systems Engineer / Principle Systems Engineer - Integration","Systems/Architecture/Test","","Melbourne, FL","US (CONUS)","","","","","","https://jobs.northropgrumman.com/careers/job/1340073482988"
"Northrop Grumman","Eightfold","Contractor Flight Test Director (CFTD)","Mechanical","","MD","US (CONUS)","","","","","","https://jobs.northropgrumman.com/careers/job/1340073483005"
"Northrop Grumman","Eightfold","Principal Software Engineer","Software","","Los Angeles, CA","US (CONUS)","","","","","","https://jobs.northropgrumman.com/careers/job/1340073483894"
"Northrop Grumman","Eightfold","Manager Mission Assurance 2","Mission and Quality Assurance","","Huntsville, AL","US (CONUS)","","","","","","https://jobs.northropgrumman.com/careers/job/1340072861540"
"Northrop Grumman","Eightfold","Principal Supply Chain Subcontract Specialist","Global Supply Chain Mult-Func","","El Segundo, CA","US (CONUS)","","","","","","https://jobs.northropgrumman.com/careers/job/1340073463024"
"Northrop Grumman","Eightfold","Classified Cybersecurity Analyst 2/3 - Top Secret","Cyber","","San Diego, CA","US (CONUS)","","","","","","https://jobs.northropgrumman.com/careers/job/1340073464384"
"Northrop Grumman","Eightfold","Principal / Sr. Principal Lab Design and Operations Engineer","Electrical","","Melbourne, FL","US (CONUS)","","","","","","https://jobs.northropgrumman.com/careers/job/1340073464426"
"Northrop Grumman","Eightfold","Principal Program Cost Control Analyst","Business Management Mult-Func","","San Diego, CA","US (CONUS)","","","","","","https://jobs.northropgrumman.com/careers/job/1340073475026"
"Northrop Grumman","Eightfold","Principal Electrical Engineer / Sr. Principal Engineer Electrical - Level 3 or Level 4","Electrical","","Redondo Beach, CA","US (CONUS)","","","","","","https://jobs.northropgrumman.com/careers/job/1340073483565"
"Northrop Grumman","Eightfold","Computer Operations Analyst 2---19133 - Roy Utah","Operations (IT)","","Roy, UT","US (CONUS)","","","","","","https://jobs.northropgrumman.com/careers/job/1340073483721"
"Northrop Grumman","Eightfold","Test Engineer - Level 2 or Level 3","Systems/Architecture/Test","","San Diego, CA","US (CONUS)","","","","","","https://jobs.northropgrumman.com/careers/job/1340073410079"
"Northrop Grumman","Eightfold","Engineer Systems/Principal Engineer Systems","Systems/Architecture/Test","","Annapolis, MD","US (CONUS)","","","","","","https://jobs.northropgrumman.com/careers/job/1340070873438"
"Northrop Grumman","Eightfold","Manager Business Management 2","Business Management Mult-Func","","Orlando, FL","US (CONUS)","","","","","","https://jobs.northropgrumman.com/careers/job/1340073466972"
"Northrop Grumman","Eightfold","Precision Electromechanical Assembler 2 (2nd Shift)","Manufacturing and Production","","Salt Lake City, UT","US (CONUS)","","","","","","https://jobs.northropgrumman.com/careers/job/1340073467034"
"Northrop Grumman","Eightfold","DevOps Engineer/Principal DevOps Engineer (AHT)","Software","","Wright-Patterson AFB, OH","US (CONUS)","","","","","","https://jobs.northropgrumman.com/careers/job/1340073403053"
"Northrop Grumman","Eightfold","Principal/Sr. Principal Computer Systems Architect","Design and Programming","","Colorado Springs, CO","US (CONUS)","","","","","","https://jobs.northropgrumman.com/careers/job/1340071861748"
"Northrop Grumman","Eightfold","Structural Engineers Level 2/3","Mechanical","","Sunnyvale, CA","US (CONUS)","","","","","","https://jobs.northropgrumman.com/careers/job/1340072996878"
"Northrop Grumman","Eightfold","Sentinel - Mechanical Engineer (Secret Clearance) - 19387","Mechanical","","Roy, UT","US (CONUS)","","","","","","https://jobs.northropgrumman.com/careers/job/1340073441667"
"Northrop Grumman","Eightfold","Manager Project Management 2","Project Management (Non-P&L)","","Palmdale, CA","US (CONUS)","","","","","","https://jobs.northropgrumman.com/careers/job/1340073441907"
"Northrop Grumman","Eightfold","Principal/Sr. Principal Cloud Engineer","Software","","Rome, NY","US (CONUS)","","","","","","https://jobs.northropgrumman.com/careers/job/1340073370061"
"Northrop Grumman","Eightfold","Program Manager 2","Program Management (P&L)","","Oklahoma City, OK","US (CONUS)","","","","","","https://jobs.northropgrumman.com/careers/job/1340073430475"
"Northrop Grumman","Eightfold","Sentinel - Systems Engineer (SCRM Vulnerability Assessment)","Systems/Architecture/Test","","Roy, UT","US (CONUS)","","","","","","https://jobs.northropgrumman.com/careers/job/1340071800153"
"Northrop Grumman","Eightfold","U105 Manufacturing Operations Maintenance Technician","NGC - Non - NGJF Union","","Baltimore, MD","US (CONUS)","","","","","","https://jobs.northropgrumman.com/careers/job/1340073327659"
"Northrop Grumman","Eightfold","Structural Engineer - Level 3 or Level 4","Mechanical","","Goleta, CA","US (CONUS)","","","","","","https://jobs.northropgrumman.com/careers/job/1340073484705"
"Northrop Grumman","Eightfold","Principal Eng Manufacturing Lvl 3 (Weekends Fri Sat & Sun)","Material/Process","","Iuka, MS","US (CONUS)","","","","","","https://jobs.northropgrumman.com/careers/job/1340073069963"
"Northrop Grumman","Eightfold","Principal Contract Administrator - Level 3","Contracts","","El Segundo, CA","US (CONUS)","","","","","","https://jobs.northropgrumman.com/careers/job/1340073448053"
"Northrop Grumman","Eightfold","Flight Test Engineer (FTE) AV Lead","Mechanical","","MD","US (CONUS)","","","","","","https://jobs.northropgrumman.com/careers/job/1340073484213"
"Northrop Grumman","Eightfold","Sr. Staff Engineering Program Manager (EPM)","Systems/Architecture/Test","","Dulles, VA","US (CONUS)","","","","","","https://jobs.northropgrumman.com/careers/job/1340073486508"
"Northrop Grumman","Eightfold","Staff Contractor Flight Test Director (CFTD)","Mechanical","","MD","US (CONUS)","","","","","","https://jobs.northropgrumman.com/careers/job/1340073487364"
"Northrop Grumman","Eightfold","Manager Facilities Engineering 1","Facilities Mult-Func","","Magna, UT","US (CONUS)","","","","","","https://jobs.northropgrumman.com/careers/job/1340072402941"
"Northrop Grumman","Eightfold","Quality Inspector B","NGC - Non - NGJF S01","","Sykesville, MD","US (CONUS)","","","","","","https://jobs.northropgrumman.com/careers/job/1340073475965"
"Northrop Grumman","Eightfold","Program Cost Control Analyst","Business Management Mult-Func","","Redondo Beach, CA","US (CONUS)","","","","","","https://jobs.northropgrumman.com/careers/job/1340073483925"
"Northrop Grumman","Eightfold","Sentinel - Structural Engineering Manager 2 - 19435","Material/Process","","Roy, UT","US (CONUS)","","","","","","https://jobs.northropgrumman.com/careers/job/1340073395046"
"Northrop Grumman","Eightfold","International Trade Compliance Analyst - Level 2 or 3","Compliance","","Dulles, VA","US (CONUS)","","","","","","https://jobs.northropgrumman.com/careers/job/1340073448371"
"Northrop Grumman","Eightfold","Sentinel - Business Process Analyst (19049)","Tech Support Mult-Func","","Roy, UT","US (CONUS)","","","","","","https://jobs.northropgrumman.com/careers/job/1340072788055"
"Northrop Grumman","Eightfold","Employee Communications Representative","Communications Mult-Func","","McLean, VA","US (CONUS)","","","","","","https://jobs.northropgrumman.com/careers/job/1340073480143"
"Northrop Grumman","Eightfold","Principal/Sr. Principal Cloud Engineer (AHT)","Software","","Wright-Patterson AFB, OH","US (CONUS)","","","","","","https://jobs.northropgrumman.com/careers/job/1340073334136"
"Northrop Grumman","Eightfold","Principal Quality Engineer / Sr Principal Quality Engineer","Mission/Quality Assurance","","Baltimore, MD","US (CONUS)","","","","","","https://jobs.northropgrumman.com/careers/job/1340073459342"
"Northrop Grumman","Eightfold","Sr Principal Engineer Electronics","Electrical","","Melbourne, FL","US (CONUS)","","","","","","https://jobs.northropgrumman.com/careers/job/1340073365606"
"Northrop Grumman","Eightfold","Engineering Technician 4","Tech Support Mult-Func","","Redondo Beach, CA","US (CONUS)","","","","","","https://jobs.northropgrumman.com/careers/job/1340073488483"
"Northrop Grumman","Eightfold","Sentinel -  Principal/Sr. Principal Systems Engineer - 18555","Systems/Architecture/Test","","Roy, UT","US (CONUS)","","","","","","https://jobs.northropgrumman.com/careers/job/1340073476158"
"Northrop Grumman","Eightfold","Systems Engineer Level 3 / 4","Systems/Architecture/Test","","Cape Canaveral, FL","US (CONUS)","","","","","","https://jobs.northropgrumman.com/careers/job/1340072207016"
"Northrop Grumman","Eightfold","SCA Elec Tech Maintenance 3","NGC - Non - NGJF Service Contract Act","","Warner Robins, GA","US (CONUS)","","","","","","https://jobs.northropgrumman.com/careers/job/1340073484877"
"Northrop Grumman","Eightfold","Principal/Sr Principal Cyber Penetration Tester","Cyber","","San Antonio, TX","US (CONUS)","","","","","","https://jobs.northropgrumman.com/careers/job/1340073462477"
"Northrop Grumman","Eightfold","Sr Principal Electrical Engineer - 19381","Electrical","","Roy, UT","US (CONUS)","","","","","","https://jobs.northropgrumman.com/careers/job/1340073448221"
"Northrop Grumman","Eightfold","Staff Electromechanical Engineer","Electrical","","Aurora, CO","US (CONUS)","","","","","","https://jobs.northropgrumman.com/careers/job/1340072266371"
"Northrop Grumman","Eightfold","Sentinel Structural/Principal Structural Analyst - 19377 & 19378","Mechanical","","Roy, UT","US (CONUS)","","","","","","https://jobs.northropgrumman.com/careers/job/1340073393873"
"Northrop Grumman","Eightfold","Mission and Quality Assurance Lead","Mission/Quality Assurance","","Boulder, CO","US (CONUS)","","","","","","https://jobs.northropgrumman.com/careers/job/1340073483891"
"Northrop Grumman","Eightfold","(Skillbridge) Production Test Technician - Level 1 or Level 2","Mission and Quality Assurance","","Dulles, VA","US (CONUS)","","","","","","https://jobs.northropgrumman.com/careers/job/1340073485759"
"Northrop Grumman","Eightfold","Principal Test Conductor - 16556-1","Mission and Quality Assurance","","Roy, UT","US (CONUS)","","","","","","https://jobs.northropgrumman.com/careers/job/1340073485900"
"Northrop Grumman","Eightfold","Safety Coordinator 2","Health (EHS)","","Clearfield, UT","US (CONUS)","","","","","","https://jobs.northropgrumman.com/careers/job/1340073483563"
"Northrop Grumman","Eightfold","Industrial Engineer /Principal Industrial Engineer","Material/Process","","Sunnyvale, CA","US (CONUS)","","","","","","https://jobs.northropgrumman.com/careers/job/1340073487866"
"Northrop Grumman","Eightfold","Engineer/Principal Engineer Electromechanical","Electrical","","Baltimore, MD","US (CONUS)","","","","","","https://jobs.northropgrumman.com/careers/job/1340073487870"
"Northrop Grumman","Eightfold","Staff Engineer Electronics - Avionics Deputy Lead","Electrical","","Melbourne, FL","US (CONUS)","","","","","","https://jobs.northropgrumman.com/careers/job/1340073468946"
"Northrop Grumman","Eightfold","Principal Engineer Digital FPGA/Sr. Principal Engineer Digital FPGA (Level 3/4)","Systems/Architecture/Test","","Manhattan Beach, CA","US (CONUS)","","","","","","https://jobs.northropgrumman.com/careers/job/1340073467910"
"Northrop Grumman","Eightfold","Principal Engineer Ground Systems Hardware Installation/Sr Principal Engineer Ground Systems Hardware Installation","Material/Process","","Manhattan Beach, CA","US (CONUS)","","","","","","https://jobs.northropgrumman.com/careers/job/1340073467903"
"Northrop Grumman","Eightfold","Sentinel - Principal Configuration Analyst - 16313","Tech Support Mult-Func","","Roy, UT","US (CONUS)","","","","","","https://jobs.northropgrumman.com/careers/job/1340071914241"
"Northrop Grumman","Eightfold","Security Officer - Level 2","Security Mult-Func","","Redondo Beach, CA","US (CONUS)","","","","","","https://jobs.northropgrumman.com/careers/job/1340070975531"
"Northrop Grumman","Eightfold","Principal / Sr. Principal Research and Advanced Design Test Engineer","Electrical","","Melbourne, FL","US (CONUS)","","","","","","https://jobs.northropgrumman.com/careers/job/1340070754904"
"Northrop Grumman","Eightfold","Supply Chain Technical Coordinator 2 - 13580-1","Global Supply Chain Mult-Func","","Colorado Springs, CO","US (CONUS)","","","","","","https://jobs.northropgrumman.com/careers/job/1340072637139"
"Northrop Grumman","Eightfold","Staff CIDO IT Program Manager","Design and Programming","","Waynesboro, VA","US (CONUS)","","","","","","https://jobs.northropgrumman.com/careers/job/1340073325545"
"Northrop Grumman","Eightfold","Sentinel - Test Engineering Manager 3  (9377-1)","Systems/Architecture/Test","","Roy, UT","US (CONUS)","","","","","","https://jobs.northropgrumman.com/careers/job/1340073447834"
"Northrop Grumman","Eightfold","Engineer Process","Material/Process","","Rolling Meadows, IL","US (CONUS)","","","","","","https://jobs.northropgrumman.com/careers/job/1340073447204"
"Northrop Grumman","Eightfold","Senior Principal Flight Test Engineer- Gulfstream IV Flying Test Bed","Systems/Architecture/Test","","Mojave, CA","US (CONUS)","","","","","","https://jobs.northropgrumman.com/careers/job/1340073447207"
"Northrop Grumman","Eightfold","Test Engineering Manager 3 (5940-1)","Systems/Architecture/Test","","Roy, UT","US (CONUS)","","","","","","https://jobs.northropgrumman.com/careers/job/1340073447411"
"Northrop Grumman","Eightfold","Acoustic Test Engineer 2/3","Systems/Architecture/Test","","Sunnyvale, CA","US (CONUS)","","","","","","https://jobs.northropgrumman.com/careers/job/1340072562235"
"Northrop Grumman","Eightfold","Contract Administrator 2","Contracts","","Mesa, AZ","US (CONUS)","","","","","","https://jobs.northropgrumman.com/careers/job/1340073376051"
"Northrop Grumman","Eightfold","Principal Financial Analyst","Finance and Accounting","","McLean, VA","US (CONUS)","","","","","","https://jobs.northropgrumman.com/careers/job/1340073408515"
"Northrop Grumman","Eightfold","Staff Flight Test Instrumentation Engineer","Electrical","","Melbourne, FL","US (CONUS)","","","","","","https://jobs.northropgrumman.com/careers/job/1340072345174"
"Northrop Grumman","Eightfold","Reliability Systems Engineer - Level 3 (AHT)","Systems/Architecture/Test","","Redondo Beach, CA","US (CONUS)","","","","","","https://jobs.northropgrumman.com/careers/job/1340073468895"
"Northrop Grumman","Eightfold","Associate Computer Systems Architect/Computer Systems Architect (Level 1/2)","Design and Programming","","Manhattan Beach, CA","US (CONUS)","","","","","","https://jobs.northropgrumman.com/careers/job/1340073468982"
"Northrop Grumman","Eightfold","Sentinel - Principal Configuration Analyst - 16500","Tech Support Mult-Func","","Roy, UT","US (CONUS)","","","","","","https://jobs.northropgrumman.com/careers/job/1340071233095"
"Northrop Grumman","Eightfold","Sr. Principal Project Engineer 4","Mechanical","","Corinne, UT","US (CONUS)","","","","","","https://jobs.northropgrumman.com/careers/job/1340073463073"
"Northrop Grumman","Eightfold","Principal/Sr. Principal Project Management","Project Management (Non-P&L)","","Rolling Meadows, IL","US (CONUS)","","","","","","https://jobs.northropgrumman.com/careers/job/1340073463755"
"Northrop Grumman","Eightfold","Systems Administrator / Principal Systems Administrator - Top Secret (Whidbey Island WA)","Networks","","Oak Harbor, WA","US (CONUS)","","","","","","https://jobs.northropgrumman.com/careers/job/1340073464414"
"Northrop Grumman","Eightfold","System Engineer 2 (TG)","Cyber","","MD","US (CONUS)","","","","","","https://jobs.northropgrumman.com/careers/job/1340073465200"
"Northrop Grumman","Eightfold","Sr. Principal Customer Communications Representative (Falls Church VA)","Media/Publications","","Falls Church, VA","US (CONUS)","","","","","","https://jobs.northropgrumman.com/careers/job/1340073465358"
"Northrop Grumman","Eightfold","Principal / Sr. Principal Systems Test Engineer - 15109-1","Systems/Architecture/Test","","Roy, UT","US (CONUS)","","","","","","https://jobs.northropgrumman.com/careers/job/1340073465424"
"Northrop Grumman","Eightfold","Software Engineer 2 (TG)","Cyber","","MD","US (CONUS)","","","","","","https://jobs.northropgrumman.com/careers/job/1340073465433"
"Northrop Grumman","Eightfold","Sr. Principal Executive Communications Representative (Falls Church VA)","Media/Publications","","Falls Church, VA","US (CONUS)","","","","","","https://jobs.northropgrumman.com/careers/job/1340073465497"
"Northrop Grumman","Eightfold","CLS - F-35 Aircraft Powerplants Mechanic 3/4","Flight Operations Mult-Func","","San Diego, CA","US (CONUS)","","","","","","https://jobs.northropgrumman.com/careers/job/1340073465499"
"Northrop Grumman","Eightfold","Sentinel - Sr. Principal Configuration Analyst - 18004","Tech Support Mult-Func","","Roy, UT","US (CONUS)","","","","","","https://jobs.northropgrumman.com/careers/job/1340070950933"
"Northrop Grumman","Eightfold","Principal DevOps Engineer (X-Lab) (26-242)","Software","","Colorado Springs, CO","US (CONUS)","","","","","","https://jobs.northropgrumman.com/careers/job/1340073001386"
"Northrop Grumman","Eightfold","Program Planning and Scheduling Analyst","Business Management Mult-Func","","San Diego, CA","US (CONUS)","","","","","","https://jobs.northropgrumman.com/careers/job/1340073459684"
"Northrop Grumman","Eightfold","Network Engineer 3 (TG)","Cyber","","MD","US (CONUS)","","","","","","https://jobs.northropgrumman.com/careers/job/1340073460661"
"Northrop Grumman","Eightfold","CNO Reverse Engineer (TG)","Cyber","","MD","US (CONUS)","","","","","","https://jobs.northropgrumman.com/careers/job/1340073460807"
"Northrop Grumman","Eightfold","Systems Engineer - Level 4 (AHT)","Systems/Architecture/Test","","Redondo Beach, CA","US (CONUS)","","","","","","https://jobs.northropgrumman.com/careers/job/1340073411878"
"Northrop Grumman","Eightfold","Systems Engineer - Level 2 or 3 (AHT)","Systems/Architecture/Test","","Redondo Beach, CA","US (CONUS)","","","","","","https://jobs.northropgrumman.com/careers/job/1340073412066"
"Northrop Grumman","Eightfold","Reliability Systems Engineer - Level 2 (AHT)","Systems/Architecture/Test","","Redondo Beach, CA","US (CONUS)","","","","","","https://jobs.northropgrumman.com/careers/job/1340073413245"
"Northrop Grumman","Eightfold","Reliability Systems Engineer - Level 4 (AHT)","Systems/Architecture/Test","","Redondo Beach, CA","US (CONUS)","","","","","","https://jobs.northropgrumman.com/careers/job/1340073413270"
"Northrop Grumman","Eightfold","Staff I&T Systems Engineer - RF / HW","Systems/Architecture/Test","","Baltimore, MD","US (CONUS)","","","","","","https://jobs.northropgrumman.com/careers/job/1340073467733"
"Northrop Grumman","Eightfold","Sr. Staff I&T Systems Engineer - RF / HW","Systems/Architecture/Test","","Baltimore, MD","US (CONUS)","","","","","","https://jobs.northropgrumman.com/careers/job/1340073467737"
"Northrop Grumman","Eightfold","Sr Principal Cyber Software Engineer Lead","Cyber","","Cincinnati, OH","US (CONUS)","","","","","","https://jobs.northropgrumman.com/careers/job/1340073456544"
"Northrop Grumman","Eightfold","Associate Embedded / Embedded Software Engineer - Mission and Displays","Software","","Melbourne, FL","US (CONUS)","","","","","","https://jobs.northropgrumman.com/careers/job/1340073458092"
"Northrop Grumman","Eightfold","Engineering Manager Level 1","Systems/Architecture/Test","","Sunnyvale, CA","US (CONUS)","","","","","","https://jobs.northropgrumman.com/careers/job/1340073459309"
"Northrop Grumman","Eightfold","Sr Principal Engineering CAD Administrator","Material/Process","","Sunnyvale, CA","US (CONUS)","","","","","","https://jobs.northropgrumman.com/careers/job/1340073459419"
"Northrop Grumman","Eightfold","Propulsion Engineering Manager 2","Mechanical","","Palm Beach Gardens, FL","US (CONUS)","","","","","","https://jobs.northropgrumman.com/careers/job/1340073461288"
"Northrop Grumman","Eightfold","Principal or Sr. Principal Program Cost and Schedule Control Analyst","Business Management Mult-Func","","San Diego, CA","US (CONUS)","","","","","","https://jobs.northropgrumman.com/careers/job/1340073461318"
"Northrop Grumman","Eightfold","Systems Engineer - Level 3 or 4 (AHT)","Systems/Architecture/Test","","Redondo Beach, CA","US (CONUS)","","","","","","https://jobs.northropgrumman.com/careers/job/1340073413366"
"Northrop Grumman","Eightfold","Staff EO Signal Image Processing Engineer - 5","Engineering Mult-Func","","Chandler, AZ","US (CONUS)","","","","","","https://jobs.northropgrumman.com/careers/job/1340073465759"
"Northrop Grumman","Eightfold","Sr. Principal Systems Administrator - Top Secret (Whidbey Island WA)","Networks","","Oak Harbor, WA","US (CONUS)","","","","","","https://jobs.northropgrumman.com/careers/job/1340073466974"
"Northrop Grumman","Eightfold","Principal / Sr. Principal Systems Engineers - Integration & Test","Systems/Architecture/Test","","Baltimore, MD","US (CONUS)","","","","","","https://jobs.northropgrumman.com/careers/job/1340073467010"
"Northrop Grumman","Eightfold","Sentinel Software / Principal Software Engineer Test - 16001-1","Software","","Roy, UT","US (CONUS)","","","","","","https://jobs.northropgrumman.com/careers/job/1340073467012"
"Northrop Grumman","Eightfold","Sr. Principal Electronics Engineer","Electrical","","Oklahoma City, OK","US (CONUS)","","","","","","https://jobs.northropgrumman.com/careers/job/1340073467036"
"Northrop Grumman","Eightfold","Manager Systems Engineering 3","Systems/Architecture/Test","","Sunnyvale, CA","US (CONUS)","","","","","","https://jobs.northropgrumman.com/careers/job/1340073443398"
"Northrop Grumman","Eightfold","Contract Order Administrator 3","Contracts","","Mesa, AZ","US (CONUS)","","","","","","https://jobs.northropgrumman.com/careers/job/1340073326009"
"Northrop Grumman","Eightfold","Principal Engineer Software (Avionics)","Software","","Melbourne, FL","US (CONUS)","","","","","","https://jobs.northropgrumman.com/careers/job/1340073452794"
"Northrop Grumman","Eightfold","Principal Engineer Software/Sr Principal Engineer Software (Infrastructure)","Software","","Melbourne, FL","US (CONUS)","","","","","","https://jobs.northropgrumman.com/careers/job/1340073452867"
"Northrop Grumman","Eightfold","DMS and ModSim Manager Engineer 2","Systems/Architecture/Test","","San Diego, CA","US (CONUS)","","","","","","https://jobs.northropgrumman.com/careers/job/1340071237743"
"Northrop Grumman","Eightfold","Sr. Principal Manufacturing Engineer","Material/Process","","Rocket Center, WV","US (CONUS)","","","","","","https://jobs.northropgrumman.com/careers/job/1340073463538"
"Northrop Grumman","Eightfold","Director 1 - Supply Chain Programs","Global Supply Chain Mult-Func","","Roy, UT","US (CONUS)","","","","","","https://jobs.northropgrumman.com/careers/job/1340073463596"
"Northrop Grumman","Eightfold","GSSC - Staff Engineer Systems - 19426","Systems/Architecture/Test","","Clearfield, UT","US (CONUS)","","","","","","https://jobs.northropgrumman.com/careers/job/1340073408418"
"Northrop Grumman","Eightfold","Contracts Administrator - Level 3 or 4","Contracts","","Redondo Beach, CA","US (CONUS)","","","","","","https://jobs.northropgrumman.com/careers/job/1340072647925"
"Northrop Grumman","Eightfold","Engineering & Technical Services Manager","Material/Process","","Amberley, QLD, AU","International","","","","","","https://jobs.northropgrumman.com/careers/job/1340073449981"
"Northrop Grumman","Eightfold","Manager Supply Chain 3","Global Supply Chain Mult-Func","","Palmdale, CA","US (CONUS)","","","","","","https://jobs.northropgrumman.com/careers/job/1340073448399"
"Northrop Grumman","Eightfold","Engineer/Principal Engineer - Survivability (California)","Systems/Architecture/Test","","Palmdale, CA","US (CONUS)","","","","","","https://jobs.northropgrumman.com/careers/job/1340073462709"
"Northrop Grumman","Eightfold","Staff Computer Systems Analyst - 18894","Design and Programming","","Roy, UT","US (CONUS)","","","","","","https://jobs.northropgrumman.com/careers/job/1340073464449"
"Northrop Grumman","Eightfold","Flight Test Technician 3/4 (Gulfstream V- A&P Required)","Flight Operations Mult-Func","","Melbourne, FL","US (CONUS)","","","","","","https://jobs.northropgrumman.com/careers/job/1340073445242"
"Northrop Grumman","Eightfold","Staff Engineer Electrical - Level 5","Electrical","","Redondo Beach, CA","US (CONUS)","","","","","","https://jobs.northropgrumman.com/careers/job/1340073411127"
"Northrop Grumman","Eightfold","U104 HVAC & REFGN MECHANIC","NGC - Non - NGJF Union","","Azusa, CA","US (CONUS)","","","","","","https://jobs.northropgrumman.com/careers/job/1340070774387"
"Northrop Grumman","Eightfold","Sr. Principal Employee Communications Representative","Communications Mult-Func","","Roy, UT","US (CONUS)","","","","","","https://jobs.northropgrumman.com/careers/job/1340073462999"
"Northrop Grumman","Eightfold","Staff Software Lead/Architect (Level 5)","Software","","Redondo Beach, CA","US (CONUS)","","","","","","https://jobs.northropgrumman.com/careers/job/1340073452118"
"Northrop Grumman","Eightfold","HR Administrator","Human Resources Mult-Func","","Cheltenham, England, GB","International","","","","","","https://jobs.northropgrumman.com/careers/job/1340073400598"
"Northrop Grumman","Eightfold","Manufacturing & Harnessing Technician 2/3","Manufacturing and Production","","Oxnard, CA","US (CONUS)","","","","","","https://jobs.northropgrumman.com/careers/job/1340073467735"
"Northrop Grumman","Eightfold","Program Manager 3 - Site Lead","Program Management (P&L)","","Hopkinton, MA","US (CONUS)","","","","","","https://jobs.northropgrumman.com/careers/job/1340073460723"
"Northrop Grumman","Eightfold","Associate Engineer Manufacturing","Material/Process","","Iuka, MS","US (CONUS)","","","","","","https://jobs.northropgrumman.com/careers/job/1340073179963"
"Northrop Grumman","Eightfold","Engineer Manufacturing","Material/Process","","Baltimore, MD","US (CONUS)","","","","","","https://jobs.northropgrumman.com/careers/job/1340073465973"
"Northrop Grumman","Eightfold","Systems Administrator 3 – EUCOM O&M SME (26-314)","Networks","","Ramstein-Miesenbach, RP, DE","International","","","","","","https://jobs.northropgrumman.com/careers/job/1340073464185"
"Northrop Grumman","Eightfold","Sentinel - Configuration Analyst - 16314","Tech Support Mult-Func","","Roy, UT","US (CONUS)","","","","","","https://jobs.northropgrumman.com/careers/job/1340071298622"
"Northrop Grumman","Eightfold","Sr. Principal/Principal Engineer Electronics","Electrical","","Jacksonville, FL","US (CONUS)","","","","","","https://jobs.northropgrumman.com/careers/job/1340073467908"
"Northrop Grumman","Eightfold","Principal EO Signal Image Processing Engineer - 3","Engineering Mult-Func","","Chandler, AZ","US (CONUS)","","","","","","https://jobs.northropgrumman.com/careers/job/1340073468696"
"Northrop Grumman","Eightfold","Principal Software Engineer (GAITS - M&S) (26-362)","Software","","Colorado Springs, CO","US (CONUS)","","","","","","https://jobs.northropgrumman.com/careers/job/1340073409344"
"Northrop Grumman","Eightfold","Program Cost Control Analyst - Level 2 or 3","Business Management Mult-Func","","Linthicum Heights, MD","US (CONUS)","","","","","","https://jobs.northropgrumman.com/careers/job/1340073462981"
"Northrop Grumman","Eightfold","Software Engineer (Level 4) - AHT","Software","","Redondo Beach, CA","US (CONUS)","","","","","","https://jobs.northropgrumman.com/careers/job/1340073449812"
"Northrop Grumman","Eightfold","Property and Asset Management Analyst","Business Management Mult-Func","","Cincinnati, OH","US (CONUS)","","","","","","https://jobs.northropgrumman.com/careers/job/1340072919938"
"Northrop Grumman","Eightfold","Sr. Principal EO Signal Image Processing Engineer  - 4","Engineering Mult-Func","","Chandler, AZ","US (CONUS)","","","","","","https://jobs.northropgrumman.com/careers/job/1340073467070"
"Northrop Grumman","Eightfold","Sr Principal Test Engineer (IPTL) (AHT)","Systems/Architecture/Test","","Los Angeles, CA","US (CONUS)","","","","","","https://jobs.northropgrumman.com/careers/job/1340073463555"
"Northrop Grumman","Eightfold","Manager Manufacturing Test Software Engineering 2","Electrical","","Rolling Meadows, IL","US (CONUS)","","","","","","https://jobs.northropgrumman.com/careers/job/1340073459882"
"Northrop Grumman","Eightfold","Principal Program Cost Control Analyst (SkillBridge)","Business Management Mult-Func","","San Diego, CA","US (CONUS)","","","","","","https://jobs.northropgrumman.com/careers/job/1340073466324"
"Northrop Grumman","Eightfold","Associate/Industrial Engineer Level 1/2","Material/Process","","Iuka, MS","US (CONUS)","","","","","","https://jobs.northropgrumman.com/careers/job/1340073460712"
"Northrop Grumman","Eightfold","Electrical / Principal Electrical Test Engineer - 16763","Electrical","","Roy, UT","US (CONUS)","","","","","","https://jobs.northropgrumman.com/careers/job/1340073465881"
"Northrop Grumman","Eightfold","Sentinel - Civil Engineer / Principal Civil Engineer - No clearance required for consideration *17094","Systems/Architecture/Test","","Roy, UT","US (CONUS)","","","","","","https://jobs.northropgrumman.com/careers/job/1340071718112"
"Northrop Grumman","Eightfold","Sr. Principal Embedded Payload Electronics Engineer","Electrical","","San Diego, CA","US (CONUS)","","","","","","https://jobs.northropgrumman.com/careers/job/1340073144486"
"Northrop Grumman","Eightfold","Sentinel LS Systems Engineering Section Manager 2 - 19374","Systems/Architecture/Test","","Roy, UT","US (CONUS)","","","","","","https://jobs.northropgrumman.com/careers/job/1340073424468"
"Northrop Grumman","Eightfold","Sr Principal Project Management","Project Management (Non-P&L)","","San Diego, CA","US (CONUS)","","","","","","https://jobs.northropgrumman.com/careers/job/1340073071266"
"Northrop Grumman","Eightfold","Manager Systems Engineering 2","Systems/Architecture/Test","","McClellan Park, CA","US (CONUS)","","","","","","https://jobs.northropgrumman.com/careers/job/1340072641867"
"Northrop Grumman","Eightfold","Weapons Integration Program Manager 3","Program Management (P&L)","","Los Angeles, CA","US (CONUS)","","","","","","https://jobs.northropgrumman.com/careers/job/1340073000472"
"Northrop Grumman","Eightfold","Systems Engineer - Level 2 or 3","Systems/Architecture/Test","","Boulder, CO","US (CONUS)","","","","","","https://jobs.northropgrumman.com/careers/job/1340073396003"
"Northrop Grumman","Eightfold","Software Development Analyst (Level 2 or Level 3)","Design and Programming","","Melbourne, FL","US (CONUS)","","","","","","https://jobs.northropgrumman.com/careers/job/1340072921906"
"Northrop Grumman","Eightfold","Sr Principal Project Management","Project Management (Non-P&L)","","Oklahoma City, OK","US (CONUS)","","","","","","https://jobs.northropgrumman.com/careers/job/1340072923533"
"Northrop Grumman","Eightfold","Software Engineer - Level 3 or 4 (Mathematician)","Software","","Boulder, CO","US (CONUS)","","","","","","https://jobs.northropgrumman.com/careers/job/1340073445462"
"Northrop Grumman","Eightfold","Systems Engineer Level 4","Systems/Architecture/Test","","Sunnyvale, CA","US (CONUS)","","","","","","https://jobs.northropgrumman.com/careers/job/1340073446097"
"Northrop Grumman","Eightfold","Manager Advanced Technology 3","Systems/Architecture/Test","","Plymouth, MN","US (CONUS)","","","","","","https://jobs.northropgrumman.com/careers/job/1340073446498"
"Northrop Grumman","Eightfold","Financial Analyst/Principal Financial Analyst (2/3)","Finance and Accounting","","Rocket Center, WV","US (CONUS)","","","","","","https://jobs.northropgrumman.com/careers/job/1340073447839"
"Northrop Grumman","Eightfold","Internal Technical Trainer - Level 3","Training-Tech","","Sterling, VA","US (CONUS)","","","","","","https://jobs.northropgrumman.com/careers/job/1340073448237"
"Northrop Grumman","Eightfold","Staff Electrical Engineer Infrastructure Lead - 19313","Electrical","","Roy, UT","US (CONUS)","","","","","","https://jobs.northropgrumman.com/careers/job/1340073133649"
"Northrop Grumman","Eightfold","Senior Principal Aeronautical Engineer - Hardware Avionics","Mechanical","","San Diego, CA","US (CONUS)","","","","","","https://jobs.northropgrumman.com/careers/job/1340070530097"
"Northrop Grumman","Eightfold","Quality Engineer/Principal Quality Engineer 2/3","Mission/Quality Assurance","","Sykesville, MD","US (CONUS)","","","","","","https://jobs.northropgrumman.com/careers/job/1340073386354"
"Northrop Grumman","Eightfold","Principal Data Scientist","Data Science","","Palmdale, CA","US (CONUS)","","","","","","https://jobs.northropgrumman.com/careers/job/1340073147419"
"Northrop Grumman","Eightfold","Principal / Senior Principal Technical Services Project Management","Project Management (Non-P&L)","","Sunnyvale, CA","US (CONUS)","","","","","","https://jobs.northropgrumman.com/careers/job/1340073409136"
"Northrop Grumman","Eightfold","Sr. Principal Cyber Software Engineer (TG)","Cyber","","MD","US (CONUS)","","","","","","https://jobs.northropgrumman.com/careers/job/1340071901006"
"Northrop Grumman","Eightfold","Manager General Manufacturing 2","Manufacturing and Production","","Sunnyvale, CA","US (CONUS)","","","","","","https://jobs.northropgrumman.com/careers/job/1340073448413"
"Northrop Grumman","Eightfold","Cyber Systems Engineer – Level 3 (26-367)","Cyber","","Colorado Springs, CO","US (CONUS)","","","","","","https://jobs.northropgrumman.com/careers/job/1340073448504"
"Northrop Grumman","Eightfold","Electrical Test Engineer - Level 3/4 (AHT)","Electrical","","Gilbert, AZ","US (CONUS)","","","","","","https://jobs.northropgrumman.com/careers/job/1340073452635"
"Northrop Grumman","Eightfold","Staff CNO Cyber Protection Reverse Engineer (TG)","Cyber","","MD","US (CONUS)","","","","","","https://jobs.northropgrumman.com/careers/job/1340073421262"
"Northrop Grumman","Eightfold","Principal Cyber Systems Engineer (TG)","Cyber","","MD","US (CONUS)","","","","","","https://jobs.northropgrumman.com/careers/job/1340073421349"
"Northrop Grumman","Eightfold","Principal Cyber Software Test Engineer (TG)","Cyber","","MD","US (CONUS)","","","","","","https://jobs.northropgrumman.com/careers/job/1340073421512"
"Northrop Grumman","Eightfold","Senior Principal Cyber Software Test Engineer (TG)","Cyber","","MD","US (CONUS)","","","","","","https://jobs.northropgrumman.com/careers/job/1340073423540"
"Northrop Grumman","Eightfold","Principal or Senior Principal Program Cost and Schedule Control Analyst","Business Management Mult-Func","","Redondo Beach, CA","US (CONUS)","","","","","","https://jobs.northropgrumman.com/careers/job/1340071319186"
"Northrop Grumman","Eightfold","Principal/Sr Principal Materials and Process Engineer","Material/Process","","El Segundo, CA","US (CONUS)","","","","","","https://jobs.northropgrumman.com/careers/job/1340072025512"
"Northrop Grumman","Eightfold","Principal / Sr Principal Engineer Aeronautical - Hardware Avionics","Mechanical","","San Diego, CA","US (CONUS)","","","","","","https://jobs.northropgrumman.com/careers/job/1340072575873"
"Northrop Grumman","Eightfold","Sentinel Systems Engineering Manager 3 - ESI Deputy Program Lead- 19222","Systems/Architecture/Test","","Roy, UT","US (CONUS)","","","","","","https://jobs.northropgrumman.com/careers/job/1340073398597"
"Northrop Grumman","Eightfold","NATO Principal or Sr. Principal System Engineer","Systems/Architecture/Test","","San Diego, CA","US (CONUS)","","","","","","https://jobs.northropgrumman.com/careers/job/1340073443399"
"Northrop Grumman","Eightfold","Engineer Aeronautical - Level 4 : Advanced Programs Active Secret Clearance","Mechanical","","Chandler, AZ","US (CONUS)","","","","","","https://jobs.northropgrumman.com/careers/job/1340072991026"
"Northrop Grumman","Eightfold","Cost Estimating Analyst (Level 2 or Level 3)","Business Management Mult-Func","","Redondo Beach, CA","US (CONUS)","","","","","","https://jobs.northropgrumman.com/careers/job/1340073436574"
"Northrop Grumman","Eightfold","Sr / Principal Cybersecurity Analyst - 19150 -  Redondo Beach California","Cyber","","Redondo Beach, CA","US (CONUS)","","","","","","https://jobs.northropgrumman.com/careers/job/1340073444119"
"Northrop Grumman","Eightfold","(Skillbridge) – Electrical Engineer 1","Electrical","","Chandler, AZ","US (CONUS)","","","","","","https://jobs.northropgrumman.com/careers/job/1340073444679"
"Northrop Grumman","Eightfold","(Skillbridge) – Engineering Technician – Electrical Ground Support Equipment","Tech Support Mult-Func","","Chandler, AZ","US (CONUS)","","","","","","https://jobs.northropgrumman.com/careers/job/1340073444935"
"Northrop Grumman","Eightfold","Principal Software Quality Engineer","Mission/Quality Assurance","","Melbourne, FL","US (CONUS)","","","","","","https://jobs.northropgrumman.com/careers/job/1340073444962"
"Northrop Grumman","Eightfold","Project Management/Principal Project Management","Project Management (Non-P&L)","","Melbourne, FL","US (CONUS)","","","","","","https://jobs.northropgrumman.com/careers/job/1340073445244"
"Northrop Grumman","Eightfold","Principal Cyber Systems Administrator (TG)","Cyber","","MD","US (CONUS)","","","","","","https://jobs.northropgrumman.com/careers/job/1340073445255"
"Northrop Grumman","Eightfold","Staff Cyber Systems Engineer (Certified TEMPEST Professional Level I or II)","Cyber","","Melbourne, FL","US (CONUS)","","","","","","https://jobs.northropgrumman.com/careers/job/1340073147002"
"Northrop Grumman","Eightfold","Payroll Analyst","Payroll","","Irving, TX","US (CONUS)","","","","","","https://jobs.northropgrumman.com/careers/job/1340073341390"
"Northrop Grumman","Eightfold","Payroll Assistant 4","Payroll","","Irving, TX","US (CONUS)","","","","","","https://jobs.northropgrumman.com/careers/job/1340073341634"
"Northrop Grumman","Eightfold","Engineer/Principal Manufacturing Engineer Level 2/3","Material/Process","","St. Augustine, FL","US (CONUS)","","","","","","https://jobs.northropgrumman.com/careers/job/1340073393684"
"Northrop Grumman","Eightfold","Modeling & Simulation Systems Engineer - Level 2","Systems/Architecture/Test","","Colorado Springs, CO","US (CONUS)","","","","","","https://jobs.northropgrumman.com/careers/job/1340073448175"
"Northrop Grumman","Eightfold","Mission Assurance Engineer  Level 2/ 3","Mission/Quality Assurance","","Gilbert, AZ","US (CONUS)","","","","","","https://jobs.northropgrumman.com/careers/job/1340073448146"
"Northrop Grumman","Eightfold","Staff Engineer Mission Assurance","Mission/Quality Assurance","","Baltimore, MD","US (CONUS)","","","","","","https://jobs.northropgrumman.com/careers/job/1340073394501"
"Northrop Grumman","Eightfold","Engineer Embedded Software","Software","","Rolling Meadows, IL","US (CONUS)","","","","","","https://jobs.northropgrumman.com/careers/job/1340073419484"
"Northrop Grumman","Eightfold","Software Engineer - Level 3/4 (AHT)","Software","","Redondo Beach, CA","US (CONUS)","","","","","","https://jobs.northropgrumman.com/careers/job/1340073411128"
"Northrop Grumman","Eightfold","Electronic Ground Support Equipment (EGSE) Engineer - Level 3/4 (AHT)","Electrical","","Gilbert, AZ","US (CONUS)","","","","","","https://jobs.northropgrumman.com/careers/job/1340073452600"
"Northrop Grumman","Eightfold","Software Engineer - Level 2 (AHT)","Software","","Redondo Beach, CA","US (CONUS)","","","","","","https://jobs.northropgrumman.com/careers/job/1340073411051"
"Northrop Grumman","Eightfold","Supervisor MLS Technical Services","Program Management (P&L)","","Sunnyvale, CA","US (CONUS)","","","","","","https://jobs.northropgrumman.com/careers/job/1340072923203"
"Northrop Grumman","Eightfold","Structural Engineer - 2","Mechanical","","Corinne, UT","US (CONUS)","","","","","","https://jobs.northropgrumman.com/careers/job/1340072622806"
"Northrop Grumman","Eightfold","Corporate Counsel II - Export/Import","Legal","","Falls Church, VA","US (CONUS)","","","","","","https://jobs.northropgrumman.com/careers/job/1340073446585"
"Northrop Grumman","Eightfold","Manager of Public Affairs and Media Operations","Communications Mult-Func","","Falls Church, VA","US (CONUS)","","","","","","https://jobs.northropgrumman.com/careers/job/1340072929619"
"Northrop Grumman","Eightfold","HR Business Partner / Principal HR Business Partner- Palmdale  CA","Human Resources Mult-Func","","Palmdale, CA","US (CONUS)","","","","","","https://jobs.northropgrumman.com/careers/job/1340073449086"
"Northrop Grumman","Eightfold","Principal/Sr Principal Manufacturing Analyst Leve 3/4","Manufacturing and Production","","Clearfield, UT","US (CONUS)","","","","","","https://jobs.northropgrumman.com/careers/job/1340073147233"
"Northrop Grumman","Eightfold","Program Cost and Schedule Control Analyst","Business Management Mult-Func","","Redondo Beach, CA","US (CONUS)","","","","","","https://jobs.northropgrumman.com/careers/job/1340073436587"
"Northrop Grumman","Eightfold","Manager Site 2","Project Management (Non-P&L)","","Magna, UT","US (CONUS)","","","","","","https://jobs.northropgrumman.com/careers/job/1340073392597"
"Northrop Grumman","Eightfold","Engineer/Principal Industrial Engineer Level 2/3","Material/Process","","Iuka, MS","US (CONUS)","","","","","","https://jobs.northropgrumman.com/careers/job/1340073184434"
"Northrop Grumman","Eightfold","SkillBridge - Program Cost and Schedule Control Analyst","Business Management Mult-Func","","San Diego, CA","US (CONUS)","","","","","","https://jobs.northropgrumman.com/careers/job/1340073436502"
"Northrop Grumman","Eightfold","Principal Supply Chain Procurement Specialist","Global Supply Chain Mult-Func","","Salt Lake City, UT","US (CONUS)","","","","","","https://jobs.northropgrumman.com/careers/job/1340073436900"
"Northrop Grumman","Eightfold","Staff Systems Engineer – Systems Analyst (26-348)","Systems/Architecture/Test","","Colorado Springs, CO","US (CONUS)","","","","","","https://jobs.northropgrumman.com/careers/job/1340073423260"
"Northrop Grumman","Eightfold","Engineering Program Manager Level 3","Systems/Architecture/Test","","Sunnyvale, CA","US (CONUS)","","","","","","https://jobs.northropgrumman.com/careers/job/1340073429101"
"Northrop Grumman","Eightfold","Program Cost Schedule Control Analyst 2/3","Business Management Mult-Func","","Rocket Center, WV","US (CONUS)","","","","","","https://jobs.northropgrumman.com/careers/job/1340073420787"
"Northrop Grumman","Eightfold","Engineer Systems Architect","Systems/Architecture/Test","","Melbourne, FL","US (CONUS)","","","","","","https://jobs.northropgrumman.com/careers/job/1340073108128"
"Northrop Grumman","Eightfold","Engineering Technician 4","Tech Support Mult-Func","","Redondo Beach, CA","US (CONUS)","","","","","","https://jobs.northropgrumman.com/careers/job/1340073421244"
"Northrop Grumman","Eightfold","Manager Electronics Engineering 2","Electrical","","Sykesville, MD","US (CONUS)","","","","","","https://jobs.northropgrumman.com/careers/job/1340073393801"
"Northrop Grumman","Eightfold","Manager Quality 1 (2nd Shift)","Mission and Quality Assurance","","Baltimore, MD","US (CONUS)","","","","","","https://jobs.northropgrumman.com/careers/job/1340073387208"
"Northrop Grumman","Eightfold","Engineer / Principal Engineer Systems Architect","Systems/Architecture/Test","","Melbourne, FL","US (CONUS)","","","","","","https://jobs.northropgrumman.com/careers/job/1340072599580"
"Northrop Grumman","Eightfold","Principal/Sr. Principal Electronics Engineer","Electrical","","Baltimore, MD","US (CONUS)","","","","","","https://jobs.northropgrumman.com/careers/job/1340073404840"
"Northrop Grumman","Eightfold","Sr Principal Software Engineer (26-354)","Software","","Huntsville, AL","US (CONUS)","","","","","","https://jobs.northropgrumman.com/careers/job/1340073376436"
"Northrop Grumman","Eightfold","FPGA Design Engineer","Engineering Mult-Func","","Rolling Meadows, IL","US (CONUS)","","","","","","https://jobs.northropgrumman.com/careers/job/1340073403406"
"Northrop Grumman","Eightfold","Manufacturing Engineer 3","Material/Process","","Los Angeles, CA","US (CONUS)","","","","","","https://jobs.northropgrumman.com/careers/job/1340072926178"
"Northrop Grumman","Eightfold","Production Controller 2","Manufacturing and Production","","San Diego, CA","US (CONUS)","","","","","","https://jobs.northropgrumman.com/careers/job/1340073405774"
"Northrop Grumman","Eightfold","Principal Project Manager / Sr. Principal Project Manager","Project Management (Non-P&L)","","Sunnyvale, CA","US (CONUS)","","","","","","https://jobs.northropgrumman.com/careers/job/1340072925014"
"Northrop Grumman","Eightfold","Principal or Senior Principal Flight Avionics Responsible Engineer","Electrical","","Melbourne, FL","US (CONUS)","","","","","","https://jobs.northropgrumman.com/careers/job/1340072576422"
"Northrop Grumman","Eightfold","Maintenance Training Manager 2","Training,Management Developmnt","","Oklahoma City, OK","US (CONUS)","","","","","","https://jobs.northropgrumman.com/careers/job/1340072914806"
"Northrop Grumman","Eightfold","Sentinel - Staff Systems Engineer - 18063","Systems/Architecture/Test","","Roy, UT","US (CONUS)","","","","","","https://jobs.northropgrumman.com/careers/job/1340071005644"
"Northrop Grumman","Eightfold","Senior/ Principal Mission Management Equipment Responsible Engineer","Electrical","","Melbourne, FL","US (CONUS)","","","","","","https://jobs.northropgrumman.com/careers/job/1340072562896"
"Northrop Grumman","Eightfold","Sentinel Engineer/ Principal Aerodynamic Modeling Engineer - 18628 & 19236","Systems/Architecture/Test","","Roy, UT","US (CONUS)","","","","","","https://jobs.northropgrumman.com/careers/job/1340073070857"
"Northrop Grumman","Eightfold","Senior Principal Engineer - Survivability (Melbourne FL)","Systems/Architecture/Test","","Melbourne, FL","US (CONUS)","","","","","","https://jobs.northropgrumman.com/careers/job/1340073072424"
"Northrop Grumman","Eightfold","Manager 3 - Global Trade","Compliance","","Linthicum Heights, MD","US (CONUS)","","","","","","https://jobs.northropgrumman.com/careers/job/1340072600294"
"Northrop Grumman","Eightfold","Quality Inspector - A","NGC - Non - NGJF S01","","Annapolis, MD","US (CONUS)","","","","","","https://jobs.northropgrumman.com/careers/job/1340072400816"
"Northrop Grumman","Eightfold","RF Microwave Design Engineer Level  2","Electrical","","Gilbert, AZ","US (CONUS)","","","","","","https://jobs.northropgrumman.com/careers/job/1340073406061"
"Northrop Grumman","Eightfold","Engineer or Principal Engineer - Fluid Subsystems Design","Mechanical","","Melbourne, FL","US (CONUS)","","","","","","https://jobs.northropgrumman.com/careers/job/1340073406170"
"Northrop Grumman","Eightfold","Electronic Technician - level 3/4","Tech Support Mult-Func","","Elkton, MD","US (CONUS)","","","","","","https://jobs.northropgrumman.com/careers/job/1340073406791"
"Northrop Grumman","Eightfold","2nd Shift Production Controller 2","Manufacturing and Production","","San Diego, CA","US (CONUS)","","","","","","https://jobs.northropgrumman.com/careers/job/1340073406840"
"Northrop Grumman","Eightfold","Staff Proposal Analyst (Level 5)","Proposal","","San Diego, CA","US (CONUS)","","","","","","https://jobs.northropgrumman.com/careers/job/1340073407255"
"Northrop Grumman","Eightfold","Driver Heavy Vehicles 2","Deliver","","Melbourne, FL","US (CONUS)","","","","","","https://jobs.northropgrumman.com/careers/job/1340073407687"
"Northrop Grumman","Eightfold","Linux/AWS Systems Administrator 3/4 - Polygraph","Design and Programming","","Linthicum Heights, MD","US (CONUS)","","","","","","https://jobs.northropgrumman.com/careers/job/1340073408425"
"Northrop Grumman","Eightfold","Mechanical Design Engineers Level 2/3","Mechanical","","Ocean Springs, MS","US (CONUS)","","","","","","https://jobs.northropgrumman.com/careers/job/1340073409439"
"Northrop Grumman","Eightfold","Program Planning and Scheduling Analyst","Business Management Mult-Func","","Redondo Beach, CA","US (CONUS)","","","","","","https://jobs.northropgrumman.com/careers/job/1340071321784"
"Northrop Grumman","Eightfold","Software Quality Assurance Manager 2","Mission/Quality Assurance","","Los Angeles, CA","US (CONUS)","","","","","","https://jobs.northropgrumman.com/careers/job/1340073410118"
"Northrop Grumman","Eightfold","Systems Engineer - Level 2 or 3","Systems/Architecture/Test","","Gilbert, AZ","US (CONUS)","","","","","","https://jobs.northropgrumman.com/careers/job/1340073409560"
"Northrop Grumman","Eightfold","Principal Engineer Software","Software","","Bellevue, NE","US (CONUS)","","","","","","https://jobs.northropgrumman.com/careers/job/1340073409738"
"Northrop Grumman","Eightfold","Principal/Sr. Principal Engineer - Structural Analysis","Mechanical","","Palmdale, CA","US (CONUS)","","","","","","https://jobs.northropgrumman.com/careers/job/1340073404021"
"Northrop Grumman","Eightfold","Staff Structural Engineer","Mechanical","","Baltimore, MD","US (CONUS)","","","","","","https://jobs.northropgrumman.com/careers/job/1340073404529"
"Northrop Grumman","Eightfold","Principal Engineer Supplier Quality","Mission/Quality Assurance","","Buffalo, NY","US (CONUS)","","","","","","https://jobs.northropgrumman.com/careers/job/1340073372178"
"Northrop Grumman","Eightfold","Principal Program Cost Control Analyst","Business Management Mult-Func","","Sunnyvale, CA","US (CONUS)","","","","","","https://jobs.northropgrumman.com/careers/job/1340071829718"
"Northrop Grumman","Eightfold","Logistics Management Manager 2","Tech Support Mult-Func","","Melbourne, FL","US (CONUS)","","","","","","https://jobs.northropgrumman.com/careers/job/1340073073453"
"Northrop Grumman","Eightfold","Principal / Sr Principal Manufacturing Engineer - 18298","Material/Process","","Huntsville, AL","US (CONUS)","","","","","","https://jobs.northropgrumman.com/careers/job/1340073330840"
"Northrop Grumman","Eightfold","Sr Principal Manufacturing Engineer - 18302","Material/Process","","Huntsville, AL","US (CONUS)","","","","","","https://jobs.northropgrumman.com/careers/job/1340073331662"
"Northrop Grumman","Eightfold","Sentinel Principal Structural Engineer - 19434","Mechanical","","Roy, UT","US (CONUS)","","","","","","https://jobs.northropgrumman.com/careers/job/1340073394979"
"Northrop Grumman","Eightfold","Sentinel Thermodynamics/Principal Thermodynamics Engineer - 19380","Mechanical","","Roy, UT","US (CONUS)","","","","","","https://jobs.northropgrumman.com/careers/job/1340073395103"
"Northrop Grumman","Eightfold","Staff Project Management","Project Management (Non-P&L)","","Oklahoma City, OK","US (CONUS)","","","","","","https://jobs.northropgrumman.com/careers/job/1340073394080"
"Northrop Grumman","Eightfold","Deputy Program Manager 3","Program Management (P&L)","","San Diego, CA","US (CONUS)","","","","","","https://jobs.northropgrumman.com/careers/job/1340072284139"
"Northrop Grumman","Eightfold","Principal / Sr Principal Systems Field Test Engineer (CONUS)","Systems/Architecture/Test","","New York, NY","US (CONUS)","","","","","","https://jobs.northropgrumman.com/careers/job/1340073409461"
"Northrop Grumman","Eightfold","Manufacturing Engineer or Principal Manufacturing Engineer","Material/Process","","Waynesboro, VA","US (CONUS)","","","","","","https://jobs.northropgrumman.com/careers/job/1340072057632"
"Northrop Grumman","Eightfold","Principal/Senior Principal Structural Engineer","Mechanical","","Baltimore, MD","US (CONUS)","","","","","","https://jobs.northropgrumman.com/careers/job/1340073404639"
"Northrop Grumman","Eightfold","U109 Ceramic Material and Process Specialist - 3rd Shift","NGC - Non - NGJF Union","","Baltimore, MD","US (CONUS)","","","","","","https://jobs.northropgrumman.com/careers/job/1340072711719"
"Northrop Grumman","Eightfold","2027  Associate Software Engineer / Software Engineer","Software","","Melbourne, FL","US (CONUS)","","","","","","https://jobs.northropgrumman.com/careers/job/1340073404839"
"Northrop Grumman","Eightfold","Engineer/Principal Engineer Manufacturing Level 2/3","Material/Process","","Clearfield, UT","US (CONUS)","","","","","","https://jobs.northropgrumman.com/careers/job/1340073371634"
"Northrop Grumman","Eightfold","Principal Supply Chain Subcontract Specialist","Global Supply Chain Mult-Func","","Melbourne, FL","US (CONUS)","","","","","","https://jobs.northropgrumman.com/careers/job/1340073393115"
"Northrop Grumman","Eightfold","Welding Manufacturing Engineer / Principal Welding Manufacturing Engineer","Material/Process","","Sunnyvale, CA","US (CONUS)","","","","","","https://jobs.northropgrumman.com/careers/job/1340073146998"
"Northrop Grumman","Eightfold","Sentinel - Staff Infrastructure Lead Engineer - Mechanical (19310)","Mechanical","","Roy, UT","US (CONUS)","","","","","","https://jobs.northropgrumman.com/careers/job/1340073142669"
"Northrop Grumman","Eightfold","Sr. Principal Computer Systems Analyst - Windows/Linux","Design and Programming","","Bethpage, NY","US (CONUS)","","","","","","https://jobs.northropgrumman.com/careers/job/1340073144882"
"Northrop Grumman","Eightfold","Sr. Principal Network Engineer","Networks","","Chantilly, VA","US (CONUS)","","","","","","https://jobs.northropgrumman.com/careers/job/1340073390905"
"Northrop Grumman","Eightfold","Machinist 4 - Days Nights Weekends","Manufacturing and Production","","Lake Charles, LA","US (CONUS)","","","","","","https://jobs.northropgrumman.com/careers/job/1340072653511"
"Northrop Grumman","Eightfold","Principal/Sr. Principal Property Asset Mgmt Analyst","Business Management Mult-Func","","Los Angeles, CA","US (CONUS)","","","","","","https://jobs.northropgrumman.com/careers/job/1340071916912"
"Northrop Grumman","Eightfold","Principal Cyber Software Engineer","Cyber","","Cincinnati, OH","US (CONUS)","","","","","","https://jobs.northropgrumman.com/careers/job/1340073386387"
"Northrop Grumman","Eightfold","Liaison/Principal Liaison Material Review Board Engineer","Mechanical","","Palmdale, CA","US (CONUS)","","","","","","https://jobs.northropgrumman.com/careers/job/1340073389447"
"Northrop Grumman","Eightfold","Associate/Tooling Engineer Level 1/2","Material/Process","","Layton, UT","US (CONUS)","","","","","","https://jobs.northropgrumman.com/careers/job/1340073113640"
"Northrop Grumman","Eightfold","Composites Filament Winding Technician 3","Manufacturing and Production","","Commerce, CA","US (CONUS)","","","","","","https://jobs.northropgrumman.com/careers/job/1340073395625"
"Northrop Grumman","Eightfold","Systems Safety Engineer Level 3/4 (AHT)","Systems/Architecture/Test","","Los Angeles, CA","US (CONUS)","","","","","","https://jobs.northropgrumman.com/careers/job/1340073395642"
"Northrop Grumman","Eightfold","CNC Programmer - Level 3","Design and Programming","","Commerce, CA","US (CONUS)","","","","","","https://jobs.northropgrumman.com/careers/job/1340073395684"
"Northrop Grumman","Eightfold","Program Cost and Schedule Control Analyst","Business Management Mult-Func","","Melbourne, FL","US (CONUS)","","","","","","https://jobs.northropgrumman.com/careers/job/1340071023157"
"Northrop Grumman","Eightfold","Principal Engineer/Sr. Principal Engineer RF Microwave Design","Electrical","","Baltimore, MD","US (CONUS)","","","","","","https://jobs.northropgrumman.com/careers/job/1340073109549"
"Northrop Grumman","Eightfold","Sr. Principal Systems Test Engineer – Test Director","Systems/Architecture/Test","","Edwards AFB, CA","US (CONUS)","","","","","","https://jobs.northropgrumman.com/careers/job/1340072361515"
"Northrop Grumman","Eightfold","Subcontracts Specialist","Contracts","","Symonston, ACT, AU","International","","","","","","https://jobs.northropgrumman.com/careers/job/1340073002802"
"Northrop Grumman","Eightfold","Software Engineer (26-359)","Software","","Huntsville, AL","US (CONUS)","","","","","","https://jobs.northropgrumman.com/careers/job/1340073376765"
"Northrop Grumman","Eightfold","Software Engineer (26-360)","Software","","Colorado Springs, CO","US (CONUS)","","","","","","https://jobs.northropgrumman.com/careers/job/1340073376787"
"Northrop Grumman","Eightfold","Systems Engineer","Cyber","","New Malden, England, GB","International","","","","","","https://jobs.northropgrumman.com/careers/job/1340073383847"
"Northrop Grumman","Eightfold","Manager Software Engineering - Level 1 (ASP Portfolio)","Software","","Boulder, CO","US (CONUS)","","","","","","https://jobs.northropgrumman.com/careers/job/1340073385586"
"Northrop Grumman","Eightfold","Operations Program Engineer 3","Material/Process","","Ridgecrest, CA","US (CONUS)","","","","","","https://jobs.northropgrumman.com/careers/job/1340072867701"
"Northrop Grumman","Eightfold","Principal Power Electronics Engineer","Electrical","","Baltimore, MD","US (CONUS)","","","","","","https://jobs.northropgrumman.com/careers/job/1340073371935"
"Northrop Grumman","Eightfold","Staff Power Electronics Engineer","Electrical","","Baltimore, MD","US (CONUS)","","","","","","https://jobs.northropgrumman.com/careers/job/1340073371973"
"Northrop Grumman","Eightfold","Senior Principal Systems Engineer - NATO ISS SEIT IPT Lead","Systems/Architecture/Test","","San Diego, CA","US (CONUS)","","","","","","https://jobs.northropgrumman.com/careers/job/1340073372753"
"Northrop Grumman","Eightfold","Advanced Programs Systems Engineering Manager 2-  19340","Systems/Architecture/Test","","Roy, UT","US (CONUS)","","","","","","https://jobs.northropgrumman.com/careers/job/1340073347984"
"Northrop Grumman","Eightfold","International Project Manager 4","Project Management (Non-P&L)","","Los Angeles, CA","US (CONUS)","","","","","","https://jobs.northropgrumman.com/careers/job/1340073348041"
"Northrop Grumman","Eightfold","Tool Engineering Manager 2","Material/Process","","Iuka, MS","US (CONUS)","","","","","","https://jobs.northropgrumman.com/careers/job/1340073146775"
"Northrop Grumman","Eightfold","Principal or Sr Principal Engineer Data","Data Science","","Melbourne, FL","US (CONUS)","","","","","","https://jobs.northropgrumman.com/careers/job/1340073172262"
"Northrop Grumman","Eightfold","Principal Technical Accounting Analyst","Finance and Accounting","","El Segundo, CA","US (CONUS)","","","","","","https://jobs.northropgrumman.com/careers/job/1340071634160"
"Northrop Grumman","Eightfold","Staff Information Systems Project Manager - 18602","Operations (IT)","","Roy, UT","US (CONUS)","","","","","","https://jobs.northropgrumman.com/careers/job/1340072851609"
"Northrop Grumman","Eightfold","Sentinel - Cybersecurity Systems Test Engineering Manager 2 - 19335","Cyber","","Roy, UT","US (CONUS)","","","","","","https://jobs.northropgrumman.com/careers/job/1340073371833"
"Northrop Grumman","Eightfold","Site Security Controller - London","Security Mult-Func","","New Malden, England, GB","International","","","","","","https://jobs.northropgrumman.com/careers/job/1340073370412"
"Northrop Grumman","Eightfold","Sr. Principal Program Planning and Scheduling Analyst","Business Management Mult-Func","","Melbourne, FL","US (CONUS)","","","","","","https://jobs.northropgrumman.com/careers/job/1340072993430"
"Northrop Grumman","Eightfold","Principal  Data Insight Analyst (Top Secret)","Data Science","","Palmdale, CA","US (CONUS)","","","","","","https://jobs.northropgrumman.com/careers/job/1340073073194"
"Northrop Grumman","Eightfold","Cyber Systems Engineer (Senior Principal Level)","Systems/Architecture/Test","","Melbourne, FL","US (CONUS)","","","","","","https://jobs.northropgrumman.com/careers/job/1340073329002"
"Northrop Grumman","Eightfold","Staff Pilot Unmanned Aerial System (UAS)","Flight Operations Mult-Func","","Emerado, ND","US (CONUS)","","","","","","https://jobs.northropgrumman.com/careers/job/1340073335182"
"Northrop Grumman","Eightfold","Manager Facilities Engineering 2","Facilities Mult-Func","","Clearfield, UT","US (CONUS)","","","","","","https://jobs.northropgrumman.com/careers/job/1340073392398"
"Northrop Grumman","Eightfold","Principal Engineering Design","Systems/Architecture/Test","","Annapolis, MD","US (CONUS)","","","","","","https://jobs.northropgrumman.com/careers/job/1340073395071"
"Northrop Grumman","Eightfold","Sr. Principal Optical Subsystem I&T Engineer","Engineering Mult-Func","","Chandler, AZ","US (CONUS)","","","","","","https://jobs.northropgrumman.com/careers/job/1340073391707"
"Northrop Grumman","Eightfold","Contracts Administrator - Level 2 or 3","Contracts","","Aurora, CO","US (CONUS)","","","","","","https://jobs.northropgrumman.com/careers/job/1340073391806"
"Northrop Grumman","Eightfold","Engineer/Principal Engineer RF Microwave Design","Electrical","","Baltimore, MD","US (CONUS)","","","","","","https://jobs.northropgrumman.com/careers/job/1340073394076"
"Northrop Grumman","Eightfold","Sr Principal Project Management (Product Support)","Project Management (Non-P&L)","","San Diego, CA","US (CONUS)","","","","","","https://jobs.northropgrumman.com/careers/job/1340073395177"
"Northrop Grumman","Eightfold","Engineer Supplier Quality / Principal Engineer Supplier Quality","Mission/Quality Assurance","","Salt Lake City, UT","US (CONUS)","","","","","","https://jobs.northropgrumman.com/careers/job/1340073395438"
"Northrop Grumman","Eightfold","Supportability Manager 2 (LSA)","Systems/Architecture/Test","","Melbourne, FL","US (CONUS)","","","","","","https://jobs.northropgrumman.com/careers/job/1340073395043"
"Northrop Grumman","Eightfold","Principal Software Engineer (26-357)","Software","","Huntsville, AL","US (CONUS)","","","","","","https://jobs.northropgrumman.com/careers/job/1340073376735"
"Northrop Grumman","Eightfold","Sentinel Sr Principal Engineer DevOps - 18952","Software","","Roy, UT","US (CONUS)","","","","","","https://jobs.northropgrumman.com/careers/job/1340072302933"
"Northrop Grumman","Eightfold","Manager Systems Engineering 2","Systems/Architecture/Test","","Redondo Beach, CA","US (CONUS)","","","","","","https://jobs.northropgrumman.com/careers/job/1340073097741"
"Northrop Grumman","Eightfold","Sentinel - Human Factors Engineer (T02 / T03) - 17906*","Systems/Architecture/Test","","Roy, UT","US (CONUS)","","","","","","https://jobs.northropgrumman.com/careers/job/1340073386213"
"Northrop Grumman","Eightfold","Triton Cybersecurity GRC Lead","Networks","","Edinburgh, SA, AU","International","","","","","","https://jobs.northropgrumman.com/careers/job/1340073311817"
"Northrop Grumman","Eightfold","Systems Engineer - 2 / 3","Systems/Architecture/Test","","Corinne, UT","US (CONUS)","","","","","","https://jobs.northropgrumman.com/careers/job/1340072648870"
"Northrop Grumman","Eightfold","Staff Engineering Design","Systems/Architecture/Test","","Annapolis, MD","US (CONUS)","","","","","","https://jobs.northropgrumman.com/careers/job/1340073395341"
"Northrop Grumman","Eightfold","Staff Thermal Analysis Engineer","Mechanical","","Baltimore, MD","US (CONUS)","","","","","","https://jobs.northropgrumman.com/careers/job/1340073386129"
"Northrop Grumman","Eightfold","Sentinel Specialty Systems Engineering HSI HFE Section Manager  2- 19362","Systems/Architecture/Test","","Roy, UT","US (CONUS)","","","","","","https://jobs.northropgrumman.com/careers/job/1340073387736"
"Northrop Grumman","Eightfold","Sr Principal Engineer Systems","Systems/Architecture/Test","","Beale AFB, CA","US (CONUS)","","","","","","https://jobs.northropgrumman.com/careers/job/1340073183486"
"Northrop Grumman","Eightfold","Manager Environmental Health and Safety 2","Environmental","","Sunnyvale, CA","US (CONUS)","","","","","","https://jobs.northropgrumman.com/careers/job/1340073394377"
"Northrop Grumman","Eightfold","Principal Operations Program Management Specialist","Manufacturing and Production","","Rolling Meadows, IL","US (CONUS)","","","","","","https://jobs.northropgrumman.com/careers/job/1340073365975"
"Northrop Grumman","Eightfold","Sr. Principal Cyber Software Engineer","Cyber","","Cincinnati, OH","US (CONUS)","","","","","","https://jobs.northropgrumman.com/careers/job/1340073394883"
"Northrop Grumman","Eightfold","Principal Configuration Analyst / Sr. Principal Configuration Analyst (AHT)","Tech Support Mult-Func","","Colorado Springs, CO","US (CONUS)","","","","","","https://jobs.northropgrumman.com/careers/job/1340073394536"
"Northrop Grumman","Eightfold","Principal Engineer Manufacturing","Material/Process","","Sunnyvale, CA","US (CONUS)","","","","","","https://jobs.northropgrumman.com/careers/job/1340073347904"
"Northrop Grumman","Eightfold","Sr. Staff Systems Engineer - INF Hardness Lead  - 19219","Systems/Architecture/Test","","Roy, UT","US (CONUS)","","","","","","https://jobs.northropgrumman.com/careers/job/1340073146071"
"Northrop Grumman","Eightfold","Triton IFC Lead & Enterprise SW Coordinator","Systems/Architecture/Test","","San Diego, CA","US (CONUS)","","","","","","https://jobs.northropgrumman.com/careers/job/1340073146180"
"Northrop Grumman","Eightfold","Cyber / Principal Cyber Systems Engineer","Cyber","","Fairfax, VA","US (CONUS)","","","","","","https://jobs.northropgrumman.com/careers/job/1340073349113"
"Northrop Grumman","Eightfold","Sr Staff Test Pilot","Flight Operations Mult-Func","","Baltimore, MD","US (CONUS)","","","","","","https://jobs.northropgrumman.com/careers/job/1340072656598"
"Northrop Grumman","Eightfold","Staff Engineer Systems - SEIT Lead - 19008","Systems/Architecture/Test","","Roy, UT","US (CONUS)","","","","","","https://jobs.northropgrumman.com/careers/job/1340073124214"
"Northrop Grumman","Eightfold","Principal Systems Engineer - 19009","Systems/Architecture/Test","","Roy, UT","US (CONUS)","","","","","","https://jobs.northropgrumman.com/careers/job/1340073099011"
"Northrop Grumman","Eightfold","Sr. Principal Systems Engineer - 19015","Systems/Architecture/Test","","Roy, UT","US (CONUS)","","","","","","https://jobs.northropgrumman.com/careers/job/1340073099096"
"Northrop Grumman","Eightfold","Cyber Software Engineer","Cyber","","Cincinnati, OH","US (CONUS)","","","","","","https://jobs.northropgrumman.com/careers/job/1340073371415"
"Northrop Grumman","Eightfold","Principal /Sr. Technical Services Project Manager","Project Management (Non-P&L)","","Sunnyvale, CA","US (CONUS)","","","","","","https://jobs.northropgrumman.com/careers/job/1340072925000"
"Northrop Grumman","Eightfold","Space Payload Systems/Principal Systems Engineer","Systems/Architecture/Test","","Linthicum Heights, MD","US (CONUS)","","","","","","https://jobs.northropgrumman.com/careers/job/1340072811335"
"Northrop Grumman","Eightfold","Senior Director of Sentinel System Test- Director Programs 2","Program Management (P&L)","","Roy, UT","US (CONUS)","","","","","","https://jobs.northropgrumman.com/careers/job/1340072542042"
"Northrop Grumman","Eightfold","Engineer or Principal Engineer - Structural Analysis","Mechanical","","Melbourne, FL","US (CONUS)","","","","","","https://jobs.northropgrumman.com/careers/job/1340072914837"
"Northrop Grumman","Eightfold","Principal/Sr. Principal Engineer Tooling Level 3/4","Material/Process","","Layton, UT","US (CONUS)","","","","","","https://jobs.northropgrumman.com/careers/job/1340073112322"
"Northrop Grumman","Eightfold","Chief Engineer - Level 5","Engineering Mult-Func","","Chandler, AZ","US (CONUS)","","","","","","https://jobs.northropgrumman.com/careers/job/1340073206795"
"Northrop Grumman","Eightfold","Program Manager","Program Management (P&L)","","Mulwala, NSW, AU","International","","","","","","https://jobs.northropgrumman.com/careers/job/1340073311560"
"Northrop Grumman","Eightfold","Principal Systems Engineer - Air to Ground","Systems/Architecture/Test","","Baltimore, MD","US (CONUS)","","","","","","https://jobs.northropgrumman.com/careers/job/1340073323988"
"Northrop Grumman","Eightfold","Senior Principal Systems Engineer - Air to Ground","Systems/Architecture/Test","","Baltimore, MD","US (CONUS)","","","","","","https://jobs.northropgrumman.com/careers/job/1340073324144"
"Northrop Grumman","Eightfold","Staff Systems Engineer - Air to Ground","Systems/Architecture/Test","","Baltimore, MD","US (CONUS)","","","","","","https://jobs.northropgrumman.com/careers/job/1340073324187"
"Northrop Grumman","Eightfold","Principal Engineer ASIC or Sr Principal Engineer ASIC","Systems/Architecture/Test","","Manhattan Beach, CA","US (CONUS)","","","","","","https://jobs.northropgrumman.com/careers/job/1340073001358"
"Northrop Grumman","Eightfold","Senior Principal Program Cost Control Analyst","Business Management Mult-Func","","Linthicum Heights, MD","US (CONUS)","","","","","","https://jobs.northropgrumman.com/careers/job/1340073180085"
"Northrop Grumman","Eightfold","Principal Human Factors Engineer","Systems/Architecture/Test","","Melbourne, FL","US (CONUS)","","","","","","https://jobs.northropgrumman.com/careers/job/1340073376020"
"Northrop Grumman","Eightfold","Sr Principal Supply Chain Subcontract Specialist","Global Supply Chain Mult-Func","","Melbourne, FL","US (CONUS)","","","","","","https://jobs.northropgrumman.com/careers/job/1340069980033"
"Northrop Grumman","Eightfold","Enterprise Applications Manager","Operations (IT)","","Cheltenham, England, GB","International","","","","","","https://jobs.northropgrumman.com/careers/job/1340068875823"
"Northrop Grumman","Eightfold","Principal Program Planning and Scheduling Analyst","Business Management Mult-Func","","San Diego, CA","US (CONUS)","","","","","","https://jobs.northropgrumman.com/careers/job/1340073371926"
"Northrop Grumman","Eightfold","Traffic Administrator Level 1 or 2","Deliver","","Iuka, MS","US (CONUS)","","","","","","https://jobs.northropgrumman.com/careers/job/1340073372063"
"Northrop Grumman","Eightfold","Systems Engineer/Modeling Simulation 2/3","Systems/Architecture/Test","","Melbourne, FL","US (CONUS)","","","","","","https://jobs.northropgrumman.com/careers/job/1340073372332"
"Northrop Grumman","Eightfold","Sentinel Principal Structural Engineer- 18272","Mechanical","","Huntsville, AL","US (CONUS)","","","","","","https://jobs.northropgrumman.com/careers/job/1340073372536"
"Northrop Grumman","Eightfold","Principal / Senior Principal Navigation Systems Engineer","Systems/Architecture/Test","","Beavercreek, OH","US (CONUS)","","","","","","https://jobs.northropgrumman.com/careers/job/1340073374765"
"Northrop Grumman","Eightfold","System Operator - Level 1 or 2","Networks","","Fort Greely, AK","US (non-CONUS)","","","","","","https://jobs.northropgrumman.com/careers/job/1340073365982"
"Northrop Grumman","Eightfold","Staff Engineer Systems - Technical Lead","Systems/Architecture/Test","","Melbourne, FL","US (CONUS)","","","","","","https://jobs.northropgrumman.com/careers/job/1340069498986"
"Northrop Grumman","Eightfold","Advanced Programs - Staff Test Engineer - 18266","Systems/Architecture/Test","","Huntsville, AL","US (CONUS)","","","","","","https://jobs.northropgrumman.com/careers/job/1340072721405"
"Northrop Grumman","Eightfold","Manager Computer Systems Analysis 2 - Top Secret","Design and Programming","","Rolling Meadows, IL","US (CONUS)","","","","","","https://jobs.northropgrumman.com/careers/job/1340071648448"
"Northrop Grumman","Eightfold","Principal Test & Evaluation Engineer","Systems/Architecture/Test","","Melbourne, FL","US (CONUS)","","","","","","https://jobs.northropgrumman.com/careers/job/1340072090030"
"Northrop Grumman","Eightfold","Sr. Principal Reliability Engineer (RAM) - 18316","Systems/Architecture/Test","","Roy, UT","US (CONUS)","","","","","","https://jobs.northropgrumman.com/careers/job/1340072850428"
"Northrop Grumman","Eightfold","CAMM2 Data Controller","Operations (IT)","","Amberley, QLD, AU","International","","","","","","https://jobs.northropgrumman.com/careers/job/1340071862046"
"Northrop Grumman","Eightfold","Sentinel Sr Principal Structural Engineer - 19109","Mechanical","","Roy, UT","US (CONUS)","","","","","","https://jobs.northropgrumman.com/careers/job/1340073370561"
"Northrop Grumman","Eightfold","Mechanical Design Engineer Level 3/4","Mechanical","","Sunnyvale, CA","US (CONUS)","","","","","","https://jobs.northropgrumman.com/careers/job/1340073371222"
"Northrop Grumman","Eightfold","Manager Production Operations 2","Manufacturing and Production","","Sunnyvale, CA","US (CONUS)","","","","","","https://jobs.northropgrumman.com/careers/job/1340073371376"
"Northrop Grumman","Eightfold","Principal Configuration Analyst (Oklahoma City)","Tech Support Mult-Func","","Oklahoma City, OK","US (CONUS)","","","","","","https://jobs.northropgrumman.com/careers/job/1340073371446"
"Northrop Grumman","Eightfold","Manager Programs 1","Program Management (P&L)","","Rocket Center, WV","US (CONUS)","","","","","","https://jobs.northropgrumman.com/careers/job/1340073371461"
"Northrop Grumman","Eightfold","Principal Airworthiness Engineer","Systems/Architecture/Test","","El Segundo, CA","US (CONUS)","","","","","","https://jobs.northropgrumman.com/careers/job/1340073371618"
"Northrop Grumman","Eightfold","Traffic Administrator Level 1 or 2","Deliver","","Moss Point, MS","US (CONUS)","","","","","","https://jobs.northropgrumman.com/careers/job/1340073372108"
"Northrop Grumman","Eightfold","Sentinel - Sr. Manager MSE - Launch Systems Production Operations","Systems/Architecture/Test","","Roy, UT","US (CONUS)","","","","","","https://jobs.northropgrumman.com/careers/job/1340073347594"
"Northrop Grumman","Eightfold","Sr. Principal Systems Engineer/Principal Systems Engineer - 18305*","Systems/Architecture/Test","","Huntsville, AL","US (CONUS)","","","","","","https://jobs.northropgrumman.com/careers/job/1340073347624"
"Northrop Grumman","Eightfold","Spacecraft Operations Technician 2/3 TS/SCI & Poly","Tech Support Mult-Func","","Colorado Springs, CO","US (CONUS)","","","","","","https://jobs.northropgrumman.com/careers/job/1340073365630"
"Northrop Grumman","Eightfold","Sr.  Principal Logistics Management Analyst","Tech Support Mult-Func","","Los Angeles, CA","US (CONUS)","","","","","","https://jobs.northropgrumman.com/careers/job/1340073368220"
"Northrop Grumman","Eightfold","Electronic Technician 2","Tech Support Mult-Func","","Rolling Meadows, IL","US (CONUS)","","","","","","https://jobs.northropgrumman.com/careers/job/1340073368944"
"Northrop Grumman","Eightfold","Industrial Security Analyst","Security Mult-Func","","Rolling Meadows, IL","US (CONUS)","","","","","","https://jobs.northropgrumman.com/careers/job/1340073369181"
"Northrop Grumman","Eightfold","MK-48 Torpedo Technician 3 (SkillBridge)","NGC - Non - NGJF Service Contract Act","","Yorktown, VA","US (CONUS)","","","","","","https://jobs.northropgrumman.com/careers/job/1340073370377"
"Northrop Grumman","Eightfold","Electromechanical Design Engineer","Electrical","","Baltimore, MD","US (CONUS)","","","","","","https://jobs.northropgrumman.com/careers/job/1340072963616"
"Northrop Grumman","Eightfold","Principal Project Management","Project Management (Non-P&L)","","San Diego, CA","US (CONUS)","","","","","","https://jobs.northropgrumman.com/careers/job/1340073088115"
"Northrop Grumman","Eightfold","Sentinel - Associate / Systems Engineer - MS&A - 19233*","Systems/Architecture/Test","","Roy, UT","US (CONUS)","","","","","","https://jobs.northropgrumman.com/careers/job/1340073326036"
"Northrop Grumman","Eightfold","Principal Software Engineer - User Experience Applications","Software","","San Diego, CA","US (CONUS)","","","","","","https://jobs.northropgrumman.com/careers/job/1340073326454"
"Northrop Grumman","Eightfold","Safety Management Systems Administrator","Health (EHS)","","Baltimore, MD","US (CONUS)","","","","","","https://jobs.northropgrumman.com/careers/job/1340073327102"
"Northrop Grumman","Eightfold","Sr Principal Engineer Quality","Mission/Quality Assurance","","Cape Canaveral, FL","US (CONUS)","","","","","","https://jobs.northropgrumman.com/careers/job/1340073332276"
"Northrop Grumman","Eightfold","Supply Chain Technical Coordinator 3","Global Supply Chain Mult-Func","","Whiteman AFB, MO","US (CONUS)","","","","","","https://jobs.northropgrumman.com/careers/job/1340073339905"
"Northrop Grumman","Eightfold","Manager Contract Administration 2","Contracts","","San Diego, CA","US (CONUS)","","","","","","https://jobs.northropgrumman.com/careers/job/1340073111796"
"Northrop Grumman","Eightfold","Principal / Senior Principal Facilities Planner - Level 3 or Level 4","Facilities Mult-Func","","Palmdale, CA","US (CONUS)","","","","","","https://jobs.northropgrumman.com/careers/job/1340073375145"
"Northrop Grumman","Eightfold","Facilities Construction Capital Project Management - Level 2 / Level 3","Project Management (Non-P&L)","","Palmdale, CA","US (CONUS)","","","","","","https://jobs.northropgrumman.com/careers/job/1340073375207"
"Northrop Grumman","Eightfold","Sr Principal Engineer Systems","Systems/Architecture/Test","","Annapolis, MD","US (CONUS)","","","","","","https://jobs.northropgrumman.com/careers/job/1340073375254"
"Northrop Grumman","Eightfold","Software Systems Engineer-Level 2 (AHT)","Software","","Los Angeles, CA","US (CONUS)","","","","","","https://jobs.northropgrumman.com/careers/job/1340073375255"
"Northrop Grumman","Eightfold","Site Operations Lead - Level 2 or 3","Operations (IT)","","Fort Greely, AK","US (non-CONUS)","","","","","","https://jobs.northropgrumman.com/careers/job/1340073376439"
"Northrop Grumman","Eightfold","Sr Principal Software Engineer (26-355)","Software","","Colorado Springs, CO","US (CONUS)","","","","","","https://jobs.northropgrumman.com/careers/job/1340073376712"
"Northrop Grumman","Eightfold","Principal Mission Assurance  Engineer - 19079","Mission/Quality Assurance","","Roy, UT","US (CONUS)","","","","","","https://jobs.northropgrumman.com/careers/job/1340073096600"
"Northrop Grumman","Eightfold","Execution Lead - Level 3 or 4","Operations (IT)","","Fort Greely, AK","US (non-CONUS)","","","","","","https://jobs.northropgrumman.com/careers/job/1340073376508"
"Northrop Grumman","Eightfold","Principal Systems Engineer - Requirements & Verification","Systems/Architecture/Test","","San Diego, CA","US (CONUS)","","","","","","https://jobs.northropgrumman.com/careers/job/1340073142514"
"Northrop Grumman","Eightfold","ICBM-S Integration & Test Systems Engineering Manager 2- 19361","Systems/Architecture/Test","","Clearfield, UT","US (CONUS)","","","","","","https://jobs.northropgrumman.com/careers/job/1340073368952"
"Northrop Grumman","Eightfold","Software Systems Engineer-Level 3/4 (AHT)","Software","","Los Angeles, CA","US (CONUS)","","","","","","https://jobs.northropgrumman.com/careers/job/1340073347881"
"Northrop Grumman","Eightfold","Engineer/Principal Mechanical Engineer (Secret Clearance ) - 18289","Mechanical","","Huntsville, AL","US (CONUS)","","","","","","https://jobs.northropgrumman.com/careers/job/1340072867370"
"Northrop Grumman","Eightfold","Senior Principal Engineering Program Management ( EPM )","Engineering Mult-Func","","Baltimore, MD","US (CONUS)","","","","","","https://jobs.northropgrumman.com/careers/job/1340073365793"
"Northrop Grumman","Eightfold","Principal/Senior Principal Thermal Analysis Engineer","Mechanical","","Baltimore, MD","US (CONUS)","","","","","","https://jobs.northropgrumman.com/careers/job/1340073373691"
"Northrop Grumman","Eightfold","Systems / Principal Systems Integration & Test Engineer - Weekend 4th Shift","Systems/Architecture/Test","","Baltimore, MD","US (CONUS)","","","","","","https://jobs.northropgrumman.com/careers/job/1340073371595"
"Northrop Grumman","Eightfold","Engineer Systems/Principal Engineer Systems","Systems/Architecture/Test","","Annapolis, MD","US (CONUS)","","","","","","https://jobs.northropgrumman.com/careers/job/1340073375293"
"Northrop Grumman","Eightfold","Program Cost and Schedule Control Analyst","Business Management Mult-Func","","El Segundo, CA","US (CONUS)","","","","","","https://jobs.northropgrumman.com/careers/job/1340073364889"
"Northrop Grumman","Eightfold","Systems Engineer / Principal Systems Engineer (MBSE)","Systems/Architecture/Test","","Los Angeles, CA","US (CONUS)","","","","","","https://jobs.northropgrumman.com/careers/job/1340073376048"
"Northrop Grumman","Eightfold","Sentinel - Mechanical Engineer level 2/3 (17122*)","Mechanical","","Roy, UT","US (CONUS)","","","","","","https://jobs.northropgrumman.com/careers/job/1340072923596"
"Northrop Grumman","Eightfold","Principal / Sr. Principal Test Engineer - 18312*","Systems/Architecture/Test","","Huntsville, AL","US (CONUS)","","","","","","https://jobs.northropgrumman.com/careers/job/1340072721217"
"Northrop Grumman","Eightfold","Principal Engineer Optical","Engineering Mult-Func","","Redondo Beach, CA","US (CONUS)","","","","","","https://jobs.northropgrumman.com/careers/job/1340073097706"
"Northrop Grumman","Eightfold","Prncpl Sup Chn Bus Op/Compl Sp","Global Supply Chain Mult-Func","","Linthicum Heights, MD","US (CONUS)","","","","","","https://jobs.northropgrumman.com/careers/job/1340073144716"
"Northrop Grumman","Eightfold","Staff Systems Engineer - TRMC Systems Engineering Lead","Systems/Architecture/Test","","San Diego, CA","US (CONUS)","","","","","","https://jobs.northropgrumman.com/careers/job/1340073145905"
"Northrop Grumman","Eightfold","Material Requirements Planning Analyst 3","Plan","","Los Angeles, CA","US (CONUS)","","","","","","https://jobs.northropgrumman.com/careers/job/1340072375560"
"Northrop Grumman","Eightfold","Principal Engineer Embedded/Sr Principal Engineer Embedded Software","Software","","McClellan Park, CA","US (CONUS)","","","","","","https://jobs.northropgrumman.com/careers/job/1340073147123"
"Northrop Grumman","Eightfold","Sr. Principal Logistics Management Analyst (SkillBridge)","Tech Support Mult-Func","","Los Angeles, CA","US (CONUS)","","","","","","https://jobs.northropgrumman.com/careers/job/1340073324586"
"Northrop Grumman","Eightfold","International Trade Compliance Manager 3","Compliance","","El Segundo, CA","US (CONUS)","","","","","","https://jobs.northropgrumman.com/careers/job/1340073328923"
"Northrop Grumman","Eightfold","E6B PMI Manufacturing Engineer Days/Weekends","Material/Process","","Lake Charles, LA","US (CONUS)","","","","","","https://jobs.northropgrumman.com/careers/job/1340073338126"
"Northrop Grumman","Eightfold","Manager of Strategic Innovation and Technology Partnerships 3","Operations (BD)","","Falls Church, VA","US (CONUS)","","","","","","https://jobs.northropgrumman.com/careers/job/1340071695569"
"Northrop Grumman","Eightfold","Sr. Principal Electromechanical Engineer","Electrical","","Linthicum Heights, MD","US (CONUS)","","","","","","https://jobs.northropgrumman.com/careers/job/1340073326342"
"Northrop Grumman","Eightfold","Tooling Engineer Energetics Manufacturing - level 2/3","Material/Process","","Elkton, MD","US (CONUS)","","","","","","https://jobs.northropgrumman.com/careers/job/1340073145852"
"Northrop Grumman","Eightfold","Material Requirements Planning Analyst 3","Plan","","Ridgecrest, CA","US (CONUS)","","","","","","https://jobs.northropgrumman.com/careers/job/1340073146536"
"Northrop Grumman","Eightfold","Field Engineer Level 2 or 3","Systems/Architecture/Test","","Jacksonville, FL","US (CONUS)","","","","","","https://jobs.northropgrumman.com/careers/job/1340073328935"
"Northrop Grumman","Eightfold","Principal Antenna Test Engineer","Electrical","","Baltimore, MD","US (CONUS)","","","","","","https://jobs.northropgrumman.com/careers/job/1340073063487"
"Northrop Grumman","Eightfold","Radiation & Survivability Engineering NG Fellow 1","Engineering Mult-Func","","Redondo Beach, CA","US (CONUS)","","","","","","https://jobs.northropgrumman.com/careers/job/1340073211240"
"Northrop Grumman","Eightfold","Engineering Technician  A for 2nd Shift","NGC - Non - NGJF S01","","Sykesville, MD","US (CONUS)","","","","","","https://jobs.northropgrumman.com/careers/job/1340073310744"
"Northrop Grumman","Eightfold","Principal / Senior Principal Software Engineer","Software","","Melbourne, FL","US (CONUS)","","","","","","https://jobs.northropgrumman.com/careers/job/1340073311894"
"Northrop Grumman","Eightfold","BACN E-11A Principal Supply Chain Logistics Specialist Deployable - Secret","Global Supply Chain Mult-Func","","Robins AFB, GA","US (CONUS)","","","","","","https://jobs.northropgrumman.com/careers/job/1340073324757"
"Northrop Grumman","Eightfold","Engineer or Principal Engineer Navigation","Systems/Architecture/Test","","San Diego, CA","US (CONUS)","","","","","","https://jobs.northropgrumman.com/careers/job/1340073325002"
"Northrop Grumman","Eightfold","RF Microwave Design Engineer - Level 3","Electrical","","Boulder, CO","US (CONUS)","","","","","","https://jobs.northropgrumman.com/careers/job/1340073325565"
"Northrop Grumman","Eightfold","Program Cost Control Analyst - Level 4","Business Management Mult-Func","","Redondo Beach, CA","US (CONUS)","","","","","","https://jobs.northropgrumman.com/careers/job/1340073325727"
"Northrop Grumman","Eightfold","Electromechanical Engineer or Principal Electromechanical Engineer","Electrical","","Linthicum Heights, MD","US (CONUS)","","","","","","https://jobs.northropgrumman.com/careers/job/1340073325728"
"Northrop Grumman","Eightfold","Material Requirements Planning Analyst 4","Plan","","Los Angeles, CA","US (CONUS)","","","","","","https://jobs.northropgrumman.com/careers/job/1340072361443"
"Northrop Grumman","Eightfold","PC Network Support Tech 4 - Top Secret","End User Support","","Oklahoma City, OK","US (CONUS)","","","","","","https://jobs.northropgrumman.com/careers/job/1340073115248"
"Northrop Grumman","Eightfold","Sr Principal Engineer Manufacturing","Material/Process","","Sunnyvale, CA","US (CONUS)","","","","","","https://jobs.northropgrumman.com/careers/job/1340073117398"
"Northrop Grumman","Eightfold","Avionics Field Technician 4","Flight Operations Mult-Func","","MD","US (CONUS)","","","","","","https://jobs.northropgrumman.com/careers/job/1340073179785"
"Northrop Grumman","Eightfold","Principal/Sr. Principal Environmental Qualification Engineer (Levels 3/4)","Electrical","","Melbourne, FL","US (CONUS)","","","","","","https://jobs.northropgrumman.com/careers/job/1340073343534"
"Northrop Grumman","Eightfold","Systems Engineer Level 3 or Level 4","Systems/Architecture/Test","","Gilbert, AZ","US (CONUS)","","","","","","https://jobs.northropgrumman.com/careers/job/1340073189517"
"Northrop Grumman","Eightfold","Principal Engineer Optical","Engineering Mult-Func","","Redondo Beach, CA","US (CONUS)","","","","","","https://jobs.northropgrumman.com/careers/job/1340072852759"
"Northrop Grumman","Eightfold","Principal Configuration Analyst","Tech Support Mult-Func","","Mesa, AZ","US (CONUS)","","","","","","https://jobs.northropgrumman.com/careers/job/1340073347877"
"Northrop Grumman","Eightfold","Principal Test Engineer - 18314","Systems/Architecture/Test","","Huntsville, AL","US (CONUS)","","","","","","https://jobs.northropgrumman.com/careers/job/1340072964855"
"Northrop Grumman","Eightfold","Principal/Sr. Principal Test Conductor – Electromagnetic Sensor Instructor","Mission and Quality Assurance","","Beale AFB, CA","US (CONUS)","","","","","","https://jobs.northropgrumman.com/careers/job/1340072987996"
"Northrop Grumman","Eightfold","Principal / Sr. Principal Engineer Software Quality","Mission/Quality Assurance","","Los Angeles, CA","US (CONUS)","","","","","","https://jobs.northropgrumman.com/careers/job/1340072867457"
"Northrop Grumman","Eightfold","Embedded Software Engineer/Principal Embedded Software Engineer","Software","","McClellan Park, CA","US (CONUS)","","","","","","https://jobs.northropgrumman.com/careers/job/1340073146974"
"Northrop Grumman","Eightfold","Principal Software Engineer – X-Lab Software Developer (26-351)","Software","","Colorado Springs, CO","US (CONUS)","","","","","","https://jobs.northropgrumman.com/careers/job/1340073147933"
"Northrop Grumman","Eightfold","Staff Systems Engineer – Systems Analyst (26-348)","Systems/Architecture/Test","","Huntsville, AL","US (CONUS)","","","","","","https://jobs.northropgrumman.com/careers/job/1340073148477"
"Northrop Grumman","Eightfold","Principal GNC Engineer -  Modeling & Simulation/Sr. Principal GNC Engineer -  Modeling & Simulation","Systems/Architecture/Test","","Melbourne, FL","US (CONUS)","","","","","","https://jobs.northropgrumman.com/careers/job/1340073326348"
"Northrop Grumman","Eightfold","Principal Engineer Systems","Systems/Architecture/Test","","Baltimore, MD","US (CONUS)","","","","","","https://jobs.northropgrumman.com/careers/job/1340073326464"
"Northrop Grumman","Eightfold","Engineer Electronics","Electrical","","Oklahoma City, OK","US (CONUS)","","","","","","https://jobs.northropgrumman.com/careers/job/1340073326617"
"Northrop Grumman","Eightfold","Sr. Principal Chief Engineer","Engineering Mult-Func","","Baltimore, MD","US (CONUS)","","","","","","https://jobs.northropgrumman.com/careers/job/1340073326627"
"Northrop Grumman","Eightfold","Staff Chief Engineer","Engineering Mult-Func","","Baltimore, MD","US (CONUS)","","","","","","https://jobs.northropgrumman.com/careers/job/1340073329030"
"Northrop Grumman","Eightfold","Sr. Principal Chief Engineer","Engineering Mult-Func","","Baltimore, MD","US (CONUS)","","","","","","https://jobs.northropgrumman.com/careers/job/1340073330380"
"Northrop Grumman","Eightfold","Sr Staff Systems Engineering Production Tech Lead (AHT)","Systems/Architecture/Test","","Los Angeles, CA","US (CONUS)","","","","","","https://jobs.northropgrumman.com/careers/job/1340073334752"
"Northrop Grumman","Eightfold","Program Cost Control Analyst - Level 2 or 3","Business Management Mult-Func","","Linthicum Heights, MD","US (CONUS)","","","","","","https://jobs.northropgrumman.com/careers/job/1340073342553"
"Northrop Grumman","Eightfold","Manager Project Management 2","Project Management (Non-P&L)","","Clearfield, UT","US (CONUS)","","","","","","https://jobs.northropgrumman.com/careers/job/1340072302855"
"Northrop Grumman","Eightfold","Sentinel - Principal / Senior Principal Systems Engineer - 18044","Systems/Architecture/Test","","Roy, UT","US (CONUS)","","","","","","https://jobs.northropgrumman.com/careers/job/1340073329671"
"Northrop Grumman","Eightfold","2027 Associate Contract Administrator/Contract Administrator","Contracts","","Melbourne, FL","US (CONUS)","","","","","","https://jobs.northropgrumman.com/careers/job/1340072960413"
"Northrop Grumman","Eightfold","Sentinel Procurement Manager 2 - 19145*","Global Supply Chain Mult-Func","","Roy, UT","US (CONUS)","","","","","","https://jobs.northropgrumman.com/careers/job/1340073183102"
"Northrop Grumman","Eightfold","Principal Project Management","Project Management (Non-P&L)","","Elkton, MD","US (CONUS)","","","","","","https://jobs.northropgrumman.com/careers/job/1340073146338"
"Northrop Grumman","Eightfold","Principal / Sr Principal Project Management - 18277","Project Management (Non-P&L)","","Huntsville, AL","US (CONUS)","","","","","","https://jobs.northropgrumman.com/careers/job/1340073342605"
"Northrop Grumman","Eightfold","Electrical Engineer 2 – EGSE","Electrical","","Chandler, AZ","US (CONUS)","","","","","","https://jobs.northropgrumman.com/careers/job/1340073328994"
"Northrop Grumman","Eightfold","Systems Engineer - Integration & Test Level 2/3","Systems/Architecture/Test","","Los Angeles, CA","US (CONUS)","","","","","","https://jobs.northropgrumman.com/careers/job/1340073346890"
"Northrop Grumman","Eightfold","Firefighter 4","Security Mult-Func","","Baltimore, MD","US (CONUS)","","","","","","https://jobs.northropgrumman.com/careers/job/1340073141069"
"Northrop Grumman","Eightfold","Principal / Senior Principal Embedded Systems Security Engineer","Cyber","","Baltimore, MD","US (CONUS)","","","","","","https://jobs.northropgrumman.com/careers/job/1340073352426"
"Northrop Grumman","Eightfold","Sr Staff Cyber Systems Engineer","Cyber","","Roy, UT","US (CONUS)","","","","","","https://jobs.northropgrumman.com/careers/job/1340073094306"
"Northrop Grumman","Eightfold","Software Engineer: Embedded/Test Equipment (Secret) - Level 3 - Chandler","Software","","Chandler, AZ","US (CONUS)","","","","","","https://jobs.northropgrumman.com/careers/job/1340073327268"
"Northrop Grumman","Eightfold","Inspector 2 / 3 - 2nd Shift","Mission and Quality Assurance","","Ridgecrest, CA","US (CONUS)","","","","","","https://jobs.northropgrumman.com/careers/job/1340073097369"
"Northrop Grumman","Eightfold","F-35 Supply Chain/Principal Supply Chain Subcontract Specialist","Global Supply Chain Mult-Func","","El Segundo, CA","US (CONUS)","","","","","","https://jobs.northropgrumman.com/careers/job/1340072939179"
"Northrop Grumman","Eightfold","Environmental Test Engineer Level 3","Systems/Architecture/Test","","Los Angeles, CA","US (CONUS)","","","","","","https://jobs.northropgrumman.com/careers/job/1340073309202"
"Northrop Grumman","Eightfold","Environmental Test Engineer Level 4","Systems/Architecture/Test","","Los Angeles, CA","US (CONUS)","","","","","","https://jobs.northropgrumman.com/careers/job/1340073309355"
"Northrop Grumman","Eightfold","Program Planning and Scheduling Analyst - Level 3 or 4","Business Management Mult-Func","","Colorado Springs, CO","US (CONUS)","","","","","","https://jobs.northropgrumman.com/careers/job/1340073310740"
"Northrop Grumman","Eightfold","Program Planning and Scheduling Analyst - Level 2 or 3","Business Management Mult-Func","","Dulles, VA","US (CONUS)","","","","","","https://jobs.northropgrumman.com/careers/job/1340073310754"
"Northrop Grumman","Eightfold","EMI/EMC Test Engineer Level 4","Systems/Architecture/Test","","Los Angeles, CA","US (CONUS)","","","","","","https://jobs.northropgrumman.com/careers/job/1340073309793"
"Northrop Grumman","Eightfold","Program Planning and Scheduling Analyst - Level 3 or 4","Business Management Mult-Func","","Dulles, VA","US (CONUS)","","","","","","https://jobs.northropgrumman.com/careers/job/1340073310778"
"Northrop Grumman","Eightfold","U104 GARDENER","NGC - Non - NGJF Union","","Azusa, CA","US (CONUS)","","","","","","https://jobs.northropgrumman.com/careers/job/1340073066627"
"Northrop Grumman","Eightfold","Principal / Sr. Principal Embedded Software Engineer","Software","","Melbourne, FL","US (CONUS)","","","","","","https://jobs.northropgrumman.com/careers/job/1340073136993"
"Northrop Grumman","Eightfold","Sentinel - Command Systems - Integration & Test Program Manager 3","Systems/Architecture/Test","","Roy, UT","US (CONUS)","","","","","","https://jobs.northropgrumman.com/careers/job/1340073140818"
"Northrop Grumman","Eightfold","HVAC Mechanic Level 3","Facilities Mult-Func","","Palmdale, CA","US (CONUS)","","","","","","https://jobs.northropgrumman.com/careers/job/1340073141732"
"Northrop Grumman","Eightfold","Senior Staff Systems Algorithm Engineer","Systems/Architecture/Test","","Baltimore, MD","US (CONUS)","","","","","","https://jobs.northropgrumman.com/careers/job/1340073180004"
"Northrop Grumman","Eightfold","Principal/Sr. Principal Project Manager - Level 3 or Level 4","Project Management (Non-P&L)","","Clearfield, UT","US (CONUS)","","","","","","https://jobs.northropgrumman.com/careers/job/1340073141345"
"Northrop Grumman","Eightfold","SCA Ground Support Equipment Mechanic","NGC - Non - NGJF Service Contract Act","","SD","US (CONUS)","","","","","","https://jobs.northropgrumman.com/careers/job/1340073112558"
"Northrop Grumman","Eightfold","SCA Electronics Tech Maintenance 2/3","NGC - Non - NGJF Service Contract Act","","SD","US (CONUS)","","","","","","https://jobs.northropgrumman.com/careers/job/1340073112605"
"Northrop Grumman","Eightfold","SCA Aircraft Mechanic 2/3","NGC - Non - NGJF Service Contract Act","","SD","US (CONUS)","","","","","","https://jobs.northropgrumman.com/careers/job/1340073113511"
"Northrop Grumman","Eightfold","Facilities Planner - Level 2","Facilities Mult-Func","","Melbourne, FL","US (CONUS)","","","","","","https://jobs.northropgrumman.com/careers/job/1340073200982"
"Northrop Grumman","Eightfold","Sentinel Test Engineering Manager 2 (15234-1)","Systems/Architecture/Test","","Roy, UT","US (CONUS)","","","","","","https://jobs.northropgrumman.com/careers/job/1340073117050"
"Northrop Grumman","Eightfold","(SkillBridge) Industrial Security Analyst - Level 3 or Level 4","Security Mult-Func","","Aurora, CO","US (CONUS)","","","","","","https://jobs.northropgrumman.com/careers/job/1340073179285"
"Northrop Grumman","Eightfold","Senior Principal Program Cost Control Analyst","Business Management Mult-Func","","Linthicum Heights, MD","US (CONUS)","","","","","","https://jobs.northropgrumman.com/careers/job/1340073179303"
"Northrop Grumman","Eightfold","Principal or Senior Principal Mechanical Engineer (SkillBridge)","Mechanical","","Annapolis, MD","US (CONUS)","","","","","","https://jobs.northropgrumman.com/careers/job/1340073183547"
"Northrop Grumman","Eightfold","Principal Lead Systems Trainer – Level 3","Systems/Architecture/Test","","Aurora, CO","US (CONUS)","","","","","","https://jobs.northropgrumman.com/careers/job/1340072959902"
"Northrop Grumman","Eightfold","Sentinel Deputy Chief Software Engineer - 18979","Engineering Mult-Func","","Roy, UT","US (CONUS)","","","","","","https://jobs.northropgrumman.com/careers/job/1340073185302"
"Northrop Grumman","Eightfold","Assembler","Manufacturing and Production","","Buffalo, NY","US (CONUS)","","","","","","https://jobs.northropgrumman.com/careers/job/1340073185949"
"Northrop Grumman","Eightfold","Assembler 3","Manufacturing and Production","","Buffalo, NY","US (CONUS)","","","","","","https://jobs.northropgrumman.com/careers/job/1340073186540"
"Northrop Grumman","Eightfold","Sr Principal Engineer Systems","Systems/Architecture/Test","","Oklahoma City, OK","US (CONUS)","","","","","","https://jobs.northropgrumman.com/careers/job/1340073187905"
"Northrop Grumman","Eightfold","Staff Electromechanical Engineer - Materials & Processes","Electrical","","San Diego, CA","US (CONUS)","","","","","","https://jobs.northropgrumman.com/careers/job/1340073190078"
"Northrop Grumman","Eightfold","Principal Engineer Systems/Sr. Principal Engineer Systems","Systems/Architecture/Test","","Oklahoma City, OK","US (CONUS)","","","","","","https://jobs.northropgrumman.com/careers/job/1340072965084"
"Northrop Grumman","Eightfold","Principal Operations Systems Engineer – Level 3","Systems/Architecture/Test","","Aurora, CO","US (CONUS)","","","","","","https://jobs.northropgrumman.com/careers/job/1340073088366"
"Northrop Grumman","Eightfold","Sr Principal Program Planning and Scheduling Analyst","Business Management Mult-Func","","San Diego, CA","US (CONUS)","","","","","","https://jobs.northropgrumman.com/careers/job/1340073151240"
"Northrop Grumman","Eightfold","Senior Principal Proposal Analyst","Proposal","","Melbourne, FL","US (CONUS)","","","","","","https://jobs.northropgrumman.com/careers/job/1340071751005"
"Northrop Grumman","Eightfold","Principal Engineer Electronics","Electrical","","Oklahoma City, OK","US (CONUS)","","","","","","https://jobs.northropgrumman.com/careers/job/1340072825359"
"Northrop Grumman","Eightfold","Principal/Sr. Principal PWB Design Engineer","Systems/Architecture/Test","","Rolling Meadows, IL","US (CONUS)","","","","","","https://jobs.northropgrumman.com/careers/job/1340073190936"
"Northrop Grumman","Eightfold","Driver Heavy Vehicles Level 2","Deliver","","Clearfield, UT","US (CONUS)","","","","","","https://jobs.northropgrumman.com/careers/job/1340073203813"
"Northrop Grumman","Eightfold","Staff Engineer Systems -  External Interface","Systems/Architecture/Test","","Redondo Beach, CA","US (CONUS)","","","","","","https://jobs.northropgrumman.com/careers/job/1340073119679"
"Northrop Grumman","Eightfold","Principal Program Cost Control Analyst","Business Management Mult-Func","","Linthicum Heights, MD","US (CONUS)","","","","","","https://jobs.northropgrumman.com/careers/job/1340073179319"
"Northrop Grumman","Eightfold","Staff Engineering Program Management ( EPM )","Engineering Mult-Func","","Baltimore, MD","US (CONUS)","","","","","","https://jobs.northropgrumman.com/careers/job/1340073187409"
"Northrop Grumman","Eightfold","(Skillbridge) Electronic Technician (Level 2 OR 3)","Tech Support Mult-Func","","Huntsville, AL","US (CONUS)","","","","","","https://jobs.northropgrumman.com/careers/job/1340073202803"
"Northrop Grumman","Eightfold","Principal Program Cost Control Analyst","Business Management Mult-Func","","Linthicum Heights, MD","US (CONUS)","","","","","","https://jobs.northropgrumman.com/careers/job/1340073180054"
"Northrop Grumman","Eightfold","Principal/Sr. Principal Electrical Engineer – Level 3 or Level 4","Electrical","","Redondo Beach, CA","US (CONUS)","","","","","","https://jobs.northropgrumman.com/careers/job/1340073072316"
"Northrop Grumman","Eightfold","Principal Engineer Systems","Systems/Architecture/Test","","Melbourne, FL","US (CONUS)","","","","","","https://jobs.northropgrumman.com/careers/job/1340073183047"
"Northrop Grumman","Eightfold","Machinist 3","Manufacturing and Production","","Mesa, AZ","US (CONUS)","","","","","","https://jobs.northropgrumman.com/careers/job/1340073148871"
"Northrop Grumman","Eightfold","Program Cost Control Analyst - Level 3","Business Management Mult-Func","","Boulder, CO","US (CONUS)","","","","","","https://jobs.northropgrumman.com/careers/job/1340073136850"
"Northrop Grumman","Eightfold","Health & Safety Manager 2","Environmental","","Palmdale, CA","US (CONUS)","","","","","","https://jobs.northropgrumman.com/careers/job/1340073138701"
"Northrop Grumman","Eightfold","Manager Systems Administration 1","Networks","","Tampa, FL","US (CONUS)","","","","","","https://jobs.northropgrumman.com/careers/job/1340073144826"
"Northrop Grumman","Eightfold","Principal/Sr Principal Mission Assurance Engineer  - 18702","Mission/Quality Assurance","","Clearfield, UT","US (CONUS)","","","","","","https://jobs.northropgrumman.com/careers/job/1340073145083"
"Northrop Grumman","Eightfold","Sentinel Staff Software Engineer-19158","Software","","Roy, UT","US (CONUS)","","","","","","https://jobs.northropgrumman.com/careers/job/1340073145766"
"Northrop Grumman","Eightfold","Engineer Mechanical/Principal Engineer Mechanical (Level 2/3)","Mechanical","","Redondo Beach, CA","US (CONUS)","","","","","","https://jobs.northropgrumman.com/careers/job/1340073145906"
"Northrop Grumman","Eightfold","Manager Project Management 1","Project Management (Non-P&L)","","Sunnyvale, CA","US (CONUS)","","","","","","https://jobs.northropgrumman.com/careers/job/1340073146083"
"Northrop Grumman","Eightfold","Senior Principal Engineer Mechanical","Mechanical","","Redondo Beach, CA","US (CONUS)","","","","","","https://jobs.northropgrumman.com/careers/job/1340073146101"
"Northrop Grumman","Eightfold","Program Cost and Schedule Control Analyst","Business Management Mult-Func","","Palmdale, CA","US (CONUS)","","","","","","https://jobs.northropgrumman.com/careers/job/1340073137421"
"Northrop Grumman","Eightfold","Staff RTOS Embedded Architect 5  (AHT)","Software","","Los Angeles, CA","US (CONUS)","","","","","","https://jobs.northropgrumman.com/careers/job/1340073146541"
"Northrop Grumman","Eightfold","Principal Electronics Integration Engineer","Electrical","","San Diego, CA","US (CONUS)","","","","","","https://jobs.northropgrumman.com/careers/job/1340072958452"
"Northrop Grumman","Eightfold","Principal Electronics Payloads Subsystems Engineer","Electrical","","San Diego, CA","US (CONUS)","","","","","","https://jobs.northropgrumman.com/careers/job/1340072991088"
"Northrop Grumman","Eightfold","Sr. Staff Software Architect-Guidance Systems Integration-14255","Software","","Roy, UT","US (CONUS)","","","","","","https://jobs.northropgrumman.com/careers/job/1340073141085"
"Northrop Grumman","Eightfold","MRP Production Planner and Scheduler","Manufacturing and Production","","Sunnyvale, CA","US (CONUS)","","","","","","https://jobs.northropgrumman.com/careers/job/1340073112338"
"Northrop Grumman","Eightfold","Principal AI Software Engineer","Software","","El Segundo, CA","US (CONUS)","","","","","","https://jobs.northropgrumman.com/careers/job/1340073094262"
"Northrop Grumman","Eightfold","Manager Manufacturing Engineering 2","Material/Process","","Los Angeles, CA","US (CONUS)","","","","","","https://jobs.northropgrumman.com/careers/job/1340072999822"
"Northrop Grumman","Eightfold","HVAC Maintenance Technician 2","Facilities Mult-Func","","Chandler, AZ","US (CONUS)","","","","","","https://jobs.northropgrumman.com/careers/job/1340073002015"
"Northrop Grumman","Eightfold","Industrial Engineer - Level 2","Material/Process","","Oxnard, CA","US (CONUS)","","","","","","https://jobs.northropgrumman.com/careers/job/1340072607297"
"Northrop Grumman","Eightfold","Engineer Manufacturing","Material/Process","","Elkridge, MD","US (CONUS)","","","","","","https://jobs.northropgrumman.com/careers/job/1340073115242"
"Northrop Grumman","Eightfold","Manager Programs 3","Program Management (P&L)","","Huntsville, AL","US (CONUS)","","","","","","https://jobs.northropgrumman.com/careers/job/1340073146770"
"Northrop Grumman","Eightfold","Senior AME - Structures","NGC - Non - NGJF EBA","","Pinkenba, QLD, AU","International","","","","","","https://jobs.northropgrumman.com/careers/job/1340071341876"
"Northrop Grumman","Eightfold","Principal Logistics Engineer/Sr. Principal Logistics Engineer","Material/Process","","Roy, UT","US (CONUS)","","","","","","https://jobs.northropgrumman.com/careers/job/1340072994426"
"Northrop Grumman","Eightfold","Mission Assurance Director 2","Mission and Quality Assurance","","Palmdale, CA","US (CONUS)","","","","","","https://jobs.northropgrumman.com/careers/job/1340072964968"
"Northrop Grumman","Eightfold","Staff Engineer Systems Architect","Systems/Architecture/Test","","Melbourne, FL","US (CONUS)","","","","","","https://jobs.northropgrumman.com/careers/job/1340073073258"
"Northrop Grumman","Eightfold","Systems Engineer Architect / Principal Systems Engineer Architect","Systems/Architecture/Test","","Melbourne, FL","US (CONUS)","","","","","","https://jobs.northropgrumman.com/careers/job/1340073073296"
"Northrop Grumman","Eightfold","Principal/Senior Principal Engineer Software","Software","","Melbourne, FL","US (CONUS)","","","","","","https://jobs.northropgrumman.com/careers/job/1340073146969"
"Northrop Grumman","Eightfold","DevSecOps Engineer / Principal DevSecOps Engineer (AHT)","Software","","Bellevue, NE","US (CONUS)","","","","","","https://jobs.northropgrumman.com/careers/job/1340073148858"
"Northrop Grumman","Eightfold","Global Supply Chain Proposal Manager","Global Supply Chain Mult-Func","","Plymouth, MN","US (CONUS)","","","","","","https://jobs.northropgrumman.com/careers/job/1340073146081"
"Northrop Grumman","Eightfold","Cyber Software Engineer (TG)","Cyber","","MD","US (CONUS)","","","","","","https://jobs.northropgrumman.com/careers/job/1340073146572"
"Northrop Grumman","Eightfold","Sr Principal Engineer Energetics Manufacturing","Material/Process","","Corinne, UT","US (CONUS)","","","","","","https://jobs.northropgrumman.com/careers/job/1340072607200"
"Northrop Grumman","Eightfold","Manufacturing Technician 1 - D Shift","Manufacturing and Production","","Salt Lake City, UT","US (CONUS)","","","","","","https://jobs.northropgrumman.com/careers/job/1340073076446"
"Northrop Grumman","Eightfold","Principal/Sr. Principal Embedded Software Engineer (Active Secret)","Software","","Redondo Beach, CA","US (CONUS)","","","","","","https://jobs.northropgrumman.com/careers/job/1340073147042"
"Northrop Grumman","Eightfold","Machinist 2 - D Shift","Manufacturing and Production","","Salt Lake City, UT","US (CONUS)","","","","","","https://jobs.northropgrumman.com/careers/job/1340073076465"
"Northrop Grumman","Eightfold","Manufacturing Technician 3 - B Shift","Manufacturing and Production","","Salt Lake City, UT","US (CONUS)","","","","","","https://jobs.northropgrumman.com/careers/job/1340073075038"
"Northrop Grumman","Eightfold","Manufacturing Technician 1 - A Shift","Manufacturing and Production","","Salt Lake City, UT","US (CONUS)","","","","","","https://jobs.northropgrumman.com/careers/job/1340071523629"
"Northrop Grumman","Eightfold","Entry Level Operator(Union)","NGC - Non - NGJF Union","","Rocket Center, WV","US (CONUS)","","","","","","https://jobs.northropgrumman.com/careers/job/1340069399382"
"Northrop Grumman","Eightfold","Maintenance Plumber 2/3","Facilities Mult-Func","","Corinne, UT","US (CONUS)","","","","","","https://jobs.northropgrumman.com/careers/job/1340072964352"
"Northrop Grumman","Eightfold","U105 Sensors & Systems Technician - 5th Shift","NGC - Non - NGJF Union","","Baltimore, MD","US (CONUS)","","","","","","https://jobs.northropgrumman.com/careers/job/1340072827218"
"Northrop Grumman","Eightfold","Associate Software Engineer / Software Engineer","Software","","Melbourne, FL","US (CONUS)","","","","","","https://jobs.northropgrumman.com/careers/job/1340072788216"
"Northrop Grumman","Eightfold","Associate Quality Control Analyst","Mission and Quality Assurance","","Plymouth, MN","US (CONUS)","","","","","","https://jobs.northropgrumman.com/careers/job/1340073113711"
"Northrop Grumman","Eightfold","Manager Programs 2 - Advanced Design and Producibility","Program Management (P&L)","","Redondo Beach, CA","US (CONUS)","","","","","","https://jobs.northropgrumman.com/careers/job/1340073096021"
"Northrop Grumman","Eightfold","Program Cost Control Analyst - Level 4","Business Management Mult-Func","","Linthicum Heights, MD","US (CONUS)","","","","","","https://jobs.northropgrumman.com/careers/job/1340073114745"
"Northrop Grumman","Eightfold","Sentinel - Staff Engineer Systems - 18068*","Systems/Architecture/Test","","Huntsville, AL","US (CONUS)","","","","","","https://jobs.northropgrumman.com/careers/job/1340072026396"
"Northrop Grumman","Eightfold","Business Management Manager - Level 2","Business Management Mult-Func","","Linthicum Heights, MD","US (CONUS)","","","","","","https://jobs.northropgrumman.com/careers/job/1340073115346"
"Northrop Grumman","Eightfold","Program Cost Control Analyst - Level 2 or 3","Business Management Mult-Func","","Linthicum Heights, MD","US (CONUS)","","","","","","https://jobs.northropgrumman.com/careers/job/1340073071807"
"Northrop Grumman","Eightfold","U105 Sensors & Systems Technician","NGC - Non - NGJF Union","","Baltimore, MD","US (CONUS)","","","","","","https://jobs.northropgrumman.com/careers/job/1340072826802"
"Northrop Grumman","Eightfold","Staff Test Pilot","Flight Operations Mult-Func","","St. Augustine, FL","US (CONUS)","","","","","","https://jobs.northropgrumman.com/careers/job/1340073086931"
"Northrop Grumman","Eightfold","Machinist 3/4 - B Shift","Manufacturing and Production","","Clearfield, UT","US (CONUS)","","","","","","https://jobs.northropgrumman.com/careers/job/1340073144668"
"Northrop Grumman","Eightfold","Dimension Control Technician 3/4","Manufacturing and Production","","Clearfield, UT","US (CONUS)","","","","","","https://jobs.northropgrumman.com/careers/job/1340072303669"
"Northrop Grumman","Eightfold","Systems Engineer: Electrical","Systems/Architecture/Test","","Chandler, AZ","US (CONUS)","","","","","","https://jobs.northropgrumman.com/careers/job/1340073097452"
"Northrop Grumman","Eightfold","Optical Payload Systems Engineer","Systems/Architecture/Test","","Redondo Beach, CA","US (CONUS)","","","","","","https://jobs.northropgrumman.com/careers/job/1340073113381"
"Northrop Grumman","Eightfold","Test Inspection Manager 1","Mission and Quality Assurance","","Los Angeles, CA","US (CONUS)","","","","","","https://jobs.northropgrumman.com/careers/job/1340072846286"
"Northrop Grumman","Eightfold","Principal / Sr Principal Flight Test Engineer","Systems/Architecture/Test","","Edwards AFB, CA","US (CONUS)","","","","","","https://jobs.northropgrumman.com/careers/job/1340072659176"
"Northrop Grumman","Eightfold","Sr Principal/Principal Flight Test Engineer","Systems/Architecture/Test","","Edwards AFB, CA","US (CONUS)","","","","","","https://jobs.northropgrumman.com/careers/job/1340071917707"
"Northrop Grumman","Eightfold","Manager Manufacturing Engineering 2","Material/Process","","Palmdale, CA","US (CONUS)","","","","","","https://jobs.northropgrumman.com/careers/job/1340073000571"
"Northrop Grumman","Eightfold","Cyber Systems Engineer / Principal Cyber Systems Engineer (AHT)","Cyber","","Manhattan Beach, CA","US (CONUS)","","","","","","https://jobs.northropgrumman.com/careers/job/1340073108522"
"Northrop Grumman","Eightfold","Principal / Sr. Principal Mechanical Analysis Engineer","Mechanical","","Los Angeles, CA","US (CONUS)","","","","","","https://jobs.northropgrumman.com/careers/job/1340073124833"
"Northrop Grumman","Eightfold","Program Manager 3","Program Management (P&L)","","Weeze, NRW, DE","International","","","","","","https://jobs.northropgrumman.com/careers/job/1340073097190"
"Northrop Grumman","Eightfold","Engineering Technician 2 - B Shift","Tech Support Mult-Func","","Salt Lake City, UT","US (CONUS)","","","","","","https://jobs.northropgrumman.com/careers/job/1340073077386"
"Northrop Grumman","Eightfold","Staff Field Engineer - Aeronautical","Mechanical","","Edwards AFB, CA","US (CONUS)","","","","","","https://jobs.northropgrumman.com/careers/job/1340072934093"
"Northrop Grumman","Eightfold","Supply Chain Planning Specialist Level 1 or 2","Global Supply Chain Mult-Func","","Palmdale, CA","US (CONUS)","","","","","","https://jobs.northropgrumman.com/careers/job/1340073110872"
"Northrop Grumman","Eightfold","Corporate Counsel Cybersecurity & Privacy - Falls Church VA","Legal","","Falls Church, VA","US (CONUS)","","","","","","https://jobs.northropgrumman.com/careers/job/1340073110927"
"Northrop Grumman","Eightfold","SkillBridge -  Staff Project Management","Project Management (Non-P&L)","","San Diego, CA","US (CONUS)","","","","","","https://jobs.northropgrumman.com/careers/job/1340073111989"
"Northrop Grumman","Eightfold","Principal or Sr. Program Cost and Schedule Control Analyst","Business Management Mult-Func","","Melbourne, FL","US (CONUS)","","","","","","https://jobs.northropgrumman.com/careers/job/1340073112001"
"Northrop Grumman","Eightfold","Sr. Principal Software Development Analyst – TS Analyst Lead (26-336)","Design and Programming","","Huntsville, AL","US (CONUS)","","","","","","https://jobs.northropgrumman.com/careers/job/1340073112533"
"Northrop Grumman","Eightfold","Senior Principal Optical Payload Systems Engineer","Systems/Architecture/Test","","Redondo Beach, CA","US (CONUS)","","","","","","https://jobs.northropgrumman.com/careers/job/1340073112657"
"Northrop Grumman","Eightfold","Staff /Sr Principal Pilot Unmanned Aerial Vehicle","Flight Operations Mult-Func","","Beale AFB, CA","US (CONUS)","","","","","","https://jobs.northropgrumman.com/careers/job/1340073114093"
"Northrop Grumman","Eightfold","Principal/Senior Principal Engineer - Survivability (California)","Systems/Architecture/Test","","Palmdale, CA","US (CONUS)","","","","","","https://jobs.northropgrumman.com/careers/job/1340073114510"
"Northrop Grumman","Eightfold","Principal Cyber Systems Engineer","Cyber","","Edwards AFB, CA","US (CONUS)","","","","","","https://jobs.northropgrumman.com/careers/job/1340073115705"
"Northrop Grumman","Eightfold","Manager Programs 2","Program Management (P&L)","","Huntsville, AL","US (CONUS)","","","","","","https://jobs.northropgrumman.com/careers/job/1340073117413"
"Northrop Grumman","Eightfold","E-6B IMMC/PMI Manager of Programs 3","Program Management (P&L)","","Lake Charles, LA","US (CONUS)","","","","","","https://jobs.northropgrumman.com/careers/job/1340072604684"
"Northrop Grumman","Eightfold","Sr Principal Software Engineer - AI Software","Software","","San Diego, CA","US (CONUS)","","","","","","https://jobs.northropgrumman.com/careers/job/1340073092171"
"Northrop Grumman","Eightfold","Sentinel - Sr. Principal Systems Engineer - 14725*","Systems/Architecture/Test","","Roy, UT","US (CONUS)","","","","","","https://jobs.northropgrumman.com/careers/job/1340071887242"
"Northrop Grumman","Eightfold","Software Engineer / User Experience Applications","Software","","Oklahoma City, OK","US (CONUS)","","","","","","https://jobs.northropgrumman.com/careers/job/1340072305310"
"Northrop Grumman","Eightfold","Software Engineering Manager 2 – SW Development Lead","Software","","San Diego, CA","US (CONUS)","","","","","","https://jobs.northropgrumman.com/careers/job/1340073092702"
"Northrop Grumman","Eightfold","Systems Engineer - TRMC IFC (Principal or Senior Principal)","Systems/Architecture/Test","","San Diego, CA","US (CONUS)","","","","","","https://jobs.northropgrumman.com/careers/job/1340073073005"
"Northrop Grumman","Eightfold","Software Engineer - Embedded","Software","","San Diego, CA","US (CONUS)","","","","","","https://jobs.northropgrumman.com/careers/job/1340072268775"
"Northrop Grumman","Eightfold","Staff Engineer Aeronautical (level 5)","Mechanical","","Palmdale, CA","US (CONUS)","","","","","","https://jobs.northropgrumman.com/careers/job/1340072934155"
"Northrop Grumman","Eightfold","SkillBridge -  Sr Principal Project Management","Project Management (Non-P&L)","","San Diego, CA","US (CONUS)","","","","","","https://jobs.northropgrumman.com/careers/job/1340073111386"
"Northrop Grumman","Eightfold","Manufacturing Technician 1/2","Manufacturing and Production","","Santa Rosa, CA","US (CONUS)","","","","","","https://jobs.northropgrumman.com/careers/job/1340073094822"
"Northrop Grumman","Eightfold","Manufacturing Technician 3/4","Manufacturing and Production","","Santa Rosa, CA","US (CONUS)","","","","","","https://jobs.northropgrumman.com/careers/job/1340073097466"
"Northrop Grumman","Eightfold","Engineer Guidance Navigation Control Level 2/3 (AHT)","Systems/Architecture/Test","","Los Angeles, CA","US (CONUS)","","","","","","https://jobs.northropgrumman.com/careers/job/1340073095969"
"Northrop Grumman","Eightfold","Engineer/Principal Tooling Engineer Level 2/3","Material/Process","","Layton, UT","US (CONUS)","","","","","","https://jobs.northropgrumman.com/careers/job/1340072635190"
"Northrop Grumman","Eightfold","Principal / Sr. Principal RF Microwave Design Engineer","Electrical","","Baltimore, MD","US (CONUS)","","","","","","https://jobs.northropgrumman.com/careers/job/1340073114576"
"Northrop Grumman","Eightfold","Principal / Sr. Principal  DevOps Software Engineer","Software","","Chantilly, VA","US (CONUS)","","","","","","https://jobs.northropgrumman.com/careers/job/1340073115156"
"Northrop Grumman","Eightfold","Maintenance Support Manager","Tech Support Mult-Func","","Amberley, QLD, AU","International","","","","","","https://jobs.northropgrumman.com/careers/job/1340060072457"
"Northrop Grumman","Eightfold","Principal/Sr. Principal Power Lead Design Engineer - 17637 &17638","Electrical","","Roy, UT","US (CONUS)","","","","","","https://jobs.northropgrumman.com/careers/job/1340072136915"
"Northrop Grumman","Eightfold","Sr Principal Cyber Systems Engineer","Cyber","","Melbourne, FL","US (CONUS)","","","","","","https://jobs.northropgrumman.com/careers/job/1340072707456"
"Northrop Grumman","Eightfold","Data Analytics Manager 2","Data Science","","Melbourne, FL","US (CONUS)","","","","","","https://jobs.northropgrumman.com/careers/job/1340073115791"
"Northrop Grumman","Eightfold","Staff Hardware IPT Lead","Engineering Mult-Func","","Baltimore, MD","US (CONUS)","","","","","","https://jobs.northropgrumman.com/careers/job/1340073116817"
"Northrop Grumman","Eightfold","Manager Programs 1","Program Management (P&L)","","Huntsville, AL","US (CONUS)","","","","","","https://jobs.northropgrumman.com/careers/job/1340073117559"
"Northrop Grumman","Eightfold","Engineer Quality","Mission/Quality Assurance","","Sunnyvale, CA","US (CONUS)","","","","","","https://jobs.northropgrumman.com/careers/job/1340072866912"
"Northrop Grumman","Eightfold","Associate/Tooling Engineer Level 1/2","Material/Process","","Layton, UT","US (CONUS)","","","","","","https://jobs.northropgrumman.com/careers/job/1340072625301"
"Northrop Grumman","Eightfold","Principal / Sr. Principal Systems Test Engineer -18556*","Systems/Architecture/Test","","Colorado Springs, CO","US (CONUS)","","","","","","https://jobs.northropgrumman.com/careers/job/1340073113932"
"Northrop Grumman","Eightfold","Principal Space Communications Systems Engineer","Systems/Architecture/Test","","Redondo Beach, CA","US (CONUS)","","","","","","https://jobs.northropgrumman.com/careers/job/1340073097468"
"Northrop Grumman","Eightfold","Engineer/Principal Engineer - Survivability (California)","Systems/Architecture/Test","","Palmdale, CA","US (CONUS)","","","","","","https://jobs.northropgrumman.com/careers/job/1340073097211"
"Northrop Grumman","Eightfold","Digital Signal Processing Engineer","Systems/Architecture/Test","","Cincinnati, OH","US (CONUS)","","","","","","https://jobs.northropgrumman.com/careers/job/1340073086634"
"Northrop Grumman","Eightfold","Sr Principal Engineer Electronics","Electrical","","San Diego, CA","US (CONUS)","","","","","","https://jobs.northropgrumman.com/careers/job/1340072964063"
"Northrop Grumman","Eightfold","Sentinel - Engineering CAM/CAD Librarian (19224)","Material/Process","","Roy, UT","US (CONUS)","","","","","","https://jobs.northropgrumman.com/careers/job/1340073096488"
"Northrop Grumman","Eightfold","Principal/Sr Principal Penetration Tester","Cyber","","San Antonio, TX","US (CONUS)","","","","","","https://jobs.northropgrumman.com/careers/job/1340071873106"
"Northrop Grumman","Eightfold","Staff Chief Engineer/Hardware IPT","Engineering Mult-Func","","Baltimore, MD","US (CONUS)","","","","","","https://jobs.northropgrumman.com/careers/job/1340072657205"
"Northrop Grumman","Eightfold","Supply Chain Planning Specialist (SkillBridge)","Global Supply Chain Mult-Func","","Baltimore, MD","US (CONUS)","","","","","","https://jobs.northropgrumman.com/careers/job/1340072955809"
"Northrop Grumman","Eightfold","Sr Principal Engineer Systems","Systems/Architecture/Test","","San Diego, CA","US (CONUS)","","","","","","https://jobs.northropgrumman.com/careers/job/1340072942103"
"Northrop Grumman","Eightfold","Manager Project Management 2","Project Management (Non-P&L)","","Oklahoma City, OK","US (CONUS)","","","","","","https://jobs.northropgrumman.com/careers/job/1340072940447"
"Northrop Grumman","Eightfold","Printed Circuit Board (PCB) Layout Designer Engineer/Principal Printed Circuit Board (PCB) Layout Designer Engineer","Electrical","","Manhattan Beach, CA","US (CONUS)","","","","","","https://jobs.northropgrumman.com/careers/job/1340072608907"
"Northrop Grumman","Eightfold","Principal/Sr. Principal Digital-RF Hardware Subsystem I&T Engineer","Electrical","","Baltimore, MD","US (CONUS)","","","","","","https://jobs.northropgrumman.com/careers/job/1340072937432"
"Northrop Grumman","Eightfold","Sr Principal Cyber System Security Engineer - 18310","Systems/Architecture/Test","","Roy, UT","US (CONUS)","","","","","","https://jobs.northropgrumman.com/careers/job/1340072922959"
"Northrop Grumman","Eightfold","Manager General Manufacturing 1","Manufacturing and Production","","Palmdale, CA","US (CONUS)","","","","","","https://jobs.northropgrumman.com/careers/job/1340072923642"
"Northrop Grumman","Eightfold","Senior Scrum Master","Cyber","","Manchester, England, GB","International","","","","","","https://jobs.northropgrumman.com/careers/job/1340073055702"
"Northrop Grumman","Eightfold","Manager Industrial Security 2","Security Mult-Func","","Huntsville, AL","US (CONUS)","","","","","","https://jobs.northropgrumman.com/careers/job/1340073066636"
"Northrop Grumman","Eightfold","Principal Supply Chain Planning Specialist","Global Supply Chain Mult-Func","","Palmdale, CA","US (CONUS)","","","","","","https://jobs.northropgrumman.com/careers/job/1340073066643"
"Northrop Grumman","Eightfold","Sr. Principal Flight Avionics Responsible Engineer (Level 4)","Electrical","","Melbourne, FL","US (CONUS)","","","","","","https://jobs.northropgrumman.com/careers/job/1340073066778"
"Northrop Grumman","Eightfold","Network Engineer (Engineer Level 2 or Principal Engineer Level 3)","Networks","","Melbourne, FL","US (CONUS)","","","","","","https://jobs.northropgrumman.com/careers/job/1340073067388"
"Northrop Grumman","Eightfold","Sr. Principal Flight Avionics Responsible Engineer","Electrical","","Melbourne, FL","US (CONUS)","","","","","","https://jobs.northropgrumman.com/careers/job/1340073067433"
"Northrop Grumman","Eightfold","Principal Control Account Manager (CAM)/Avionics Integration Engineer/Sr. Principal Control Account Manager (CAM)/Avionics Integration Engineer","Electrical","","Melbourne, FL","US (CONUS)","","","","","","https://jobs.northropgrumman.com/careers/job/1340073067642"
"Northrop Grumman","Eightfold","Staff Mechanical Engineer","Mechanical","","Baltimore, MD","US (CONUS)","","","","","","https://jobs.northropgrumman.com/careers/job/1340073094176"
"Northrop Grumman","Eightfold","Systems Engineer / Integration & Test - SkillBridge","Systems/Architecture/Test","","Los Angeles, CA","US (CONUS)","","","","","","https://jobs.northropgrumman.com/careers/job/1340073095999"
"Northrop Grumman","Eightfold","Sr. Staff SCS Capture Communication Engineer Lead","Electrical","","Melbourne, FL","US (CONUS)","","","","","","https://jobs.northropgrumman.com/careers/job/1340073069145"
"Northrop Grumman","Eightfold","Staff Chief Engineer","Engineering Mult-Func","","Baltimore, MD","US (CONUS)","","","","","","https://jobs.northropgrumman.com/careers/job/1340072826561"
"Northrop Grumman","Eightfold","Sentinel - Environments Capability Lead Sr. Principal Systems Engineer","Systems/Architecture/Test","","Roy, UT","US (CONUS)","","","","","","https://jobs.northropgrumman.com/careers/job/1340073083732"
"Northrop Grumman","Eightfold","Manager Programs 2","Program Management (P&L)","","Colorado Springs, CO","US (CONUS)","","","","","","https://jobs.northropgrumman.com/careers/job/1340073084850"
"Northrop Grumman","Eightfold","MBSE Systems Engineer (Engineer or Principal Engineer Level)","Systems/Architecture/Test","","Melbourne, FL","US (CONUS)","","","","","","https://jobs.northropgrumman.com/careers/job/1340073089450"
"Northrop Grumman","Eightfold","Manager Material Distribution 1","Plan","","Lake Charles, LA","US (CONUS)","","","","","","https://jobs.northropgrumman.com/careers/job/1340072851835"
"Northrop Grumman","Eightfold","Mgr Propulsion Engineering - Level 2","Mechanical","","Clearfield, UT","US (CONUS)","","","","","","https://jobs.northropgrumman.com/careers/job/1340072722739"
"Northrop Grumman","Eightfold","Sr. Principal Electronics Engineer","Electrical","","Palmdale, CA","US (CONUS)","","","","","","https://jobs.northropgrumman.com/careers/job/1340072846914"
"Northrop Grumman","Eightfold","Principal/Sr. Principal Engineer Digital Receiver Exciter Subsystem I&T","Engineering Mult-Func","","Baltimore, MD","US (CONUS)","","","","","","https://jobs.northropgrumman.com/careers/job/1340072789039"
"Northrop Grumman","Eightfold","Assembler 3","Manufacturing and Production","","Waynesboro, VA","US (CONUS)","","","","","","https://jobs.northropgrumman.com/careers/job/1340072514101"
"Northrop Grumman","Eightfold","Sentinel - Thread Support Staff Systems Engineer - 17388","Systems/Architecture/Test","","Roy, UT","US (CONUS)","","","","","","https://jobs.northropgrumman.com/careers/job/1340072785618"
"Northrop Grumman","Eightfold","Senior Principal Systems Safety Engineer","Environmental","","Los Angeles, CA","US (CONUS)","","","","","","https://jobs.northropgrumman.com/careers/job/1340072988223"
"Northrop Grumman","Eightfold","Staff Systems Safety Engineer","Environmental","","Los Angeles, CA","US (CONUS)","","","","","","https://jobs.northropgrumman.com/careers/job/1340072988288"
"Northrop Grumman","Eightfold","Sr. Principal Chief Engineer/IPT Lead","Engineering Mult-Func","","Baltimore, MD","US (CONUS)","","","","","","https://jobs.northropgrumman.com/careers/job/1340072989028"
"Northrop Grumman","Eightfold","Principal / Senior Principal Cyber Systems Engineer","Cyber","","Los Angeles, CA","US (CONUS)","","","","","","https://jobs.northropgrumman.com/careers/job/1340072986953"
"Northrop Grumman","Eightfold","Logistics Systems Engineer","Material/Process","","Los Angeles, CA","US (CONUS)","","","","","","https://jobs.northropgrumman.com/careers/job/1340072987257"
"Northrop Grumman","Eightfold","Principal / Senior Principal Logistics Engineer","Material/Process","","Los Angeles, CA","US (CONUS)","","","","","","https://jobs.northropgrumman.com/careers/job/1340072987403"
"Northrop Grumman","Eightfold","Sr. Principal Engineer Electronics – Mission Processing","Electrical","","Melbourne, FL","US (CONUS)","","","","","","https://jobs.northropgrumman.com/careers/job/1340073070146"
"Northrop Grumman","Eightfold","Sr Principal Software Engineer - Integration and Test","Software","","San Diego, CA","US (CONUS)","","","","","","https://jobs.northropgrumman.com/careers/job/1340073071089"
"Northrop Grumman","Eightfold","SHY Aerothermal Lead - 19022","Systems/Architecture/Test","","Roy, UT","US (CONUS)","","","","","","https://jobs.northropgrumman.com/careers/job/1340073071933"
"Northrop Grumman","Eightfold","U107 Janitor B2","NGC - Non - NGJF Union","","Baltimore, MD","US (CONUS)","","","","","","https://jobs.northropgrumman.com/careers/job/1340072963889"
"Northrop Grumman","Eightfold","U107 Janitor B2","NGC - Non - NGJF Union","","Baltimore, MD","US (CONUS)","","","","","","https://jobs.northropgrumman.com/careers/job/1340072963936"
"Northrop Grumman","Eightfold","Sentinel - Systems States & Controls Capability Lead Staff Systems Engineer","Systems/Architecture/Test","","Roy, UT","US (CONUS)","","","","","","https://jobs.northropgrumman.com/careers/job/1340073081416"
"Northrop Grumman","Eightfold","Sentinel - Facility & Platform Integration Capability Lead Systems Engineer 5","Systems/Architecture/Test","","Roy, UT","US (CONUS)","","","","","","https://jobs.northropgrumman.com/careers/job/1340073082065"
"Northrop Grumman","Eightfold","Sentinel Aero-Fluids Manager 2 - 19102","Systems/Architecture/Test","","Roy, UT","US (CONUS)","","","","","","https://jobs.northropgrumman.com/careers/job/1340073085526"
"Northrop Grumman","Eightfold","Staff Digital Signal Processing Engineer","Systems/Architecture/Test","","Cincinnati, OH","US (CONUS)","","","","","","https://jobs.northropgrumman.com/careers/job/1340073085632"
"Northrop Grumman","Eightfold","Sr. Principal Digital Signal Processing Engineer","Systems/Architecture/Test","","Cincinnati, OH","US (CONUS)","","","","","","https://jobs.northropgrumman.com/careers/job/1340073085859"
"Northrop Grumman","Eightfold","Project Management/Principal Project Management","Project Management (Non-P&L)","","Oklahoma City, OK","US (CONUS)","","","","","","https://jobs.northropgrumman.com/careers/job/1340072956584"
"Northrop Grumman","Eightfold","Principal Project Management/Sr. Principal Project Management","Project Management (Non-P&L)","","SD","US (CONUS)","","","","","","https://jobs.northropgrumman.com/careers/job/1340072962019"
"Northrop Grumman","Eightfold","Project Management/Principal Project Management (Data Scientist)","Project Management (Non-P&L)","","Melbourne, FL","US (CONUS)","","","","","","https://jobs.northropgrumman.com/careers/job/1340072962156"
"Northrop Grumman","Eightfold","Quality Inspector 3","Mission and Quality Assurance","","Waynesboro, VA","US (CONUS)","","","","","","https://jobs.northropgrumman.com/careers/job/1340072639559"
"Northrop Grumman","Eightfold","Principal Engineer Systems - IPT Lead","Systems/Architecture/Test","","Baltimore, MD","US (CONUS)","","","","","","https://jobs.northropgrumman.com/careers/job/1340072301819"
"Northrop Grumman","Eightfold","Principal or Sr. Principal Systems Engineer","Cyber","","Roy, UT","US (CONUS)","","","","","","https://jobs.northropgrumman.com/careers/job/1340073095098"
"Northrop Grumman","Eightfold","Flight Systems Futures Sr Principal Mechanical Engineer (Top Secret Clearance) 19017","Mechanical","","Roy, UT","US (CONUS)","","","","","","https://jobs.northropgrumman.com/careers/job/1340073064082"
"Northrop Grumman","Eightfold","Quality Inspector 4","Mission and Quality Assurance","","Waynesboro, VA","US (CONUS)","","","","","","https://jobs.northropgrumman.com/careers/job/1340072640548"
"Northrop Grumman","Eightfold","Sentinel - Data Management Capability Lead Sr. Principal Systems Engineer","Systems/Architecture/Test","","Roy, UT","US (CONUS)","","","","","","https://jobs.northropgrumman.com/careers/job/1340073083180"
"Northrop Grumman","Eightfold","Principal Mechanical Engineer/Senior Principal Mechanical Engineer","Mechanical","","Baltimore, MD","US (CONUS)","","","","","","https://jobs.northropgrumman.com/careers/job/1340073094493"
"Northrop Grumman","Eightfold","Sentinel - Communications Capability Lead Sr. Principal Systems Engineer","Systems/Architecture/Test","","Roy, UT","US (CONUS)","","","","","","https://jobs.northropgrumman.com/careers/job/1340073083602"
"Northrop Grumman","Eightfold","Ground Senior Ops Training Engineer - Level 4","Systems/Architecture/Test","","Aurora, CO","US (CONUS)","","","","","","https://jobs.northropgrumman.com/careers/job/1340073093442"
"Northrop Grumman","Eightfold","Principal Engineer Manufacturing","Material/Process","","Sunnyvale, CA","US (CONUS)","","","","","","https://jobs.northropgrumman.com/careers/job/1340073095572"
"Northrop Grumman","Eightfold","Sentinel - Thread Support Staff Systems Engineer - 18064","Systems/Architecture/Test","","Roy, UT","US (CONUS)","","","","","","https://jobs.northropgrumman.com/careers/job/1340072785702"
"Northrop Grumman","Eightfold","Principal or Sr. Principal Systems Engineer","Cyber","","San Antonio, TX","US (CONUS)","","","","","","https://jobs.northropgrumman.com/careers/job/1340073095722"
"Northrop Grumman","Eightfold","Principal or Sr. Principal Program Cost and Schedule Control Analyst","Business Management Mult-Func","","Melbourne, FL","US (CONUS)","","","","","","https://jobs.northropgrumman.com/careers/job/1340073089132"
"Northrop Grumman","Eightfold","Principal / Flight Avionics Electronics Engineer","Electrical","","Melbourne, FL","US (CONUS)","","","","","","https://jobs.northropgrumman.com/careers/job/1340072867392"
"Northrop Grumman","Eightfold","Sentinel Sr Principal Industrial Engineer Proposal Estimating - 18595","Material/Process","","Roy, UT","US (CONUS)","","","","","","https://jobs.northropgrumman.com/careers/job/1340072659379"
"Northrop Grumman","Eightfold","Cyber Systems Engineer / Principal Cyber Systems Engineer","Cyber","","Melbourne, FL","US (CONUS)","","","","","","https://jobs.northropgrumman.com/careers/job/1340073097090"
"Northrop Grumman","Eightfold","Mechanical Assembler 1","Manufacturing and Production","","Bethpage, NY","US (CONUS)","","","","","","https://jobs.northropgrumman.com/careers/job/1340073094487"
"Northrop Grumman","Eightfold","Model Governance - Systems Integration Engineer / Principal Systems Integration Engineer","Systems/Architecture/Test","","Melbourne, FL","US (CONUS)","","","","","","https://jobs.northropgrumman.com/careers/job/1340072984835"
"Northrop Grumman","Eightfold","Staff CORE Systems Engineer","Systems/Architecture/Test","","Baltimore, MD","US (CONUS)","","","","","","https://jobs.northropgrumman.com/careers/job/1340073073432"
"Northrop Grumman","Eightfold","Principal Engineer Electromechanical","Electrical","","Melbourne, FL","US (CONUS)","","","","","","https://jobs.northropgrumman.com/careers/job/1340072915536"
"Northrop Grumman","Eightfold","Network Engineer - Level 2 or 3","Networks","","Aurora, CO","US (CONUS)","","","","","","https://jobs.northropgrumman.com/careers/job/1340072990045"
"Northrop Grumman","Eightfold","Principal Program Cost & Schedule Control Analyst","Business Management Mult-Func","","Melbourne, FL","US (CONUS)","","","","","","https://jobs.northropgrumman.com/careers/job/1340072140260"
"Northrop Grumman","Eightfold","Principal Technical Services Project Management","Project Management (Non-P&L)","","Merritt Island, FL","US (CONUS)","","","","","","https://jobs.northropgrumman.com/careers/job/1340072950313"
"Northrop Grumman","Eightfold","Program Manager 3 - MEX OU","Program Management (P&L)","","Aurora, CO","US (CONUS)","","","","","","https://jobs.northropgrumman.com/careers/job/1340072942077"
"Northrop Grumman","Eightfold","Security Officer - Level 2","Security Mult-Func","","Redondo Beach, CA","US (CONUS)","","","","","","https://jobs.northropgrumman.com/careers/job/1340070975579"
"Northrop Grumman","Eightfold","Electrical Engineering Manager 2 - 19180","Electrical","","Roy, UT","US (CONUS)","","","","","","https://jobs.northropgrumman.com/careers/job/1340072914728"
"Northrop Grumman","Eightfold","Principal Instrumentation Mechanical Design Engineer","Electrical","","Melbourne, FL","US (CONUS)","","","","","","https://jobs.northropgrumman.com/careers/job/1340072915523"
"Northrop Grumman","Eightfold","Sr Principal Embedded Software Engineer- 18520","Software","","Roy, UT","US (CONUS)","","","","","","https://jobs.northropgrumman.com/careers/job/1340072923306"
"Northrop Grumman","Eightfold","Electrical Engineer/Principal Electrical Engineer - 17125","Electrical","","Manhattan Beach, CA","US (CONUS)","","","","","","https://jobs.northropgrumman.com/careers/job/1340072923644"
"Northrop Grumman","Eightfold","Sentinel - Principal Systems Engineer - 18410","Systems/Architecture/Test","","Roy, UT","US (CONUS)","","","","","","https://jobs.northropgrumman.com/careers/job/1340073064873"
"Northrop Grumman","Eightfold","Pilot 2/3","Flight Operations Mult-Func","","San Diego, CA","US (CONUS)","","","","","","https://jobs.northropgrumman.com/careers/job/1340073066629"
"Northrop Grumman","Eightfold","Firefighter 2 (Palmdale CA)","Security Mult-Func","","Palmdale, CA","US (CONUS)","","","","","","https://jobs.northropgrumman.com/careers/job/1340073068636"
"Northrop Grumman","Eightfold","Sr Principal Software Engineer (Algorithm) – TRK (26-332)","Software","","Huntsville, AL","US (CONUS)","","","","","","https://jobs.northropgrumman.com/careers/job/1340072999793"
"Northrop Grumman","Eightfold","Electronics Assembler A - 1st or 2nd shift","NGC - Non - NGJF S01","","Sykesville, MD","US (CONUS)","","","","","","https://jobs.northropgrumman.com/careers/job/1340073070374"
"Northrop Grumman","Eightfold","Principle/Sr Principal Property & Asset Management Analyst (Government & Capital)","Business Management Mult-Func","","Palmdale, CA","US (CONUS)","","","","","","https://jobs.northropgrumman.com/careers/job/1340073070996"
"Northrop Grumman","Eightfold","Systems Integration & Test Engineer - Level 3/4","Systems/Architecture/Test","","Fairfax, VA","US (CONUS)","","","","","","https://jobs.northropgrumman.com/careers/job/1340073071299"
"Northrop Grumman","Eightfold","Principal / Sr. Principal Engineer Energetics Manufacturing","Material/Process","","Magna, UT","US (CONUS)","","","","","","https://jobs.northropgrumman.com/careers/job/1340073072121"
"Northrop Grumman","Eightfold","Engineer Energetics Manufacturing - 2/3","Material/Process","","Corinne, UT","US (CONUS)","","","","","","https://jobs.northropgrumman.com/careers/job/1340071688186"
"Northrop Grumman","Eightfold","Principal Engineer Test","Systems/Architecture/Test","","Apopka, FL","US (CONUS)","","","","","","https://jobs.northropgrumman.com/careers/job/1340071701576"
"Northrop Grumman","Eightfold","U103 General Machinist ""A"" - Large Turning","NGC - Non - NGJF Union","","Sunnyvale, CA","US (CONUS)","","","","","","https://jobs.northropgrumman.com/careers/job/1340072627038"
"Northrop Grumman","Eightfold","Sentinel - Mechanical Engineer / Principal Mechanical Engineer - 18469","Mechanical","","Roy, UT","US (CONUS)","","","","","","https://jobs.northropgrumman.com/careers/job/1340073072481"
"Northrop Grumman","Eightfold","Manager Programs 3","Program Management (P&L)","","Huntsville, AL","US (CONUS)","","","","","","https://jobs.northropgrumman.com/careers/job/1340073072618"
"Northrop Grumman","Eightfold","Staff Integration and Test Electro-Optical Engineer (Level 5)","Engineering Mult-Func","","Chandler, AZ","US (CONUS)","","","","","","https://jobs.northropgrumman.com/careers/job/1340072713318"
"Northrop Grumman","Eightfold","Sr Principal Program Planning and Scheduling Analyst (18214)","Business Management Mult-Func","","Roy, UT","US (CONUS)","","","","","","https://jobs.northropgrumman.com/careers/job/1340072848971"
"Northrop Grumman","Eightfold","Project Management","Project Management (Non-P&L)","","Melbourne, FL","US (CONUS)","","","","","","https://jobs.northropgrumman.com/careers/job/1340072990008"
"Northrop Grumman","Eightfold","Systems Administrator - Level 2 or 3","Networks","","Aurora, CO","US (CONUS)","","","","","","https://jobs.northropgrumman.com/careers/job/1340072990156"
"Northrop Grumman","Eightfold","Principal Systems Engineer / Sr. Principal Systems Engineer","Systems/Architecture/Test","","Roy, UT","US (CONUS)","","","","","","https://jobs.northropgrumman.com/careers/job/1340072825395"
"Northrop Grumman","Eightfold","Engineer - Survivability (Melbourne FL)","Systems/Architecture/Test","","Melbourne, FL","US (CONUS)","","","","","","https://jobs.northropgrumman.com/careers/job/1340073072338"
"Northrop Grumman","Eightfold","Sr Principal Program Cost and Schedule Control Analyst (18206)","Business Management Mult-Func","","Roy, UT","US (CONUS)","","","","","","https://jobs.northropgrumman.com/careers/job/1340072867122"
"Northrop Grumman","Eightfold","Thermal Engineering Manager 2","Material/Process","","Baltimore, MD","US (CONUS)","","","","","","https://jobs.northropgrumman.com/careers/job/1340072964167"
"Northrop Grumman","Eightfold","Principal Pricing Analyst","Business Management Mult-Func","","Sunnyvale, CA","US (CONUS)","","","","","","https://jobs.northropgrumman.com/careers/job/1340073069499"
"Northrop Grumman","Eightfold","Program Planning and Scheduling Analyst - Level 2 or 3","Business Management Mult-Func","","Aurora, CO","US (CONUS)","","","","","","https://jobs.northropgrumman.com/careers/job/1340073073001"
"Northrop Grumman","Eightfold","Software Engineer - Level 2 or 3","Software","","Aurora, CO","US (CONUS)","","","","","","https://jobs.northropgrumman.com/careers/job/1340072990830"
"Northrop Grumman","Eightfold","Principal Flight Test Engineer","Systems/Architecture/Test","","Edwards AFB, CA","US (CONUS)","","","","","","https://jobs.northropgrumman.com/careers/job/1340072788715"
"Northrop Grumman","Eightfold","Earned Value Management (EVM) Analyst - Level 4","Business Management Mult-Func","","Redondo Beach, CA","US (CONUS)","","","","","","https://jobs.northropgrumman.com/careers/job/1340073050043"
"Northrop Grumman","Eightfold","Earned Value Management (EVM) Analyst - Level 4","Business Management Mult-Func","","Huntsville, AL","US (CONUS)","","","","","","https://jobs.northropgrumman.com/careers/job/1340073050042"
"Northrop Grumman","Eightfold","Sentinel - Principal / Sr Principal Mechanical Engineer (16934)","Mechanical","","Roy, UT","US (CONUS)","","","","","","https://jobs.northropgrumman.com/careers/job/1340070440913"
"Northrop Grumman","Eightfold","Advanced Programs - Hypersonic Testbed GN&C Engineer - Level 3/4","Systems/Architecture/Test","","Huntsville, AL","US (CONUS)","","","","","","https://jobs.northropgrumman.com/careers/job/1340072931601"
"Northrop Grumman","Eightfold","Skillbridge Principal / Senior Mission Engineering Systems Engineer","Systems/Architecture/Test","","Baltimore, MD","US (CONUS)","","","","","","https://jobs.northropgrumman.com/careers/job/1340073073195"
"Northrop Grumman","Eightfold","Staff Safety Systems Engineer","Environmental","","Linthicum Heights, MD","US (CONUS)","","","","","","https://jobs.northropgrumman.com/careers/job/1340073073016"
"Northrop Grumman","Eightfold","Skillbridge Principal / Senior Principal Radar Modeling Simulation Analysis Systems Engineer","Systems/Architecture/Test","","Baltimore, MD","US (CONUS)","","","","","","https://jobs.northropgrumman.com/careers/job/1340073073167"
"Northrop Grumman","Eightfold","Skillbridge Principal / Senior Modeling Simulation & Performance Analysis Systems Engineer","Systems/Architecture/Test","","Baltimore, MD","US (CONUS)","","","","","","https://jobs.northropgrumman.com/careers/job/1340073073178"
"Northrop Grumman","Eightfold","Skillbridge Staff Safety Systems Engineer","Environmental","","Linthicum Heights, MD","US (CONUS)","","","","","","https://jobs.northropgrumman.com/careers/job/1340073073099"
"Northrop Grumman","Eightfold","Sentinel - Mechanical Engineer  / Principal Mechanical Engineer  (17010)","Mechanical","","Roy, UT","US (CONUS)","","","","","","https://jobs.northropgrumman.com/careers/job/1340073072631"
"Northrop Grumman","Eightfold","E-6B IMMC SCA Aircraft Worker","NGC - Non - NGJF Service Contract Act","","Lake Charles, LA","US (CONUS)","","","","","","https://jobs.northropgrumman.com/careers/job/1340073071796"
"Northrop Grumman","Eightfold","Systems Administrator - Level 4","Networks","","Aurora, CO","US (CONUS)","","","","","","https://jobs.northropgrumman.com/careers/job/1340072991353"
"Northrop Grumman","Eightfold","Principal Field Engineer / Sr. Principal Field Engineer (AHT)","Systems/Architecture/Test","","Colorado Springs, CO","US (CONUS)","","","","","","https://jobs.northropgrumman.com/careers/job/1340072965079"
"Northrop Grumman","Eightfold","Sentinel - Mechanical Engineer / Principal Mechanical Engineer (17011)","Mechanical","","Roy, UT","US (CONUS)","","","","","","https://jobs.northropgrumman.com/careers/job/1340073066489"
"Northrop Grumman","Eightfold","Infrastructure Lead - Staff DevOps Engineer","Software","","Aurora, CO","US (CONUS)","","","","","","https://jobs.northropgrumman.com/careers/job/1340073047475"
"Northrop Grumman","Eightfold","Electrical Engineer / Principal Electrical Engineer","Electrical","","Warner Robins, GA","US (CONUS)","","","","","","https://jobs.northropgrumman.com/careers/job/1340073032219"
"Northrop Grumman","Eightfold","Sr Staff Cyber Systems Engineer","Cyber","","San Antonio, TX","US (CONUS)","","","","","","https://jobs.northropgrumman.com/careers/job/1340072403093"
"Northrop Grumman","Eightfold","Technical Instructor - Avionics","Training-Tech","","Amberley, QLD, AU","International","","","","","","https://jobs.northropgrumman.com/careers/job/1340072945641"
"Northrop Grumman","Eightfold","Field Service Representative","Tech Support Mult-Func","","Amberley, QLD, AU","International","","","","","","https://jobs.northropgrumman.com/careers/job/1340072946662"
"Northrop Grumman","Eightfold","Security Governance Lead","Security Mult-Func","","NSW,AU","International","","","","","","https://jobs.northropgrumman.com/careers/job/1340072926384"
"Northrop Grumman","Eightfold","Manager Material Requirements Planning 1","Plan","","Buffalo, NY","US (CONUS)","","","","","","https://jobs.northropgrumman.com/careers/job/1340072937654"
"Northrop Grumman","Eightfold","Sr Principal Program Cost Control Analyst","Business Management Mult-Func","","San Diego, CA","US (CONUS)","","","","","","https://jobs.northropgrumman.com/careers/job/1340072924610"
"Northrop Grumman","Eightfold","Principal Cyber Systems Engineer","Cyber","","Valparaiso, FL","US (CONUS)","","","","","","https://jobs.northropgrumman.com/careers/job/1340073017398"
"Northrop Grumman","Eightfold","Principal Cyber Systems Engineer","Cyber","","Valparaiso, FL","US (CONUS)","","","","","","https://jobs.northropgrumman.com/careers/job/1340073017433"
"Northrop Grumman","Eightfold","Staff Systems Engineer","Cyber","","Roy, UT","US (CONUS)","","","","","","https://jobs.northropgrumman.com/careers/job/1340073018464"
"Northrop Grumman","Eightfold","Principal Cyber Systems Engineer","Cyber","","Melbourne, FL","US (CONUS)","","","","","","https://jobs.northropgrumman.com/careers/job/1340072620503"
"Northrop Grumman","Eightfold","Program Planning and Scheduling Analyst - Level 2 or 3","Business Management Mult-Func","","Redondo Beach, CA","US (CONUS)","","","","","","https://jobs.northropgrumman.com/careers/job/1340073019181"
"Northrop Grumman","Eightfold","Cyber Systems Engineer","Cyber","","Edwards AFB, CA","US (CONUS)","","","","","","https://jobs.northropgrumman.com/careers/job/1340073017168"
"Northrop Grumman","Eightfold","Cyber Systems Engineer","Cyber","","Valparaiso, FL","US (CONUS)","","","","","","https://jobs.northropgrumman.com/careers/job/1340073016850"
"Northrop Grumman","Eightfold","Principal Manufacturing Test Engineering (RF Systems)","Electrical","","Rolling Meadows, IL","US (CONUS)","","","","","","https://jobs.northropgrumman.com/careers/job/1340072624652"
"Northrop Grumman","Eightfold","Mechanical Design Engineers Level 2/3","Mechanical","","Ocean Springs, MS","US (CONUS)","","","","","","https://jobs.northropgrumman.com/careers/job/1340072996986"
"Northrop Grumman","Eightfold","Manager Depot Operations 3","Manufacturing and Production","","Lake Charles, LA","US (CONUS)","","","","","","https://jobs.northropgrumman.com/careers/job/1340073001974"
"Northrop Grumman","Eightfold","Manager Supply Chain Programs 2","Global Supply Chain Mult-Func","","Sierra Vista, AZ","US (CONUS)","","","","","","https://jobs.northropgrumman.com/careers/job/1340072940388"
"Northrop Grumman","Eightfold","Principal Engineer Electronics","Electrical","","Rolling Meadows, IL","US (CONUS)","","","","","","https://jobs.northropgrumman.com/careers/job/1340072934826"
"Northrop Grumman","Eightfold","Manager Programs 3","Program Management (P&L)","","Los Angeles, CA","US (CONUS)","","","","","","https://jobs.northropgrumman.com/careers/job/1340072914692"
"Northrop Grumman","Eightfold","Principal Cyber Systems Engineer (S)","Cyber","","MD","US (CONUS)","","","","","","https://jobs.northropgrumman.com/careers/job/1340072640883"
"Northrop Grumman","Eightfold","Mechanical Design Engineers Level 2/3","Mechanical","","Sunnyvale, CA","US (CONUS)","","","","","","https://jobs.northropgrumman.com/careers/job/1340072996942"
"Northrop Grumman","Eightfold","Mechanical Design Engineer Level 4","Mechanical","","Ocean Springs, MS","US (CONUS)","","","","","","https://jobs.northropgrumman.com/careers/job/1340072999372"
"Northrop Grumman","Eightfold","Sr Principal SW IPT Lead/CAM","Software","","Los Angeles, CA","US (CONUS)","","","","","","https://jobs.northropgrumman.com/careers/job/1340072999673"
"Northrop Grumman","Eightfold","Acoustic Analyst level 2/3","Mechanical","","Sunnyvale, CA","US (CONUS)","","","","","","https://jobs.northropgrumman.com/careers/job/1340072999794"
"Northrop Grumman","Eightfold","Noise Vibration and Harshness Engineer Level 2/3","Mechanical","","Sunnyvale, CA","US (CONUS)","","","","","","https://jobs.northropgrumman.com/careers/job/1340072999825"
"Northrop Grumman","Eightfold","Supply Chain Subcontract Specialist","Global Supply Chain Mult-Func","","Melbourne, FL","US (CONUS)","","","","","","https://jobs.northropgrumman.com/careers/job/1340073002016"
"Northrop Grumman","Eightfold","Manufacturing Test Engineer (RF Systems)","Electrical","","Rolling Meadows, IL","US (CONUS)","","","","","","https://jobs.northropgrumman.com/careers/job/1340072624695"
"Northrop Grumman","Eightfold","Manufacturing Test Engineer (RF Systems)","Electrical","","Rolling Meadows, IL","US (CONUS)","","","","","","https://jobs.northropgrumman.com/careers/job/1340072624709"
"Northrop Grumman","Eightfold","Manufacturing Test Engineer (RF Systems)","Electrical","","Rolling Meadows, IL","US (CONUS)","","","","","","https://jobs.northropgrumman.com/careers/job/1340072624891"
"Northrop Grumman","Eightfold","Principal Manufacturing Test Engineer (RF Systems)","Electrical","","Rolling Meadows, IL","US (CONUS)","","","","","","https://jobs.northropgrumman.com/careers/job/1340072624919"
"Northrop Grumman","Eightfold","Sr. Principal Manufacturing Test Engineer (RF Systems)","Electrical","","Rolling Meadows, IL","US (CONUS)","","","","","","https://jobs.northropgrumman.com/careers/job/1340072624934"
"Northrop Grumman","Eightfold","Manager Programs 2","Program Management (P&L)","","Baltimore, MD","US (CONUS)","","","","","","https://jobs.northropgrumman.com/careers/job/1340072956466"
"Northrop Grumman","Eightfold","Engineer Systems / Principal Engineer Systems - System Design & Tool Development","Systems/Architecture/Test","","Melbourne, FL","US (CONUS)","","","","","","https://jobs.northropgrumman.com/careers/job/1340072247938"
"Northrop Grumman","Eightfold","Sr Principal Engineer Electrical - 18522","Electrical","","Roy, UT","US (CONUS)","","","","","","https://jobs.northropgrumman.com/careers/job/1340072700455"
"Northrop Grumman","Eightfold","Principal/Sr. Principal Power Supply Engineer","Electrical","","Rolling Meadows, IL","US (CONUS)","","","","","","https://jobs.northropgrumman.com/careers/job/1340068067080"
"Northrop Grumman","Eightfold","Mechanical Design Engineer Level 4","Mechanical","","Sunnyvale, CA","US (CONUS)","","","","","","https://jobs.northropgrumman.com/careers/job/1340072999173"
"Northrop Grumman","Eightfold","Principal Electrical Engineer - 18267","Electrical","","Huntsville, AL","US (CONUS)","","","","","","https://jobs.northropgrumman.com/careers/job/1340072860585"
"Northrop Grumman","Eightfold","Manager Systems Engineering 2","Systems/Architecture/Test","","El Segundo, CA","US (CONUS)","","","","","","https://jobs.northropgrumman.com/careers/job/1340072992216"
"Northrop Grumman","Eightfold","Manager Supply Chain Programs 2","Global Supply Chain Mult-Func","","Dulles, VA","US (CONUS)","","","","","","https://jobs.northropgrumman.com/careers/job/1340072992837"
"Northrop Grumman","Eightfold","Principal / Sr. Principal Electronics Communication Engineer","Electrical","","Melbourne, FL","US (CONUS)","","","","","","https://jobs.northropgrumman.com/careers/job/1340072995689"
"Northrop Grumman","Eightfold","SkillBridge - Project Management/Principle Project Management","Project Management (Non-P&L)","","Clearfield, UT","US (CONUS)","","","","","","https://jobs.northropgrumman.com/careers/job/1340072995718"
"Northrop Grumman","Eightfold","SkillBridge - Project Management/Principle Project Management","Project Management (Non-P&L)","","Iuka, MS","US (CONUS)","","","","","","https://jobs.northropgrumman.com/careers/job/1340072995808"
"Northrop Grumman","Eightfold","Principal/Sr Principal Supply Chain Subcontract Specialist","Global Supply Chain Mult-Func","","Melbourne, FL","US (CONUS)","","","","","","https://jobs.northropgrumman.com/careers/job/1340072996831"
"Northrop Grumman","Eightfold","Principal Engineer Manufacturing/ 4th Shift","Material/Process","","Baltimore, MD","US (CONUS)","","","","","","https://jobs.northropgrumman.com/careers/job/1340072988602"
"Northrop Grumman","Eightfold","Sr. Principal Program Planning and Scheduling Analyst","Business Management Mult-Func","","Melbourne, FL","US (CONUS)","","","","","","https://jobs.northropgrumman.com/careers/job/1340072994307"
"Northrop Grumman","Eightfold","Staff Navigation Systems Engineer","Systems/Architecture/Test","","Los Angeles, CA","US (CONUS)","","","","","","https://jobs.northropgrumman.com/careers/job/1340072996380"
"Northrop Grumman","Eightfold","Staff Systems Engineer","Systems/Architecture/Test","","Rolling Meadows, IL","US (CONUS)","","","","","","https://jobs.northropgrumman.com/careers/job/1340072996427"
"Northrop Grumman","Eightfold","Principal/Sr Principal Supply Chain Subcontract Specialist","Global Supply Chain Mult-Func","","Melbourne, FL","US (CONUS)","","","","","","https://jobs.northropgrumman.com/careers/job/1340072965571"
"Northrop Grumman","Eightfold","Principal/Sr Principal Supply Chain Subcontract Specialist","Global Supply Chain Mult-Func","","Melbourne, FL","US (CONUS)","","","","","","https://jobs.northropgrumman.com/careers/job/1340072965718"
"Northrop Grumman","Eightfold","Principal Engineer Manufacturing","Material/Process","","Baltimore, MD","US (CONUS)","","","","","","https://jobs.northropgrumman.com/careers/job/1340072988182"
"Northrop Grumman","Eightfold","Sentinel - Principal / Systems Test Engineer - 18417*","Systems/Architecture/Test","","Roy, UT","US (CONUS)","","","","","","https://jobs.northropgrumman.com/careers/job/1340072256348"
"Northrop Grumman","Eightfold","Engineer Systems","Systems/Architecture/Test","","Orlando, FL","US (CONUS)","","","","","","https://jobs.northropgrumman.com/careers/job/1340072996121"
"Northrop Grumman","Eightfold","Sr. Principal Manufacturing Test Engineer (RF Systems)","Electrical","","Rolling Meadows, IL","US (CONUS)","","","","","","https://jobs.northropgrumman.com/careers/job/1340072624674"
"Northrop Grumman","Eightfold","Aeronautical Propulsion Engineer","Mechanical","","Palmdale, CA","US (CONUS)","","","","","","https://jobs.northropgrumman.com/careers/job/1340072920213"
"Northrop Grumman","Eightfold","Flight Systems Sr Principal Mechanical Engineer (Secret Clearance) - 19027","Mechanical","","Roy, UT","US (CONUS)","","","","","","https://jobs.northropgrumman.com/careers/job/1340072867871"
"Northrop Grumman","Eightfold","2027 Associate Software Engineer / Software Engineer","Software","","Melbourne, FL","US (CONUS)","","","","","","https://jobs.northropgrumman.com/careers/job/1340072988045"
"Northrop Grumman","Eightfold","Senior Staff Engineering Program Management ( EPM )","Engineering Mult-Func","","Baltimore, MD","US (CONUS)","","","","","","https://jobs.northropgrumman.com/careers/job/1340072999589"
"Northrop Grumman","Eightfold","Ground Control Segment ( GCS ) Staff Systems Engineer","Systems/Architecture/Test","","Baltimore, MD","US (CONUS)","","","","","","https://jobs.northropgrumman.com/careers/job/1340072993025"
"Northrop Grumman","Eightfold","BACN E-11A Aircraft Maintenance Shift Lead - SCA Aircraft Mechanic 3","NGC - Non - NGJF Service Contract Act","","Robins AFB, GA","US (CONUS)","","","","","","https://jobs.northropgrumman.com/careers/job/1340072638639"
"Northrop Grumman","Eightfold","Administrative Assistant","General Administrative","","McLean, VA","US (CONUS)","","","","","","https://jobs.northropgrumman.com/careers/job/1340072959972"
"Northrop Grumman","Eightfold","Program Cost Control Analyst - Level 2 or 3","Business Management Mult-Func","","Dulles, VA","US (CONUS)","","","","","","https://jobs.northropgrumman.com/careers/job/1340072995930"
"Northrop Grumman","Eightfold","Structural Engineer Level 2 / 3","Mechanical","","Ocean Springs, MS","US (CONUS)","","","","","","https://jobs.northropgrumman.com/careers/job/1340072996788"
"Northrop Grumman","Eightfold","Sentinel - Principal / Sr. Principal Mechanical Engineer (17007)","Mechanical","","Roy, UT","US (CONUS)","","","","","","https://jobs.northropgrumman.com/careers/job/1340072923609"
"Northrop Grumman","Eightfold","Senior Principal Cyber Systems Engineer","Cyber","","Melbourne, FL","US (CONUS)","","","","","","https://jobs.northropgrumman.com/careers/job/1340072140998"
"Northrop Grumman","Eightfold","Sr / Principal Computer Systems Analyst - 19149 - Roy Utah","Design and Programming","","Roy, UT","US (CONUS)","","","","","","https://jobs.northropgrumman.com/careers/job/1340072941803"
"Northrop Grumman","Eightfold","Logistics Management Manager 2","Tech Support Mult-Func","","Oklahoma City, OK","US (CONUS)","","","","","","https://jobs.northropgrumman.com/careers/job/1340072941914"
"Northrop Grumman","Eightfold","Sr Principal Software Engineer - DevOps","Software","","Melbourne, FL","US (CONUS)","","","","","","https://jobs.northropgrumman.com/careers/job/1340072943085"
"Northrop Grumman","Eightfold","Engineer Guidance Navigation Control (Level 2 / 3)","Systems/Architecture/Test","","San Diego, CA","US (CONUS)","","","","","","https://jobs.northropgrumman.com/careers/job/1340072867223"
"Northrop Grumman","Eightfold","Manufacturing Technician - Coatings  2/3","Manufacturing and Production","","Clearfield, UT","US (CONUS)","","","","","","https://jobs.northropgrumman.com/careers/job/1340072812087"
"Northrop Grumman","Eightfold","Sentinel - Program Planning and Scheduling Analyst (Level 2 or 3)(2403-1)","Business Management Mult-Func","","Roy, UT","US (CONUS)","","","","","","https://jobs.northropgrumman.com/careers/job/1340072920558"
"Northrop Grumman","Eightfold","Manager Programs 3","Program Management (P&L)","","Baltimore, MD","US (CONUS)","","","","","","https://jobs.northropgrumman.com/careers/job/1340072597811"
"Northrop Grumman","Eightfold","Principal Supplier Mission Assurance Engineer - 18208","Mission/Quality Assurance","","Huntsville, AL","US (CONUS)","","","","","","https://jobs.northropgrumman.com/careers/job/1340072898381"
"Northrop Grumman","Eightfold","Sr Principal Mechanical Design Engineer (Secret Clearance) - 19171","Mechanical","","Roy, UT","US (CONUS)","","","","","","https://jobs.northropgrumman.com/careers/job/1340072913183"
"Northrop Grumman","Eightfold","Quality Engineer  (Level 3 or 4)","Mission/Quality Assurance","","Plymouth, MN","US (CONUS)","","","","","","https://jobs.northropgrumman.com/careers/job/1340072828765"
"Northrop Grumman","Eightfold","Electrical Engineer / Principal Electrical Engineer - 7266-1","Electrical","","Roy, UT","US (CONUS)","","","","","","https://jobs.northropgrumman.com/careers/job/1340072720744"
"Northrop Grumman","Eightfold","Chief Engineer – Propulsion Tanks - Level 5","Engineering Mult-Func","","Commerce, CA","US (CONUS)","","","","","","https://jobs.northropgrumman.com/careers/job/1340072867766"
"Northrop Grumman","Eightfold","Systems Engineer - 18511*","Systems/Architecture/Test","","Roy, UT","US (CONUS)","","","","","","https://jobs.northropgrumman.com/careers/job/1340072867954"
"Northrop Grumman","Eightfold","Antenna Test Engineer-4th Shift/Weekends","Electrical","","Baltimore, MD","US (CONUS)","","","","","","https://jobs.northropgrumman.com/careers/job/1340072956461"
"Northrop Grumman","Eightfold","Staff Systems Engineer","Systems/Architecture/Test","","Melbourne, FL","US (CONUS)","","","","","","https://jobs.northropgrumman.com/careers/job/1340072957528"
"Northrop Grumman","Eightfold","Test Engineer Level 2/3","Systems/Architecture/Test","","Sunnyvale, CA","US (CONUS)","","","","","","https://jobs.northropgrumman.com/careers/job/1340072959525"
"Northrop Grumman","Eightfold","Sentinel LS Systems Engineering Manager 2 - 19125","Systems/Architecture/Test","","Roy, UT","US (CONUS)","","","","","","https://jobs.northropgrumman.com/careers/job/1340072853950"
"Northrop Grumman","Eightfold","Senior Principal Electrical Engineer - 4937-1","Electrical","","Roy, UT","US (CONUS)","","","","","","https://jobs.northropgrumman.com/careers/job/1340072850906"
"Northrop Grumman","Eightfold","Sentinel - Staff Systems Engineer - 18809","Systems/Architecture/Test","","Roy, UT","US (CONUS)","","","","","","https://jobs.northropgrumman.com/careers/job/1340072282819"
"Northrop Grumman","Eightfold","Principal Contract Administrator","Contracts","","Baltimore, MD","US (CONUS)","","","","","","https://jobs.northropgrumman.com/careers/job/1340072849907"
"Northrop Grumman","Eightfold","Staff Supply Chain Subcontract Specialist","Global Supply Chain Mult-Func","","Melbourne, FL","US (CONUS)","","","","","","https://jobs.northropgrumman.com/careers/job/1340071319521"
"Northrop Grumman","Eightfold","Staff Electrical Engineer - 19020**","Electrical","","Roy, UT","US (CONUS)","","","","","","https://jobs.northropgrumman.com/careers/job/1340072618902"
"Northrop Grumman","Eightfold","Sentinel - Principal/Sr. Principal Mechanical Engineer (16951)","Mechanical","","Roy, UT","US (CONUS)","","","","","","https://jobs.northropgrumman.com/careers/job/1340072788015"
"Northrop Grumman","Eightfold","Repair Technician 2","Manufacturing and Production","","Silverdale, WA","US (CONUS)","","","","","","https://jobs.northropgrumman.com/careers/job/1340072965419"
"Northrop Grumman","Eightfold","Mechanical Engineering Manager 2","Mechanical","","Redondo Beach, CA","US (CONUS)","","","","","","https://jobs.northropgrumman.com/careers/job/1340072965457"
"Northrop Grumman","Eightfold","Principal/Sr Principal Electromechanical Engineer","Electrical","","San Diego, CA","US (CONUS)","","","","","","https://jobs.northropgrumman.com/careers/job/1340072965460"
"Northrop Grumman","Eightfold","Milling Machine Machinist 3","Manufacturing and Production","","Corinne, UT","US (CONUS)","","","","","","https://jobs.northropgrumman.com/careers/job/1340072965693"
"Northrop Grumman","Eightfold","Sr Principal Industrial Security Analyst/CPSO","Security Mult-Func","","Baltimore, MD","US (CONUS)","","","","","","https://jobs.northropgrumman.com/careers/job/1340072863180"
"Northrop Grumman","Eightfold","Principal Industrial Security Analyst","Security Mult-Func","","Baltimore, MD","US (CONUS)","","","","","","https://jobs.northropgrumman.com/careers/job/1340072863198"
"Northrop Grumman","Eightfold","Industrial Security Analyst","Security Mult-Func","","Baltimore, MD","US (CONUS)","","","","","","https://jobs.northropgrumman.com/careers/job/1340072863209"
"Northrop Grumman","Eightfold","Principal Systems Engineer - 18513*","Systems/Architecture/Test","","Roy, UT","US (CONUS)","","","","","","https://jobs.northropgrumman.com/careers/job/1340072867313"
"Northrop Grumman","Eightfold","Staff Systems Engineer - 18519*","Systems/Architecture/Test","","Roy, UT","US (CONUS)","","","","","","https://jobs.northropgrumman.com/careers/job/1340072867355"
"Northrop Grumman","Eightfold","Supply Chain Planning Specialist","Global Supply Chain Mult-Func","","Melbourne, FL","US (CONUS)","","","","","","https://jobs.northropgrumman.com/careers/job/1340072956933"
"Northrop Grumman","Eightfold","Sentinel - Payload Re-entry System (PRS) Systems Engineer 2/3","Systems/Architecture/Test","","Huntsville, AL","US (CONUS)","","","","","","https://jobs.northropgrumman.com/careers/job/1340072932138"
"Northrop Grumman","Eightfold","Principal/ Senior Principal Cyber Systems Engineer","Systems/Architecture/Test","","Melbourne, FL","US (CONUS)","","","","","","https://jobs.northropgrumman.com/careers/job/1340072139679"
"Northrop Grumman","Eightfold","Senior Principal Systems Engineer Architect","Systems/Architecture/Test","","Melbourne, FL","US (CONUS)","","","","","","https://jobs.northropgrumman.com/careers/job/1340071351449"
"Northrop Grumman","Eightfold","Program Manager 3","Program Management (P&L)","","Redondo Beach, CA","US (CONUS)","","","","","","https://jobs.northropgrumman.com/careers/job/1340071977360"
"Northrop Grumman","Eightfold","Principal Computer Systems Architect/Sr. Principal Computer Systems Architect (Level 3/4)","Design and Programming","","Redondo Beach, CA","US (CONUS)","","","","","","https://jobs.northropgrumman.com/careers/job/1340072964860"
"Northrop Grumman","Eightfold","Sr. Principal Systems Engineer - 18518*","Systems/Architecture/Test","","Roy, UT","US (CONUS)","","","","","","https://jobs.northropgrumman.com/careers/job/1340072867333"
"Northrop Grumman","Eightfold","Manager Digital Engineering 2","Engineering Mult-Func","","Baltimore, MD","US (CONUS)","","","","","","https://jobs.northropgrumman.com/careers/job/1340072964981"
"Northrop Grumman","Eightfold","Sentinel - Mechanical Engineer level 2/3 ( *16920)","Mechanical","","Roy, UT","US (CONUS)","","","","","","https://jobs.northropgrumman.com/careers/job/1340072824001"
"Northrop Grumman","Eightfold","SDS Associate / Embedded Software Engineer - 19013*","Software","","Roy, UT","US (CONUS)","","","","","","https://jobs.northropgrumman.com/careers/job/1340072852480"
"Northrop Grumman","Eightfold","Sentinel - Principal / Sr Principal Human Factors Engineer - 18032*","Systems/Architecture/Test","","Roy, UT","US (CONUS)","","","","","","https://jobs.northropgrumman.com/careers/job/1340072778359"
"Northrop Grumman","Eightfold","Sr Staff Engineer Systems - Engineering Lead","Systems/Architecture/Test","","San Diego, CA","US (CONUS)","","","","","","https://jobs.northropgrumman.com/careers/job/1340072641730"
"Northrop Grumman","Eightfold","Communications Hardware Electronics Engineer","Electrical","","Palmdale, CA","US (CONUS)","","","","","","https://jobs.northropgrumman.com/careers/job/1340072655763"
"Northrop Grumman","Eightfold","Consultant Chief Engineer (AHT)","Engineering Mult-Func","","Los Angeles, CA","US (CONUS)","","","","","","https://jobs.northropgrumman.com/careers/job/1340072940696"
"Northrop Grumman","Eightfold","Software Engineer / Principal Software Engineer (TS Clearance) (AHT)","Software","","Manhattan Beach, CA","US (CONUS)","","","","","","https://jobs.northropgrumman.com/careers/job/1340072942244"
"Northrop Grumman","Eightfold","Software Integration and Test Engineer / Principal Software Integration and Test Engineer","Systems/Architecture/Test","","Manhattan Beach, CA","US (CONUS)","","","","","","https://jobs.northropgrumman.com/careers/job/1340072941957"
"Northrop Grumman","Eightfold","Principal Systems Engineer","Design and Programming","","New Malden, England, GB","International","","","","","","https://jobs.northropgrumman.com/careers/job/1340072373447"
"Northrop Grumman","Eightfold","Electrical Design Engineer Level 2 / 3","Electrical","","Sunnyvale, CA","US (CONUS)","","","","","","https://jobs.northropgrumman.com/careers/job/1340072940334"
"Northrop Grumman","Eightfold","Sr. Principal Specialty Reliability Systems Engineer","Systems/Architecture/Test","","Roy, UT","US (CONUS)","","","","","","https://jobs.northropgrumman.com/careers/job/1340072848545"
"Northrop Grumman","Eightfold","Principal Project Engineer - 3","Mechanical","","Corinne, UT","US (CONUS)","","","","","","https://jobs.northropgrumman.com/careers/job/1340072931870"
"Northrop Grumman","Eightfold","Principal or Sr. Principal Supply Chain Specialist (Material Program Mgmt.)","Global Supply Chain Mult-Func","","Plymouth, MN","US (CONUS)","","","","","","https://jobs.northropgrumman.com/careers/job/1340072934120"
"Northrop Grumman","Eightfold","NG Fellow 1 – SDS Guidance Navigation and Control (GN&C)","Engineering Mult-Func","","Roy, UT","US (CONUS)","","","","","","https://jobs.northropgrumman.com/careers/job/1340072934259"
"Northrop Grumman","Eightfold","Sentinel - Staff Engineer Systems - 18060","Systems/Architecture/Test","","Huntsville, AL","US (CONUS)","","","","","","https://jobs.northropgrumman.com/careers/job/1340072920749"
"Northrop Grumman","Eightfold","Mission Assurance Director 1","Mission and Quality Assurance","","Palmdale, CA","US (CONUS)","","","","","","https://jobs.northropgrumman.com/careers/job/1340059260379"
"Northrop Grumman","Eightfold","Mechanical Engineer (Secret Clearance) - 16714","Mechanical","","Roy, UT","US (CONUS)","","","","","","https://jobs.northropgrumman.com/careers/job/1340072923742"
"Northrop Grumman","Eightfold","Mgr Quality 2","Mission and Quality Assurance","","Jacksonville, FL","US (CONUS)","","","","","","https://jobs.northropgrumman.com/careers/job/1340072924101"
"Northrop Grumman","Eightfold","Principal Test Engineer - 18264","Systems/Architecture/Test","","Huntsville, AL","US (CONUS)","","","","","","https://jobs.northropgrumman.com/careers/job/1340072868902"
"Northrop Grumman","Eightfold","Staff Test Engineer - 18215","Systems/Architecture/Test","","Huntsville, AL","US (CONUS)","","","","","","https://jobs.northropgrumman.com/careers/job/1340072868967"
"Northrop Grumman","Eightfold","Staff Test Engineer - 18217","Systems/Architecture/Test","","Huntsville, AL","US (CONUS)","","","","","","https://jobs.northropgrumman.com/careers/job/1340072869008"
"Northrop Grumman","Eightfold","Aircraft Maintenance Manager 2","Flight Operations Mult-Func","","SD","US (CONUS)","","","","","","https://jobs.northropgrumman.com/careers/job/1340072827072"
"Northrop Grumman","Eightfold","Aircraft Maintenance Manager 3","Flight Operations Mult-Func","","SD","US (CONUS)","","","","","","https://jobs.northropgrumman.com/careers/job/1340072827090"
"Northrop Grumman","Eightfold","Engineering Planning Analyst","Tech Support Mult-Func","","Clearfield, UT","US (CONUS)","","","","","","https://jobs.northropgrumman.com/careers/job/1340071978818"
"Northrop Grumman","Eightfold","F-18 Aircraft Mechanic 3","Flight Operations Mult-Func","","San Antonio, TX","US (CONUS)","","","","","","https://jobs.northropgrumman.com/careers/job/1340072848509"
"Northrop Grumman","Eightfold","F-18 Flight Operations 3","Flight Operations Mult-Func","","San Antonio, TX","US (CONUS)","","","","","","https://jobs.northropgrumman.com/careers/job/1340072848548"
"Northrop Grumman","Eightfold","Sentinel Manager Software Engineering 2 - 15554-1","Software","","Roy, UT","US (CONUS)","","","","","","https://jobs.northropgrumman.com/careers/job/1340072923820"
"Northrop Grumman","Eightfold","Deployable Network Communications (Level 2 or 3)","Networks","","Beale AFB, CA","US (CONUS)","","","","","","https://jobs.northropgrumman.com/careers/job/1340072923919"
"Northrop Grumman","Eightfold","System Engineering Integration Test Planning - Level 5","Systems/Architecture/Test","","Chandler, AZ","US (CONUS)","","","","","","https://jobs.northropgrumman.com/careers/job/1340072925354"
"Northrop Grumman","Eightfold","Sentinel - Electrical Engineering Manager 2 (15279-1)","Electrical","","Huntsville, AL","US (CONUS)","","","","","","https://jobs.northropgrumman.com/careers/job/1340072825816"
"Northrop Grumman","Eightfold","Senior Program Manager 3 - 19130","Program Management (P&L)","","Roy, UT","US (CONUS)","","","","","","https://jobs.northropgrumman.com/careers/job/1340072867247"
"Northrop Grumman","Eightfold","Principal Engineer Manufacturing","Material/Process","","Baltimore, MD","US (CONUS)","","","","","","https://jobs.northropgrumman.com/careers/job/1340072936925"
"Northrop Grumman","Eightfold","Associate Engineer or Engineer (Tech Ops Lead)","Engineering Mult-Func","","Melbourne, FL","US (CONUS)","","","","","","https://jobs.northropgrumman.com/careers/job/1340072938608"
"Northrop Grumman","Eightfold","Manager Software Engineering 1","Software","","Warner Robins, GA","US (CONUS)","","","","","","https://jobs.northropgrumman.com/careers/job/1340072939239"
"Northrop Grumman","Eightfold","Staff Engineer Systems - Development Lead","Systems/Architecture/Test","","San Diego, CA","US (CONUS)","","","","","","https://jobs.northropgrumman.com/careers/job/1340072941247"
"Northrop Grumman","Eightfold","Manager 3 Production Planning Scheduling","Manufacturing and Production","","Elkton, MD","US (CONUS)","","","","","","https://jobs.northropgrumman.com/careers/job/1340072934425"
"Northrop Grumman","Eightfold","Senior Principal Systems Engineer - COMMS","Systems/Architecture/Test","","Baltimore, MD","US (CONUS)","","","","","","https://jobs.northropgrumman.com/careers/job/1340072938109"
"Northrop Grumman","Eightfold","Software Embedded Engineer","Software","","Camarillo, CA","US (CONUS)","","","","","","https://jobs.northropgrumman.com/careers/job/1340072935181"
"Northrop Grumman","Eightfold","Sentinel - Principal / Sr Principal Systems Engineer - 16820*","Systems/Architecture/Test","","Roy, UT","US (CONUS)","","","","","","https://jobs.northropgrumman.com/careers/job/1340072933171"
"Northrop Grumman","Eightfold","Principal Windows Systems Administrator - Top Secret","Design and Programming","","Melbourne, FL","US (CONUS)","","","","","","https://jobs.northropgrumman.com/careers/job/1340072932043"
"Northrop Grumman","Eightfold","Systems/Principal Systems Engineer","Systems/Architecture/Test","","Camarillo, CA","US (CONUS)","","","","","","https://jobs.northropgrumman.com/careers/job/1340072933885"
"Northrop Grumman","Eightfold","Staff Mission Assurance Engineer","Mission/Quality Assurance","","Rocket Center, WV","US (CONUS)","","","","","","https://jobs.northropgrumman.com/careers/job/1340072942614"
"Northrop Grumman","Eightfold","Principal / Senior Principal CORE Systems Engineer","Systems/Architecture/Test","","Baltimore, MD","US (CONUS)","","","","","","https://jobs.northropgrumman.com/careers/job/1340072939568"
"Northrop Grumman","Eightfold","Engineer or Principal Engineer Guidance Navigation Control - Flying Qualities Engineering","Systems/Architecture/Test","","Melbourne, FL","US (CONUS)","","","","","","https://jobs.northropgrumman.com/careers/job/1340072849306"
"Northrop Grumman","Eightfold","Engineer / Principal Engineer Systems Test","Systems/Architecture/Test","","San Diego, CA","US (CONUS)","","","","","","https://jobs.northropgrumman.com/careers/job/1340072934234"
"Northrop Grumman","Eightfold","Materials and Process Engineer 3/4","Material/Process","","Los Angeles, CA","US (CONUS)","","","","","","https://jobs.northropgrumman.com/careers/job/1340072942458"
"Northrop Grumman","Eightfold","Sr. Staff Engineer – MS IPT Development Lead","Systems/Architecture/Test","","San Diego, CA","US (CONUS)","","","","","","https://jobs.northropgrumman.com/careers/job/1340072206093"
"Northrop Grumman","Eightfold","Manager Programs 2","Program Management (P&L)","","McClellan Park, CA","US (CONUS)","","","","","","https://jobs.northropgrumman.com/careers/job/1340072920968"
"Northrop Grumman","Eightfold","Power Systems Engineer 2/3","Material/Process","","Magna, UT","US (CONUS)","","","","","","https://jobs.northropgrumman.com/careers/job/1340072866696"
"Northrop Grumman","Eightfold","Project Management Coach/Agile Enablement 3/4- 4856-1","Operations (IT)","","Roy, UT","US (CONUS)","","","","","","https://jobs.northropgrumman.com/careers/job/1340072655730"
"Northrop Grumman","Eightfold","Principal Property and Asset Management Analyst","Business Management Mult-Func","","Aurora, CO","US (CONUS)","","","","","","https://jobs.northropgrumman.com/careers/job/1340072820597"
"Northrop Grumman","Eightfold","Manager Energetics Engineering 2","Mechanical","","Elkton, MD","US (CONUS)","","","","","","https://jobs.northropgrumman.com/careers/job/1340070969020"
"Northrop Grumman","Eightfold","Principal / Sr Principal Data Analytics Engineer","Data Science","","Melbourne, FL","US (CONUS)","","","","","","https://jobs.northropgrumman.com/careers/job/1340072810373"
"Northrop Grumman","Eightfold","Principal or Sr Principal Data Insight Analyst (Tableau)","Data Science","","Melbourne, FL","US (CONUS)","","","","","","https://jobs.northropgrumman.com/careers/job/1340072914686"
"Northrop Grumman","Eightfold","Engineer or Principal Engineer - Structural Analysis","Mechanical","","Melbourne, FL","US (CONUS)","","","","","","https://jobs.northropgrumman.com/careers/job/1340072914860"
"Northrop Grumman","Eightfold","Principal / Senior Principal Microelectronics Modeling Engineer","Electrical","","Manhattan Beach, CA","US (CONUS)","","","","","","https://jobs.northropgrumman.com/careers/job/1340072922857"
"Northrop Grumman","Eightfold","Engineer Industrial / Principal Engineer Industrial","Material/Process","","Palmdale, CA","US (CONUS)","","","","","","https://jobs.northropgrumman.com/careers/job/1340072923311"
"Northrop Grumman","Eightfold","Test Design Mechanical Engineer / Principal Test Design Mechanical Engineer","Mechanical","","Waynesboro, VA","US (CONUS)","","","","","","https://jobs.northropgrumman.com/careers/job/1340071584285"
"Northrop Grumman","Eightfold","Sentinel Principal / Sr Principal Manufacturing Systems Engineer *18849","Systems/Architecture/Test","","Roy, UT","US (CONUS)","","","","","","https://jobs.northropgrumman.com/careers/job/1340072923782"
"Northrop Grumman","Eightfold","Senior Principal IPT Lead","Systems/Architecture/Test","","Los Angeles, CA","US (CONUS)","","","","","","https://jobs.northropgrumman.com/careers/job/1340072913004"
"Northrop Grumman","Eightfold","Test Design Hardware Engineer / Principal Test Design Hardware Engineer","Material/Process","","Waynesboro, VA","US (CONUS)","","","","","","https://jobs.northropgrumman.com/careers/job/1340071694512"
"Northrop Grumman","Eightfold","Senior Principal Test Design Hardware Engineer","Material/Process","","Waynesboro, VA","US (CONUS)","","","","","","https://jobs.northropgrumman.com/careers/job/1340071694708"
"Northrop Grumman","Eightfold","Staff Test Design Hardware Engineer","Material/Process","","Waynesboro, VA","US (CONUS)","","","","","","https://jobs.northropgrumman.com/careers/job/1340071694746"
"Northrop Grumman","Eightfold","Senior Staff Test Design Hardware Engineer","Material/Process","","Waynesboro, VA","US (CONUS)","","","","","","https://jobs.northropgrumman.com/careers/job/1340071695026"
"Northrop Grumman","Eightfold","Sentinel - Horizontal Integration and Test Liaison Staff Systems Engineer","Systems/Architecture/Test","","Roy, UT","US (CONUS)","","","","","","https://jobs.northropgrumman.com/careers/job/1340072103306"
"Northrop Grumman","Eightfold","Sentinel Maintenance Planning Programs Manager 2 - 19080","Program Management (P&L)","","Roy, UT","US (CONUS)","","","","","","https://jobs.northropgrumman.com/careers/job/1340072853614"
"Northrop Grumman","Eightfold","Property and Asset Management Analyst","Business Management Mult-Func","","Aurora, CO","US (CONUS)","","","","","","https://jobs.northropgrumman.com/careers/job/1340072855863"
"Northrop Grumman","Eightfold","Senior Principal Test Design Mechanical Engineer","Mechanical","","Waynesboro, VA","US (CONUS)","","","","","","https://jobs.northropgrumman.com/careers/job/1340071641605"
"Northrop Grumman","Eightfold","Test Design Software Engineer / Principal Test Design Software Engineer","Software","","Waynesboro, VA","US (CONUS)","","","","","","https://jobs.northropgrumman.com/careers/job/1340071642252"
"Northrop Grumman","Eightfold","Sentinel - Principal Systems Safety Engineer - 18396*","Systems/Architecture/Test","","Roy, UT","US (CONUS)","","","","","","https://jobs.northropgrumman.com/careers/job/1340070935822"
"Northrop Grumman","Eightfold","Sentinel - Principal/ Sr. Principal Systems Engineer - 18081","Systems/Architecture/Test","","Roy, UT","US (CONUS)","","","","","","https://jobs.northropgrumman.com/careers/job/1340072672190"
"Northrop Grumman","Eightfold","Senior Principal Test Design Software Engineer","Software","","Waynesboro, VA","US (CONUS)","","","","","","https://jobs.northropgrumman.com/careers/job/1340071681769"
"Northrop Grumman","Eightfold","Staff Test Design Software Engineer","Software","","Waynesboro, VA","US (CONUS)","","","","","","https://jobs.northropgrumman.com/careers/job/1340071681787"
"Northrop Grumman","Eightfold","QUALITY INSPECTOR - B","NGC - Non - NGJF S01","","Sykesville, MD","US (CONUS)","","","","","","https://jobs.northropgrumman.com/careers/job/1340072852787"
"Northrop Grumman","Eightfold","Sr Principal Engineer Mechanical - 18304","Mechanical","","Huntsville, AL","US (CONUS)","","","","","","https://jobs.northropgrumman.com/careers/job/1340072861244"
"Northrop Grumman","Eightfold","Security Analyst","Networks","","Symonston, ACT, AU","International","","","","","","https://jobs.northropgrumman.com/careers/job/1340071307982"
"Northrop Grumman","Eightfold","Principal Training Representative","Training,Management Developmnt","","Palmdale, CA","US (CONUS)","","","","","","https://jobs.northropgrumman.com/careers/job/1340072848533"
"Northrop Grumman","Eightfold","Senior Staff Test Design Software Engineer","Software","","Waynesboro, VA","US (CONUS)","","","","","","https://jobs.northropgrumman.com/careers/job/1340071681852"
"Northrop Grumman","Eightfold","Advanced Automation Manufacturing Engineer","Material/Process","","Palmdale, CA","US (CONUS)","","","","","","https://jobs.northropgrumman.com/careers/job/1340072923920"
"Northrop Grumman","Eightfold","Program and Planning Scheduling Analyst - Level 4","Business Management Mult-Func","","Chandler, AZ","US (CONUS)","","","","","","https://jobs.northropgrumman.com/careers/job/1340072925225"
"Northrop Grumman","Eightfold","Contract Administrator","Contracts","","Charlottesville, VA","US (CONUS)","","","","","","https://jobs.northropgrumman.com/careers/job/1340072784489"
"Northrop Grumman","Eightfold","QUALITY INSPECTOR - A","NGC - Non - NGJF S01","","Sykesville, MD","US (CONUS)","","","","","","https://jobs.northropgrumman.com/careers/job/1340072785972"
"Northrop Grumman","Eightfold","P-3 SCA Janitor / Secret / Interim Secret","NGC - Non - NGJF Service Contract Act","","Jacksonville, FL","US (CONUS)","","","","","","https://jobs.northropgrumman.com/careers/job/1340072825399"
"Northrop Grumman","Eightfold","Sentinel Systems Engineering Manager 2 - CS IFC 4.0 -18966","Systems/Architecture/Test","","Roy, UT","US (CONUS)","","","","","","https://jobs.northropgrumman.com/careers/job/1340072867200"
"Northrop Grumman","Eightfold","Sr Principal Semiconductor Equipment Engineer","Electrical","","Apopka, FL","US (CONUS)","","","","","","https://jobs.northropgrumman.com/careers/job/1340072868348"
"Northrop Grumman","Eightfold","Management Systems & Audit Manager","Mission and Quality Assurance","","New Malden, England, GB","International","","","","","","https://jobs.northropgrumman.com/careers/job/1340072710693"
"Northrop Grumman","Eightfold","Program Planning and Scheduling Analyst - Level 2","Business Management Mult-Func","","Redondo Beach, CA","US (CONUS)","","","","","","https://jobs.northropgrumman.com/careers/job/1340072913945"
"Northrop Grumman","Eightfold","Advanced Automation Manufacturing Engineer/Principal Manufacturing Engineer","Material/Process","","Palmdale, CA","US (CONUS)","","","","","","https://jobs.northropgrumman.com/careers/job/1340072924089"
"Northrop Grumman","Eightfold","Program and Planning Scheduling Analyst - Level 4","Business Management Mult-Func","","Chandler, AZ","US (CONUS)","","","","","","https://jobs.northropgrumman.com/careers/job/1340072925265"
"Northrop Grumman","Eightfold","Staff Component Engineer","Material/Process","","Baltimore, MD","US (CONUS)","","","","","","https://jobs.northropgrumman.com/careers/job/1340072920155"
"Northrop Grumman","Eightfold","Principal or Senior Principal Engineer level RF Electronics Engineer","Electrical","","Melbourne, FL","US (CONUS)","","","","","","https://jobs.northropgrumman.com/careers/job/1340072482399"
"Northrop Grumman","Eightfold","Financial Analyst (Level 2 or Level 3)","Finance and Accounting","","Redondo Beach, CA","US (CONUS)","","","","","","https://jobs.northropgrumman.com/careers/job/1340071998169"
"Northrop Grumman","Eightfold","Staff Engineer Mission Assurance","Mission/Quality Assurance","","Oxnard, CA","US (CONUS)","","","","","","https://jobs.northropgrumman.com/careers/job/1340072898991"
"Northrop Grumman","Eightfold","Systems Integration & Test Engineer - Level 3/4","Systems/Architecture/Test","","Aurora, CO","US (CONUS)","","","","","","https://jobs.northropgrumman.com/careers/job/1340072715954"
"Northrop Grumman","Eightfold","Flight Test Engineer/ Principal Flight Test Engineer – Unmanned Air Vehicles","Systems/Architecture/Test","","MD","US (CONUS)","","","","","","https://jobs.northropgrumman.com/careers/job/1340072656049"
"Northrop Grumman","Eightfold","Staff Electronics Engineer - Platform Cosite Lead","Electrical","","Melbourne, FL","US (CONUS)","","","","","","https://jobs.northropgrumman.com/careers/job/1340071301841"
"Northrop Grumman","Eightfold","Sr Principal Pilot Unmanned Aerial Vehicle","Flight Operations Mult-Func","","Chantilly, VA","US (CONUS)","","","","","","https://jobs.northropgrumman.com/careers/job/1340072868798"
"Northrop Grumman","Eightfold","Staff Communications Engineer - Antenna Co-site","Electrical","","Melbourne, FL","US (CONUS)","","","","","","https://jobs.northropgrumman.com/careers/job/1340072868546"
"Northrop Grumman","Eightfold","Principal Flight Test Engineer - Unmanned Air Vehicles","Systems/Architecture/Test","","MD","US (CONUS)","","","","","","https://jobs.northropgrumman.com/careers/job/1340072720629"
"Northrop Grumman","Eightfold","Manager Supply Chain Programs 2","Global Supply Chain Mult-Func","","Oklahoma City, OK","US (CONUS)","","","","","","https://jobs.northropgrumman.com/careers/job/1340072867767"
"Northrop Grumman","Eightfold","Software Engineer - Simulation (Palmdale)","Software","","Palmdale, CA","US (CONUS)","","","","","","https://jobs.northropgrumman.com/careers/job/1340072867945"
"Northrop Grumman","Eightfold","Cyber Systems Engineer (Engineer or Principal Engineer Level)","Systems/Architecture/Test","","Oklahoma City, OK","US (CONUS)","","","","","","https://jobs.northropgrumman.com/careers/job/1340072851099"
"Northrop Grumman","Eightfold","Principal Software Engineer (X-Lab) (26-328)","Software","","Colorado Springs, CO","US (CONUS)","","","","","","https://jobs.northropgrumman.com/careers/job/1340072852479"
"Northrop Grumman","Eightfold","Sr Principal Software Engineer – BM/SRM (26-325)","Software","","Huntsville, AL","US (CONUS)","","","","","","https://jobs.northropgrumman.com/careers/job/1340072852927"
"Northrop Grumman","Eightfold","Sentinel Launch Execution Systems Engineering Manager 3- 19106","Systems/Architecture/Test","","Roy, UT","US (CONUS)","","","","","","https://jobs.northropgrumman.com/careers/job/1340072828525"
"Northrop Grumman","Eightfold","Sentinel C2 Requirements and Architecture Systems Engineering 2-19105","Systems/Architecture/Test","","Roy, UT","US (CONUS)","","","","","","https://jobs.northropgrumman.com/careers/job/1340072828666"
"Northrop Grumman","Eightfold","Staff Cyber Systems Engineer (Oklahoma City)","Systems/Architecture/Test","","Oklahoma City, OK","US (CONUS)","","","","","","https://jobs.northropgrumman.com/careers/job/1340072850850"
"Northrop Grumman","Eightfold","Staff Embedded Software Engineer-19012","Software","","Roy, UT","US (CONUS)","","","","","","https://jobs.northropgrumman.com/careers/job/1340072852054"
"Northrop Grumman","Eightfold","Mechanical Engineering Manager 2 - 18240","Mechanical","","Huntsville, AL","US (CONUS)","","","","","","https://jobs.northropgrumman.com/careers/job/1340072861408"
"Northrop Grumman","Eightfold","Engineer Systems","Systems/Architecture/Test","","Melbourne, FL","US (CONUS)","","","","","","https://jobs.northropgrumman.com/careers/job/1340072843881"
"Northrop Grumman","Eightfold","Principal Systems Engineer/ Sr. Principal Systems Engineer","Systems/Architecture/Test","","Melbourne, FL","US (CONUS)","","","","","","https://jobs.northropgrumman.com/careers/job/1340072843968"
"Northrop Grumman","Eightfold","Systems Engineer/ Principal Systems Engineer - Nuclear Surety","Systems/Architecture/Test","","Melbourne, FL","US (CONUS)","","","","","","https://jobs.northropgrumman.com/careers/job/1340072844009"
"Northrop Grumman","Eightfold","Electrical Engineer - 17126","Electrical","","Roy, UT","US (CONUS)","","","","","","https://jobs.northropgrumman.com/careers/job/1340072849860"
"Northrop Grumman","Eightfold","Electrical/Principal  Electrical Engineer - 16883","Electrical","","Roy, UT","US (CONUS)","","","","","","https://jobs.northropgrumman.com/careers/job/1340072849732"
"Northrop Grumman","Eightfold","Engineer or Principal Engineer Electrical - Power Systems Design","Electrical","","Melbourne, FL","US (CONUS)","","","","","","https://jobs.northropgrumman.com/careers/job/1340072850219"
"Northrop Grumman","Eightfold","Senior Principal Maintenance Trainer","Flight Operations Mult-Func","","Palmdale, CA","US (CONUS)","","","","","","https://jobs.northropgrumman.com/careers/job/1340072850305"
"Northrop Grumman","Eightfold","Senior Principal Maintenance Trainer","Flight Operations Mult-Func","","Oklahoma City, OK","US (CONUS)","","","","","","https://jobs.northropgrumman.com/careers/job/1340072850348"
"Northrop Grumman","Eightfold","Cyber Systems Engineer (Engineer or Principal Engineer Level)","Systems/Architecture/Test","","Melbourne, VIC, AU","International","","","","","","https://jobs.northropgrumman.com/careers/job/1340072850375"
"Northrop Grumman","Eightfold","Principal / Senior Principal Navigation Systems Engineer","Systems/Architecture/Test","","Los Angeles, CA","US (CONUS)","","","","","","https://jobs.northropgrumman.com/careers/job/1340072815115"
"Northrop Grumman","Eightfold","P-3 SCA Supply Technician  Days/Nights/Weekends","NGC - Non - NGJF Service Contract Act","","Jacksonville, FL","US (CONUS)","","","","","","https://jobs.northropgrumman.com/careers/job/1340072825677"
"Northrop Grumman","Eightfold","Electronics Engineer/ Principal Electronics Field Engineer","Electrical","","San Diego, CA","US (CONUS)","","","","","","https://jobs.northropgrumman.com/careers/job/1340072824167"
"Northrop Grumman","Eightfold","Systems Engineer - 2","Systems/Architecture/Test","","Corinne, UT","US (CONUS)","","","","","","https://jobs.northropgrumman.com/careers/job/1340072866316"
"Northrop Grumman","Eightfold","Program Manager 2 - LE2","Program Management (P&L)","","Magna, UT","US (CONUS)","","","","","","https://jobs.northropgrumman.com/careers/job/1340072867936"
"Northrop Grumman","Eightfold","Program Manager 1 – LE2","Program Management (P&L)","","Magna, UT","US (CONUS)","","","","","","https://jobs.northropgrumman.com/careers/job/1340072868180"
"Northrop Grumman","Eightfold","Industrial Security Analyst - Level 3 or Level 4","Security Mult-Func","","Aurora, CO","US (CONUS)","","","","","","https://jobs.northropgrumman.com/careers/job/1340072868255"
"Northrop Grumman","Eightfold","Program Manager 1 – D5 Block","Program Management (P&L)","","Magna, UT","US (CONUS)","","","","","","https://jobs.northropgrumman.com/careers/job/1340072868304"
"Northrop Grumman","Eightfold","Systems Engineering Manager 2 - IFC 2.0 Feature Architecture Lead-10131-1","Systems/Architecture/Test","","Roy, UT","US (CONUS)","","","","","","https://jobs.northropgrumman.com/careers/job/1340072271088"
"Northrop Grumman","Eightfold","Software Engineer / Principal Software Engineer (AHT)","Software","","Oklahoma City, OK","US (CONUS)","","","","","","https://jobs.northropgrumman.com/careers/job/1340072861809"
"Northrop Grumman","Eightfold","Structural Engineer - 3","Mechanical","","Corinne, UT","US (CONUS)","","","","","","https://jobs.northropgrumman.com/careers/job/1340072867388"
"Northrop Grumman","Eightfold","Principal Proposal Analyst","Proposal","","Melbourne, FL","US (CONUS)","","","","","","https://jobs.northropgrumman.com/careers/job/1340072867179"
"Northrop Grumman","Eightfold","Sentinel - Principal/Sr. Principal Structural Engineer - 19113 & 19138","Mechanical","","Roy, UT","US (CONUS)","","","","","","https://jobs.northropgrumman.com/careers/job/1340072783273"
"Northrop Grumman","Eightfold","Principal Systems Engineer / Senior Principal Systems Engineer - Integration & Test","Systems/Architecture/Test","","Baltimore, MD","US (CONUS)","","","","","","https://jobs.northropgrumman.com/careers/job/1340072862126"
"Northrop Grumman","Eightfold","Sr. Principal Electronics Communications Engineer","Electrical","","Palmdale, CA","US (CONUS)","","","","","","https://jobs.northropgrumman.com/careers/job/1340072721087"
"Northrop Grumman","Eightfold","Sr Principal Project Management","Project Management (Non-P&L)","","Layton, UT","US (CONUS)","","","","","","https://jobs.northropgrumman.com/careers/job/1340072848564"
"Northrop Grumman","Eightfold","Principal/ Sr. Principal Network Communications (Level 3 or Level 4)","Networks","","Chantilly, VA","US (CONUS)","","","","","","https://jobs.northropgrumman.com/careers/job/1340072868955"
"Northrop Grumman","Eightfold","Senior Principal Contract Administrator","Contracts","","Corinne, UT","US (CONUS)","","","","","","https://jobs.northropgrumman.com/careers/job/1340072844300"
"Northrop Grumman","Eightfold","Electronic Technician 3 (4th Shift)","Tech Support Mult-Func","","Rolling Meadows, IL","US (CONUS)","","","","","","https://jobs.northropgrumman.com/careers/job/1340072862671"
"Northrop Grumman","Eightfold","Sentinel - Sr Principal Mechanical Engineer- 19064","Mechanical","","Roy, UT","US (CONUS)","","","","","","https://jobs.northropgrumman.com/careers/job/1340072623432"
"Northrop Grumman","Eightfold","Principal/Sr Principal Software Engineer*","Software","","Roy, UT","US (CONUS)","","","","","","https://jobs.northropgrumman.com/careers/job/1340072851428"
"Northrop Grumman","Eightfold","Principal or Sr. Principal Engineer Electrical - Subsystem Wiring Design","Electrical","","Melbourne, FL","US (CONUS)","","","","","","https://jobs.northropgrumman.com/careers/job/1340072849872"
"Northrop Grumman","Eightfold","Sr. Manager of Financial Reporting & Technical Accounting","Finance and Accounting","","El Segundo, CA","US (CONUS)","","","","","","https://jobs.northropgrumman.com/careers/job/1340070126486"
"Northrop Grumman","Eightfold","Software Engineer / Principal Software Engineer (AHT)","Software","","Hollywood, MD","US (CONUS)","","","","","","https://jobs.northropgrumman.com/careers/job/1340072849121"
"Northrop Grumman","Eightfold","Manager Quality 2","Mission and Quality Assurance","","Sunnyvale, CA","US (CONUS)","","","","","","https://jobs.northropgrumman.com/careers/job/1340072657213"
"Northrop Grumman","Eightfold","Software Engineer/Principal Software Engineer - Java","Software","","San Diego, CA","US (CONUS)","","","","","","https://jobs.northropgrumman.com/careers/job/1340072793126"
"Northrop Grumman","Eightfold","Manager Software Quality 2","Mission/Quality Assurance","","Linthicum Heights, MD","US (CONUS)","","","","","","https://jobs.northropgrumman.com/careers/job/1340072635444"
"Northrop Grumman","Eightfold","Manager Contracts Administration 2","Contracts","","Linthicum Heights, MD","US (CONUS)","","","","","","https://jobs.northropgrumman.com/careers/job/1340071558190"
"Northrop Grumman","Eightfold","Staff Cyber Systems Engineer (S)","Cyber","","MD","US (CONUS)","","","","","","https://jobs.northropgrumman.com/careers/job/1340072640639"
"Northrop Grumman","Eightfold","Principal Engineer Electronics - Supplier Management Team (SMT) Lead (San Diego CA)","Electrical","","San Diego, CA","US (CONUS)","","","","","","https://jobs.northropgrumman.com/careers/job/1340072626496"
"Northrop Grumman","Eightfold","Sentinel - LEN Systems Engineer - 14377-1","Systems/Architecture/Test","","Roy, UT","US (CONUS)","","","","","","https://jobs.northropgrumman.com/careers/job/1340072242571"
"Northrop Grumman","Eightfold","Principal Program Cost Schedule Control Analyst","Business Management Mult-Func","","Elkton, MD","US (CONUS)","","","","","","https://jobs.northropgrumman.com/careers/job/1340072341337"
"Northrop Grumman","Eightfold","Facilities Power Systems Electrical Engineer 2/3","Material/Process","","Corinne, UT","US (CONUS)","","","","","","https://jobs.northropgrumman.com/careers/job/1340072852335"
"Northrop Grumman","Eightfold","Staff Engineer Systems - Modernization SEI Lead","Systems/Architecture/Test","","San Diego, CA","US (CONUS)","","","","","","https://jobs.northropgrumman.com/careers/job/1340072690237"
"Northrop Grumman","Eightfold","Staff Engineer Systems - Engineering Reachback","Systems/Architecture/Test","","Palmdale, CA","US (CONUS)","","","","","","https://jobs.northropgrumman.com/careers/job/1340072690288"
"Northrop Grumman","Eightfold","Systems Engineering Manager 2 (Production Programs)","Systems/Architecture/Test","","Rolling Meadows, IL","US (CONUS)","","","","","","https://jobs.northropgrumman.com/careers/job/1340072851463"
"Northrop Grumman","Eightfold","Software Engineer - Integration and Test","Software","","San Diego, CA","US (CONUS)","","","","","","https://jobs.northropgrumman.com/careers/job/1340072852109"
"Northrop Grumman","Eightfold","Sr. Staff Systems Engineer – Triton SEIT Development Lead","Systems/Architecture/Test","","San Diego, CA","US (CONUS)","","","","","","https://jobs.northropgrumman.com/careers/job/1340071024279"
"Northrop Grumman","Eightfold","Staff Windows Systems Administrator - Top Secret","Networks","","Beale AFB, CA","US (CONUS)","","","","","","https://jobs.northropgrumman.com/careers/job/1340072283329"
"Northrop Grumman","Eightfold","Third Operator (Evergreen)","NGC - Non - NGJF Union","","Magna, UT","US (CONUS)","","","","","","https://jobs.northropgrumman.com/careers/job/1340072850379"
"Northrop Grumman","Eightfold","Third Operator (Evergreen)","NGC - Non - NGJF Union","","Magna, UT","US (CONUS)","","","","","","https://jobs.northropgrumman.com/careers/job/1340072850437"
"Northrop Grumman","Eightfold","HVAC Mechanic Level 3","Facilities Mult-Func","","Melbourne, FL","US (CONUS)","","","","","","https://jobs.northropgrumman.com/careers/job/1340072784242"
"Northrop Grumman","Eightfold","Engr Energetics Mfg","Material/Process","","Elkton, MD","US (CONUS)","","","","","","https://jobs.northropgrumman.com/careers/job/1340071772283"
"Northrop Grumman","Eightfold","Sentinel - Systems Engineer/Principal Systems Engineer - 17128*","Systems/Architecture/Test","","Roy, UT","US (CONUS)","","","","","","https://jobs.northropgrumman.com/careers/job/1340072846719"
"Northrop Grumman","Eightfold","Systems Engineering Manager 2 (Modeling & Simulation)","Systems/Architecture/Test","","Rolling Meadows, IL","US (CONUS)","","","","","","https://jobs.northropgrumman.com/careers/job/1340072846740"
"Northrop Grumman","Eightfold","Senior Principal Proposal Analyst","Proposal","","Melbourne, FL","US (CONUS)","","","","","","https://jobs.northropgrumman.com/careers/job/1340072815887"
"Northrop Grumman","Eightfold","Proposal Analyst (Level 2)","Proposal","","Melbourne, FL","US (CONUS)","","","","","","https://jobs.northropgrumman.com/careers/job/1340072824022"
"Northrop Grumman","Eightfold","Engineer or Principal Engineer Guidance Navigation Control","Systems/Architecture/Test","","San Diego, CA","US (CONUS)","","","","","","https://jobs.northropgrumman.com/careers/job/1340071237775"
"Northrop Grumman","Eightfold","Project Manager","Project Management (Non-P&L)","","Cheltenham, England, GB","International","","","","","","https://jobs.northropgrumman.com/careers/job/1340070138300"
"Northrop Grumman","Eightfold","Electronics Test Technician for 2nd/3rd/4th/5th shifts","NGC - Non - NGJF S01","","Sykesville, MD","US (CONUS)","","","","","","https://jobs.northropgrumman.com/careers/job/1340072563155"
"Northrop Grumman","Eightfold","Engineering Technician 1/2","Tech Support Mult-Func","","Corinne, UT","US (CONUS)","","","","","","https://jobs.northropgrumman.com/careers/job/1340071998173"
"Northrop Grumman","Eightfold","(SkillBridge) Program Planning and Scheduling Analyst - Level 2 or Level 3","Business Management Mult-Func","","Dulles, VA","US (CONUS)","","","","","","https://jobs.northropgrumman.com/careers/job/1340072846936"
"Northrop Grumman","Eightfold","Sentinel - Sr. Principal Systems Engineer - 18734","Systems/Architecture/Test","","Roy, UT","US (CONUS)","","","","","","https://jobs.northropgrumman.com/careers/job/1340071981141"
"Northrop Grumman","Eightfold","Deployable - Supply Chain Technical Coordinator 3","Global Supply Chain Mult-Func","","Edwards AFB, CA","US (CONUS)","","","","","","https://jobs.northropgrumman.com/careers/job/1340072578216"
"Northrop Grumman","Eightfold","Principal/Sr Principal Engineer Manufacturing","Material/Process","","Whiteman AFB, MO","US (CONUS)","","","","","","https://jobs.northropgrumman.com/careers/job/1340072636150"
"Northrop Grumman","Eightfold","Electronics Training Systems Engineer (Principal or Senior Principal Level)","Electrical","","Melbourne, FL","US (CONUS)","","","","","","https://jobs.northropgrumman.com/careers/job/1340072399536"
"Northrop Grumman","Eightfold","Electronics Engineer (Engineer or Principal Engineer Level)","Electrical","","Melbourne, FL","US (CONUS)","","","","","","https://jobs.northropgrumman.com/careers/job/1340072399636"
"Northrop Grumman","Eightfold","Logistics Management Analyst / Principal Logistics Management Analyst - Ellsworth AFB","Tech Support Mult-Func","","SD","US (CONUS)","","","","","","https://jobs.northropgrumman.com/careers/job/1340072828874"
"Northrop Grumman","Eightfold","Staff Logistics Management Analyst","Tech Support Mult-Func","","SD","US (CONUS)","","","","","","https://jobs.northropgrumman.com/careers/job/1340072848397"
"Northrop Grumman","Eightfold","Sr. Principal Logistics Management Analyst","Tech Support Mult-Func","","Melbourne, FL","US (CONUS)","","","","","","https://jobs.northropgrumman.com/careers/job/1340072847161"
"Northrop Grumman","Eightfold","Sr. Principal Logistics Management Analyst","Tech Support Mult-Func","","SD","US (CONUS)","","","","","","https://jobs.northropgrumman.com/careers/job/1340072848251"
"Northrop Grumman","Eightfold","Sr. Principal Logistics Management Analyst","Tech Support Mult-Func","","Oklahoma City, OK","US (CONUS)","","","","","","https://jobs.northropgrumman.com/careers/job/1340072847611"
"Northrop Grumman","Eightfold","Computer Systems Architect\Principal Computer System Architect -AHT","Design and Programming","","Huntsville, AL","US (CONUS)","","","","","","https://jobs.northropgrumman.com/careers/job/1340072653881"
"Northrop Grumman","Eightfold","Engineer/Principal Engineer Electronics - Avionics (Melbourne FL)","Electrical","","Melbourne, FL","US (CONUS)","","","","","","https://jobs.northropgrumman.com/careers/job/1340072847921"
"Northrop Grumman","Eightfold","Principal/Senior Principal Engineer Embedded Software Engineer","Software","","Apopka, FL","US (CONUS)","","","","","","https://jobs.northropgrumman.com/careers/job/1340072851997"
"Northrop Grumman","Eightfold","Engineer Systems Architect 2 or Principal Engineer Systems Architect 3","Systems/Architecture/Test","","Melbourne, FL","US (CONUS)","","","","","","https://jobs.northropgrumman.com/careers/job/1340072826391"
"Northrop Grumman","Eightfold","Embedded Software Engineer","Software","","Charlottesville, VA","US (CONUS)","","","","","","https://jobs.northropgrumman.com/careers/job/1340072851763"
"Northrop Grumman","Eightfold","Sentinel - Technical Editor / Writer - 18881 18882","Communications Mult-Func","","Roy, UT","US (CONUS)","","","","","","https://jobs.northropgrumman.com/careers/job/1340072121492"
"Northrop Grumman","Eightfold","SCA Elec Maintenance Tech 3","NGC - Non - NGJF Service Contract Act","","Rolling Meadows, IL","US (CONUS)","","","","","","https://jobs.northropgrumman.com/careers/job/1340072060703"
"Northrop Grumman","Eightfold","Sentinel - Staff Logistics Engineer - 18974","Material/Process","","Roy, UT","US (CONUS)","","","","","","https://jobs.northropgrumman.com/careers/job/1340072809588"
"Northrop Grumman","Eightfold","Manager Programs 2","Program Management (P&L)","","Rolling Meadows, IL","US (CONUS)","","","","","","https://jobs.northropgrumman.com/careers/job/1340071556708"
"Northrop Grumman","Eightfold","Manager Engineering 2","Systems/Architecture/Test","","Melbourne, FL","US (CONUS)","","","","","","https://jobs.northropgrumman.com/careers/job/1340072606568"
"Northrop Grumman","Eightfold","Manager Programs 2","Program Management (P&L)","","Huntsville, AL","US (CONUS)","","","","","","https://jobs.northropgrumman.com/careers/job/1340072623572"
"Northrop Grumman","Eightfold","Manager Programs 2","Program Management (P&L)","","Huntsville, AL","US (CONUS)","","","","","","https://jobs.northropgrumman.com/careers/job/1340072623658"
"Northrop Grumman","Eightfold","Sentinel - Senior Principal Test Conductor - 18007","Mission and Quality Assurance","","Roy, UT","US (CONUS)","","","","","","https://jobs.northropgrumman.com/careers/job/1340072826927"
"Northrop Grumman","Eightfold","Sentinel - Human System Integration Engineer (T03/T04) - 17919*","Systems/Architecture/Test","","Roy, UT","US (CONUS)","","","","","","https://jobs.northropgrumman.com/careers/job/1340071795982"
"Northrop Grumman","Eightfold","Principal/ Sr. Principal Systems Engineer","Cyber","","San Diego, CA","US (CONUS)","","","","","","https://jobs.northropgrumman.com/careers/job/1340072827493"
"Northrop Grumman","Eightfold","Chief Aircraft Inspector","Flight Operations Mult-Func","","Industrial Area, Riyadh Province, SA","International","","","","","","https://jobs.northropgrumman.com/careers/job/1340072778749"
"Northrop Grumman","Eightfold","Subcontracts Specialist","Contracts","","Fortitude Valley, QLD, AU","International","","","","","","https://jobs.northropgrumman.com/careers/job/1340072610497"
"Northrop Grumman","Eightfold","Senior Principal Structural Analysis Engineer","Mechanical","","Melbourne, FL","US (CONUS)","","","","","","https://jobs.northropgrumman.com/careers/job/1340071608670"
"Northrop Grumman","Eightfold","Supply Chain Planning Specialist Level 2 or 3","Global Supply Chain Mult-Func","","Palmdale, CA","US (CONUS)","","","","","","https://jobs.northropgrumman.com/careers/job/1340072779970"
"Northrop Grumman","Eightfold","Sentinel Systems Engineering Manager 2 TMRR- 17475-1","Systems/Architecture/Test","","Roy, UT","US (CONUS)","","","","","","https://jobs.northropgrumman.com/careers/job/1340072781969"
"Northrop Grumman","Eightfold","Staff Software Configuration Analyst","Design and Programming","","Huntsville, AL","US (CONUS)","","","","","","https://jobs.northropgrumman.com/careers/job/1340072784208"
"Northrop Grumman","Eightfold","Sr. Principal Contract Administrator","Contracts","","Jacksonville, FL","US (CONUS)","","","","","","https://jobs.northropgrumman.com/careers/job/1340072785209"
"Northrop Grumman","Eightfold","Electrical Engineer/Principal Electrical Engineer - 17993","Electrical","","Roy, UT","US (CONUS)","","","","","","https://jobs.northropgrumman.com/careers/job/1340072819212"
"Northrop Grumman","Eightfold","Principal Quality Engineer","Mission/Quality Assurance","","Baltimore, MD","US (CONUS)","","","","","","https://jobs.northropgrumman.com/careers/job/1340072825240"
"Northrop Grumman","Eightfold","Senior Staff Weapons Integration Technical Lead","Electrical","","Melbourne, FL","US (CONUS)","","","","","","https://jobs.northropgrumman.com/careers/job/1340072826036"
"Northrop Grumman","Eightfold","Level 1 & 2 - Software Integration & Test Engineer","Systems/Architecture/Test","","Redondo Beach, CA","US (CONUS)","","","","","","https://jobs.northropgrumman.com/careers/job/1340072819523"
"Northrop Grumman","Eightfold","Staff Project Management – Lead Project Engr (26-275)","Project Management (Non-P&L)","","Colorado Springs, CO","US (CONUS)","","","","","","https://jobs.northropgrumman.com/careers/job/1340072826023"
"Northrop Grumman","Eightfold","Principal / Sr. Principal Space Payload Systems Engineer","Systems/Architecture/Test","","Linthicum Heights, MD","US (CONUS)","","","","","","https://jobs.northropgrumman.com/careers/job/1340072811191"
"Northrop Grumman","Eightfold","Engineer Packaging Level 1 OR 2","Material/Process","","Palmdale, CA","US (CONUS)","","","","","","https://jobs.northropgrumman.com/careers/job/1340071917083"
"Northrop Grumman","Eightfold","Principal/Sr. Principal Systems Engineer","Systems/Architecture/Test","","Rolling Meadows, IL","US (CONUS)","","","","","","https://jobs.northropgrumman.com/careers/job/1340072827442"
"Northrop Grumman","Eightfold","Systems Engineer","Systems/Architecture/Test","","Rolling Meadows, IL","US (CONUS)","","","","","","https://jobs.northropgrumman.com/careers/job/1340072830031"
"Northrop Grumman","Eightfold","Principal/Sr. Principal Systems Engineer","Systems/Architecture/Test","","Rolling Meadows, IL","US (CONUS)","","","","","","https://jobs.northropgrumman.com/careers/job/1340072828161"
"Northrop Grumman","Eightfold","Systems Engineer","Systems/Architecture/Test","","Rolling Meadows, IL","US (CONUS)","","","","","","https://jobs.northropgrumman.com/careers/job/1340072828203"
"Northrop Grumman","Eightfold","Electrical/Principal Electrical Engineer - 17622 - 17620 & 17619","Electrical","","Roy, UT","US (CONUS)","","","","","","https://jobs.northropgrumman.com/careers/job/1340072630998"
"Northrop Grumman","Eightfold","Electrical/Principal Engineer Electrical - (16882 - 16890 & 16891)","Electrical","","Roy, UT","US (CONUS)","","","","","","https://jobs.northropgrumman.com/careers/job/1340072578533"
"Northrop Grumman","Eightfold","Manager Programs 1","Program Management (P&L)","","Huntsville, AL","US (CONUS)","","","","","","https://jobs.northropgrumman.com/careers/job/1340072623468"
"Northrop Grumman","Eightfold","Aircraft Maintenance Engineer","Manufacturing and Production","","Tindal, NT, AU","International","","","","","","https://jobs.northropgrumman.com/careers/job/1340070442344"
"Northrop Grumman","Eightfold","Sentinel - Principal / Sr Principal Human Factors Engineer - 18084","Systems/Architecture/Test","","Roy, UT","US (CONUS)","","","","","","https://jobs.northropgrumman.com/careers/job/1340072624059"
"Northrop Grumman","Eightfold","Associate/Engineer Tooling Level 1/2","Material/Process","","Iuka, MS","US (CONUS)","","","","","","https://jobs.northropgrumman.com/careers/job/1340072287616"
"Northrop Grumman","Eightfold","System Test Engineer /Principal System Test Engineer","Systems/Architecture/Test","","San Diego, CA","US (CONUS)","","","","","","https://jobs.northropgrumman.com/careers/job/1340072656257"
"Northrop Grumman","Eightfold","Sr Principal Engineer Software - Embedded and Real Time","Software","","San Diego, CA","US (CONUS)","","","","","","https://jobs.northropgrumman.com/careers/job/1340072659808"
"Northrop Grumman","Eightfold","Staff Systems Test Engineer – Test Director","Systems/Architecture/Test","","Edwards AFB, CA","US (CONUS)","","","","","","https://jobs.northropgrumman.com/careers/job/1340072360497"
"Northrop Grumman","Eightfold","Staff Engineer Electrical-Active Top Secret Clearance Required","Electrical","","San Diego, CA","US (CONUS)","","","","","","https://jobs.northropgrumman.com/careers/job/1340071284973"
"Northrop Grumman","Eightfold","Staff RF Microwave Design Engineer - 19026**","Electrical","","Roy, UT","US (CONUS)","","","","","","https://jobs.northropgrumman.com/careers/job/1340072618327"
"Northrop Grumman","Eightfold","Software Configuration Management Analyst (Level 2 or 3)","Tech Support Mult-Func","","Palmdale, CA","US (CONUS)","","","","","","https://jobs.northropgrumman.com/careers/job/1340072608947"
"Northrop Grumman","Eightfold","ServiceNow Developer (T1/ T2) -15066 - Roy Utah","Design and Programming","","Roy, UT","US (CONUS)","","","","","","https://jobs.northropgrumman.com/careers/job/1340072608614"
"Northrop Grumman","Eightfold","Senior Staff Semiconductor RF Test Engineer","Material/Process","","Linthicum Heights, MD","US (CONUS)","","","","","","https://jobs.northropgrumman.com/careers/job/1340070819477"
"Northrop Grumman","Eightfold","Principal or Sr Principal Program Planning and Scheduling Analyst","Business Management Mult-Func","","Melbourne, FL","US (CONUS)","","","","","","https://jobs.northropgrumman.com/careers/job/1340071362896"
"Northrop Grumman","Eightfold","Principal / Sr Principal Engineer Systems Modeling Simulation","Systems/Architecture/Test","","San Diego, CA","US (CONUS)","","","","","","https://jobs.northropgrumman.com/careers/job/1340072624231"
"Northrop Grumman","Eightfold","Contracts Administrator (Level 2 or Level 3)","Contracts","","Melbourne, FL","US (CONUS)","","","","","","https://jobs.northropgrumman.com/careers/job/1340072720881"
"Northrop Grumman","Eightfold","Senior Principal Materials & Processes Engineer","Mechanical","","Melbourne, FL","US (CONUS)","","","","","","https://jobs.northropgrumman.com/careers/job/1340071990595"
"Northrop Grumman","Eightfold","Contracts Administrator (Level 3 or Level 4)","Contracts","","Melbourne, FL","US (CONUS)","","","","","","https://jobs.northropgrumman.com/careers/job/1340072721065"
"Northrop Grumman","Eightfold","Manager Business Management 2","Business Management Mult-Func","","Palmdale, CA","US (CONUS)","","","","","","https://jobs.northropgrumman.com/careers/job/1340072721422"
"Northrop Grumman","Eightfold","Supply Chain Subcontract Specialist - Level 4","Global Supply Chain Mult-Func","","Magna, UT","US (CONUS)","","","","","","https://jobs.northropgrumman.com/careers/job/1340071775221"
"Northrop Grumman","Eightfold","Mission Effectiveness / Operations Analysis Engineer","Systems/Architecture/Test","","Melbourne, FL","US (CONUS)","","","","","","https://jobs.northropgrumman.com/careers/job/1340071317027"
"Northrop Grumman","Eightfold","Principal Electrical Engineer - 19021**","Electrical","","Roy, UT","US (CONUS)","","","","","","https://jobs.northropgrumman.com/careers/job/1340072618551"
"Northrop Grumman","Eightfold","Sr. Principal Digital Design Verification Lead","Electrical","","San Diego, CA","US (CONUS)","","","","","","https://jobs.northropgrumman.com/careers/job/1340072620855"
"Northrop Grumman","Eightfold","Sr. Staff Systems Integration & Test Engineer Lead","Systems/Architecture/Test","","Baltimore, MD","US (CONUS)","","","","","","https://jobs.northropgrumman.com/careers/job/1340072787970"
"Northrop Grumman","Eightfold","Principal / Sr Principal Aeronautical Engineer","Mechanical","","San Diego, CA","US (CONUS)","","","","","","https://jobs.northropgrumman.com/careers/job/1340072789274"
"Northrop Grumman","Eightfold","Systems Engineer/Principal  Systems Engineer Signals Processing","Systems/Architecture/Test","","McClellan Park, CA","US (CONUS)","","","","","","https://jobs.northropgrumman.com/careers/job/1340072779871"
"Northrop Grumman","Eightfold","Principal Systems Engineer 3/4","Systems/Architecture/Test","","Oklahoma City, OK","US (CONUS)","","","","","","https://jobs.northropgrumman.com/careers/job/1340072780455"
"Northrop Grumman","Eightfold","Business Management Manager 2","Business Management Mult-Func","","Los Angeles, CA","US (CONUS)","","","","","","https://jobs.northropgrumman.com/careers/job/1340072780458"
"Northrop Grumman","Eightfold","Control Account Manager/ Avionics Integration Engineer 2/3","Electrical","","Melbourne, FL","US (CONUS)","","","","","","https://jobs.northropgrumman.com/careers/job/1340072781084"
"Northrop Grumman","Eightfold","FPGA Manager 2","Engineering Mult-Func","","Rolling Meadows, IL","US (CONUS)","","","","","","https://jobs.northropgrumman.com/careers/job/1340072781616"
"Northrop Grumman","Eightfold","Engineer Mission Assurance (Risk Manager) - Level 3 or 4","Mission/Quality Assurance","","Plymouth, MN","US (CONUS)","","","","","","https://jobs.northropgrumman.com/careers/job/1340072782394"
"Northrop Grumman","Eightfold","Senior Principal Digital Hardware Engineer","Engineering Mult-Func","","Baltimore, MD","US (CONUS)","","","","","","https://jobs.northropgrumman.com/careers/job/1340072785005"
"Northrop Grumman","Eightfold","Aircraft Systems Mechanic - Level 2&3","Manufacturing and Production","","Palmdale, CA","US (CONUS)","","","","","","https://jobs.northropgrumman.com/careers/job/1340072038468"
"Northrop Grumman","Eightfold","Principal Engineering Design","Systems/Architecture/Test","","Palmdale, CA","US (CONUS)","","","","","","https://jobs.northropgrumman.com/careers/job/1340070824869"
"Northrop Grumman","Eightfold","Principal/Sr Principal PCB Producibility Engineer","Electrical","","Baltimore, MD","US (CONUS)","","","","","","https://jobs.northropgrumman.com/careers/job/1340072784675"
"Northrop Grumman","Eightfold","Principal/Sr Principal Flight Test Engineer - Loads & Dynamics","Systems/Architecture/Test","","Edwards AFB, CA","US (CONUS)","","","","","","https://jobs.northropgrumman.com/careers/job/1340072789960"
"Northrop Grumman","Eightfold","Staff Systems Integration & Test Engineer Lead","Systems/Architecture/Test","","Baltimore, MD","US (CONUS)","","","","","","https://jobs.northropgrumman.com/careers/job/1340072787911"
"Northrop Grumman","Eightfold","Sr Principal RF Microwave Design Engineer - 19023**","Electrical","","Roy, UT","US (CONUS)","","","","","","https://jobs.northropgrumman.com/careers/job/1340072618379"
"Northrop Grumman","Eightfold","System Test Engineer -Control Segment/ Principal System Test Engineer -Control Segment","Systems/Architecture/Test","","Edwards AFB, CA","US (CONUS)","","","","","","https://jobs.northropgrumman.com/careers/job/1340072378660"
"Northrop Grumman","Eightfold","Principal or Sr. Principal Engineer Software (DEE)","Software","","Melbourne, FL","US (CONUS)","","","","","","https://jobs.northropgrumman.com/careers/job/1340070713915"
"Northrop Grumman","Eightfold","Senior Principal Systems Engineer - State Estimation and Target Tracking","Systems/Architecture/Test","","Linthicum Heights, MD","US (CONUS)","","","","","","https://jobs.northropgrumman.com/careers/job/1340072778939"
"Northrop Grumman","Eightfold","Principal/Sr. Principal Electrical Engineer - 19028 **","Electrical","","Roy, UT","US (CONUS)","","","","","","https://jobs.northropgrumman.com/careers/job/1340072302121"
"Northrop Grumman","Eightfold","Staff Systems Engineer - State Estimation and Target Tracking","Systems/Architecture/Test","","Linthicum Heights, MD","US (CONUS)","","","","","","https://jobs.northropgrumman.com/careers/job/1340072779035"
"Northrop Grumman","Eightfold","Associate/Engineer Tooling Level 1/2","Material/Process","","Iuka, MS","US (CONUS)","","","","","","https://jobs.northropgrumman.com/careers/job/1340072782968"
"Northrop Grumman","Eightfold","Principal Systems Engineer - State Estimation and Target Tracking","Systems/Architecture/Test","","Linthicum Heights, MD","US (CONUS)","","","","","","https://jobs.northropgrumman.com/careers/job/1340072778825"
"Northrop Grumman","Eightfold","Engineer or Principal Engineer level RF Electronics Engineer","Electrical","","Melbourne, FL","US (CONUS)","","","","","","https://jobs.northropgrumman.com/careers/job/1340072481627"
"Northrop Grumman","Eightfold","System Test Engineer /Principal System Test Engineer","Systems/Architecture/Test","","Palmdale, CA","US (CONUS)","","","","","","https://jobs.northropgrumman.com/careers/job/1340072790381"
"Northrop Grumman","Eightfold","Numerical/Principal Numerical Control Program Level 1/2","Manufacturing and Production","","Iuka, MS","US (CONUS)","","","","","","https://jobs.northropgrumman.com/careers/job/1340072783984"
"Northrop Grumman","Eightfold","Associate/Engineer Tooling Level 1/2","Material/Process","","Iuka, MS","US (CONUS)","","","","","","https://jobs.northropgrumman.com/careers/job/1340072287585"
"Northrop Grumman","Eightfold","Principal Quality Engineer","Mission/Quality Assurance","","Annapolis, MD","US (CONUS)","","","","","","https://jobs.northropgrumman.com/careers/job/1340072402887"
"Northrop Grumman","Eightfold","Principal Design Engineer CMOS Design Engineer – RF / Mixed-Signal","Electrical","","Manhattan Beach, CA","US (CONUS)","","","","","","https://jobs.northropgrumman.com/careers/job/1340072659498"
"Northrop Grumman","Eightfold","Principal Computer Systems Analyst (26-319)","Design and Programming","","Colorado Springs, CO","US (CONUS)","","","","","","https://jobs.northropgrumman.com/careers/job/1340072659009"
"Northrop Grumman","Eightfold","Sr. Principal Design Engineer CMOS","Electrical","","Manhattan Beach, CA","US (CONUS)","","","","","","https://jobs.northropgrumman.com/careers/job/1340072659178"
"Northrop Grumman","Eightfold","Senior Staff RF Design Engineer (RDE)","Electrical","","Manhattan Beach, CA","US (CONUS)","","","","","","https://jobs.northropgrumman.com/careers/job/1340072659285"
"Northrop Grumman","Eightfold","Principal RF Design Engineer","Electrical","","Manhattan Beach, CA","US (CONUS)","","","","","","https://jobs.northropgrumman.com/careers/job/1340072659435"
"Northrop Grumman","Eightfold","Manager Production Operations 2","Manufacturing and Production","","Sunnyvale, CA","US (CONUS)","","","","","","https://jobs.northropgrumman.com/careers/job/1340072641213"
"Northrop Grumman","Eightfold","Manager Digital Engineering 2","Engineering Mult-Func","","Los Angeles, CA","US (CONUS)","","","","","","https://jobs.northropgrumman.com/careers/job/1340072659697"
"Northrop Grumman","Eightfold","Supply Chain Planning Specialist 3","Global Supply Chain Mult-Func","","Los Angeles, CA","US (CONUS)","","","","","","https://jobs.northropgrumman.com/careers/job/1340072642611"
"Northrop Grumman","Eightfold","2027 Associate Engineer Electrical/Engineer Electrical","Electrical","","Melbourne, FL","US (CONUS)","","","","","","https://jobs.northropgrumman.com/careers/job/1340072607802"
"Northrop Grumman","Eightfold","Engineer Systems / Principal Engineer Systems","Systems/Architecture/Test","","Melbourne, FL","US (CONUS)","","","","","","https://jobs.northropgrumman.com/careers/job/1340069978137"
"Northrop Grumman","Eightfold","Sr Principal Systems Engineer","Systems/Architecture/Test","","Oklahoma City, OK","US (CONUS)","","","","","","https://jobs.northropgrumman.com/careers/job/1340070782269"
"Northrop Grumman","Eightfold","Principal/Sr Principal Engineer Systems Test- Active Secret Clearance Required","Systems/Architecture/Test","","San Diego, CA","US (CONUS)","","","","","","https://jobs.northropgrumman.com/careers/job/1340072591314"
"Northrop Grumman","Eightfold","GNC Engineer: Modeling and Simulation/Scrum Master – Level 2/3 (Chandler)","Systems/Architecture/Test","","Chandler, AZ","US (CONUS)","","","","","","https://jobs.northropgrumman.com/careers/job/1340072707386"
"Northrop Grumman","Eightfold","Machinist 2/3","Manufacturing and Production","","Corinne, UT","US (CONUS)","","","","","","https://jobs.northropgrumman.com/careers/job/1340072709214"
"Northrop Grumman","Eightfold","Principal Configuration Management Analyst (Oklahoma City)","Tech Support Mult-Func","","Oklahoma City, OK","US (CONUS)","","","","","","https://jobs.northropgrumman.com/careers/job/1340072668146"
"Northrop Grumman","Eightfold","Sr Principal Integration and Test Electro-Optical Engineer (Level 4)","Engineering Mult-Func","","Chandler, AZ","US (CONUS)","","","","","","https://jobs.northropgrumman.com/careers/job/1340072713235"
"Northrop Grumman","Eightfold","SkillBridge - Network / Principal Network Communications Engineer","Networks","","SD","US (CONUS)","","","","","","https://jobs.northropgrumman.com/careers/job/1340072721861"
"Northrop Grumman","Eightfold","Staff GNC Engineer","Systems/Architecture/Test","","Melbourne, FL","US (CONUS)","","","","","","https://jobs.northropgrumman.com/careers/job/1340071774347"
"Northrop Grumman","Eightfold","Sentinel - Sr Principal Mechanical Engineer - 18283","Mechanical","","Roy, UT","US (CONUS)","","","","","","https://jobs.northropgrumman.com/careers/job/1340071991644"
"Northrop Grumman","Eightfold","Industrial Security Analyst","Security Mult-Func","","Chantilly, VA","US (CONUS)","","","","","","https://jobs.northropgrumman.com/careers/job/1340071783684"
"Northrop Grumman","Eightfold","Principal Systems Engineer /Sr Principal Systems Engineer","Systems/Architecture/Test","","Groton, CT","US (CONUS)","","","","","","https://jobs.northropgrumman.com/careers/job/1340072711669"
"Northrop Grumman","Eightfold","SCA Engineering Technician 1","NGC - Non - NGJF Service Contract Act","","Warner Robins, GA","US (CONUS)","","","","","","https://jobs.northropgrumman.com/careers/job/1340072703227"
"Northrop Grumman","Eightfold","Principal/Sr. Principal Cost Control Analyst","Business Management Mult-Func","","Los Angeles, CA","US (CONUS)","","","","","","https://jobs.northropgrumman.com/careers/job/1340072633169"
"Northrop Grumman","Eightfold","Non Destructive Test Technician - Tech 2","Mission and Quality Assurance","","Palmdale, CA","US (CONUS)","","","","","","https://jobs.northropgrumman.com/careers/job/1340071286632"
"Northrop Grumman","Eightfold","Sentinel - Systems Engineer/ Principal  Systems Engineer - 18890","Systems/Architecture/Test","","Roy, UT","US (CONUS)","","","","","","https://jobs.northropgrumman.com/careers/job/1340072398389"
"Northrop Grumman","Eightfold","Distributed Systems - Senior Staff Systems Architect","Systems/Architecture/Test","","Baltimore, MD","US (CONUS)","","","","","","https://jobs.northropgrumman.com/careers/job/1340072733575"
"Northrop Grumman","Eightfold","U103 WELDER TRAINEE","NGC - Non - NGJF Union","","Sunnyvale, CA","US (CONUS)","","","","","","https://jobs.northropgrumman.com/careers/job/1340072285442"
"Northrop Grumman","Eightfold","Distributed Systems - Staff Systems Architect","Engineering Mult-Func","","Baltimore, MD","US (CONUS)","","","","","","https://jobs.northropgrumman.com/careers/job/1340072730739"
"Northrop Grumman","Eightfold","Principal / Sr. Principal Software Engineer  [TS SCI]","Software","","Stafford, VA","US (CONUS)","","","","","","https://jobs.northropgrumman.com/careers/job/1340072711635"
"Northrop Grumman","Eightfold","Principal/Sr Principal Flight Test Engineer-FTO Sub Systems (Effectors-Hyd)","Systems/Architecture/Test","","Edwards AFB, CA","US (CONUS)","","","","","","https://jobs.northropgrumman.com/careers/job/1340069813223"
"Northrop Grumman","Eightfold","Senior Principal / Principal Flight Test Engineer","Systems/Architecture/Test","","Edwards AFB, CA","US (CONUS)","","","","","","https://jobs.northropgrumman.com/careers/job/1340070551545"
"Northrop Grumman","Eightfold","NRE Operator","NGC - Non - NGJF Union","","Radford, VA","US (CONUS)","","","","","","https://jobs.northropgrumman.com/careers/job/1340072721092"
"Northrop Grumman","Eightfold","Acoustic Analyst level 2/3","Mechanical","","Annapolis, MD","US (CONUS)","","","","","","https://jobs.northropgrumman.com/careers/job/1340072623992"
"Northrop Grumman","Eightfold","Principal Program Cost and Schedule Control Analyst","Business Management Mult-Func","","El Segundo, CA","US (CONUS)","","","","","","https://jobs.northropgrumman.com/careers/job/1340072563356"
"Northrop Grumman","Eightfold","Software Engineering Manager 2 - SW Lead","Software","","San Diego, CA","US (CONUS)","","","","","","https://jobs.northropgrumman.com/careers/job/1340072641356"
"Northrop Grumman","Eightfold","Principal/Sr Principal Engineer Systems Test","Systems/Architecture/Test","","San Diego, CA","US (CONUS)","","","","","","https://jobs.northropgrumman.com/careers/job/1340072652405"
"Northrop Grumman","Eightfold","Materials and Process Engineer 2/3","Material/Process","","Los Angeles, CA","US (CONUS)","","","","","","https://jobs.northropgrumman.com/careers/job/1340072659615"
"Northrop Grumman","Eightfold","Engineer Propulsion","Mechanical","","Elkton, MD","US (CONUS)","","","","","","https://jobs.northropgrumman.com/careers/job/1340072656751"
"Northrop Grumman","Eightfold","Program Planning and Scheduling Analyst - Level 5","Business Management Mult-Func","","Corinne, UT","US (CONUS)","","","","","","https://jobs.northropgrumman.com/careers/job/1340072659110"
"Northrop Grumman","Eightfold","Director Tool Engineering 1","Material/Process","","Palmdale, CA","US (CONUS)","","","","","","https://jobs.northropgrumman.com/careers/job/1340072642831"
"Northrop Grumman","Eightfold","Software Engineering Manager 1","Software","","Bellevue, NE","US (CONUS)","","","","","","https://jobs.northropgrumman.com/careers/job/1340072648635"
"Northrop Grumman","Eightfold","Manager Digital Engineering 1","Engineering Mult-Func","","San Diego, CA","US (CONUS)","","","","","","https://jobs.northropgrumman.com/careers/job/1340072641039"
"Northrop Grumman","Eightfold","Sr Staff Engineer - Systems Architect","Systems/Architecture/Test","","Cincinnati, OH","US (CONUS)","","","","","","https://jobs.northropgrumman.com/careers/job/1340072623387"
"Northrop Grumman","Eightfold","Principal Engineer Quality","Mission/Quality Assurance","","San Diego, CA","US (CONUS)","","","","","","https://jobs.northropgrumman.com/careers/job/1340072625628"
"Northrop Grumman","Eightfold","Manager Business Management 3","Business Management Mult-Func","","Melbourne, FL","US (CONUS)","","","","","","https://jobs.northropgrumman.com/careers/job/1340068162623"
"Northrop Grumman","Eightfold","Sr Staff Engineer Supplier Quality","Mission/Quality Assurance","","Linthicum Heights, MD","US (CONUS)","","","","","","https://jobs.northropgrumman.com/careers/job/1340072632228"
"Northrop Grumman","Eightfold","Program Planning and Scheduling Analyst - Level 2 or 3","Business Management Mult-Func","","Aurora, CO","US (CONUS)","","","","","","https://jobs.northropgrumman.com/careers/job/1340072354570"
"Northrop Grumman","Eightfold","Sentinel Software Configuration Analyst - 18000","Design and Programming","","Roy, UT","US (CONUS)","","","","","","https://jobs.northropgrumman.com/careers/job/1340072358520"
"Northrop Grumman","Eightfold","Staff Engineer DevOps #18893","Software","","Roy, UT","US (CONUS)","","","","","","https://jobs.northropgrumman.com/careers/job/1340072357361"
"Northrop Grumman","Eightfold","Staff Engineer Systems","Systems/Architecture/Test","","Melbourne, FL","US (CONUS)","","","","","","https://jobs.northropgrumman.com/careers/job/1340072402405"
"Northrop Grumman","Eightfold","Sentinel Principal Program Cost and Schedule Control Analyst (11997-2)","Business Management Mult-Func","","Roy, UT","US (CONUS)","","","","","","https://jobs.northropgrumman.com/careers/job/1340072622291"
"Northrop Grumman","Eightfold","Financial Analyst / CAM Analyst","Project Management (Non-P&L)","","Sunnyvale, CA","US (CONUS)","","","","","","https://jobs.northropgrumman.com/careers/job/1340072622540"
"Northrop Grumman","Eightfold","Maintenance Electrician 4","Facilities Mult-Func","","Corinne, UT","US (CONUS)","","","","","","https://jobs.northropgrumman.com/careers/job/1340072264106"
"Northrop Grumman","Eightfold","Aeronautical Engineer/Principal Aeronautical Engineer​","Mechanical","","Palmdale, CA","US (CONUS)","","","","","","https://jobs.northropgrumman.com/careers/job/1340072381870"
"Northrop Grumman","Eightfold","Certification Lead Engineer","Systems/Architecture/Test","","Edinburgh, SA, AU","International","","","","","","https://jobs.northropgrumman.com/careers/job/1340072642616"
"Northrop Grumman","Eightfold","Principal/Sr Principal Engineer Software LabVIEW/TestStand","Software","","San Diego, CA","US (CONUS)","","","","","","https://jobs.northropgrumman.com/careers/job/1340072659911"
"Northrop Grumman","Eightfold","Sentinel - Systems / Principal Systems Engineer - 19034*","Systems/Architecture/Test","","Roy, UT","US (CONUS)","","","","","","https://jobs.northropgrumman.com/careers/job/1340072573606"
"Northrop Grumman","Eightfold","Principal Aeronautical Engineer OR Sr. Principal Aeronautical Engineer (Electromechanical)","Mechanical","","Melbourne, FL","US (CONUS)","","","","","","https://jobs.northropgrumman.com/careers/job/1340072640831"
"Northrop Grumman","Eightfold","Staff Chief Engineer","Engineering Mult-Func","","Baltimore, MD","US (CONUS)","","","","","","https://jobs.northropgrumman.com/careers/job/1340072648741"
"Northrop Grumman","Eightfold","Principal / Senior Modeling Simulation & Performance Analysis Systems Engineer","Systems/Architecture/Test","","Baltimore, MD","US (CONUS)","","","","","","https://jobs.northropgrumman.com/careers/job/1340072655645"
"Northrop Grumman","Eightfold","Principal / Senior Mission Engineering Systems Engineer","Systems/Architecture/Test","","Baltimore, MD","US (CONUS)","","","","","","https://jobs.northropgrumman.com/careers/job/1340072655696"
"Northrop Grumman","Eightfold","Automation Technician 3/4","Tech Support Mult-Func","","Corinne, UT","US (CONUS)","","","","","","https://jobs.northropgrumman.com/careers/job/1340072656575"
"Northrop Grumman","Eightfold","Engineer Software (Avionics)","Software","","Melbourne, FL","US (CONUS)","","","","","","https://jobs.northropgrumman.com/careers/job/1340072649565"
"Northrop Grumman","Eightfold","CM/DM Capability Lead","Operations (IT)","","Fortitude Valley, QLD, AU","International","","","","","","https://jobs.northropgrumman.com/careers/job/1340072479962"
"Northrop Grumman","Eightfold","Staff Engineer Systems","Systems/Architecture/Test","","Los Angeles, CA","US (CONUS)","","","","","","https://jobs.northropgrumman.com/careers/job/1340072372746"
"Northrop Grumman","Eightfold","Heat Treat Manufacturing Technician 2/3 - 2nd Shift","Manufacturing and Production","","Commerce, CA","US (CONUS)","","","","","","https://jobs.northropgrumman.com/careers/job/1340072641204"
"Northrop Grumman","Eightfold","Manager Electronics Engineering 2","Electrical","","Rolling Meadows, IL","US (CONUS)","","","","","","https://jobs.northropgrumman.com/careers/job/1340072641219"
"Northrop Grumman","Eightfold","Engineer/Principal Engineer Electronics - Ground System Architect/Integrator (San Diego CA)","Electrical","","San Diego, CA","US (CONUS)","","","","","","https://jobs.northropgrumman.com/careers/job/1340072641930"
"Northrop Grumman","Eightfold","Sentinel - Principal/Sr Principal Mechanical Engineer (17104)","Mechanical","","Roy, UT","US (CONUS)","","","","","","https://jobs.northropgrumman.com/careers/job/1340072634642"
"Northrop Grumman","Eightfold","Sr Principal Engineer Digital","Engineering Mult-Func","","Manhattan Beach, CA","US (CONUS)","","","","","","https://jobs.northropgrumman.com/careers/job/1340072636865"
"Northrop Grumman","Eightfold","Sentinel - Model Based Design & Analysis Configuration Section Manager 2","Systems/Architecture/Test","","Roy, UT","US (CONUS)","","","","","","https://jobs.northropgrumman.com/careers/job/1340072637192"
"Northrop Grumman","Eightfold","Principal/Senior Principal Quality Analyst","Mission and Quality Assurance","","Waynesboro, VA","US (CONUS)","","","","","","https://jobs.northropgrumman.com/careers/job/1340072639595"
"Northrop Grumman","Eightfold","Principal Quality Engineer","Mission/Quality Assurance","","Waynesboro, VA","US (CONUS)","","","","","","https://jobs.northropgrumman.com/careers/job/1340072639658"
"Northrop Grumman","Eightfold","Sentinel - Staff Engineer Systems RIA AVE Technical Lead - 18837","Systems/Architecture/Test","","Roy, UT","US (CONUS)","","","","","","https://jobs.northropgrumman.com/careers/job/1340072089647"
"Northrop Grumman","Eightfold","Flight Test Technician 3/4 (A&P Required)","Flight Operations Mult-Func","","Mojave, CA","US (CONUS)","","","","","","https://jobs.northropgrumman.com/careers/job/1340072604869"
"Northrop Grumman","Eightfold","Sentinel - Systems / Principal Systems Safety Engineer - 17891*","Systems/Architecture/Test","","Roy, UT","US (CONUS)","","","","","","https://jobs.northropgrumman.com/careers/job/1340070713038"
"Northrop Grumman","Eightfold","Principal Engineer Software","Software","","Melbourne, FL","US (CONUS)","","","","","","https://jobs.northropgrumman.com/careers/job/1340072628251"
"Northrop Grumman","Eightfold","Principal Engineer Software","Software","","Melbourne, FL","US (CONUS)","","","","","","https://jobs.northropgrumman.com/careers/job/1340072628333"
"Northrop Grumman","Eightfold","Principal Engineer Software - Simulation","Software","","Melbourne, FL","US (CONUS)","","","","","","https://jobs.northropgrumman.com/careers/job/1340072628339"
"Northrop Grumman","Eightfold","Senior Principal Engineer Software - Field Integration","Software","","Melbourne, FL","US (CONUS)","","","","","","https://jobs.northropgrumman.com/careers/job/1340072628359"
"Northrop Grumman","Eightfold","Principal Engineer Software - Support Equipment Software","Software","","Melbourne, FL","US (CONUS)","","","","","","https://jobs.northropgrumman.com/careers/job/1340072628399"
"Northrop Grumman","Eightfold","Sentinel - Engineering Manager 2 (18536)","Systems/Architecture/Test","","Manhattan Beach, CA","US (CONUS)","","","","","","https://jobs.northropgrumman.com/careers/job/1340072622803"
"Northrop Grumman","Eightfold","Systems Engineer","Systems/Architecture/Test","","Melbourne, FL","US (CONUS)","","","","","","https://jobs.northropgrumman.com/careers/job/1340072103185"
"Northrop Grumman","Eightfold","Sentinel - Thread Support Staff Systems Engineer - 18056*","Systems/Architecture/Test","","Roy, UT","US (CONUS)","","","","","","https://jobs.northropgrumman.com/careers/job/1340072103361"
"Northrop Grumman","Eightfold","Principal Systems Engineer","Systems/Architecture/Test","","Melbourne, FL","US (CONUS)","","","","","","https://jobs.northropgrumman.com/careers/job/1340072104542"
"Northrop Grumman","Eightfold","Sr Principal Systems Engineer","Systems/Architecture/Test","","Los Angeles, CA","US (CONUS)","","","","","","https://jobs.northropgrumman.com/careers/job/1340072620839"
"Northrop Grumman","Eightfold","Contracts Administrator - Level 3 (Principal) or 4 (Senior Principal)","Contracts","","Linthicum Heights, MD","US (CONUS)","","","","","","https://jobs.northropgrumman.com/careers/job/1340069055065"
"Northrop Grumman","Eightfold","Sentinel - Mission Assurance Engineer level 2/3 (13514  19051)","Mission/Quality Assurance","","Roy, UT","US (CONUS)","","","","","","https://jobs.northropgrumman.com/careers/job/1340072621682"
"Northrop Grumman","Eightfold","2027 Entry Level Engineering Opportunities - California","Engineering Mult-Func","","Redondo Beach, CA","US (CONUS)","","","","","","https://jobs.northropgrumman.com/careers/job/1340072621686"
"Northrop Grumman","Eightfold","Principal / Senior Principal Reliability Engineer","Systems/Architecture/Test","","Los Angeles, CA","US (CONUS)","","","","","","https://jobs.northropgrumman.com/careers/job/1340072634837"
"Northrop Grumman","Eightfold","Sr Principal Contract Administrator","Contracts","","San Diego, CA","US (CONUS)","","","","","","https://jobs.northropgrumman.com/careers/job/1340072636118"
"Northrop Grumman","Eightfold","Sentinel - DAPS Principal Systems Engineer - 14373","Systems/Architecture/Test","","Roy, UT","US (CONUS)","","","","","","https://jobs.northropgrumman.com/careers/job/1340072638378"
"Northrop Grumman","Eightfold","Sentinel - Principal / Sr. Principal Systems Engineer -12893-1","Systems/Architecture/Test","","Roy, UT","US (CONUS)","","","","","","https://jobs.northropgrumman.com/careers/job/1340071293660"
"Northrop Grumman","Eightfold","Sentinel - Staff Engineer Systems - 16710","Systems/Architecture/Test","","Roy, UT","US (CONUS)","","","","","","https://jobs.northropgrumman.com/careers/job/1340072275200"
"Northrop Grumman","Eightfold","Project Management","Project Management (Non-P&L)","","Melbourne, FL","US (CONUS)","","","","","","https://jobs.northropgrumman.com/careers/job/1340072600961"
"Northrop Grumman","Eightfold","Sentinel - Staff Systems Safety Engineer - 17899","Systems/Architecture/Test","","Roy, UT","US (CONUS)","","","","","","https://jobs.northropgrumman.com/careers/job/1340071751376"
"Northrop Grumman","Eightfold","Sentinel ESI Systems Engineer Manager 2- 18073 18074","Systems/Architecture/Test","","Roy, UT","US (CONUS)","","","","","","https://jobs.northropgrumman.com/careers/job/1340072641103"
"Northrop Grumman","Eightfold","Staff Engineer Systems Test","Systems/Architecture/Test","","Fort Worth, TX","US (CONUS)","","","","","","https://jobs.northropgrumman.com/careers/job/1340071979160"
"Northrop Grumman","Eightfold","Principal/Sr. Principal Structural Engineer","Mechanical","","Annapolis, MD","US (CONUS)","","","","","","https://jobs.northropgrumman.com/careers/job/1340072606465"
"Northrop Grumman","Eightfold","Principal / Senior Principal Systems Engineer","Systems/Architecture/Test","","Los Angeles, CA","US (CONUS)","","","","","","https://jobs.northropgrumman.com/careers/job/1340072633746"
"Northrop Grumman","Eightfold","Manager Programs 2","Program Management (P&L)","","Rolling Meadows, IL","US (CONUS)","","","","","","https://jobs.northropgrumman.com/careers/job/1340072634805"
"Northrop Grumman","Eightfold","Engineer Software - Integration & Test Automation","Software","","San Diego, CA","US (CONUS)","","","","","","https://jobs.northropgrumman.com/careers/job/1340072641109"
"Northrop Grumman","Eightfold","Principal Engineer Electronics – Manufacturing Engineering (RF)","Electrical","","Rolling Meadows, IL","US (CONUS)","","","","","","https://jobs.northropgrumman.com/careers/job/1340072122269"
"Northrop Grumman","Eightfold","Staff Cyber Systems Engineer","Cyber","","San Antonio, TX","US (CONUS)","","","","","","https://jobs.northropgrumman.com/careers/job/1340072402936"
"Northrop Grumman","Eightfold","Electronics Assembler B","NGC - Non - NGJF S01","","Sykesville, MD","US (CONUS)","","","","","","https://jobs.northropgrumman.com/careers/job/1340072607219"
"Northrop Grumman","Eightfold","Lead Systems Engineer","Systems/Architecture/Test","","Warner Robins, GA","US (CONUS)","","","","","","https://jobs.northropgrumman.com/careers/job/1340072563803"
"Northrop Grumman","Eightfold","Principal / Sr. Principal Software Engineer (C++ and TS Clearance)","Software","","Los Angeles, CA","US (CONUS)","","","","","","https://jobs.northropgrumman.com/careers/job/1340072624874"
"Northrop Grumman","Eightfold","Lead Consulting Systems Engineer - Level 7 (AHT)","Systems/Architecture/Test","","Los Angeles, CA","US (CONUS)","","","","","","https://jobs.northropgrumman.com/careers/job/1340072578361"
"Northrop Grumman","Eightfold","Maintenance Carpenter 3","Facilities Mult-Func","","Redondo Beach, CA","US (CONUS)","","","","","","https://jobs.northropgrumman.com/careers/job/1340072627073"
"Northrop Grumman","Eightfold","Maintenance Plumber 3","Facilities Mult-Func","","Redondo Beach, CA","US (CONUS)","","","","","","https://jobs.northropgrumman.com/careers/job/1340072627164"
"Northrop Grumman","Eightfold","Navigation Engineer (Principal or Senior Principal Level)","Systems/Architecture/Test","","San Diego, CA","US (CONUS)","","","","","","https://jobs.northropgrumman.com/careers/job/1340071195191"
"Northrop Grumman","Eightfold","Manager Facilities Engineering 1","Facilities Mult-Func","","Corinne, UT","US (CONUS)","","","","","","https://jobs.northropgrumman.com/careers/job/1340072403097"
"Northrop Grumman","Eightfold","Risk Issue and Opportunity Manager","Mission and Quality Assurance","","Edinburgh, SA, AU","International","","","","","","https://jobs.northropgrumman.com/careers/job/1340072403219"
"Northrop Grumman","Eightfold","Senior Engineering Director - 2","Systems/Architecture/Test","","Chandler, AZ","US (CONUS)","","","","","","https://jobs.northropgrumman.com/careers/job/1340072622099"
"Northrop Grumman","Eightfold","Principal Traffic Administrator","Deliver","","Melbourne, FL","US (CONUS)","","","","","","https://jobs.northropgrumman.com/careers/job/1340072623187"
"Northrop Grumman","Eightfold","Principal Test Engineer","Systems/Architecture/Test","","Jacksonville, FL","US (CONUS)","","","","","","https://jobs.northropgrumman.com/careers/job/1340071722711"
"Northrop Grumman","Eightfold","Manager General Manufacturing 1","Manufacturing and Production","","Palmdale, CA","US (CONUS)","","","","","","https://jobs.northropgrumman.com/careers/job/1340072325247"
"Northrop Grumman","Eightfold","Principal /Sr. Principal Digital Engineer","Engineering Mult-Func","","San Diego, CA","US (CONUS)","","","","","","https://jobs.northropgrumman.com/careers/job/1340072124495"
"Northrop Grumman","Eightfold","Manager Software Engineering 2","Software","","Los Angeles, CA","US (CONUS)","","","","","","https://jobs.northropgrumman.com/careers/job/1340072609612"
"Northrop Grumman","Eightfold","Staff Systems Engineering Integrated Product Team (IPT) Lead (AHT)","Systems/Architecture/Test","","Los Angeles, CA","US (CONUS)","","","","","","https://jobs.northropgrumman.com/careers/job/1340072619576"
"Northrop Grumman","Eightfold","Sr Principal Project Management","Project Management (Non-P&L)","","Palmdale, CA","US (CONUS)","","","","","","https://jobs.northropgrumman.com/careers/job/1340072577069"
"Northrop Grumman","Eightfold","Software Engineering Manager 2","Software","","Palmdale, CA","US (CONUS)","","","","","","https://jobs.northropgrumman.com/careers/job/1340072621844"
"Northrop Grumman","Eightfold","Consulting Chief Engineers","Engineering Mult-Func","","San Diego, CA","US (CONUS)","","","","","","https://jobs.northropgrumman.com/careers/job/1340072622378"
"Northrop Grumman","Eightfold","Aircraft Sheet Metal Technician 2","Flight Operations Mult-Func","","Melbourne, FL","US (CONUS)","","","","","","https://jobs.northropgrumman.com/careers/job/1340072623255"
"Northrop Grumman","Eightfold","Staff Contracts Administrator","Contracts","","Redondo Beach, CA","US (CONUS)","","","","","","https://jobs.northropgrumman.com/careers/job/1340072623891"
"Northrop Grumman","Eightfold","Principal/Sr. Principal Electrical Engineer -  (16892)","Electrical","","Roy, UT","US (CONUS)","","","","","","https://jobs.northropgrumman.com/careers/job/1340072578520"
"Northrop Grumman","Eightfold","Staff Aeronautical Engineer - Hydraulics Responsible Engineer","Mechanical","","Palmdale, CA","US (CONUS)","","","","","","https://jobs.northropgrumman.com/careers/job/1340072577411"
"Northrop Grumman","Eightfold","Aircraft Sheet Metal Technician 3","Flight Operations Mult-Func","","Melbourne, FL","US (CONUS)","","","","","","https://jobs.northropgrumman.com/careers/job/1340072623234"
"Northrop Grumman","Eightfold","Proposal Analyst 2","Proposal","","Commerce, CA","US (CONUS)","","","","","","https://jobs.northropgrumman.com/careers/job/1340072605358"
"Northrop Grumman","Eightfold","Program Manager 2","Program Management (P&L)","","San Diego, CA","US (CONUS)","","","","","","https://jobs.northropgrumman.com/careers/job/1340072140673"
"Northrop Grumman","Eightfold","Engineer or Principal Engineer - Structural Analysis","Mechanical","","Iuka, MS","US (CONUS)","","","","","","https://jobs.northropgrumman.com/careers/job/1340072602589"
"Northrop Grumman","Eightfold","​Principal Engineer Survivability - Vulnerability (Melbourne FL)","Systems/Architecture/Test","","Melbourne, FL","US (CONUS)","","","","","","https://jobs.northropgrumman.com/careers/job/1340072606174"
"Northrop Grumman","Eightfold","2026 Entry Level Engineering Opportunities","Engineering Mult-Func","","Falls Church, VA","US (CONUS)","","","","","","https://jobs.northropgrumman.com/careers/job/1340072607758"
"Northrop Grumman","Eightfold","Principal Contract Administrator","Contracts","","Sunnyvale, CA","US (CONUS)","","","","","","https://jobs.northropgrumman.com/careers/job/1340072607902"
"Northrop Grumman","Eightfold","Staff Simulation Software Engineer","Software","","Melbourne, FL","US (CONUS)","","","","","","https://jobs.northropgrumman.com/careers/job/1340072608662"
"Northrop Grumman","Eightfold","Sr Principal Simulation Software Engineer","Software","","Melbourne, FL","US (CONUS)","","","","","","https://jobs.northropgrumman.com/careers/job/1340072608708"
"Northrop Grumman","Eightfold","Manager Production Operations 2","Manufacturing and Production","","Sunnyvale, CA","US (CONUS)","","","","","","https://jobs.northropgrumman.com/careers/job/1340072608713"
"Northrop Grumman","Eightfold","Principal Engineer/Senior Principal Engineer - Survivability (Melbourne FL)","Systems/Architecture/Test","","Melbourne, FL","US (CONUS)","","","","","","https://jobs.northropgrumman.com/careers/job/1340072578140"
"Northrop Grumman","Eightfold","Staff Engineer - Survivability (Melbourne FL)","Systems/Architecture/Test","","Melbourne, FL","US (CONUS)","","","","","","https://jobs.northropgrumman.com/careers/job/1340072578846"
"Northrop Grumman","Eightfold","Principal Systems Engineer - Requirements & Verification","Systems/Architecture/Test","","San Diego, CA","US (CONUS)","","","","","","https://jobs.northropgrumman.com/careers/job/1340072598260"
"Northrop Grumman","Eightfold","Principal/Senior Principal Engineer - Survivability (Melbourne FL)","Systems/Architecture/Test","","Melbourne, FL","US (CONUS)","","","","","","https://jobs.northropgrumman.com/careers/job/1340072578446"
"Northrop Grumman","Eightfold","Electrical/Principal Electrical Engineer - (16899 - 16900 & 16901)","Electrical","","Roy, UT","US (CONUS)","","","","","","https://jobs.northropgrumman.com/careers/job/1340072578572"
"Northrop Grumman","Eightfold","Engineer Electronics - Communications","Electrical","","San Diego, CA","US (CONUS)","","","","","","https://jobs.northropgrumman.com/careers/job/1340072578619"
"Northrop Grumman","Eightfold","Sr. Principal Electronics Engineer","Electrical","","San Diego, CA","US (CONUS)","","","","","","https://jobs.northropgrumman.com/careers/job/1340072578645"
"Northrop Grumman","Eightfold","Senior Principal Engineer - Survivability (Melbourne FL)","Systems/Architecture/Test","","Melbourne, FL","US (CONUS)","","","","","","https://jobs.northropgrumman.com/careers/job/1340072578793"
"Northrop Grumman","Eightfold","Principal Linux Systems Administrator / Sr. Principal Linux Systems Administrator (AHT)","Networks","","Redondo Beach, CA","US (CONUS)","","","","","","https://jobs.northropgrumman.com/careers/job/1340072597617"
"Northrop Grumman","Eightfold","Sentinel Operations Project Manager / Principal Operations Project Manager - 18978","Project Management (Non-P&L)","","Huntsville, AL","US (CONUS)","","","","","","https://jobs.northropgrumman.com/careers/job/1340072599021"
"Northrop Grumman","Eightfold","Sentinel Software Reliability Systems Engineering Manager 2 -18052","Systems/Architecture/Test","","Roy, UT","US (CONUS)","","","","","","https://jobs.northropgrumman.com/careers/job/1340072288423"
"Northrop Grumman","Eightfold","Principal Systems Administrator","Networks","","Tindal, NT, AU","International","","","","","","https://jobs.northropgrumman.com/careers/job/1340072403287"
"Northrop Grumman","Eightfold","Sentinel Principal/ Sr Principal Systems Software Analyst - 18797","Operations (IT)","","Roy, UT","US (CONUS)","","","","","","https://jobs.northropgrumman.com/careers/job/1340072255944"
"Northrop Grumman","Eightfold","U103 PreStage ToolSetter","NGC - Non - NGJF Union","","Sunnyvale, CA","US (CONUS)","","","","","","https://jobs.northropgrumman.com/careers/job/1340072258026"
"Northrop Grumman","Eightfold","Engineer/Principal Engineer - Survivability (Melbourne FL)","Systems/Architecture/Test","","Melbourne, FL","US (CONUS)","","","","","","https://jobs.northropgrumman.com/careers/job/1340072577810"
"Northrop Grumman","Eightfold","Engineer/Principal Engineer – Survivability (Melbourne FL)","Systems/Architecture/Test","","Melbourne, FL","US (CONUS)","","","","","","https://jobs.northropgrumman.com/careers/job/1340072577895"
"Northrop Grumman","Eightfold","U103 STOCK COORDINATOR","NGC - Non - NGJF Union","","Sunnyvale, CA","US (CONUS)","","","","","","https://jobs.northropgrumman.com/careers/job/1340072044132"
"Northrop Grumman","Eightfold","Engineer or Principal Engineer Liaison MRB","Mechanical","","Iuka, MS","US (CONUS)","","","","","","https://jobs.northropgrumman.com/careers/job/1340072604059"
"Northrop Grumman","Eightfold","ALMDS Senior Principal Software Engineer","Software","","Melbourne, FL","US (CONUS)","","","","","","https://jobs.northropgrumman.com/careers/job/1340072592492"
"Northrop Grumman","Eightfold","Principal/ Sr. Principal Electrical - (16879 & 16896)","Electrical","","Roy, UT","US (CONUS)","","","","","","https://jobs.northropgrumman.com/careers/job/1340072578547"
"Northrop Grumman","Eightfold","Command and Control Enclave (C2E) Architect - Sr. Principal Engineer Systems Architect","Systems/Architecture/Test","","El Segundo, CA","US (CONUS)","","","","","","https://jobs.northropgrumman.com/careers/job/1340072203541"
"Northrop Grumman","Eightfold","Industrial Engineer / Principal Industrial Engineer","Material/Process","","El Segundo, CA","US (CONUS)","","","","","","https://jobs.northropgrumman.com/careers/job/1340072373932"
"Northrop Grumman","Eightfold","Principal Engineer Systems Architect","Systems/Architecture/Test","","Melbourne, FL","US (CONUS)","","","","","","https://jobs.northropgrumman.com/careers/job/1340072574267"
"Northrop Grumman","Eightfold","Senior Principal Engineer Systems Architect","Systems/Architecture/Test","","Melbourne, FL","US (CONUS)","","","","","","https://jobs.northropgrumman.com/careers/job/1340072573006"
"Northrop Grumman","Eightfold","Principal OR Sr. Principal Electrical Engineer - Vehicle Subsystems & Integration","Electrical","","Palmdale, CA","US (CONUS)","","","","","","https://jobs.northropgrumman.com/careers/job/1340071717543"
"Northrop Grumman","Eightfold","Command and Control Enclave (C2E) Architect - Staff Engineer Systems Architect","Systems/Architecture/Test","","El Segundo, CA","US (CONUS)","","","","","","https://jobs.northropgrumman.com/careers/job/1340072573136"
"Northrop Grumman","Eightfold","Principal Weapons Systems Engineer","Electrical","","Melbourne, FL","US (CONUS)","","","","","","https://jobs.northropgrumman.com/careers/job/1340072575491"
"Northrop Grumman","Eightfold","Principal/Sr. Principal RF Hardware Subsystem I&T Engineers","Electrical","","Baltimore, MD","US (CONUS)","","","","","","https://jobs.northropgrumman.com/careers/job/1340072576390"
"Northrop Grumman","Eightfold","Program Cost and Schedule Control Analyst","Business Management Mult-Func","","San Diego, CA","US (CONUS)","","","","","","https://jobs.northropgrumman.com/careers/job/1340072577718"
"Northrop Grumman","Eightfold","Staff Propulsion Engineer - Elkton MD","Mechanical","","Elkton, MD","US (CONUS)","","","","","","https://jobs.northropgrumman.com/careers/job/1340072539369"
"Northrop Grumman","Eightfold","Systems Modeling and Simulation Engineer (Engineer or Principal Level)","Systems/Architecture/Test","","San Diego, CA","US (CONUS)","","","","","","https://jobs.northropgrumman.com/careers/job/1340072553979"
"Northrop Grumman","Eightfold","Noise Vibration and Harshness Test Engineer 2/3","Systems/Architecture/Test","","Sunnyvale, CA","US (CONUS)","","","","","","https://jobs.northropgrumman.com/careers/job/1340072562699"
"Northrop Grumman","Eightfold","Sr Principal Engineer Propulsion","Mechanical","","Elkton, MD","US (CONUS)","","","","","","https://jobs.northropgrumman.com/careers/job/1340072562756"
"Northrop Grumman","Eightfold","Maintenance Reliability Engineer 2/3","Material/Process","","Magna, UT","US (CONUS)","","","","","","https://jobs.northropgrumman.com/careers/job/1340070776808"
"Northrop Grumman","Eightfold","Ground System Architect/Integrator /Staff Electronics Engineer","Electrical","","San Diego, CA","US (CONUS)","","","","","","https://jobs.northropgrumman.com/careers/job/1340072019457"
"Northrop Grumman","Eightfold","Sentinel - Principal Supply Chain Subcontract Specialist (18950)","Global Supply Chain Mult-Func","","Roy, UT","US (CONUS)","","","","","","https://jobs.northropgrumman.com/careers/job/1340072370586"
"Northrop Grumman","Eightfold","Sentinel Mission Equipment Complex (MEC) – Zone Lead Manager 3 - 18963","Systems/Architecture/Test","","Roy, UT","US (CONUS)","","","","","","https://jobs.northropgrumman.com/careers/job/1340072305157"
"Northrop Grumman","Eightfold","Sr EVM Program Control Analyst (level 4)","Business Management Mult-Func","","Melbourne, FL","US (CONUS)","","","","","","https://jobs.northropgrumman.com/careers/job/1340072572742"
"Northrop Grumman","Eightfold","Staff Aerodynamics Engineer","Mechanical","","Melbourne, FL","US (CONUS)","","","","","","https://jobs.northropgrumman.com/careers/job/1340072577053"
"Northrop Grumman","Eightfold","Sentinel - Principal / Sr Principal Systems Test Engineer - 18355*","Systems/Architecture/Test","","Roy, UT","US (CONUS)","","","","","","https://jobs.northropgrumman.com/careers/job/1340070869086"
"Northrop Grumman","Eightfold","Principal Electronics Engineer - Ground Segment Integrator","Electrical","","San Diego, CA","US (CONUS)","","","","","","https://jobs.northropgrumman.com/careers/job/1340072019153"
"Northrop Grumman","Eightfold","Supplier Performance Lead - Lvl 4","Global Supply Chain Mult-Func","","Salt Lake City, UT","US (CONUS)","","","","","","https://jobs.northropgrumman.com/careers/job/1340072576816"
"Northrop Grumman","Eightfold","Sr Principal Software Engineer - Thread Lead","Software","","San Diego, CA","US (CONUS)","","","","","","https://jobs.northropgrumman.com/careers/job/1340072562859"
"Northrop Grumman","Eightfold","Linux Systems Architect - Level 3/4","Design and Programming","","Redondo Beach, CA","US (CONUS)","","","","","","https://jobs.northropgrumman.com/careers/job/1340072576276"
"Northrop Grumman","Eightfold","Sr Principal Supply Chain Planning Specialist","Global Supply Chain Mult-Func","","Melbourne, FL","US (CONUS)","","","","","","https://jobs.northropgrumman.com/careers/job/1340072562883"
"Northrop Grumman","Eightfold","RF Systems Engineer","Systems/Architecture/Test","","Baltimore, MD","US (CONUS)","","","","","","https://jobs.northropgrumman.com/careers/job/1340072482063"
"Northrop Grumman","Eightfold","Staff Engineer Systems Architect","Systems/Architecture/Test","","Melbourne, FL","US (CONUS)","","","","","","https://jobs.northropgrumman.com/careers/job/1340072482917"
"Northrop Grumman","Eightfold","Principal / Flight Avionics Electronics Engineer","Electrical","","Melbourne, FL","US (CONUS)","","","","","","https://jobs.northropgrumman.com/careers/job/1340072562316"
"Northrop Grumman","Eightfold","Test Engineer/Principal Test Engineer","Systems/Architecture/Test","","Los Angeles, CA","US (CONUS)","","","","","","https://jobs.northropgrumman.com/careers/job/1340072562754"
"Northrop Grumman","Eightfold","Manager Programs 3","Program Management (P&L)","","San Diego, CA","US (CONUS)","","","","","","https://jobs.northropgrumman.com/careers/job/1340072563497"
"Northrop Grumman","Eightfold","Principal Human Factors Engineer / Senior Principal Human Factors Engineer","Systems/Architecture/Test","","Melbourne, FL","US (CONUS)","","","","","","https://jobs.northropgrumman.com/careers/job/1340072200164"
"Northrop Grumman","Eightfold","GN&C Flight Software Lead - 19031","Software","","Roy, UT","US (CONUS)","","","","","","https://jobs.northropgrumman.com/careers/job/1340072403096"
"Northrop Grumman","Eightfold","Sr Principal Engineer Microelectronic Semiconductors","Electrical","","Elkridge, MD","US (CONUS)","","","","","","https://jobs.northropgrumman.com/careers/job/1340072266661"
"Northrop Grumman","Eightfold","Security Coordinator 3","Security Mult-Func","","Sunnyvale, CA","US (CONUS)","","","","","","https://jobs.northropgrumman.com/careers/job/1340072198114"
"Northrop Grumman","Eightfold","Program Manager 2 - Advanced Programs","Program Management (P&L)","","Corinne, UT","US (CONUS)","","","","","","https://jobs.northropgrumman.com/careers/job/1340072202766"
"Northrop Grumman","Eightfold","Sentinel Senior Director of Programs - SEIT","Program Management (P&L)","","Roy, UT","US (CONUS)","","","","","","https://jobs.northropgrumman.com/careers/job/1340072491586"
"Northrop Grumman","Eightfold","Sr. Principal Systems Engineer Architect","Systems/Architecture/Test","","Melbourne, FL","US (CONUS)","","","","","","https://jobs.northropgrumman.com/careers/job/1340071867138"
"Northrop Grumman","Eightfold","SCRM Vulnerability Assessment Engineer/Principal Engineer - #17383","Systems/Architecture/Test","","Roy, UT","US (CONUS)","","","","","","https://jobs.northropgrumman.com/careers/job/1340072039800"
"Northrop Grumman","Eightfold","Manager Software Engineering","Software","","Melbourne, FL","US (CONUS)","","","","","","https://jobs.northropgrumman.com/careers/job/1340072269282"
"Northrop Grumman","Eightfold","Sentinel - Technical Services - Sr. Principal Engineer (T04) - 18922*","Systems/Architecture/Test","","Roy, UT","US (CONUS)","","","","","","https://jobs.northropgrumman.com/careers/job/1340072248449"
"Northrop Grumman","Eightfold","Manager Programs 2","Program Management (P&L)","","Rolling Meadows, IL","US (CONUS)","","","","","","https://jobs.northropgrumman.com/careers/job/1340072480643"
"Northrop Grumman","Eightfold","Manager Programs 3","Program Management (P&L)","","Rolling Meadows, IL","US (CONUS)","","","","","","https://jobs.northropgrumman.com/careers/job/1340072480663"
"Northrop Grumman","Eightfold","Liaison Engineer/Principal Liaison Engineer - MRB","Mechanical","","Palmdale, CA","US (CONUS)","","","","","","https://jobs.northropgrumman.com/careers/job/1340072521070"
"Northrop Grumman","Eightfold","Software Engineer/Principal Software Engineer - JAVA","Software","","San Diego, CA","US (CONUS)","","","","","","https://jobs.northropgrumman.com/careers/job/1340072499219"
"Northrop Grumman","Eightfold","Principal Contract Administrator","Contracts","","Baltimore, MD","US (CONUS)","","","","","","https://jobs.northropgrumman.com/careers/job/1340072501639"
"Northrop Grumman","Eightfold","Principal Engineer Aeronautical - Aircraft Ground and Flight Test","Mechanical","","Melbourne, FL","US (CONUS)","","","","","","https://jobs.northropgrumman.com/careers/job/1340071775143"
"Northrop Grumman","Eightfold","Staff Mechanical Engineer","Mechanical","","Los Angeles, CA","US (CONUS)","","","","","","https://jobs.northropgrumman.com/careers/job/1340072402155"
"Northrop Grumman","Eightfold","Staff RF Systems Engineer","Systems/Architecture/Test","","Baltimore, MD","US (CONUS)","","","","","","https://jobs.northropgrumman.com/careers/job/1340072484704"
"Northrop Grumman","Eightfold","Manufacturing Engineer 2/3","Material/Process","","Rocket Center, WV","US (CONUS)","","","","","","https://jobs.northropgrumman.com/careers/job/1340072372571"
"Northrop Grumman","Eightfold","Materials & Process Engineer - Level 3","Material/Process","","San Diego, CA","US (CONUS)","","","","","","https://jobs.northropgrumman.com/careers/job/1340072376891"
"Northrop Grumman","Eightfold","Principal Systems Engineer","Systems/Architecture/Test","","San Diego, CA","US (CONUS)","","","","","","https://jobs.northropgrumman.com/careers/job/1340072376950"
"Northrop Grumman","Eightfold","Production Mission Assurance Engineer (Level 3 or 4)","Mission/Quality Assurance","","Ridgecrest, CA","US (CONUS)","","","","","","https://jobs.northropgrumman.com/careers/job/1340072102229"
"Northrop Grumman","Eightfold","Sr Principal Engineer Embedded Software","Software","","Rolling Meadows, IL","US (CONUS)","","","","","","https://jobs.northropgrumman.com/careers/job/1340072401428"
"Northrop Grumman","Eightfold","Principal/Sr Principal Engineer Embedded Cryptographic Software","Software","","San Diego, CA","US (CONUS)","","","","","","https://jobs.northropgrumman.com/careers/job/1340072402144"
"Northrop Grumman","Eightfold","Sr Principal Engineer Systems RF Communications","Systems/Architecture/Test","","Cincinnati, OH","US (CONUS)","","","","","","https://jobs.northropgrumman.com/careers/job/1340059448959"
"Northrop Grumman","Eightfold","Program Cost Control Analyst - Level 3","Business Management Mult-Func","","Redondo Beach, CA","US (CONUS)","","","","","","https://jobs.northropgrumman.com/careers/job/1340072396076"
"Northrop Grumman","Eightfold","Sentinel Command Systems Node Integration Manager 3 - 18150","Systems/Architecture/Test","","Huntsville, AL","US (CONUS)","","","","","","https://jobs.northropgrumman.com/careers/job/1340072400224"
"Northrop Grumman","Eightfold","Manufacturing & Operations [Engineers / Machinists / Technicians]","Material/Process","","Redondo Beach, CA","US (CONUS)","","","","","","https://jobs.northropgrumman.com/careers/job/1340072400686"
"Northrop Grumman","Eightfold","Driver Heavy Vehicles 2","Deliver","","Palmdale, CA","US (CONUS)","","","","","","https://jobs.northropgrumman.com/careers/job/1340072400737"
"Northrop Grumman","Eightfold","Engineer Embedded Software","Software","","Rolling Meadows, IL","US (CONUS)","","","","","","https://jobs.northropgrumman.com/careers/job/1340072401270"
"Northrop Grumman","Eightfold","Principal Engineer Embedded Software","Software","","Rolling Meadows, IL","US (CONUS)","","","","","","https://jobs.northropgrumman.com/careers/job/1340072401287"
"Northrop Grumman","Eightfold","Tool Engineer 2/3","Material/Process","","Clearfield, UT","US (CONUS)","","","","","","https://jobs.northropgrumman.com/careers/job/1340072103460"
"Northrop Grumman","Eightfold","Precision Electromechanical Assembler 3 (Second Shift)","Manufacturing and Production","","Rolling Meadows, IL","US (CONUS)","","","","","","https://jobs.northropgrumman.com/careers/job/1340072399681"
"Northrop Grumman","Eightfold","Field Engineer or  Principal Field Engineer","Systems/Architecture/Test","","Nashua, NH","US (CONUS)","","","","","","https://jobs.northropgrumman.com/careers/job/1340072302259"
"Northrop Grumman","Eightfold","Targets and Interceptors GSC Project/Program Manager - Level 3 or Level 4","Project Management (Non-P&L)","","Chandler, AZ","US (CONUS)","","","","","","https://jobs.northropgrumman.com/careers/job/1340072355478"
"Northrop Grumman","Eightfold","Sentinel Strategic Sourcing & DCMA Integration Manager 3 - 15927-1","Systems/Architecture/Test","","Roy, UT","US (CONUS)","","","","","","https://jobs.northropgrumman.com/careers/job/1340072304888"
"Northrop Grumman","Eightfold","Avionics Integration Section Manager","Electrical","","Melbourne, FL","US (CONUS)","","","","","","https://jobs.northropgrumman.com/careers/job/1340072274116"
"Northrop Grumman","Eightfold","Director Industrial Engineering 2","Material/Process","","Palmdale, CA","US (CONUS)","","","","","","https://jobs.northropgrumman.com/careers/job/1340071307268"
"Northrop Grumman","Eightfold","Senior Principal Engineer Software (Embedded)","Software","","Melbourne, FL","US (CONUS)","","","","","","https://jobs.northropgrumman.com/careers/job/1340069704468"
"Northrop Grumman","Eightfold","Systems Engineer / Principal Systems Engineer - Integration & Test","Systems/Architecture/Test","","Los Angeles, CA","US (CONUS)","","","","","","https://jobs.northropgrumman.com/careers/job/1340072374037"
"Northrop Grumman","Eightfold","Driver Heavy Vehicles 2","Deliver","","Iuka, MS","US (CONUS)","","","","","","https://jobs.northropgrumman.com/careers/job/1340072268224"
"Northrop Grumman","Eightfold","Staff Technical Services Project Management","Project Management (Non-P&L)","","Melbourne, FL","US (CONUS)","","","","","","https://jobs.northropgrumman.com/careers/job/1340072401584"
"Northrop Grumman","Eightfold","Senior Principal Analog Design Engineer","Electrical","","Los Angeles, CA","US (CONUS)","","","","","","https://jobs.northropgrumman.com/careers/job/1340072373471"
"Northrop Grumman","Eightfold","Harnessing Manufacturing Technician - Level 2","Manufacturing and Production","","Oxnard, CA","US (CONUS)","","","","","","https://jobs.northropgrumman.com/careers/job/1340072403572"
"Northrop Grumman","Eightfold","Sr Principal Data Management Analyst/Configuration Analyst","Tech Support Mult-Func","","Rolling Meadows, IL","US (CONUS)","","","","","","https://jobs.northropgrumman.com/careers/job/1340072398568"
"Northrop Grumman","Eightfold","Software Engineer / Principal Software Engineer – Simulation Tools","Software","","Melbourne, FL","US (CONUS)","","","","","","https://jobs.northropgrumman.com/careers/job/1340072374190"
"Northrop Grumman","Eightfold","Manufacturing Technician – Level 3","Manufacturing and Production","","Clearfield, UT","US (CONUS)","","","","","","https://jobs.northropgrumman.com/careers/job/1340072403306"
"Northrop Grumman","Eightfold","Principal or Sr. Principal Mechanical Engineer","Mechanical","","Annapolis, MD","US (CONUS)","","","","","","https://jobs.northropgrumman.com/careers/job/1340072375430"
"Northrop Grumman","Eightfold","Tool Engineer/Principal Tool Engineer","Material/Process","","Palmdale, CA","US (CONUS)","","","","","","https://jobs.northropgrumman.com/careers/job/1340072375441"
"Northrop Grumman","Eightfold","Manager Programs 3","Program Management (P&L)","","Rolling Meadows, IL","US (CONUS)","","","","","","https://jobs.northropgrumman.com/careers/job/1340072377600"
"Northrop Grumman","Eightfold","Supply Chain Procurement Specialist 1 OR 2","Global Supply Chain Mult-Func","","Oklahoma City, OK","US (CONUS)","","","","","","https://jobs.northropgrumman.com/careers/job/1340072202890"
"Northrop Grumman","Eightfold","Sr Principal Engineer Systems - DevOps Lead","Systems/Architecture/Test","","San Diego, CA","US (CONUS)","","","","","","https://jobs.northropgrumman.com/careers/job/1340072141449"
"Northrop Grumman","Eightfold","Aeronautical Engineer / Principal Aeronautical Engineer - Fluid Systems","Mechanical","","Palmdale, CA","US (CONUS)","","","","","","https://jobs.northropgrumman.com/careers/job/1340072373249"
"Northrop Grumman","Eightfold","Principal/Senior Principal Electromechanical Design Engineer","Electrical","","Baltimore, MD","US (CONUS)","","","","","","https://jobs.northropgrumman.com/careers/job/1340072373252"
"Northrop Grumman","Eightfold","Staff Electromechanical Design Engineer","Electrical","","Baltimore, MD","US (CONUS)","","","","","","https://jobs.northropgrumman.com/careers/job/1340072373372"
"Northrop Grumman","Eightfold","Staff Component Engineer","Material/Process","","Linthicum Heights, MD","US (CONUS)","","","","","","https://jobs.northropgrumman.com/careers/job/1340072373475"
"Northrop Grumman","Eightfold","Sentinel - Principal Systems Safety Engineer - 17585","Systems/Architecture/Test","","Roy, UT","US (CONUS)","","","","","","https://jobs.northropgrumman.com/careers/job/1340072362072"
"Northrop Grumman","Eightfold","Principal Systems Test Engineer","Systems/Architecture/Test","","Warner Robins, GA","US (CONUS)","","","","","","https://jobs.northropgrumman.com/careers/job/1340072368558"
"Northrop Grumman","Eightfold","Principal Contracts Administrator","Contracts","","Beavercreek, OH","US (CONUS)","","","","","","https://jobs.northropgrumman.com/careers/job/1340072358482"
"Northrop Grumman","Eightfold","Sr Principal System Administrator","Design and Programming","","Edwards AFB, CA","US (CONUS)","","","","","","https://jobs.northropgrumman.com/careers/job/1340072196221"
"Northrop Grumman","Eightfold","Military Skillbridge Space Network Systems Engineer - TS SCI Poly","Systems/Architecture/Test","","Colorado Springs, CO","US (CONUS)","","","","","","https://jobs.northropgrumman.com/careers/job/1340072044656"
"Northrop Grumman","Eightfold","Staff Software Engineer (Active Secret Clearance Required)","Software","","Oklahoma City, OK","US (CONUS)","","","","","","https://jobs.northropgrumman.com/careers/job/1340072360596"
"Northrop Grumman","Eightfold","Staff Systems Engineer - Site Liaison Engineering Lead","Systems/Architecture/Test","","GA","US (CONUS)","","","","","","https://jobs.northropgrumman.com/careers/job/1340071978379"
"Northrop Grumman","Eightfold","Sentinel - Principal/Sr. Principal Mechanical Engineer (18982)","Mechanical","","Clearfield, UT","US (CONUS)","","","","","","https://jobs.northropgrumman.com/careers/job/1340072347832"
"Northrop Grumman","Eightfold","Senior Principal Systems Algorithm Engineer","Systems/Architecture/Test","","Baltimore, MD","US (CONUS)","","","","","","https://jobs.northropgrumman.com/careers/job/1340072372401"
"Northrop Grumman","Eightfold","Principal Systems Algorithm Engineer","Systems/Architecture/Test","","Baltimore, MD","US (CONUS)","","","","","","https://jobs.northropgrumman.com/careers/job/1340072371682"
"Northrop Grumman","Eightfold","Production Project Manager 4","Project Management (Non-P&L)","","Los Angeles, CA","US (CONUS)","","","","","","https://jobs.northropgrumman.com/careers/job/1340072373172"
"Northrop Grumman","Eightfold","Sentinel - Mechanical Engineer level 2/3 (18981)","Mechanical","","Clearfield, UT","US (CONUS)","","","","","","https://jobs.northropgrumman.com/careers/job/1340072347262"
"Northrop Grumman","Eightfold","DevOps/Principal DevOps Engineer","Software","","Rolling Meadows, IL","US (CONUS)","","","","","","https://jobs.northropgrumman.com/careers/job/1340072372007"
"Northrop Grumman","Eightfold","Java Software Engineer Level 2 or 3","Software","","Aurora, CO","US (CONUS)","","","","","","https://jobs.northropgrumman.com/careers/job/1340072372690"
"Northrop Grumman","Eightfold","Java Software Engineer Level 5","Software","","Aurora, CO","US (CONUS)","","","","","","https://jobs.northropgrumman.com/careers/job/1340072373014"
"Northrop Grumman","Eightfold","Manager Programs 2","Program Management (P&L)","","Iuka, MS","US (CONUS)","","","","","","https://jobs.northropgrumman.com/careers/job/1340072118725"
"Northrop Grumman","Eightfold","Principal / Sr. Principal Data Scientist – Machine Learning and Predictive Analytics","Data Science","","Melbourne, FL","US (CONUS)","","","","","","https://jobs.northropgrumman.com/careers/job/1340071776149"
"Northrop Grumman","Eightfold","Manager International Trade Compliance 2","Compliance","","Redondo Beach, CA","US (CONUS)","","","","","","https://jobs.northropgrumman.com/careers/job/1340070948346"
"Northrop Grumman","Eightfold","Principal / Sr Principal Systems Field Test Engineer","Systems/Architecture/Test","","Baltimore, MD","US (CONUS)","","","","","","https://jobs.northropgrumman.com/careers/job/1340072355394"
"Northrop Grumman","Eightfold","Staff Software Embedded Engineer","Software","","Rolling Meadows, IL","US (CONUS)","","","","","","https://jobs.northropgrumman.com/careers/job/1340072358460"
"Northrop Grumman","Eightfold","U103 NDT Inspector A","NGC - Non - NGJF Union","","Sunnyvale, CA","US (CONUS)","","","","","","https://jobs.northropgrumman.com/careers/job/1340072096573"
"Northrop Grumman","Eightfold","Staff Systems Architect Engineer – Solutions Architect PO (26-304)","Systems/Architecture/Test","","Colorado Springs, CO","US (CONUS)","","","","","","https://jobs.northropgrumman.com/careers/job/1340072305284"
"Northrop Grumman","Eightfold","Sr Principal/Principal Avionics Radar Engineer","Electrical","","Melbourne, FL","US (CONUS)","","","","","","https://jobs.northropgrumman.com/careers/job/1340072267765"
"Northrop Grumman","Eightfold","Engineer Mission Assurance","Mission/Quality Assurance","","San Diego, CA","US (CONUS)","","","","","","https://jobs.northropgrumman.com/careers/job/1340072145849"
"Northrop Grumman","Eightfold","Program Planning and Scheduling Analyst - Level 3 or Level 4","Business Management Mult-Func","","Dulles, VA","US (CONUS)","","","","","","https://jobs.northropgrumman.com/careers/job/1340071817363"
"Northrop Grumman","Eightfold","Sr Principal Engineer Systems - Specialty Engineering Lead","Systems/Architecture/Test","","San Diego, CA","US (CONUS)","","","","","","https://jobs.northropgrumman.com/careers/job/1340072219914"
"Northrop Grumman","Eightfold","Engineer / Principal Engineer Aeronautical","Mechanical","","San Diego, CA","US (CONUS)","","","","","","https://jobs.northropgrumman.com/careers/job/1340071232963"
"Northrop Grumman","Eightfold","U103 TESTER C TURBINES","NGC - Non - NGJF Union","","Sunnyvale, CA","US (CONUS)","","","","","","https://jobs.northropgrumman.com/careers/job/1340072085297"
"Northrop Grumman","Eightfold","U103 Inspector B","NGC - Non - NGJF Union","","Sunnyvale, CA","US (CONUS)","","","","","","https://jobs.northropgrumman.com/careers/job/1340072087513"
"Northrop Grumman","Eightfold","Mechanical Engineering Manager 2","Electrical","","Rolling Meadows, IL","US (CONUS)","","","","","","https://jobs.northropgrumman.com/careers/job/1340072045609"
"Northrop Grumman","Eightfold","Sr. Principal Motor Drive Engineer","Electrical","","Rolling Meadows, IL","US (CONUS)","","","","","","https://jobs.northropgrumman.com/careers/job/1340071521502"
"Northrop Grumman","Eightfold","Embedded Software Engineer","Software","","Rolling Meadows, IL","US (CONUS)","","","","","","https://jobs.northropgrumman.com/careers/job/1340071318656"
"Northrop Grumman","Eightfold","Principal/Sr. Principal FPGA Design Engineer","Engineering Mult-Func","","Rolling Meadows, IL","US (CONUS)","","","","","","https://jobs.northropgrumman.com/careers/job/1340070178481"
"Northrop Grumman","Eightfold","Mechanical Engineer","Mechanical","","Rolling Meadows, IL","US (CONUS)","","","","","","https://jobs.northropgrumman.com/careers/job/1340068428335"
"Northrop Grumman","Eightfold","Principal/ Sr. Principal Engineering Design","Systems/Architecture/Test","","Rolling Meadows, IL","US (CONUS)","","","","","","https://jobs.northropgrumman.com/careers/job/1340068428478"
"Northrop Grumman","Eightfold","Software/Principal Software Engineer","Software","","Rolling Meadows, IL","US (CONUS)","","","","","","https://jobs.northropgrumman.com/careers/job/1340068430703"
"Northrop Grumman","Eightfold","Principal/Sr. Principal Digital Design Engineer","Electrical","","Rolling Meadows, IL","US (CONUS)","","","","","","https://jobs.northropgrumman.com/careers/job/1340071305219"
"Northrop Grumman","Eightfold","Principal/Sr. Principal Digital Design Engineer","Electrical","","Rolling Meadows, IL","US (CONUS)","","","","","","https://jobs.northropgrumman.com/careers/job/1340070772149"
"Northrop Grumman","Eightfold","Sr. Principal Mechanical Drafting Design Engineer","Systems/Architecture/Test","","Rolling Meadows, IL","US (CONUS)","","","","","","https://jobs.northropgrumman.com/careers/job/1340071915501"
"Northrop Grumman","Eightfold","Principal Software Embedded Engineer","Software","","Rolling Meadows, IL","US (CONUS)","","","","","","https://jobs.northropgrumman.com/careers/job/1340071318684"
"Northrop Grumman","Eightfold","Sr. Principal Software Engineer","Software","","Rolling Meadows, IL","US (CONUS)","","","","","","https://jobs.northropgrumman.com/careers/job/1340068430742"
"Northrop Grumman","Eightfold","Principal/ Sr. Principal Engineer Mechanical","Mechanical","","Rolling Meadows, IL","US (CONUS)","","","","","","https://jobs.northropgrumman.com/careers/job/1340068428239"
"Northrop Grumman","Eightfold","Electronic Technician 3","Tech Support Mult-Func","","Corinne, UT","US (CONUS)","","","","","","https://jobs.northropgrumman.com/careers/job/1340072240632"
"Northrop Grumman","Eightfold","Sentinel - Sr. Principal Systems Engineer - 14411-1","Systems/Architecture/Test","","Roy, UT","US (CONUS)","","","","","","https://jobs.northropgrumman.com/careers/job/1340072046938"
"Northrop Grumman","Eightfold","Principal Earned Value Scheduler","Business Management Mult-Func","","Melbourne, FL","US (CONUS)","","","","","","https://jobs.northropgrumman.com/careers/job/1340072284515"
"Northrop Grumman","Eightfold","Manager Structural Engineering 1","Material/Process","","San Diego, CA","US (CONUS)","","","","","","https://jobs.northropgrumman.com/careers/job/1340072005009"
"Northrop Grumman","Eightfold","Software Systems Integration Engineer - Level 5","Systems/Architecture/Test","","Aurora, CO","US (CONUS)","","","","","","https://jobs.northropgrumman.com/careers/job/1340072303171"
"Northrop Grumman","Eightfold","Sentinel - Principal/Sr. Principal Systems Engineer - 18439*","Systems/Architecture/Test","","Roy, UT","US (CONUS)","","","","","","https://jobs.northropgrumman.com/careers/job/1340070950820"
"Northrop Grumman","Eightfold","SkillBridge - Principal or Sr. Principal Electronics Engineer","Electrical","","Oklahoma City, OK","US (CONUS)","","","","","","https://jobs.northropgrumman.com/careers/job/1340072305813"
"Northrop Grumman","Eightfold","Systems Engineer/Principal Engineer Systems","Systems/Architecture/Test","","Oklahoma City, OK","US (CONUS)","","","","","","https://jobs.northropgrumman.com/careers/job/1340071902187"
"Northrop Grumman","Eightfold","DOD SkillBridge - Principal Logistics Management Analyst","Tech Support Mult-Func","","Oklahoma City, OK","US (CONUS)","","","","","","https://jobs.northropgrumman.com/careers/job/1340072301982"
"Northrop Grumman","Eightfold","Software Engineer/Principal Software Engineer","Software","","McClellan Park, CA","US (CONUS)","","","","","","https://jobs.northropgrumman.com/careers/job/1340072303454"
"Northrop Grumman","Eightfold","Principal/Senior Principal Engineer Software","Software","","McClellan Park, CA","US (CONUS)","","","","","","https://jobs.northropgrumman.com/careers/job/1340072303544"
"Northrop Grumman","Eightfold","Test Engineering Manager 2","Systems/Architecture/Test","","Oxnard, CA","US (CONUS)","","","","","","https://jobs.northropgrumman.com/careers/job/1340072304055"
"Northrop Grumman","Eightfold","Staff Software Engineer","Software","","McClellan Park, CA","US (CONUS)","","","","","","https://jobs.northropgrumman.com/careers/job/1340072304849"
"Northrop Grumman","Eightfold","Principal Digital/Sr. Principal Digital Design Engineer","Electrical","","Rolling Meadows, IL","US (CONUS)","","","","","","https://jobs.northropgrumman.com/careers/job/1340072304668"
"Northrop Grumman","Eightfold","Principal/Sr. Principal Software Engineer","Software","","Rolling Meadows, IL","US (CONUS)","","","","","","https://jobs.northropgrumman.com/careers/job/1340072304354"
"Northrop Grumman","Eightfold","Principal FPGA/Sr. Principal FPGA Design Engineer","Engineering Mult-Func","","Rolling Meadows, IL","US (CONUS)","","","","","","https://jobs.northropgrumman.com/careers/job/1340072304630"
"Northrop Grumman","Eightfold","Principal Program Cost and Schedule Control Analyst","Business Management Mult-Func","","San Diego, CA","US (CONUS)","","","","","","https://jobs.northropgrumman.com/careers/job/1340072284306"
"Northrop Grumman","Eightfold","Business Analyst - Team Leader","Program Management (P&L)","","Cheltenham, England, GB","International","","","","","","https://jobs.northropgrumman.com/careers/job/1340072236546"
"Northrop Grumman","Eightfold","Senior Business Analyst","Project Management (Non-P&L)","","Cheltenham, England, GB","International","","","","","","https://jobs.northropgrumman.com/careers/job/1340072237135"
"Northrop Grumman","Eightfold","Principal Subsystems Engineer","Electrical","","San Diego, CA","US (CONUS)","","","","","","https://jobs.northropgrumman.com/careers/job/1340072089410"
"Northrop Grumman","Eightfold","Principal/Sr Principal Flight Test Engineer -FTO (4/10 - 2ndShift)","Systems/Architecture/Test","","Edwards AFB, CA","US (CONUS)","","","","","","https://jobs.northropgrumman.com/careers/job/1340069007692"
"Northrop Grumman","Eightfold","Principal Systems Engineer - R&V / IFC","Systems/Architecture/Test","","San Diego, CA","US (CONUS)","","","","","","https://jobs.northropgrumman.com/careers/job/1340072288002"
"Northrop Grumman","Eightfold","Sentinel - Associate Mechanical Engineer/Mechanical Engineer - 18472","Mechanical","","Roy, UT","US (CONUS)","","","","","","https://jobs.northropgrumman.com/careers/job/1340072001651"
"Northrop Grumman","Eightfold","Engineer Systems","Systems/Architecture/Test","","Melbourne, FL","US (CONUS)","","","","","","https://jobs.northropgrumman.com/careers/job/1340072283006"
"Northrop Grumman","Eightfold","Sentinel - Material Process Engineering Manager 2 - 18821","Material/Process","","Roy, UT","US (CONUS)","","","","","","https://jobs.northropgrumman.com/careers/job/1340072274099"
"Northrop Grumman","Eightfold","Software Systems Integration Engineer - Level 5","Systems/Architecture/Test","","Aurora, CO","US (CONUS)","","","","","","https://jobs.northropgrumman.com/careers/job/1340072118736"
"Northrop Grumman","Eightfold","Field Liaison Engineer/Principal Field Liaison Engineer","Mechanical","","Edwards AFB, CA","US (CONUS)","","","","","","https://jobs.northropgrumman.com/careers/job/1340072105224"
"Northrop Grumman","Eightfold","Sentinel ILS Manager Programs 3 -18927","Program Management (P&L)","","Roy, UT","US (CONUS)","","","","","","https://jobs.northropgrumman.com/careers/job/1340072256337"
"Northrop Grumman","Eightfold","Program Cost and Schedule Control Analyst","Business Management Mult-Func","","Melbourne, FL","US (CONUS)","","","","","","https://jobs.northropgrumman.com/careers/job/1340071559069"
"Northrop Grumman","Eightfold","Safety Coordinator- Level 3/4","Health (EHS)","","St. Augustine, FL","US (CONUS)","","","","","","https://jobs.northropgrumman.com/careers/job/1340072288802"
"Northrop Grumman","Eightfold","Sentinel - Principal/Senior System Engineer - 16703","Systems/Architecture/Test","","Roy, UT","US (CONUS)","","","","","","https://jobs.northropgrumman.com/careers/job/1340071861286"
"Northrop Grumman","Eightfold","Sentinel Systems Engineering Manager 2 -18911 - 18905","Systems/Architecture/Test","","Roy, UT","US (CONUS)","","","","","","https://jobs.northropgrumman.com/careers/job/1340072105064"
"Northrop Grumman","Eightfold","Electrical/Principal Facility Electrical Design Engineer - 17609*","Electrical","","Roy, UT","US (CONUS)","","","","","","https://jobs.northropgrumman.com/careers/job/1340072282705"
"Northrop Grumman","Eightfold","Principal Program Cost and Schedule Control Analyst","Business Management Mult-Func","","San Diego, CA","US (CONUS)","","","","","","https://jobs.northropgrumman.com/careers/job/1340072275073"
"Northrop Grumman","Eightfold","Manager Mission Assurance 2","Mission and Quality Assurance","","Palmdale, CA","US (CONUS)","","","","","","https://jobs.northropgrumman.com/careers/job/1340072237325"
"Northrop Grumman","Eightfold","Sentinel Systems Engineering Manager 2- 18431","Systems/Architecture/Test","","Bellevue, NE","US (CONUS)","","","","","","https://jobs.northropgrumman.com/careers/job/1340072237981"
"Northrop Grumman","Eightfold","Sentinel Manager Software Engineering 2 - 18827*","Software","","Roy, UT","US (CONUS)","","","","","","https://jobs.northropgrumman.com/careers/job/1340072246676"
"Northrop Grumman","Eightfold","Sentinel Manager Software Engineering 2 - 18823*","Software","","Bellevue, NE","US (CONUS)","","","","","","https://jobs.northropgrumman.com/careers/job/1340072246752"
"Northrop Grumman","Eightfold","Principal/Sr Principal Engineer Link 16 Embedded Software","Software","","San Diego, CA","US (CONUS)","","","","","","https://jobs.northropgrumman.com/careers/job/1340072256354"
"Northrop Grumman","Eightfold","Sentinel - Sr. Staff Systems Test Engineer - 18942","Systems/Architecture/Test","","Roy, UT","US (CONUS)","","","","","","https://jobs.northropgrumman.com/careers/job/1340072236584"
"Northrop Grumman","Eightfold","Mechanical Production Engineer Level 2 / 3","Mechanical","","Sunnyvale, CA","US (CONUS)","","","","","","https://jobs.northropgrumman.com/careers/job/1340071177763"
"Northrop Grumman","Eightfold","Staff Integrated Product Team Lead","Systems/Architecture/Test","","Dulles, VA","US (CONUS)","","","","","","https://jobs.northropgrumman.com/careers/job/1340072235193"
"Northrop Grumman","Eightfold","Electrical and Environmental Product Trainer or Principal Product Trainer","Training-Tech","","Melbourne, FL","US (CONUS)","","","","","","https://jobs.northropgrumman.com/careers/job/1340071644323"
"Northrop Grumman","Eightfold","Principal Manufacturing Test Engineer (RF Systems)","Electrical","","Rolling Meadows, IL","US (CONUS)","","","","","","https://jobs.northropgrumman.com/careers/job/1340072226733"
"Northrop Grumman","Eightfold","Sr. Principal Manufacturing Test Engineer (RF Systems)","Electrical","","Rolling Meadows, IL","US (CONUS)","","","","","","https://jobs.northropgrumman.com/careers/job/1340072226805"
"Northrop Grumman","Eightfold","Principal / Flight Test Instrumentation Architecture Engineer","Systems/Architecture/Test","","Melbourne, FL","US (CONUS)","","","","","","https://jobs.northropgrumman.com/careers/job/1340072080925"
"Northrop Grumman","Eightfold","AARGM Production Program Manager 2","Program Management (P&L)","","Los Angeles, CA","US (CONUS)","","","","","","https://jobs.northropgrumman.com/careers/job/1340072246733"
"Northrop Grumman","Eightfold","Software Engineer - CLOUDworks (SkillBridge)","Software","","Wright-Patterson AFB, OH","US (CONUS)","","","","","","https://jobs.northropgrumman.com/careers/job/1340068330563"
"Northrop Grumman","Eightfold","(SkillBridge) Program Cost Control Analyst - Finance - Level 2 or 3","Business Management Mult-Func","","Dulles, VA","US (CONUS)","","","","","","https://jobs.northropgrumman.com/careers/job/1340071800215"
"Northrop Grumman","Eightfold","Systems Engineer - Level 4","Systems/Architecture/Test","","Aurora, CO","US (CONUS)","","","","","","https://jobs.northropgrumman.com/careers/job/1340072243238"
"Northrop Grumman","Eightfold","Staff Electrical Engineer (Power Supply Design)","Electrical","","Los Angeles, CA","US (CONUS)","","","","","","https://jobs.northropgrumman.com/careers/job/1340072255701"
"Northrop Grumman","Eightfold","Sr Staff Engineer Embedded Software-T6 (AHT)","Software","","Los Angeles, CA","US (CONUS)","","","","","","https://jobs.northropgrumman.com/careers/job/1340072256732"
"Northrop Grumman","Eightfold","Sr Principal HPC Linux Systems Administrator - Secret","Design and Programming","","Melbourne, FL","US (CONUS)","","","","","","https://jobs.northropgrumman.com/careers/job/1340071978033"
"Northrop Grumman","Eightfold","Principal Engineer Systems / Sr Principal Systems Engineer","Systems/Architecture/Test","","San Diego, CA","US (CONUS)","","","","","","https://jobs.northropgrumman.com/careers/job/1340071889784"
"Northrop Grumman","Eightfold","Sr Principal Network Engineer - Secret","Networks","","San Diego, CA","US (CONUS)","","","","","","https://jobs.northropgrumman.com/careers/job/1340072037131"
"Northrop Grumman","Eightfold","Sentinel - Principal / Sr. Principal Systems Test Engineer - 18419*","Systems/Architecture/Test","","Roy, UT","US (CONUS)","","","","","","https://jobs.northropgrumman.com/careers/job/1340072256323"
"Northrop Grumman","Eightfold","Principal Metrology Engineer","Material/Process","","Waynesboro, VA","US (CONUS)","","","","","","https://jobs.northropgrumman.com/careers/job/1340069801573"
"Northrop Grumman","Eightfold","Supply Chain Technical Coordinator 2 - 18860*","Global Supply Chain Mult-Func","","Ogden, UT","US (CONUS)","","","","","","https://jobs.northropgrumman.com/careers/job/1340072241074"
"Northrop Grumman","Eightfold","Senior Principal EMI/EMC Electrical Engineer","Electrical","","Los Angeles, CA","US (CONUS)","","","","","","https://jobs.northropgrumman.com/careers/job/1340072255866"
"Northrop Grumman","Eightfold","Principal Tooling Design Checker","Systems/Architecture/Test","","Magna, UT","US (CONUS)","","","","","","https://jobs.northropgrumman.com/careers/job/1340072200287"
"Northrop Grumman","Eightfold","Principal / Sr. Principal Engineer Systems - Electromagnetic Environmental Effects (EEE)","Systems/Architecture/Test","","Palmdale, CA","US (CONUS)","","","","","","https://jobs.northropgrumman.com/careers/job/1340072103391"
"Northrop Grumman","Eightfold","Principal Cyber Systems Engineer","Cyber","","San Diego, CA","US (CONUS)","","","","","","https://jobs.northropgrumman.com/careers/job/1340072141952"
"Northrop Grumman","Eightfold","Principal Software Engineer (Active Secret Clearance Required)","Software","","Oklahoma City, OK","US (CONUS)","","","","","","https://jobs.northropgrumman.com/careers/job/1340071979176"
"Northrop Grumman","Eightfold","Principal Software Engineer","Software","","Oklahoma City, OK","US (CONUS)","","","","","","https://jobs.northropgrumman.com/careers/job/1340072205032"
"Northrop Grumman","Eightfold","Sr Principal Software Engineer (Active Secret Clearance Required)","Software","","Oklahoma City, OK","US (CONUS)","","","","","","https://jobs.northropgrumman.com/careers/job/1340071979346"
"Northrop Grumman","Eightfold","Software Engineer","Software","","Oklahoma City, OK","US (CONUS)","","","","","","https://jobs.northropgrumman.com/careers/job/1340072204772"
"Northrop Grumman","Eightfold","Sr Principal Software Engineer","Software","","Oklahoma City, OK","US (CONUS)","","","","","","https://jobs.northropgrumman.com/careers/job/1340072205201"
"Northrop Grumman","Eightfold","Staff Software Engineer","Software","","Oklahoma City, OK","US (CONUS)","","","","","","https://jobs.northropgrumman.com/careers/job/1340072206540"
"Northrop Grumman","Eightfold","Software Engineer (Active Secret Clearance Required)","Software","","Oklahoma City, OK","US (CONUS)","","","","","","https://jobs.northropgrumman.com/careers/job/1340071979102"
"Northrop Grumman","Eightfold","Principal Systems Engineer  / Sr. Principal Systems Engineer","Systems/Architecture/Test","","Melbourne, FL","US (CONUS)","","","","","","https://jobs.northropgrumman.com/careers/job/1340072138258"
"Northrop Grumman","Eightfold","Electrical/Principal Facility Electrical Design Engineer - 17633 & 17632","Electrical","","Roy, UT","US (CONUS)","","","","","","https://jobs.northropgrumman.com/careers/job/1340072136521"
"Northrop Grumman","Eightfold","Engineer Electronics/RF Antenna Test-1st Shift","Electrical","","Baltimore, MD","US (CONUS)","","","","","","https://jobs.northropgrumman.com/careers/job/1340072060971"
"Northrop Grumman","Eightfold","Principal/Sr. Principal Materials and Process Engineer","Material/Process","","Palmdale, CA","US (CONUS)","","","","","","https://jobs.northropgrumman.com/careers/job/1340072141784"
"Northrop Grumman","Eightfold","Software Engineer (C++ and TS Clearance)","Software","","Los Angeles, CA","US (CONUS)","","","","","","https://jobs.northropgrumman.com/careers/job/1340072144085"
"Northrop Grumman","Eightfold","Senior Principal Test & Evaluation Engineer","Systems/Architecture/Test","","Melbourne, FL","US (CONUS)","","","","","","https://jobs.northropgrumman.com/careers/job/1340072090087"
"Northrop Grumman","Eightfold","Sr Staff Engineer Electronics","Electrical","","San Diego, CA","US (CONUS)","","","","","","https://jobs.northropgrumman.com/careers/job/1340072086822"
"Northrop Grumman","Eightfold","Principal / Sr. Principal Signal / Image Processing Engineer","Systems/Architecture/Test","","Los Angeles, CA","US (CONUS)","","","","","","https://jobs.northropgrumman.com/careers/job/1340072144965"
"Northrop Grumman","Eightfold","Principal Engineer Electronics","Electrical","","San Diego, CA","US (CONUS)","","","","","","https://jobs.northropgrumman.com/careers/job/1340072106187"
"Northrop Grumman","Eightfold","Engineer Software/Principal Engineer Software (Infrastructure)","Software","","Melbourne, FL","US (CONUS)","","","","","","https://jobs.northropgrumman.com/careers/job/1340072124798"
"Northrop Grumman","Eightfold","Principal/Sr. Principal Engineer Software - Infrastructure","Software","","Melbourne, FL","US (CONUS)","","","","","","https://jobs.northropgrumman.com/careers/job/1340072124803"
"Northrop Grumman","Eightfold","Level 2 or Level 3 Proposal Analyst","Proposal","","Redondo Beach, CA","US (CONUS)","","","","","","https://jobs.northropgrumman.com/careers/job/1340072139955"
"Northrop Grumman","Eightfold","Materials & Processes Engineer/Principal Engineer (Composites) - 2nd Shift","Mechanical","","Iuka, MS","US (CONUS)","","","","","","https://jobs.northropgrumman.com/careers/job/1340072140097"
"Northrop Grumman","Eightfold","Principal/Sr Principal Proposal Analyst","Proposal","","Redondo Beach, CA","US (CONUS)","","","","","","https://jobs.northropgrumman.com/careers/job/1340072140103"
"Northrop Grumman","Eightfold","Software Engineer II (26-290 & 26-291)","Software","","Colorado Springs, CO","US (CONUS)","","","","","","https://jobs.northropgrumman.com/careers/job/1340072145126"
"Northrop Grumman","Eightfold","Principal Engineering CAD Administrator","Material/Process","","Sunnyvale, CA","US (CONUS)","","","","","","https://jobs.northropgrumman.com/careers/job/1340072121546"
"Northrop Grumman","Eightfold","Principal Quality Analyst / Sr Principal Quality Analyst","Mission and Quality Assurance","","Iuka, MS","US (CONUS)","","","","","","https://jobs.northropgrumman.com/careers/job/1340072116857"
"Northrop Grumman","Eightfold","Principal Accountant","Finance and Accounting","","St Rose, LA","US (CONUS)","","","","","","https://jobs.northropgrumman.com/careers/job/1340072122268"
"Northrop Grumman","Eightfold","Sentinel Director of Programs 1 – EMD Master Planning","Program Management (P&L)","","Roy, UT","US (CONUS)","","","","","","https://jobs.northropgrumman.com/careers/job/1340072122270"
"Northrop Grumman","Eightfold","Systems Engineer- MBSE Level 3/4","Systems/Architecture/Test","","Chandler, AZ","US (CONUS)","","","","","","https://jobs.northropgrumman.com/careers/job/1340072104591"
"Northrop Grumman","Eightfold","Sr. Staff Software Engineer (Full Stack Software Discipline Lead)","Software","","San Diego, CA","US (CONUS)","","","","","","https://jobs.northropgrumman.com/careers/job/1340072123627"
"Northrop Grumman","Eightfold","Principal/ Sr. Principal Digital Verification Engineer","Engineering Mult-Func","","San Diego, CA","US (CONUS)","","","","","","https://jobs.northropgrumman.com/careers/job/1340072124536"
"Northrop Grumman","Eightfold","Aircraft Inspector 2/3","Flight Operations Mult-Func","","Clearfield, UT","US (CONUS)","","","","","","https://jobs.northropgrumman.com/careers/job/1340072123924"
"Northrop Grumman","Eightfold","SkillBridge - Flight Test Technician 3/4","Flight Operations Mult-Func","","Palmdale, CA","US (CONUS)","","","","","","https://jobs.northropgrumman.com/careers/job/1340072116943"
"Northrop Grumman","Eightfold","Sr. Staff - SMT Technical Lead - Bechtel Subcontract","Systems/Architecture/Test","","Roy, UT","US (CONUS)","","","","","","https://jobs.northropgrumman.com/careers/job/1340072120877"
"Northrop Grumman","Eightfold","Sr Principal Engineering CAD Administrator","Material/Process","","Sunnyvale, CA","US (CONUS)","","","","","","https://jobs.northropgrumman.com/careers/job/1340072121396"
"Northrop Grumman","Eightfold","Principal or Senior Principal Industrial Engineer","Material/Process","","Waynesboro, VA","US (CONUS)","","","","","","https://jobs.northropgrumman.com/careers/job/1340072058136"
"Northrop Grumman","Eightfold","Principal or Senior Principal Manufacturing Engineer","Material/Process","","Waynesboro, VA","US (CONUS)","","","","","","https://jobs.northropgrumman.com/careers/job/1340072057130"
"Northrop Grumman","Eightfold","Final Assembly Inspector 4","Mission and Quality Assurance","","Whiteman AFB, MO","US (CONUS)","","","","","","https://jobs.northropgrumman.com/careers/job/1340071885070"
"Northrop Grumman","Eightfold","Sr Principal Systems Engineer","Systems/Architecture/Test","","San Diego, CA","US (CONUS)","","","","","","https://jobs.northropgrumman.com/careers/job/1340072104697"
"Northrop Grumman","Eightfold","Machinist – Level 2/3","Manufacturing and Production","","Salt Lake City, UT","US (CONUS)","","","","","","https://jobs.northropgrumman.com/careers/job/1340072123681"
"Northrop Grumman","Eightfold","Electronics Test Technician for 2nd shift","NGC - Non - NGJF S01","","Sykesville, MD","US (CONUS)","","","","","","https://jobs.northropgrumman.com/careers/job/1340072117305"
"Northrop Grumman","Eightfold","Engineer Electronics","Electrical","","Rolling Meadows, IL","US (CONUS)","","","","","","https://jobs.northropgrumman.com/careers/job/1340072122230"
"Northrop Grumman","Eightfold","DOD SkillBridge - Electrical Avionics Technician 3/4","Flight Operations Mult-Func","","Whiteman AFB, MO","US (CONUS)","","","","","","https://jobs.northropgrumman.com/careers/job/1340069923299"
"Northrop Grumman","Eightfold","Sr. Staff Engineer Industrial","Material/Process","","Sunnyvale, CA","US (CONUS)","","","","","","https://jobs.northropgrumman.com/careers/job/1340072061524"
"Northrop Grumman","Eightfold","Senior Cost and Schedule Manager 3","Finance and Accounting","","Clearfield, UT","US (CONUS)","","","","","","https://jobs.northropgrumman.com/careers/job/1340072075552"
"Northrop Grumman","Eightfold","Sr Principal Regulatory Compliance Analyst","Compliance","","McLean, VA","US (CONUS)","","","","","","https://jobs.northropgrumman.com/careers/job/1340072085054"
"Northrop Grumman","Eightfold","SkillBridge Flight Test Tech 3/4","Flight Operations Mult-Func","","MD","US (CONUS)","","","","","","https://jobs.northropgrumman.com/careers/job/1340072087088"
"Northrop Grumman","Eightfold","Sentinel - Sr. Staff Chief Engineer - Mission Defense Team - 18912","Engineering Mult-Func","","Roy, UT","US (CONUS)","","","","","","https://jobs.northropgrumman.com/careers/job/1340072012553"
"Northrop Grumman","Eightfold","Antenna Test Engineer","Electrical","","Waynesboro, VA","US (CONUS)","","","","","","https://jobs.northropgrumman.com/careers/job/1340072087918"
"Northrop Grumman","Eightfold","Principal Engineer Electronics OR Sr. Principal Engineer Electronics (Levels 3 or 4)","Electrical","","Oak Harbor, WA","US (CONUS)","","","","","","https://jobs.northropgrumman.com/careers/job/1340071270495"
"Northrop Grumman","Eightfold","Test Engineer Level 2/3","Systems/Architecture/Test","","Newport News, VA","US (CONUS)","","","","","","https://jobs.northropgrumman.com/careers/job/1340072104829"
"Northrop Grumman","Eightfold","DOD SkillBridge - Aircraft Low Observable Mechanic 3/4","Flight Operations Mult-Func","","Whiteman AFB, MO","US (CONUS)","","","","","","https://jobs.northropgrumman.com/careers/job/1340069923321"
"Northrop Grumman","Eightfold","Electrical Engineer level 3/4","Electrical","","Rocket Center, WV","US (CONUS)","","","","","","https://jobs.northropgrumman.com/careers/job/1340072103714"
"Northrop Grumman","Eightfold","Engineer Electromechanical Level 3/4","Electrical","","Rocket Center, WV","US (CONUS)","","","","","","https://jobs.northropgrumman.com/careers/job/1340072103788"
"Northrop Grumman","Eightfold","Manufacturing Engineer Level 3","Material/Process","","Sunnyvale, CA","US (CONUS)","","","","","","https://jobs.northropgrumman.com/careers/job/1340072096879"
"Northrop Grumman","Eightfold","DoD SkillBridge - Aircraft Mechanic 3/4","Flight Operations Mult-Func","","Whiteman AFB, MO","US (CONUS)","","","","","","https://jobs.northropgrumman.com/careers/job/1340069923445"
"Northrop Grumman","Eightfold","Sr Principal Supplier Mission Assurance Engineer - 16326","Mission/Quality Assurance","","AZ","US (CONUS)","","","","","","https://jobs.northropgrumman.com/careers/job/1340070693402"
"Northrop Grumman","Eightfold","Sentinel-Principal Material Process Engineer  17334*","Material/Process","","Roy, UT","US (CONUS)","","","","","","https://jobs.northropgrumman.com/careers/job/1340072101067"
"Northrop Grumman","Eightfold","Sr Principal Antenna Test Electronics Engineer","Electrical","","Waynesboro, VA","US (CONUS)","","","","","","https://jobs.northropgrumman.com/careers/job/1340072104000"
"Northrop Grumman","Eightfold","Principal Cost Estimating Analyst","Business Management Mult-Func","","Palmdale, CA","US (CONUS)","","","","","","https://jobs.northropgrumman.com/careers/job/1340072085967"
"Northrop Grumman","Eightfold","Antenna Test Engineer","Electrical","","Waynesboro, VA","US (CONUS)","","","","","","https://jobs.northropgrumman.com/careers/job/1340072087896"
"Northrop Grumman","Eightfold","Principal Financial Reporting Analyst","Finance and Accounting","","El Segundo, CA","US (CONUS)","","","","","","https://jobs.northropgrumman.com/careers/job/1340072103564"
"Northrop Grumman","Eightfold","Electrical Engineer level 1/2","Electrical","","Rocket Center, WV","US (CONUS)","","","","","","https://jobs.northropgrumman.com/careers/job/1340072086732"
"Northrop Grumman","Eightfold","Sr. Principal CNC Programmer","Manufacturing and Production","","Sunnyvale, CA","US (CONUS)","","","","","","https://jobs.northropgrumman.com/careers/job/1340072102573"
"Northrop Grumman","Eightfold","Sentinel Staff Environmental Engineer - 18094","Environmental","","Roy, UT","US (CONUS)","","","","","","https://jobs.northropgrumman.com/careers/job/1340071775795"
"Northrop Grumman","Eightfold","Sentinel - Lead Systems Security Engineer – COTS Vulnerability Assessment","Systems/Architecture/Test","","Roy, UT","US (CONUS)","","","","","","https://jobs.northropgrumman.com/careers/job/1340071396151"
"Northrop Grumman","Eightfold","Sr Principal Engineer Software - Experimentation Field Integrator","Software","","Melbourne, FL","US (CONUS)","","","","","","https://jobs.northropgrumman.com/careers/job/1340072089851"
"Northrop Grumman","Eightfold","Engineer/Principal Engineer Survivability - Infrared Technology (California)","Systems/Architecture/Test","","Redondo Beach, CA","US (CONUS)","","","","","","https://jobs.northropgrumman.com/careers/job/1340072090098"
"Northrop Grumman","Eightfold","Supply Chain Technical Coordinator 2","Global Supply Chain Mult-Func","","Melbourne, FL","US (CONUS)","","","","","","https://jobs.northropgrumman.com/careers/job/1340071704780"
"Northrop Grumman","Eightfold","Principal Program Cost and Schedule Control Analyst","Business Management Mult-Func","","Melbourne, FL","US (CONUS)","","","","","","https://jobs.northropgrumman.com/careers/job/1340072081352"
"Northrop Grumman","Eightfold","Sentinel - Systems Test Engineer - 18718*","Systems/Architecture/Test","","Roy, UT","US (CONUS)","","","","","","https://jobs.northropgrumman.com/careers/job/1340071991248"
"Northrop Grumman","Eightfold","2026 Associate Program Planning & Scheduling Analyst/Program Planning & Scheduling Analyst","Business Management Mult-Func","","Melbourne, FL","US (CONUS)","","","","","","https://jobs.northropgrumman.com/careers/job/1340071620958"
"Northrop Grumman","Eightfold","Staff Aeronautical Engineer (VMS & GNC)","Mechanical","","Palmdale, CA","US (CONUS)","","","","","","https://jobs.northropgrumman.com/careers/job/1340071609844"
"Northrop Grumman","Eightfold","Test Engineer","Systems/Architecture/Test","","Waynesboro, VA","US (CONUS)","","","","","","https://jobs.northropgrumman.com/careers/job/1340072044546"
"Northrop Grumman","Eightfold","Sentinel - Sr. Principal Test Engineer - 15239-1","Systems/Architecture/Test","","Roy, UT","US (CONUS)","","","","","","https://jobs.northropgrumman.com/careers/job/1340071994198"
"Northrop Grumman","Eightfold","Composite Bonder Technician 2","Manufacturing and Production","","Clearfield, UT","US (CONUS)","","","","","","https://jobs.northropgrumman.com/careers/job/1340072087528"
"Northrop Grumman","Eightfold","Composite Bonder Technician 3","Manufacturing and Production","","Clearfield, UT","US (CONUS)","","","","","","https://jobs.northropgrumman.com/careers/job/1340072087603"
"Northrop Grumman","Eightfold","Aircraft Structures Mechanic 3","Flight Operations Mult-Func","","Clearfield, UT","US (CONUS)","","","","","","https://jobs.northropgrumman.com/careers/job/1340072087661"
"Northrop Grumman","Eightfold","Aircraft Structures Mechanic 2","Flight Operations Mult-Func","","Clearfield, UT","US (CONUS)","","","","","","https://jobs.northropgrumman.com/careers/job/1340072087830"
"Northrop Grumman","Eightfold","Non-Destructive Testing Technician","NGC - Non - NGJF EBA","","Amberley, QLD, AU","International","","","","","","https://jobs.northropgrumman.com/careers/job/1340060391681"
"Northrop Grumman","Eightfold","Business Development and Capture Manager - Aircraft Sustainment","Account Management","","Fortitude Valley, QLD, AU","International","","","","","","https://jobs.northropgrumman.com/careers/job/1340071516253"
"Northrop Grumman","Eightfold","Power Systems Engineer  3/4","Material/Process","","Magna, UT","US (CONUS)","","","","","","https://jobs.northropgrumman.com/careers/job/1340072048037"
"Northrop Grumman","Eightfold","RF Microwave Design Engineer - Level 3 or 4","Electrical","","Gilbert, AZ","US (CONUS)","","","","","","https://jobs.northropgrumman.com/careers/job/1340071006717"
"Northrop Grumman","Eightfold","Sr Principal Engineer Environmental","Environmental","","St. Augustine, FL","US (CONUS)","","","","","","https://jobs.northropgrumman.com/careers/job/1340071967260"
"Northrop Grumman","Eightfold","SkillBridge Principal Software Engineer/ Software Engineer","Software","","Oklahoma City, OK","US (CONUS)","","","","","","https://jobs.northropgrumman.com/careers/job/1340072022634"
"Northrop Grumman","Eightfold","Principal Engineer Electronics","Electrical","","Oklahoma City, OK","US (CONUS)","","","","","","https://jobs.northropgrumman.com/careers/job/1340072001432"
"Northrop Grumman","Eightfold","Principal Supply Chain Subcontract Specialist","Global Supply Chain Mult-Func","","Palmdale, CA","US (CONUS)","","","","","","https://jobs.northropgrumman.com/careers/job/1340072019164"
"Northrop Grumman","Eightfold","Principal Engineer Electronics","Electrical","","Oklahoma City, OK","US (CONUS)","","","","","","https://jobs.northropgrumman.com/careers/job/1340072001012"
"Northrop Grumman","Eightfold","Staff Systems Engineer/Architect","Systems/Architecture/Test","","Melbourne, FL","US (CONUS)","","","","","","https://jobs.northropgrumman.com/careers/job/1340071569033"
"Northrop Grumman","Eightfold","Manufacturing Technician 2/3","Manufacturing and Production","","Beavercreek, OH","US (CONUS)","","","","","","https://jobs.northropgrumman.com/careers/job/1340071977673"
"Northrop Grumman","Eightfold","Principal Contract Administrator - Level 3 (Hybrid)","Contracts","","Oklahoma City, OK","US (CONUS)","","","","","","https://jobs.northropgrumman.com/careers/job/1340072045456"
"Northrop Grumman","Eightfold","Manufacturing Technician – Level 1","Manufacturing and Production","","Clearfield, UT","US (CONUS)","","","","","","https://jobs.northropgrumman.com/careers/job/1340072019370"
"Northrop Grumman","Eightfold","Manufacturing Technician – Entry Level","Manufacturing and Production","","Clearfield, UT","US (CONUS)","","","","","","https://jobs.northropgrumman.com/careers/job/1340072019192"
"Northrop Grumman","Eightfold","Sentinel - Facility Design Section Manager 2 (17935)","Systems/Architecture/Test","","Roy, UT","US (CONUS)","","","","","","https://jobs.northropgrumman.com/careers/job/1340070932448"
"Northrop Grumman","Eightfold","Manufacturing Test Engineering (RF Systems)","Electrical","","Rolling Meadows, IL","US (CONUS)","","","","","","https://jobs.northropgrumman.com/careers/job/1340072004285"
"Northrop Grumman","Eightfold","Sr. Principal Voice Engineer","Networks","","Redondo Beach, CA","US (CONUS)","","","","","","https://jobs.northropgrumman.com/careers/job/1340071826875"
"Northrop Grumman","Eightfold","Principal Network Engineer","Networks","","Redondo Beach, CA","US (CONUS)","","","","","","https://jobs.northropgrumman.com/careers/job/1340072003734"
"Northrop Grumman","Eightfold","Engineer/Principal Engineer Mission Assurance - 16584","Mission/Quality Assurance","","Roy, UT","US (CONUS)","","","","","","https://jobs.northropgrumman.com/careers/job/1340072025466"
"Northrop Grumman","Eightfold","E-6B Production Planner and Scheduler (level 2 or 3)","Manufacturing and Production","","Lake Charles, LA","US (CONUS)","","","","","","https://jobs.northropgrumman.com/careers/job/1340071829770"
"Northrop Grumman","Eightfold","Staff Responsible Engineer – Fuel Systems","Mechanical","","Melbourne, FL","US (CONUS)","","","","","","https://jobs.northropgrumman.com/careers/job/1340069738486"
"Northrop Grumman","Eightfold","Principal Configuration Analyst","Tech Support Mult-Func","","Huntsville, AL","US (CONUS)","","","","","","https://jobs.northropgrumman.com/careers/job/1340072020318"
"Northrop Grumman","Eightfold","Dimension Control Technician Level 3/4","Manufacturing and Production","","Clearfield, UT","US (CONUS)","","","","","","https://jobs.northropgrumman.com/careers/job/1340072021098"
"Northrop Grumman","Eightfold","Sr. Principal Responsible Engineer – Fuel Systems","Mechanical","","Melbourne, FL","US (CONUS)","","","","","","https://jobs.northropgrumman.com/careers/job/1340069738483"
"Northrop Grumman","Eightfold","Principal Engineer / Sr. Principal Engineer - Structural Design","Mechanical","","Palmdale, CA","US (CONUS)","","","","","","https://jobs.northropgrumman.com/careers/job/1340071995479"
"Northrop Grumman","Eightfold","Engineer Structural Design/Principal Structural Design","Mechanical","","Palmdale, CA","US (CONUS)","","","","","","https://jobs.northropgrumman.com/careers/job/1340071995737"
"Northrop Grumman","Eightfold","Business Management Manager 2","Business Management Mult-Func","","Chandler, AZ","US (CONUS)","","","","","","https://jobs.northropgrumman.com/careers/job/1340072012830"
"Northrop Grumman","Eightfold","Principal Program Cost and Schedule Control Analyst","Business Management Mult-Func","","Roy, UT","US (CONUS)","","","","","","https://jobs.northropgrumman.com/careers/job/1340072001697"
"Northrop Grumman","Eightfold","Principal Program Planning and Scheduling Analyst","Business Management Mult-Func","","Melbourne, FL","US (CONUS)","","","","","","https://jobs.northropgrumman.com/careers/job/1340072006929"
"Northrop Grumman","Eightfold","Test Conductor (Triton MQ4-C)","Mission and Quality Assurance","","MD","US (CONUS)","","","","","","https://jobs.northropgrumman.com/careers/job/1340071972161"
"Northrop Grumman","Eightfold","Corporate/Transactional Paralegal 3/4 - Falls Church VA","Legal","","Falls Church, VA","US (CONUS)","","","","","","https://jobs.northropgrumman.com/careers/job/1340072018780"
"Northrop Grumman","Eightfold","Sentinel - Sr Principal Metals & Corrosion Material Process Engineer- *17364","Material/Process","","Roy, UT","US (CONUS)","","","","","","https://jobs.northropgrumman.com/careers/job/1340071911356"
"Northrop Grumman","Eightfold","Aircraft Structures Mechanic - Entry Level","Flight Operations Mult-Func","","Clearfield, UT","US (CONUS)","","","","","","https://jobs.northropgrumman.com/careers/job/1340072020291"
"Northrop Grumman","Eightfold","Composite Bonder Technician - Entry Level","Manufacturing and Production","","Clearfield, UT","US (CONUS)","","","","","","https://jobs.northropgrumman.com/careers/job/1340072019752"
"Northrop Grumman","Eightfold","Composite Bonder Technician 1","Manufacturing and Production","","Clearfield, UT","US (CONUS)","","","","","","https://jobs.northropgrumman.com/careers/job/1340072019636"
"Northrop Grumman","Eightfold","Aircraft Structures Mechanic 1","Flight Operations Mult-Func","","Clearfield, UT","US (CONUS)","","","","","","https://jobs.northropgrumman.com/careers/job/1340072020161"
"Northrop Grumman","Eightfold","(Skillbridge) Cable & Wire Harness Technician 1/2 - First Shift","Manufacturing and Production","","Gilbert, AZ","US (CONUS)","","","","","","https://jobs.northropgrumman.com/careers/job/1340071915581"
"Northrop Grumman","Eightfold","Industrial Hygienist - Sr . Principal Engineer EHS","Environmental","","St. Augustine, FL","US (CONUS)","","","","","","https://jobs.northropgrumman.com/careers/job/1340071876108"
"Northrop Grumman","Eightfold","Lead Cloud Solutions Engineer","Engineering Mult-Func","","Cheltenham, England, GB","International","","","","","","https://jobs.northropgrumman.com/careers/job/1340071877922"
"Northrop Grumman","Eightfold","Principal Board Designer/Senior Principal Board Designer","Material/Process","","Baltimore, MD","US (CONUS)","","","","","","https://jobs.northropgrumman.com/careers/job/1340071828440"
"Northrop Grumman","Eightfold","Sr. Principal Manufacturing Engineer 4","Material/Process","","Ridgecrest, CA","US (CONUS)","","","","","","https://jobs.northropgrumman.com/careers/job/1340071903062"
"Northrop Grumman","Eightfold","Manufacturing Technician 1","Manufacturing and Production","","Iuka, MS","US (CONUS)","","","","","","https://jobs.northropgrumman.com/careers/job/1340071986343"
"Northrop Grumman","Eightfold","Principal Engineer Facilities/Sr. Principal Engineer Facilities","Facilities Mult-Func","","Clearfield, UT","US (CONUS)","","","","","","https://jobs.northropgrumman.com/careers/job/1340071973421"
"Northrop Grumman","Eightfold","Manager 2 - Program Planning and Scheduling","Project Management (Non-P&L)","","Sunnyvale, CA","US (CONUS)","","","","","","https://jobs.northropgrumman.com/careers/job/1340072003919"
"Northrop Grumman","Eightfold","Manager Information Systems Engineering 2 - Top Secret","Mission/Quality Assurance","","Fairfax, VA","US (CONUS)","","","","","","https://jobs.northropgrumman.com/careers/job/1340071748387"
"Northrop Grumman","Eightfold","Sentinel IFC Manager Systems Engineering Manager 3 - 18540","Systems/Architecture/Test","","Roy, UT","US (CONUS)","","","","","","https://jobs.northropgrumman.com/careers/job/1340071997407"
"Northrop Grumman","Eightfold","Principal Software Quality Engineer  - 17881*","Mission/Quality Assurance","","Roy, UT","US (CONUS)","","","","","","https://jobs.northropgrumman.com/careers/job/1340071998192"
"Northrop Grumman","Eightfold","Staff Cyber Systems Administrator","Cyber","","Chantilly, VA","US (CONUS)","","","","","","https://jobs.northropgrumman.com/careers/job/1340071993189"
"Northrop Grumman","Eightfold","Principal Cyber Systems Admin / Sr. Principal Cyber Systems Admin","Cyber","","Chantilly, VA","US (CONUS)","","","","","","https://jobs.northropgrumman.com/careers/job/1340071993304"
"Northrop Grumman","Eightfold","Manufacturing Technician – Entry Level","Manufacturing and Production","","Iuka, MS","US (CONUS)","","","","","","https://jobs.northropgrumman.com/careers/job/1340071986303"
"Northrop Grumman","Eightfold","Systems Test Engineer/ Principal System Test Engineer","Systems/Architecture/Test","","MD","US (CONUS)","","","","","","https://jobs.northropgrumman.com/careers/job/1340071787489"
"Northrop Grumman","Eightfold","Sr. Staff Lead IMU Systems Engineer","Systems/Architecture/Test","","Los Angeles, CA","US (CONUS)","","","","","","https://jobs.northropgrumman.com/careers/job/1340071873114"
"Northrop Grumman","Eightfold","Principal Network Engineer / Senior Principal Network Engineer","Networks","","Chantilly, VA","US (CONUS)","","","","","","https://jobs.northropgrumman.com/careers/job/1340071918820"
"Northrop Grumman","Eightfold","Staff Cyber Network Engineer","Networks","","Chantilly, VA","US (CONUS)","","","","","","https://jobs.northropgrumman.com/careers/job/1340071918845"
"Northrop Grumman","Eightfold","Principal / Sr. Principal Energetics MFG Engineer – Level 3 or Level 4","Material/Process","","Corinne, UT","US (CONUS)","","","","","","https://jobs.northropgrumman.com/careers/job/1340069859743"
"Northrop Grumman","Eightfold","Precision Electromechanical Assembler 3","Manufacturing and Production","","Rolling Meadows, IL","US (CONUS)","","","","","","https://jobs.northropgrumman.com/careers/job/1340071796005"
"Northrop Grumman","Eightfold","(Skillbridge) SCA Engineering Technician 1","NGC - Non - NGJF Service Contract Act","","Gilbert, AZ","US (CONUS)","","","","","","https://jobs.northropgrumman.com/careers/job/1340071975829"
"Northrop Grumman","Eightfold","Staff Systems Engineer - Weapons RE","Systems/Architecture/Test","","Oklahoma City, OK","US (CONUS)","","","","","","https://jobs.northropgrumman.com/careers/job/1340071889345"
"Northrop Grumman","Eightfold","Engineer Embedded Software","Software","","Rolling Meadows, IL","US (CONUS)","","","","","","https://jobs.northropgrumman.com/careers/job/1340071900355"
"Northrop Grumman","Eightfold","Contracts Administrator - Level 2","Contracts","","Redondo Beach, CA","US (CONUS)","","","","","","https://jobs.northropgrumman.com/careers/job/1340071866246"
"Northrop Grumman","Eightfold","Manager Systems Engineering 2","Systems/Architecture/Test","","Melbourne, FL","US (CONUS)","","","","","","https://jobs.northropgrumman.com/careers/job/1340071901668"
"Northrop Grumman","Eightfold","Material Process Engineering Manager 3 - 18822","Material/Process","","Manhattan Beach, CA","US (CONUS)","","","","","","https://jobs.northropgrumman.com/careers/job/1340071905221"
"Northrop Grumman","Eightfold","Sentinel - Material Process Engineer - 17992","Material/Process","","Huntsville, AL","US (CONUS)","","","","","","https://jobs.northropgrumman.com/careers/job/1340071583384"
"Northrop Grumman","Eightfold","A&P Certified Aircraft Mechanic 2-Saudi Arabia","Systems/Architecture/Test","","Industrial Area, Riyadh Province, SA","International","","","","","","https://jobs.northropgrumman.com/careers/job/1340071902333"
"Northrop Grumman","Eightfold","Principal Cybersecurity Systems Engineer (CSE)","Cyber","","Oklahoma City, OK","US (CONUS)","","","","","","https://jobs.northropgrumman.com/careers/job/1340071978265"
"Northrop Grumman","Eightfold","Sentinel - Principal / Sr Principal TEMPEST System Engineer - 17918*","Systems/Architecture/Test","","Huntsville, AL","US (CONUS)","","","","","","https://jobs.northropgrumman.com/careers/job/1340071797315"
"Northrop Grumman","Eightfold","Electronic Warfare Systems Engineer T1 (Associate) or T2","Systems/Architecture/Test","","Warner Robins, GA","US (CONUS)","","","","","","https://jobs.northropgrumman.com/careers/job/1340071915983"
"Northrop Grumman","Eightfold","Supply Chain Operations Coordinator 3 or 4","Global Supply Chain Mult-Func","","El Segundo, CA","US (CONUS)","","","","","","https://jobs.northropgrumman.com/careers/job/1340071917438"
"Northrop Grumman","Eightfold","Laser Technician 4","Tech Support Mult-Func","","Redondo Beach, CA","US (CONUS)","","","","","","https://jobs.northropgrumman.com/careers/job/1340071803615"
"Northrop Grumman","Eightfold","Principal/Sr Principal Supplier Mission Assurance Engineer - 4319-2","Mission/Quality Assurance","","Roy, UT","US (CONUS)","","","","","","https://jobs.northropgrumman.com/careers/job/1340071829172"
"Northrop Grumman","Eightfold","Sentinel CS SEIT KDC & STOS Integrated Node Manager 2 -1823-2","Systems/Architecture/Test","","Bellevue, NE","US (CONUS)","","","","","","https://jobs.northropgrumman.com/careers/job/1340071900733"
"Northrop Grumman","Eightfold","Financial Proposal Analyst","Proposal","","Melbourne, FL","US (CONUS)","","","","","","https://jobs.northropgrumman.com/careers/job/1340071899091"
"Northrop Grumman","Eightfold","Military Skillbridge Test Engineer Secret clearance","Systems/Architecture/Test","","Newport News, VA","US (CONUS)","","","","","","https://jobs.northropgrumman.com/careers/job/1340071871882"
"Northrop Grumman","Eightfold","Sentinel - Staff Engineer Guidance Navigation Control - 18798","Systems/Architecture/Test","","Roy, UT","US (CONUS)","","","","","","https://jobs.northropgrumman.com/careers/job/1340071830409"
"Northrop Grumman","Eightfold","Sentinel - Associate Mechanical Engineer / Mechanical Engineer (18738)","Mechanical","","Roy, UT","US (CONUS)","","","","","","https://jobs.northropgrumman.com/careers/job/1340071717264"
"Northrop Grumman","Eightfold","Sentinel - Principal Mechanical Engineer (18736*)","Mechanical","","Roy, UT","US (CONUS)","","","","","","https://jobs.northropgrumman.com/careers/job/1340071717622"
"Northrop Grumman","Eightfold","Sentinel - Design Engineer / Principal Design Engineer (CSA) - No clearance required for consideration","Systems/Architecture/Test","","Roy, UT","US (CONUS)","","","","","","https://jobs.northropgrumman.com/careers/job/1340071717713"
"Northrop Grumman","Eightfold","Sentinel - Staff Material Process Engineer - 17370","Material/Process","","Manhattan Beach, CA","US (CONUS)","","","","","","https://jobs.northropgrumman.com/careers/job/1340071577734"
"Northrop Grumman","Eightfold","ICBM-S - Staff Systems Engineer - Sustaining Engineering - 17749*","Systems/Architecture/Test","","Clearfield, UT","US (CONUS)","","","","","","https://jobs.northropgrumman.com/careers/job/1340071910160"
"Northrop Grumman","Eightfold","Sentinel - Systems/Principal Systems Engineer - 17135","Systems/Architecture/Test","","Roy, UT","US (CONUS)","","","","","","https://jobs.northropgrumman.com/careers/job/1340071910271"
"Northrop Grumman","Eightfold","Manager Supply Chain Programs 2","Global Supply Chain Mult-Func","","Clearfield, UT","US (CONUS)","","","","","","https://jobs.northropgrumman.com/careers/job/1340071873112"
"Northrop Grumman","Eightfold","Principal Cyber Software Engineer","Cyber","","MD","US (CONUS)","","","","","","https://jobs.northropgrumman.com/careers/job/1340071900862"
"Northrop Grumman","Eightfold","Sentinel - Sr. Staff Lead Engineer (GN&C) - 18840","Systems/Architecture/Test","","Roy, UT","US (CONUS)","","","","","","https://jobs.northropgrumman.com/careers/job/1340071901020"
"Northrop Grumman","Eightfold","Sr Principal Engineer Embedded Software","Software","","San Diego, CA","US (CONUS)","","","","","","https://jobs.northropgrumman.com/careers/job/1340070674501"
"Northrop Grumman","Eightfold","Principal Project Management","Project Management (Non-P&L)","","Melbourne, FL","US (CONUS)","","","","","","https://jobs.northropgrumman.com/careers/job/1340071785334"
"Northrop Grumman","Eightfold","Airframe Structural Design Engineer (Level 3 / 4)","Mechanical","","Melbourne, FL","US (CONUS)","","","","","","https://jobs.northropgrumman.com/careers/job/1340071608342"
"Northrop Grumman","Eightfold","Software Engineer/Principal Software Engineer – Data Analyst","Software","","San Diego, CA","US (CONUS)","","","","","","https://jobs.northropgrumman.com/careers/job/1340071883187"
"Northrop Grumman","Eightfold","Sentinel - Staff Systems Engineer - 17136","Systems/Architecture/Test","","Roy, UT","US (CONUS)","","","","","","https://jobs.northropgrumman.com/careers/job/1340071878162"
"Northrop Grumman","Eightfold","Project Support Officer","Project Management (Non-P&L)","","Cheltenham, England, GB","International","","","","","","https://jobs.northropgrumman.com/careers/job/1340071464739"
"Northrop Grumman","Eightfold","Northrop Grumman (SkillBridge) - Principal Network Communications","Networks","","Redondo Beach, CA","US (CONUS)","","","","","","https://jobs.northropgrumman.com/careers/job/1340071816141"
"Northrop Grumman","Eightfold","Configuration Analyst/Principal Configuration Analyst","Tech Support Mult-Func","","Warner Robins, GA","US (CONUS)","","","","","","https://jobs.northropgrumman.com/careers/job/1340071883280"
"Northrop Grumman","Eightfold","DOD SkillBridge - Electronics Engineer 2/3 - Comms/Networks","Electrical","","San Diego, CA","US (CONUS)","","","","","","https://jobs.northropgrumman.com/careers/job/1340071887745"
"Northrop Grumman","Eightfold","Sentinel - Principal/Sr. Principal Systems Engineer - 16824*","Systems/Architecture/Test","","Roy, UT","US (CONUS)","","","","","","https://jobs.northropgrumman.com/careers/job/1340071878022"
"Northrop Grumman","Eightfold","Principal / Sr. Principal Electronics Engineer","Electrical","","Rolling Meadows, IL","US (CONUS)","","","","","","https://jobs.northropgrumman.com/careers/job/1340071875358"
"Northrop Grumman","Eightfold","Systems Engineer - Integration & Test","Systems/Architecture/Test","","Los Angeles, CA","US (CONUS)","","","","","","https://jobs.northropgrumman.com/careers/job/1340071774097"
"Northrop Grumman","Eightfold","MACHINIST/FAB/INTEGRATION TECH","NGC - Non - NGJF S01","","Annapolis, MD","US (CONUS)","","","","","","https://jobs.northropgrumman.com/careers/job/1340071704956"
"Northrop Grumman","Eightfold","Sentinel Sr Principal Cloud Systems Engineer - 18650","Software","","Roy, UT","US (CONUS)","","","","","","https://jobs.northropgrumman.com/careers/job/1340071829050"
"Northrop Grumman","Eightfold","Sentinel - Systems Engineer/Principal Systems Engineer - 18117","Systems/Architecture/Test","","Roy, UT","US (CONUS)","","","","","","https://jobs.northropgrumman.com/careers/job/1340071869243"
"Northrop Grumman","Eightfold","E-6B IMMC SCA Aircraft Mechanic 3 - Avionics","NGC - Non - NGJF Service Contract Act","","Lake Charles, LA","US (CONUS)","","","","","","https://jobs.northropgrumman.com/careers/job/1340068765337"
"Northrop Grumman","Eightfold","Senior Scrum Master","Cyber","","Cheltenham, England, GB","International","","","","","","https://jobs.northropgrumman.com/careers/job/1340071683405"
"Northrop Grumman","Eightfold","Hardware Engineer - Manufacturing Test Engineering (RF Systems)","Electrical","","Rolling Meadows, IL","US (CONUS)","","","","","","https://jobs.northropgrumman.com/careers/job/1340071685057"
"Northrop Grumman","Eightfold","Principal Industrial Security Analyst/Sr Princ Industrial Security Analyst","Security Mult-Func","","Sunnyvale, CA","US (CONUS)","","","","","","https://jobs.northropgrumman.com/careers/job/1340071829084"
"Northrop Grumman","Eightfold","Sentinel - Systems/Principal Systems Engineer Architect - 16910","Systems/Architecture/Test","","Roy, UT","US (CONUS)","","","","","","https://jobs.northropgrumman.com/careers/job/1340069745449"
"Northrop Grumman","Eightfold","Supplier/Principal Supplier Mission Assurance Engineer - 18812","Mission/Quality Assurance","","Roy, UT","US (CONUS)","","","","","","https://jobs.northropgrumman.com/careers/job/1340071788602"
"Northrop Grumman","Eightfold","Sentinel - Nuclear Surety Systems / Principal Systems Engineer - 17320","Systems/Architecture/Test","","Roy, UT","US (CONUS)","","","","","","https://jobs.northropgrumman.com/careers/job/1340071788538"
"Northrop Grumman","Eightfold","Software Engineer Manager 2","Software","","Melbourne, FL","US (CONUS)","","","","","","https://jobs.northropgrumman.com/careers/job/1340071801110"
"Northrop Grumman","Eightfold","Program Manager 3 - OneSat","Program Management (P&L)","","Oxnard, CA","US (CONUS)","","","","","","https://jobs.northropgrumman.com/careers/job/1340071802620"
"Northrop Grumman","Eightfold","Sr. Principal Structural Analyst","Mechanical","","Melbourne, FL","US (CONUS)","","","","","","https://jobs.northropgrumman.com/careers/job/1340071773946"
"Northrop Grumman","Eightfold","Manager Business Development 3 - Strategic Customer Engagement Account Support","Account Management","","Linthicum Heights, MD","US (CONUS)","","","","","","https://jobs.northropgrumman.com/careers/job/1340071405062"
"Northrop Grumman","Eightfold","SkillBridge - Principal or Sr Principal Flight Simulation Trainer","Flight Operations Mult-Func","","Melbourne, FL","US (CONUS)","","","","","","https://jobs.northropgrumman.com/careers/job/1340071785478"
"Northrop Grumman","Eightfold","Sentinel - Project Change Engineer - 16458","Engineering Mult-Func","","Roy, UT","US (CONUS)","","","","","","https://jobs.northropgrumman.com/careers/job/1340071005484"
"Northrop Grumman","Eightfold","Staff Engineer Mission Assurance","Mission/Quality Assurance","","Baltimore, MD","US (CONUS)","","","","","","https://jobs.northropgrumman.com/careers/job/1340071748136"
"Northrop Grumman","Eightfold","Principal Antenna Test / Sr Principal Antenna Test Engineer","Electrical","","Sykesville, MD","US (CONUS)","","","","","","https://jobs.northropgrumman.com/careers/job/1340071636631"
"Northrop Grumman","Eightfold","Sr. Principal Systems Engineer - Technical Lead","Systems/Architecture/Test","","Mesa, AZ","US (CONUS)","","","","","","https://jobs.northropgrumman.com/careers/job/1340071785332"
"Northrop Grumman","Eightfold","Director Supply Chain 1","Global Supply Chain Mult-Func","","San Diego, CA","US (CONUS)","","","","","","https://jobs.northropgrumman.com/careers/job/1340071718399"
"Northrop Grumman","Eightfold","IT Service Manager","Project Management (Non-P&L)","","Cheltenham, England, GB","International","","","","","","https://jobs.northropgrumman.com/careers/job/1340069589762"
"Northrop Grumman","Eightfold","Senior Cloud Solutions Engineer","Engineering Mult-Func","","Cheltenham, England, GB","International","","","","","","https://jobs.northropgrumman.com/careers/job/1340067809770"
"Northrop Grumman","Eightfold","Principal Program Cost Control Analyst","Business Management Mult-Func","","Los Angeles, CA","US (CONUS)","","","","","","https://jobs.northropgrumman.com/careers/job/1340071770922"
"Northrop Grumman","Eightfold","Aeronautical Engineer - 4","Mechanical","","Corinne, UT","US (CONUS)","","","","","","https://jobs.northropgrumman.com/careers/job/1340070999895"
"Northrop Grumman","Eightfold","Plant Protection Officer","NGC - Non - NGJF Union","","Rocket Center, WV","US (CONUS)","","","","","","https://jobs.northropgrumman.com/careers/job/1340071720054"
"Northrop Grumman","Eightfold","Principal Material Process Engineer - 17401","Material/Process","","Huntsville, AL","US (CONUS)","","","","","","https://jobs.northropgrumman.com/careers/job/1340071577914"
"Northrop Grumman","Eightfold","Embedded Software Engineer (San Diego)","Software","","San Diego, CA","US (CONUS)","","","","","","https://jobs.northropgrumman.com/careers/job/1340071747479"
"Northrop Grumman","Eightfold","Director 1 - Launch Systems Chief Engineer","Systems/Architecture/Test","","Roy, UT","US (CONUS)","","","","","","https://jobs.northropgrumman.com/careers/job/1340071473551"
"Northrop Grumman","Eightfold","Sentinel Integrated Functional Capability (IFC) System Engineering & Integration (SEI) Manager 3- 18029","Systems/Architecture/Test","","Roy, UT","US (CONUS)","","","","","","https://jobs.northropgrumman.com/careers/job/1340071740041"
"Northrop Grumman","Eightfold","Principal Materials and Process (M&P) Engineer/Sr Principal Materials and Process (M&P) Engineer","Material/Process","","Melbourne, FL","US (CONUS)","","","","","","https://jobs.northropgrumman.com/careers/job/1340071751317"
"Northrop Grumman","Eightfold","Principal / Sr. Principal Software Engineer","Software","","Los Angeles, CA","US (CONUS)","","","","","","https://jobs.northropgrumman.com/careers/job/1340071751736"
"Northrop Grumman","Eightfold","Systems Engineer - Technical Data Package Delivery (Principal or Sr. Principal Engineer Level)","Systems/Architecture/Test","","Melbourne, FL","US (CONUS)","","","","","","https://jobs.northropgrumman.com/careers/job/1340071751805"
"Northrop Grumman","Eightfold","Non Destructive Test Technician - Tech 3/4 - Shearography and Thermography","Mission and Quality Assurance","","Palmdale, CA","US (CONUS)","","","","","","https://jobs.northropgrumman.com/careers/job/1340071618359"
"Northrop Grumman","Eightfold","Sentinel - Principal / Sr. Principal Systems Engineer - 17395","Systems/Architecture/Test","","Roy, UT","US (CONUS)","","","","","","https://jobs.northropgrumman.com/careers/job/1340071571730"
"Northrop Grumman","Eightfold","Principal or Senior Principal Proposal Analyst","Proposal","","San Diego, CA","US (CONUS)","","","","","","https://jobs.northropgrumman.com/careers/job/1340070854610"
"Northrop Grumman","Eightfold","Engineer - Survivability (El Segundo CA)","Systems/Architecture/Test","","El Segundo, CA","US (CONUS)","","","","","","https://jobs.northropgrumman.com/careers/job/1340071722756"
"Northrop Grumman","Eightfold","Principal Network Administrator","Networks","","Redondo Beach, CA","US (CONUS)","","","","","","https://jobs.northropgrumman.com/careers/job/1340070951006"
"Northrop Grumman","Eightfold","Senior Principal Software Engineer - Embedded and Real Time","Software","","Melbourne, FL","US (CONUS)","","","","","","https://jobs.northropgrumman.com/careers/job/1340071734848"
"Northrop Grumman","Eightfold","Principal Network Engineer","Networks","","Sunnyvale, CA","US (CONUS)","","","","","","https://jobs.northropgrumman.com/careers/job/1340070161537"
"Northrop Grumman","Eightfold","GSSC - Sustaining Engineering Sr. Staff Systems Engineer","Systems/Architecture/Test","","Clearfield, UT","US (CONUS)","","","","","","https://jobs.northropgrumman.com/careers/job/1340071733497"
"Northrop Grumman","Eightfold","Sentinel - Systems Security Engineer 2/3 - 14554-1","Systems/Architecture/Test","","Roy, UT","US (CONUS)","","","","","","https://jobs.northropgrumman.com/careers/job/1340071251253"
"Northrop Grumman","Eightfold","Manager Supply Chain Programs 2","Global Supply Chain Mult-Func","","Melbourne, FL","US (CONUS)","","","","","","https://jobs.northropgrumman.com/careers/job/1340071634794"
"Northrop Grumman","Eightfold","Manager Subcontracts 1","Global Supply Chain Mult-Func","","Melbourne, FL","US (CONUS)","","","","","","https://jobs.northropgrumman.com/careers/job/1340071634329"
"Northrop Grumman","Eightfold","Principal Embedded Software Engineer","Software","","Rolling Meadows, IL","US (CONUS)","","","","","","https://jobs.northropgrumman.com/careers/job/1340071685053"
"Northrop Grumman","Eightfold","Electrical Engineer – Integrated Analog/Digital Design Level 3 /4","Electrical","","Sunnyvale, CA","US (CONUS)","","","","","","https://jobs.northropgrumman.com/careers/job/1340071706261"
"Northrop Grumman","Eightfold","Cost & Schedule Manager 2","Finance and Accounting","","Los Angeles, CA","US (CONUS)","","","","","","https://jobs.northropgrumman.com/careers/job/1340071683047"
"Northrop Grumman","Eightfold","Sr Principal Engineer Embedded Software","Software","","Rolling Meadows, IL","US (CONUS)","","","","","","https://jobs.northropgrumman.com/careers/job/1340071685003"
"Northrop Grumman","Eightfold","Manager Facilities Engineering 2","Facilities Mult-Func","","Los Angeles, CA","US (CONUS)","","","","","","https://jobs.northropgrumman.com/careers/job/1340070674774"
"Northrop Grumman","Eightfold","Contracts Manager 2","Contracts","","Redondo Beach, CA","US (CONUS)","","","","","","https://jobs.northropgrumman.com/careers/job/1340071684751"
"Northrop Grumman","Eightfold","HPC Linux Systems Administrator 3/4 - Secret","Design and Programming","","Palmdale, CA","US (CONUS)","","","","","","https://jobs.northropgrumman.com/careers/job/1340071622625"
"Northrop Grumman","Eightfold","Principal or Senior Principal Mechanical Engineer","Mechanical","","Annapolis, MD","US (CONUS)","","","","","","https://jobs.northropgrumman.com/careers/job/1340071654937"
"Northrop Grumman","Eightfold","Principal Systems Engineer","Systems/Architecture/Test","","Melbourne, FL","US (CONUS)","","","","","","https://jobs.northropgrumman.com/careers/job/1340070950035"
"Northrop Grumman","Eightfold","Manufacturing Technician 2","Manufacturing and Production","","Iuka, MS","US (CONUS)","","","","","","https://jobs.northropgrumman.com/careers/job/1340071686301"
"Northrop Grumman","Eightfold","Principal or Sr. Principal Mechanical Systems Engineer","Systems/Architecture/Test","","Annapolis, MD","US (CONUS)","","","","","","https://jobs.northropgrumman.com/careers/job/1340071644987"
"Northrop Grumman","Eightfold","Systems Engineer (Level 2 or 3)","Systems/Architecture/Test","","Plymouth, MN","US (CONUS)","","","","","","https://jobs.northropgrumman.com/careers/job/1340071685172"
"Northrop Grumman","Eightfold","Engineer Software (HW & SW Integration and Test)","Software","","Melbourne, FL","US (CONUS)","","","","","","https://jobs.northropgrumman.com/careers/job/1340069578507"
"Northrop Grumman","Eightfold","Associate Quality Analyst / Quality Analyst","Mission and Quality Assurance","","Palmdale, CA","US (CONUS)","","","","","","https://jobs.northropgrumman.com/careers/job/1340071656716"
"Northrop Grumman","Eightfold","Sentinel Systems Engineering Manager 3 - Electromagnetic Environmental Effects E3 8575-1","Systems/Architecture/Test","","Roy, UT","US (CONUS)","","","","","","https://jobs.northropgrumman.com/careers/job/1340071549095"
"Northrop Grumman","Eightfold","Principal or Sr Principal Supply Chain Procurement Specialist (Level 3 or 4)","Global Supply Chain Mult-Func","","Oklahoma City, OK","US (CONUS)","","","","","","https://jobs.northropgrumman.com/careers/job/1340071556354"
"Northrop Grumman","Eightfold","Supply Chain Technical Coordinator 2/3","Global Supply Chain Mult-Func","","Edwards AFB, CA","US (CONUS)","","","","","","https://jobs.northropgrumman.com/careers/job/1340071621607"
"Northrop Grumman","Eightfold","Principal Engineer Facilities","Facilities Mult-Func","","Sunnyvale, CA","US (CONUS)","","","","","","https://jobs.northropgrumman.com/careers/job/1340071579794"
"Northrop Grumman","Eightfold","Principal/Sr Principal Airworthiness Engineer","Systems/Architecture/Test","","San Diego, CA","US (CONUS)","","","","","","https://jobs.northropgrumman.com/careers/job/1340071640805"
"Northrop Grumman","Eightfold","Sr Principal Engineer Systems","Systems/Architecture/Test","","Melbourne, FL","US (CONUS)","","","","","","https://jobs.northropgrumman.com/careers/job/1340071611904"
"Northrop Grumman","Eightfold","Senior Principal Electronics Engineer - Supplier Management Team (SMT) Lead","Electrical","","San Diego, CA","US (CONUS)","","","","","","https://jobs.northropgrumman.com/careers/job/1340071625952"
"Northrop Grumman","Eightfold","Embedded Software Engineer (Secret) - Level 5 (Chandler)","Software","","Chandler, AZ","US (CONUS)","","","","","","https://jobs.northropgrumman.com/careers/job/1340071635295"
"Northrop Grumman","Eightfold","Engineer Electrical (level 2/3) - Subsystems","Electrical","","Palmdale, CA","US (CONUS)","","","","","","https://jobs.northropgrumman.com/careers/job/1340070597096"
"Northrop Grumman","Eightfold","Engineer Software - DevOps & Cloud Infrastructure","Software","","San Diego, CA","US (CONUS)","","","","","","https://jobs.northropgrumman.com/careers/job/1340070573127"
"Northrop Grumman","Eightfold","Sentinel - Systems / Principal Systems Test Engineer - 8119-1","Systems/Architecture/Test","","Roy, UT","US (CONUS)","","","","","","https://jobs.northropgrumman.com/careers/job/1340071584057"
"Northrop Grumman","Eightfold","Principal Engineer Electrical/Sr. Pr. Engineer Electrical - 18639","Electrical","","Roy, UT","US (CONUS)","","","","","","https://jobs.northropgrumman.com/careers/job/1340071584412"
"Northrop Grumman","Eightfold","Principal or Sr Principal Engineer Electrical","Electrical","","San Diego, CA","US (CONUS)","","","","","","https://jobs.northropgrumman.com/careers/job/1340071548346"
"Northrop Grumman","Eightfold","Supply Chain Technical Coordinator 2","Global Supply Chain Mult-Func","","Iuka, MS","US (CONUS)","","","","","","https://jobs.northropgrumman.com/careers/job/1340071213288"
"Northrop Grumman","Eightfold","Engineer Software - Embedded and Real Time (Melbourne Florida)","Software","","Melbourne, FL","US (CONUS)","","","","","","https://jobs.northropgrumman.com/careers/job/1340071027005"
"Northrop Grumman","Eightfold","Sr Staff Test Pilot","Flight Operations Mult-Func","","Melbourne, FL","US (CONUS)","","","","","","https://jobs.northropgrumman.com/careers/job/1340070675205"
"Northrop Grumman","Eightfold","Supply Chain Technical Coordinator 2","Global Supply Chain Mult-Func","","Iuka, MS","US (CONUS)","","","","","","https://jobs.northropgrumman.com/careers/job/1340071213362"
"Northrop Grumman","Eightfold","Supply Chain Technical Coordinator 2","Global Supply Chain Mult-Func","","Iuka, MS","US (CONUS)","","","","","","https://jobs.northropgrumman.com/careers/job/1340071213272"
"Northrop Grumman","Eightfold","Software Engineer / Principal Software Engineer - Simulation","Software","","Oklahoma City, OK","US (CONUS)","","","","","","https://jobs.northropgrumman.com/careers/job/1340071558533"
"Northrop Grumman","Eightfold","Senior Principal Engineer Software - DevOps & Cloud","Software","","Melbourne, FL","US (CONUS)","","","","","","https://jobs.northropgrumman.com/careers/job/1340071583930"
"Northrop Grumman","Eightfold","Sr. Principal Systems Test Engineer","Systems/Architecture/Test","","Palmdale, CA","US (CONUS)","","","","","","https://jobs.northropgrumman.com/careers/job/1340071584858"
"Northrop Grumman","Eightfold","Supply Chain Planning Specialist","Global Supply Chain Mult-Func","","Iuka, MS","US (CONUS)","","","","","","https://jobs.northropgrumman.com/careers/job/1340071212649"
"Northrop Grumman","Eightfold","Senior Principal Engineer Software - Cyber Security (San Diego CA)","Software","","San Diego, CA","US (CONUS)","","","","","","https://jobs.northropgrumman.com/careers/job/1340071559686"
"Northrop Grumman","Eightfold","Sentinel - Principal / Sr. Principal Test Engineer - 15110*","Systems/Architecture/Test","","Roy, UT","US (CONUS)","","","","","","https://jobs.northropgrumman.com/careers/job/1340071583979"
"Northrop Grumman","Eightfold","Electronics Assembler B - 1st or 2nd shift","NGC - Non - NGJF S01","","Sykesville, MD","US (CONUS)","","","","","","https://jobs.northropgrumman.com/careers/job/1340071548437"
"Northrop Grumman","Eightfold","Sr Principal Engineer Material Process 17366","Material/Process","","Roy, UT","US (CONUS)","","","","","","https://jobs.northropgrumman.com/careers/job/1340071570284"
"Northrop Grumman","Eightfold","Contracts Administrator (Level 3 or 4)","Contracts","","Melbourne, FL","US (CONUS)","","","","","","https://jobs.northropgrumman.com/careers/job/1340071560956"
"Northrop Grumman","Eightfold","Principal / Sr Principal Program Planning and Scheduling Analyst","Business Management Mult-Func","","Melbourne, FL","US (CONUS)","","","","","","https://jobs.northropgrumman.com/careers/job/1340071571787"
"Northrop Grumman","Eightfold","Sr Principal Systems Engineer/Architect (MBSE)","Systems/Architecture/Test","","Melbourne, FL","US (CONUS)","","","","","","https://jobs.northropgrumman.com/careers/job/1340071569154"
"Northrop Grumman","Eightfold","Engineer Systems Safety 1/2","Environmental","","Rocket Center, WV","US (CONUS)","","","","","","https://jobs.northropgrumman.com/careers/job/1340071557088"
"Northrop Grumman","Eightfold","Mechanical Design Engineering Department Manager 3 (18691)","Mechanical","","Roy, UT","US (CONUS)","","","","","","https://jobs.northropgrumman.com/careers/job/1340071557505"
"Northrop Grumman","Eightfold","Principal/Sr Principal Program Cost and Schedule Control Analyst","Business Management Mult-Func","","Los Angeles, CA","US (CONUS)","","","","","","https://jobs.northropgrumman.com/careers/job/1340071558541"
"Northrop Grumman","Eightfold","Principal Engineer Software - Embedded and Real Time (Melbourne FL)","Software","","Melbourne, FL","US (CONUS)","","","","","","https://jobs.northropgrumman.com/careers/job/1340069356944"
"Northrop Grumman","Eightfold","Airframe Structural Stress Analysis Engineer (2/3)","Mechanical","","Roy, UT","US (CONUS)","","","","","","https://jobs.northropgrumman.com/careers/job/1340070441380"
"Northrop Grumman","Eightfold","Aircraft Maintenance Engineer","NGC - Non - NGJF EBA","","Pinkenba, QLD, AU","International","","","","","","https://jobs.northropgrumman.com/careers/job/1340068361366"
"Northrop Grumman","Eightfold","Software Engineering Manager 2 – SW Test Lead","Software","","San Diego, CA","US (CONUS)","","","","","","https://jobs.northropgrumman.com/careers/job/1340071558978"
"Northrop Grumman","Eightfold","Sentinel - Principal / Sr. Principal Systems Engineer - 16306","Systems/Architecture/Test","","Roy, UT","US (CONUS)","","","","","","https://jobs.northropgrumman.com/careers/job/1340071542377"
"Northrop Grumman","Eightfold","Senior UX Designer","Cyber","","Salford, England, GB","International","","","","","","https://jobs.northropgrumman.com/careers/job/1340068114915"
"Northrop Grumman","Eightfold","Engineer/Principal Engineer RF Microwave Design (SkillBridge)","Electrical","","Baltimore, MD","US (CONUS)","","","","","","https://jobs.northropgrumman.com/careers/job/1340071547271"
"Northrop Grumman","Eightfold","Materials Process Engineer Level 3 or 4","Material/Process","","Sunnyvale, CA","US (CONUS)","","","","","","https://jobs.northropgrumman.com/careers/job/1340071058650"
"Northrop Grumman","Eightfold","Principal Mechanical Engineer / Sr. Principal Mechanical Engineer 16935","Mechanical","","Roy, UT","US (CONUS)","","","","","","https://jobs.northropgrumman.com/careers/job/1340071521549"
"Northrop Grumman","Eightfold","Principal Mechanical Engineer","Electrical","","McClellan Park, CA","US (CONUS)","","","","","","https://jobs.northropgrumman.com/careers/job/1340071303534"
"Northrop Grumman","Eightfold","Manager Capture Management 3 - Capture Strategist","Capture","","Linthicum Heights, MD","US (CONUS)","","","","","","https://jobs.northropgrumman.com/careers/job/1340071412054"
"Northrop Grumman","Eightfold","Principal or Sr. Principal Program Cost and Schedule Control Analyst","Business Management Mult-Func","","Melbourne, FL","US (CONUS)","","","","","","https://jobs.northropgrumman.com/careers/job/1340070838363"
"Northrop Grumman","Eightfold","Principal Thread & Communications Systems Engineer","Systems/Architecture/Test","","San Diego, CA","US (CONUS)","","","","","","https://jobs.northropgrumman.com/careers/job/1340070297529"
"Northrop Grumman","Eightfold","Principal Program Planning and Scheduling Analyst","Business Management Mult-Func","","Palmdale, CA","US (CONUS)","","","","","","https://jobs.northropgrumman.com/careers/job/1340071164383"
"Northrop Grumman","Eightfold","Electronics Engineer OR Principal Electronics Engineer - Subsystems","Electrical","","San Diego, CA","US (CONUS)","","","","","","https://jobs.northropgrumman.com/careers/job/1340071474152"
"Northrop Grumman","Eightfold","Program Cost and Schedule Control Analyst","Business Management Mult-Func","","Melbourne, FL","US (CONUS)","","","","","","https://jobs.northropgrumman.com/careers/job/1340067685090"
"Northrop Grumman","Eightfold","Maintenance Janitor Level 1 or Level 2 (Second Shift)","Janitorial,GroundsOthCustodial","","Layton, UT","US (CONUS)","","","","","","https://jobs.northropgrumman.com/careers/job/1340071472373"
"Northrop Grumman","Eightfold","Supply Chain Technical Coordinator 2 OR 3 - WEEKEND DAYS","Global Supply Chain Mult-Func","","Clearfield, UT","US (CONUS)","","","","","","https://jobs.northropgrumman.com/careers/job/1340071444723"
"Northrop Grumman","Eightfold","Aircraft Maintenance Engineer - Avionics","NGC - Non - NGJF EBA","","Amberley, QLD, AU","International","","","","","","https://jobs.northropgrumman.com/careers/job/1340059187142"
"Northrop Grumman","Eightfold","Sentinel - Principal / Sr. Principal Systems Engineer - 18478","Systems/Architecture/Test","","Roy, UT","US (CONUS)","","","","","","https://jobs.northropgrumman.com/careers/job/1340071293489"
"Northrop Grumman","Eightfold","(Skillbridge) Engineering Technician 2","Tech Support Mult-Func","","Gilbert, AZ","US (CONUS)","","","","","","https://jobs.northropgrumman.com/careers/job/1340070441391"
"Northrop Grumman","Eightfold","(Skillbridge) Quality Inspector 3 (Space/Satellite Systems)","Flight Operations Mult-Func","","Gilbert, AZ","US (CONUS)","","","","","","https://jobs.northropgrumman.com/careers/job/1340069859996"
"Northrop Grumman","Eightfold","EOI - DARC - PROGRAM","Engineering Mult-Func","","Exmouth, WA, AU","International","","","","","","https://jobs.northropgrumman.com/careers/job/1340069761329"
"Northrop Grumman","Eightfold","Staff Embedded Software Engineer","Software","","San Diego, CA","US (CONUS)","","","","","","https://jobs.northropgrumman.com/careers/job/1340068977127"
"Northrop Grumman","Eightfold","Non Destructive Test Technician  - Tech 3/Tech 4","Mission and Quality Assurance","","Palmdale, CA","US (CONUS)","","","","","","https://jobs.northropgrumman.com/careers/job/1340071315379"
"Northrop Grumman","Eightfold","Manager Programs 2 - Ceramic Composites","Program Management (P&L)","","San Diego, CA","US (CONUS)","","","","","","https://jobs.northropgrumman.com/careers/job/1340071306796"
"Northrop Grumman","Eightfold","Senior Capture Management Launch and Exploration- TS/SCI clearance","Account Management","","Chandler, AZ","US (CONUS)","","","","","","https://jobs.northropgrumman.com/careers/job/1340069794600"
"Northrop Grumman","Eightfold","Principal/Sr Principal  Electrical Engineer - 17705","Electrical","","Roy, UT","US (CONUS)","","","","","","https://jobs.northropgrumman.com/careers/job/1340069913566"
"Northrop Grumman","Eightfold","Machinist 2/3","Manufacturing and Production","","Corinne, UT","US (CONUS)","","","","","","https://jobs.northropgrumman.com/careers/job/1340071293882"
"Northrop Grumman","Eightfold","Principal / Sr. Principal Facilities Construction Project Management (Level 3 or 4)","Project Management (Non-P&L)","","Palmdale, CA","US (CONUS)","","","","","","https://jobs.northropgrumman.com/careers/job/1340071289043"
"Northrop Grumman","Eightfold","Aircraft Maintenance Engineer - Avionics","Tech Support Mult-Func","","Tindal, NT, AU","International","","","","","","https://jobs.northropgrumman.com/careers/job/1340070442336"
"Northrop Grumman","Eightfold","Sentinel Manufacturing Engineering Manager 2 (17266 -17267)","Material/Process","","Roy, UT","US (CONUS)","","","","","","https://jobs.northropgrumman.com/careers/job/1340071220778"
"Northrop Grumman","Eightfold","Principal / Sr. Principal Cyber Systems Engineer","Cyber","","Fairfax, VA","US (CONUS)","","","","","","https://jobs.northropgrumman.com/careers/job/1340071256580"
"Northrop Grumman","Eightfold","Principal Engineer Mission Assurance","Mission/Quality Assurance","","Sunnyvale, CA","US (CONUS)","","","","","","https://jobs.northropgrumman.com/careers/job/1340071060013"
"Northrop Grumman","Eightfold","Senior Principal Engineer Software - Simulation (Oklahoma City or Melbourne FL)","Software","","Oklahoma City, OK","US (CONUS)","","","","","","https://jobs.northropgrumman.com/careers/job/1340069898851"
"Northrop Grumman","Eightfold","Sr Principal Program Cost and Schedule Control Analyst","Business Management Mult-Func","","Melbourne, FL","US (CONUS)","","","","","","https://jobs.northropgrumman.com/careers/job/1340071176616"
"Northrop Grumman","Eightfold","Engineer Electrical/Principal Engineer Electrical - 17051 &17078","Electrical","","Roy, UT","US (CONUS)","","","","","","https://jobs.northropgrumman.com/careers/job/1340070947263"
"Northrop Grumman","Eightfold","Sentinel -  Nuclear Surety Systems / Principal Systems Engineer - 17316","Systems/Architecture/Test","","Roy, UT","US (CONUS)","","","","","","https://jobs.northropgrumman.com/careers/job/1340070485183"
"Northrop Grumman","Eightfold","Sentinel - Nuclear Surety Systems Engineer 2/3 - 18404*","Systems/Architecture/Test","","Roy, UT","US (CONUS)","","","","","","https://jobs.northropgrumman.com/careers/job/1340071019232"
"Northrop Grumman","Eightfold","Sentinel - Nuclear Surety Systems Engineer  Levels 2/3 - 18389*","Systems/Architecture/Test","","Roy, UT","US (CONUS)","","","","","","https://jobs.northropgrumman.com/careers/job/1340070709457"
"Northrop Grumman","Eightfold","Structural Analysis Engineer (2/3) - MRB (Fri - Su)","Mechanical","","Clearfield, UT","US (CONUS)","","","","","","https://jobs.northropgrumman.com/careers/job/1340070440500"
"Northrop Grumman","Eightfold","Sentinel - Principal / Sr. Principal Systems Test Engineer - 18428*","Systems/Architecture/Test","","Roy, UT","US (CONUS)","","","","","","https://jobs.northropgrumman.com/careers/job/1340070950418"
"Northrop Grumman","Eightfold","Sentinel - Principal / Systems Engineer - 16308","Systems/Architecture/Test","","Roy, UT","US (CONUS)","","","","","","https://jobs.northropgrumman.com/careers/job/1340071005071"
"Northrop Grumman","Eightfold","Sentinel - Principal / Sr. Principal Systems Test Engineer - 170588","Systems/Architecture/Test","","Roy, UT","US (CONUS)","","","","","","https://jobs.northropgrumman.com/careers/job/1340070964372"
"Northrop Grumman","Eightfold","Electronics Test Technician for 3rd or 4th or 5th shift","NGC - Non - NGJF S01","","Sykesville, MD","US (CONUS)","","","","","","https://jobs.northropgrumman.com/careers/job/1340069514033"
"Northrop Grumman","Eightfold","Sr / Principal Mechanical Engineer - 17146*","Mechanical","","Roy, UT","US (CONUS)","","","","","","https://jobs.northropgrumman.com/careers/job/1340070949531"
"Northrop Grumman","Eightfold","Sentinel Principal / Sr Principal Manufacturing Engineer -18341*","Material/Process","","Roy, UT","US (CONUS)","","","","","","https://jobs.northropgrumman.com/careers/job/1340070966251"
"Northrop Grumman","Eightfold","Director 1 - Support & Training Integration","Program Management (P&L)","","Roy, UT","US (CONUS)","","","","","","https://jobs.northropgrumman.com/careers/job/1340070869258"
"Northrop Grumman","Eightfold","Test Engineer / Principal Test Engineer","Systems/Architecture/Test","","Sunnyvale, CA","US (CONUS)","","","","","","https://jobs.northropgrumman.com/careers/job/1340070821490"
"Northrop Grumman","Eightfold","Human Factors Engineer/ Principal Human Factors Engineer","Systems/Architecture/Test","","Melbourne, FL","US (CONUS)","","","","","","https://jobs.northropgrumman.com/careers/job/1340070143993"
"Northrop Grumman","Eightfold","Sr Principal Proposal Analyst","Proposal","","San Diego, CA","US (CONUS)","","","","","","https://jobs.northropgrumman.com/careers/job/1340070848810"
"Northrop Grumman","Eightfold","Contracts Administrator","Contracts","","San Diego, CA","US (CONUS)","","","","","","https://jobs.northropgrumman.com/careers/job/1340070855946"
"Northrop Grumman","Eightfold","Manufacturing Technician 1/2","Manufacturing and Production","","Corinne, UT","US (CONUS)","","","","","","https://jobs.northropgrumman.com/careers/job/1340070821534"
"Northrop Grumman","Eightfold","Design Engineer / Principal Design Engineer CSA - Civil Engineer 17704","Systems/Architecture/Test","","Roy, UT","US (CONUS)","","","","","","https://jobs.northropgrumman.com/careers/job/1340070752409"
"Northrop Grumman","Eightfold","DOD SkillBridge - Electronics Engineer 2/3 - Comms/Networks","Electrical","","San Diego, CA","US (CONUS)","","","","","","https://jobs.northropgrumman.com/careers/job/1340070777055"
"Northrop Grumman","Eightfold","Principal Engineer Software/Senior Principal Engineer Software","Software","","Melbourne, FL","US (CONUS)","","","","","","https://jobs.northropgrumman.com/careers/job/1340070482491"
"Northrop Grumman","Eightfold","Digital Design Engineer","Electrical","","Rolling Meadows, IL","US (CONUS)","","","","","","https://jobs.northropgrumman.com/careers/job/1340070771903"
"Northrop Grumman","Eightfold","Sentinel - Nuclear Surety Systems / Principal Systems Engineer - 17317*","Systems/Architecture/Test","","Roy, UT","US (CONUS)","","","","","","https://jobs.northropgrumman.com/careers/job/1340070441121"
"Northrop Grumman","Eightfold","Principal/ Sr. Principal Design Engineer - TDP (17937)","Systems/Architecture/Test","","Roy, UT","US (CONUS)","","","","","","https://jobs.northropgrumman.com/careers/job/1340070712308"
"Northrop Grumman","Eightfold","Nuclear Surety - Principal / Sr Principal Systems Engineer - 8876-1","Systems/Architecture/Test","","Roy, UT","US (CONUS)","","","","","","https://jobs.northropgrumman.com/careers/job/1340070485179"
"Northrop Grumman","Eightfold","Sentinel - Nuclear Surety Systems / Principal Systems Engineer - 7752-1","Systems/Architecture/Test","","Roy, UT","US (CONUS)","","","","","","https://jobs.northropgrumman.com/careers/job/1340070485247"
"Northrop Grumman","Eightfold","Manager Programs 3","Program Management (P&L)","","El Segundo, CA","US (CONUS)","","","","","","https://jobs.northropgrumman.com/careers/job/1340070714598"
"Northrop Grumman","Eightfold","Sr Principal Proposal Analyst","Proposal","","San Diego, CA","US (CONUS)","","","","","","https://jobs.northropgrumman.com/careers/job/1340070658796"
"Northrop Grumman","Eightfold","Principal Proposal Analyst","Proposal","","San Diego, CA","US (CONUS)","","","","","","https://jobs.northropgrumman.com/careers/job/1340070658806"
"Northrop Grumman","Eightfold","Principal/Sr. Principal Facility Electrical Engineering Technical Lead - 17645*","Electrical","","Roy, UT","US (CONUS)","","","","","","https://jobs.northropgrumman.com/careers/job/1340070675449"
"Northrop Grumman","Eightfold","Principal Software Engineer","Cyber","","London, England, GB","International","","","","","","https://jobs.northropgrumman.com/careers/job/1340070631735"
"Northrop Grumman","Eightfold","Principal Engineer Embedded Software","Software","","San Diego, CA","US (CONUS)","","","","","","https://jobs.northropgrumman.com/careers/job/1340070674984"
"Northrop Grumman","Eightfold","E-6B IMMC Principal Production Planner / Sr Principal Production Planner Multiple Shifts","Manufacturing and Production","","Lake Charles, LA","US (CONUS)","","","","","","https://jobs.northropgrumman.com/careers/job/1340070266231"
"Northrop Grumman","Eightfold","Principal Configuration Analyst / Senior Principal Configuration Analyst","Tech Support Mult-Func","","Melbourne, FL","US (CONUS)","","","","","","https://jobs.northropgrumman.com/careers/job/1340070564023"
"Northrop Grumman","Eightfold","Sentinel - Principal / Sr Principal Systems Test Engineer - 15211*","Systems/Architecture/Test","","Roy, UT","US (CONUS)","","","","","","https://jobs.northropgrumman.com/careers/job/1340070568983"
"Northrop Grumman","Eightfold","Sentinel - Principal / Sr Principal Electrical Test Engineer - 8905-1","Electrical","","Roy, UT","US (CONUS)","","","","","","https://jobs.northropgrumman.com/careers/job/1340070569879"
"Northrop Grumman","Eightfold","Sentinel - Principal / Sr Principal Systems Test Engineer - 7209-3","Systems/Architecture/Test","","Roy, UT","US (CONUS)","","","","","","https://jobs.northropgrumman.com/careers/job/1340070569963"
"Northrop Grumman","Eightfold","Aircraft Structures Mechanic Level 2 or Level 3","Flight Operations Mult-Func","","Beavercreek, OH","US (CONUS)","","","","","","https://jobs.northropgrumman.com/careers/job/1340070591336"
"Northrop Grumman","Eightfold","Lead Software Engineer","Cyber","","London, England, GB","International","","","","","","https://jobs.northropgrumman.com/careers/job/1340070402656"
"Northrop Grumman","Eightfold","Principal Network Engineer/Sr. Principal Network Engineer​","Electrical","","Melbourne, FL","US (CONUS)","","","","","","https://jobs.northropgrumman.com/careers/job/1340070569034"
"Northrop Grumman","Eightfold","Associate Manufacturing Analyst","Manufacturing and Production","","Warner Robins, GA","US (CONUS)","","","","","","https://jobs.northropgrumman.com/careers/job/1340070503832"
"Northrop Grumman","Eightfold","(Sentinel (GBSD) – C&L INF Facility Electrical Design (FED) Electrical Engineer - 176340 - 17639","Electrical","","Roy, UT","US (CONUS)","","","","","","https://jobs.northropgrumman.com/careers/job/1340070483235"
"Northrop Grumman","Eightfold","Cyber Systems Engineer / Principal Cyber Systems Engineer","Cyber","","Melbourne, FL","US (CONUS)","","","","","","https://jobs.northropgrumman.com/careers/job/1340070246547"
"Northrop Grumman","Eightfold","Principal Software Engineer","Cyber","","Cheltenham, England, GB","International","","","","","","https://jobs.northropgrumman.com/careers/job/1340070402653"
"Northrop Grumman","Eightfold","Senior DevOps Engineer","Engineering Mult-Func","","Manchester, England, GB","International","","","","","","https://jobs.northropgrumman.com/careers/job/1340070402657"
"Northrop Grumman","Eightfold","Lead DevOps Engineer","Engineering Mult-Func","","Manchester, England, GB","International","","","","","","https://jobs.northropgrumman.com/careers/job/1340070402659"
"Northrop Grumman","Eightfold","Sentinel - Principal / Sr Principal Nuclear Surety Systems Engineer - 14314","Systems/Architecture/Test","","Roy, UT","US (CONUS)","","","","","","https://jobs.northropgrumman.com/careers/job/1340070327482"
"Northrop Grumman","Eightfold","Senior Planner","Business Management Mult-Func","","New Malden, England, GB","International","","","","","","https://jobs.northropgrumman.com/careers/job/1340070210683"
"Northrop Grumman","Eightfold","Systems/Principal Systems Engineer","Systems/Architecture/Test","","Camarillo, CA","US (CONUS)","","","","","","https://jobs.northropgrumman.com/careers/job/1340070269658"
"Northrop Grumman","Eightfold","Senior DevOps Engineer","Engineering Mult-Func","","Cheltenham, England, GB","International","","","","","","https://jobs.northropgrumman.com/careers/job/1340068309852"
"Northrop Grumman","Eightfold","Sentinel - Systems Engineer - 17018*","Systems/Architecture/Test","","Roy, UT","US (CONUS)","","","","","","https://jobs.northropgrumman.com/careers/job/1340070245845"
"Northrop Grumman","Eightfold","Sentinel Staff TEMPEST Engineer - 15006*","Systems/Architecture/Test","","Huntsville, AL","US (CONUS)","","","","","","https://jobs.northropgrumman.com/careers/job/1340070220648"
"Northrop Grumman","Eightfold","Principal Engineer Software - Embedded and Real Time (Oklahoma & Florida)","Software","","Oklahoma City, OK","US (CONUS)","","","","","","https://jobs.northropgrumman.com/careers/job/1340070179089"
"Northrop Grumman","Eightfold","Contracts Administrator - Level 4","Contracts","","Chandler, AZ","US (CONUS)","","","","","","https://jobs.northropgrumman.com/careers/job/1340070161379"
"Northrop Grumman","Eightfold","Principal/ Sr Principal Human Factors Engineer","Systems/Architecture/Test","","Melbourne, FL","US (CONUS)","","","","","","https://jobs.northropgrumman.com/careers/job/1340070138304"
"Northrop Grumman","Eightfold","Sentinel Guidance and Control Requirements Manager 2- 17646","Systems/Architecture/Test","","Roy, UT","US (CONUS)","","","","","","https://jobs.northropgrumman.com/careers/job/1340069796834"
"Northrop Grumman","Eightfold","Sentinel - Principal/Sr Principal Systems Data Architect - 15904*","Systems/Architecture/Test","","Huntsville, AL","US (CONUS)","","","","","","https://jobs.northropgrumman.com/careers/job/1340069793069"
"Northrop Grumman","Eightfold","Principal Engineer Electrical - 16913","Electrical","","Roy, UT","US (CONUS)","","","","","","https://jobs.northropgrumman.com/careers/job/1340069549985"
"Northrop Grumman","Eightfold","E-6B IMMC SCA Aircraft Mechanic 1&2 Avionics (SkillBridge)","NGC - Non - NGJF Service Contract Act","","Lake Charles, LA","US (CONUS)","","","","","","https://jobs.northropgrumman.com/careers/job/1340069706799"
"Northrop Grumman","Eightfold","Sentinel Structural/Principal Structural Analyst - *16989","Mechanical","","Roy, UT","US (CONUS)","","","","","","https://jobs.northropgrumman.com/careers/job/1340069508107"
"Northrop Grumman","Eightfold","Sentinel Principal/ Sr. Principal Structural Analyst - *17592","Mechanical","","Roy, UT","US (CONUS)","","","","","","https://jobs.northropgrumman.com/careers/job/1340069514524"
"Northrop Grumman","Eightfold","Manufacturing Technician 1/2","Manufacturing and Production","","Corinne, UT","US (CONUS)","","","","","","https://jobs.northropgrumman.com/careers/job/1340069554491"
"Northrop Grumman","Eightfold","Sentinel – Principal/Senior Principal Engineer - Systems Architect - 14770","Systems/Architecture/Test","","Roy, UT","US (CONUS)","","","","","","https://jobs.northropgrumman.com/careers/job/1340068253138"
"Northrop Grumman","Eightfold","Sr. Principal Space Communications Systems Engineer","Systems/Architecture/Test","","Redondo Beach, CA","US (CONUS)","","","","","","https://jobs.northropgrumman.com/careers/job/1340069366418"
"Northrop Grumman","Eightfold","Supply Chain Subcontract Manager 2","Global Supply Chain Mult-Func","","Melbourne, FL","US (CONUS)","","","","","","https://jobs.northropgrumman.com/careers/job/1340069167634"
"Northrop Grumman","Eightfold","Supply Chain Subcontract Manager 3","Global Supply Chain Mult-Func","","Melbourne, FL","US (CONUS)","","","","","","https://jobs.northropgrumman.com/careers/job/1340060575987"
"Northrop Grumman","Eightfold","Sentinel Principal Structural Engineer - *16682","Mechanical","","Roy, UT","US (CONUS)","","","","","","https://jobs.northropgrumman.com/careers/job/1340069007396"
"Northrop Grumman","Eightfold","Sentinel Structural Engineer - *16675","Mechanical","","Roy, UT","US (CONUS)","","","","","","https://jobs.northropgrumman.com/careers/job/1340069007805"
"Northrop Grumman","Eightfold","Software Project Manager","Project Management (Non-P&L)","","Cheltenham, England, GB","International","","","","","","https://jobs.northropgrumman.com/careers/job/1340068308793"
"Northrop Grumman","Eightfold","Full Rate Machinist(Off Shift)","NGC - Non - NGJF Union","","Rocket Center, WV","US (CONUS)","","","","","","https://jobs.northropgrumman.com/careers/job/1340068368055"
"Northrop Grumman","Eightfold","F-35 Program Manager RIO Manager 3","Program Management (P&L)","","Redondo Beach, CA","US (CONUS)","","","","","","https://jobs.northropgrumman.com/careers/job/1340068313473"
"Northrop Grumman","Eightfold","Senior Support Engineer","Cyber","","Cheltenham, England, GB","International","","","","","","https://jobs.northropgrumman.com/careers/job/1340068170543"
