Company,ATS,Title,Field,Team,Location,Region,Employment,PayMin,PayMax,PayInterval,Education,URL
Palo Alto Networks,Radancy,Principal Product Manager - Business Applications AI,Product Engineering,,"Santa Clara, CA",US (CONUS),Full-time,,,,,https://jobs.paloaltonetworks.com/en/job/santa-clara/principal-product-manager-business-applications-ai/47263/99865647408
Palo Alto Networks,Radancy,Named Account Manager - SLED,Sales,,"Tampa, FL",US (CONUS),Full-time,,,,,https://jobs.paloaltonetworks.com/en/job/tampa/named-account-manager-sled/47263/99865646000
Palo Alto Networks,Radancy,Domain Consultant 2,Sales,,"Reston, VA",US/Remote,Full-time,,,,,https://jobs.paloaltonetworks.com/en/job/reston/domain-consultant-2/47263/99865645536
Palo Alto Networks,Radancy,"Sr Director IT Engineering, GTM AI Applications",Product Engineering,,"Santa Clara, CA",US (CONUS),Full-time,,,,,https://jobs.paloaltonetworks.com/en/job/santa-clara/sr-director-it-engineering-gtm-ai-applications/47263/99865645392
Palo Alto Networks,Radancy,Principal Software Engineer (AI Software Integration - Prisma AIRS)),Product Engineering,,"Santa Clara, CA",US (CONUS),Full-time,,,,,https://jobs.paloaltonetworks.com/en/job/santa-clara/principal-software-engineer-ai-software-integration-prisma-airs/47263/99508000080
Palo Alto Networks,Radancy,Domain Consultant 2,Sales,,"Columbus, OH",US (CONUS),Full-time,,,,,https://jobs.paloaltonetworks.com/en/job/columbus/domain-consultant-2/47263/99211248608
Palo Alto Networks,Radancy,Domain Consultant - EPM,Sales,,"Columbus, OH",US (CONUS),Full-time,,,,,https://jobs.paloaltonetworks.com/en/job/columbus/domain-consultant-epm/47263/98434297952
Palo Alto Networks,Radancy,"Senior Manager, Tax (Reporting and Compliance)",Tax Accounting,,"Santa Clara, CA",US (CONUS),Full-time,,,,,https://jobs.paloaltonetworks.com/en/job/santa-clara/senior-manager-tax-reporting-and-compliance/47263/99865639072
Palo Alto Networks,Radancy,Technical Revenue Manager,Accounting,,"Santa Clara, CA",US (CONUS),Full-time,,,,,https://jobs.paloaltonetworks.com/en/job/santa-clara/technical-revenue-manager/47263/96174865712
Palo Alto Networks,Radancy,"Director, Finance FP&A",FP&A,,"Santa Clara, CA",US (CONUS),Full-time,,,,,https://jobs.paloaltonetworks.com/en/job/santa-clara/director-finance-fp-and-a/47263/99856657472
Palo Alto Networks,Radancy,Sr. Principal/Architect Engineer Software - Storage (Chronosphere),Product Engineering,,"New York City, NY",US (CONUS),Full-time,,,,,https://jobs.paloaltonetworks.com/en/job/new-york/sr-principal-architect-engineer-software-storage-chronosphere/47263/99856657456
Palo Alto Networks,Radancy,"VP, Customer Assurance & Critical Accounts (Cortex)",Global Customer Services,,"Santa Clara, CA",US (CONUS),Full-time,,,,,https://jobs.paloaltonetworks.com/en/job/santa-clara/vp-customer-assurance-and-critical-accounts-cortex/47263/99856656896
Palo Alto Networks,Radancy,Strategic Account Manager - Systems Integrators,Sales,,"Charlotte, NC",US (CONUS),Full-time,,,,,https://jobs.paloaltonetworks.com/en/job/charlotte/strategic-account-manager-systems-integrators/47263/99856656848
Palo Alto Networks,Radancy,Sr Staff Engineer Software,Product Engineering,,"Boston, MA",US (CONUS),Full-time,,,,,https://jobs.paloaltonetworks.com/en/job/boston/sr-staff-engineer-software/47263/99856656112
Palo Alto Networks,Radancy,Sr. Product Manager (Support Copilot),Product Engineering,,"Santa Clara, CA",US (CONUS),Full-time,,,,,https://jobs.paloaltonetworks.com/en/job/santa-clara/sr-product-manager-support-copilot/47263/99856655536
Palo Alto Networks,Radancy,Major Account Manager,Sales,,"Phoenix, AZ",US (CONUS),Full-time,,,,,https://jobs.paloaltonetworks.com/en/job/phoenix/major-account-manager/47263/96174881600
Palo Alto Networks,Radancy,"Director, GTM Device Security (IoT/OT)",Business Development,,"Remote, NC",US/Remote,Full-time,,,,,https://jobs.paloaltonetworks.com/en/job/north-carolina/director-gtm-device-security-iot-ot/47263/96174875840
Palo Alto Networks,Radancy,Senior Staff Software Engineer,Product Engineering,,"Santa Clara, CA",US (CONUS),Full-time,,,,,https://jobs.paloaltonetworks.com/en/job/santa-clara/senior-staff-software-engineer/47263/99846400560
Palo Alto Networks,Radancy,Domain Consultant - End Point Management Solutions,Sales,,"Remote, CA",US/Remote,Full-time,,,,,https://jobs.paloaltonetworks.com/en/job/california/domain-consultant-end-point-management-solutions/47263/98567495856
Palo Alto Networks,Radancy,Idira Secrets SME - Domain Consultant,Sales,,"Remote, DC",US/Remote,Full-time,,,,,https://jobs.paloaltonetworks.com/en/job/washington/idira-secrets-sme-domain-consultant/47263/98575104544
Palo Alto Networks,Radancy,"Technical Trainer, Cortex",Technical Training,,"Santa Clara, CA",US (CONUS),Full-time,,,,,https://jobs.paloaltonetworks.com/en/job/santa-clara/technical-trainer-cortex/47263/99722095264
Palo Alto Networks,Radancy,Principal Technical Product Engineer,Product Engineering,,"Santa Clara, CA",US (CONUS),Full-time,,,,,https://jobs.paloaltonetworks.com/en/job/santa-clara/principal-technical-product-engineer/47263/99829026640
Palo Alto Networks,Radancy,Domain Consultant 2,Sales,,"Remote, NY",US/Remote,Full-time,,,,,https://jobs.paloaltonetworks.com/en/job/new-york/domain-consultant-2/47263/99771554640
Palo Alto Networks,Radancy,Domain Consultant 2,Sales,,"Remote, NJ",US/Remote,Full-time,,,,,https://jobs.paloaltonetworks.com/en/job/new-jersey/domain-consultant-2/47263/99771554624
Palo Alto Networks,Radancy,Domain Consultant,Sales,,"Remote, MI",US/Remote,Full-time,,,,,https://jobs.paloaltonetworks.com/en/job/michigan/domain-consultant/47263/99771554592
Palo Alto Networks,Radancy,Brand Manager,Marketing,,"Santa Clara, CA",US (CONUS),Full-time,,,,,https://jobs.paloaltonetworks.com/en/job/santa-clara/brand-manager/47263/99560855536
Palo Alto Networks,Radancy,"Director, Brand & Creative",Marketing,,"Santa Clara, CA",US (CONUS),Full-time,,,,,https://jobs.paloaltonetworks.com/en/job/santa-clara/director-brand-and-creative/47263/99699014880
Palo Alto Networks,Radancy,Senior Brand Manager,Marketing,,"Santa Clara, CA",US (CONUS),Full-time,,,,,https://jobs.paloaltonetworks.com/en/job/santa-clara/senior-brand-manager/47263/99699014832
Palo Alto Networks,Radancy,Sr Principal Software Engineer/Architect (SRE/Platforms/Agentic AI),Product Engineering,,"Santa Clara, CA",US (CONUS),Full-time,,,,,https://jobs.paloaltonetworks.com/en/job/santa-clara/sr-principal-software-engineer-architect-sre-platforms-agentic-ai/47263/99418604416
Palo Alto Networks,Radancy,Senior Product Manager (Cloud Delivered Security Services),Product Engineering,,"Santa Clara, CA",US (CONUS),Full-time,,,,,https://jobs.paloaltonetworks.com/en/job/santa-clara/senior-product-manager-cloud-delivered-security-services/47263/96275938992
Palo Alto Networks,Radancy,Domain Consultant 2,Sales,,"Cincinnati, OH",US (CONUS),Full-time,,,,,https://jobs.paloaltonetworks.com/en/job/cincinnati/domain-consultant-2/47263/99815890896
Palo Alto Networks,Radancy,Domain Consultant 2,Sales,,"Cincinnati, OH",US (CONUS),Full-time,,,,,https://jobs.paloaltonetworks.com/en/job/cincinnati/domain-consultant-2/47263/99815890848
Palo Alto Networks,Radancy,Domain Consultant 2,Sales,,"Kansas City, MO",US (CONUS),Full-time,,,,,https://jobs.paloaltonetworks.com/en/job/kansas-city/domain-consultant-2/47263/99778323552
Palo Alto Networks,Radancy,Practice Architect - Capability Development,Global Customer Services,,"New York City, NY",US (CONUS),Full-time,,,,,https://jobs.paloaltonetworks.com/en/job/new-york/practice-architect-capability-development/47263/99815890464
Palo Alto Networks,Radancy,Onboarding CSM,Identity Security Customer Success Management,,"Boston, MA",US (CONUS),Full-time,,,,,https://jobs.paloaltonetworks.com/en/job/boston/onboarding-csm/47263/99815889216
Palo Alto Networks,Radancy,Solutions Consultant 1,Sales,,"Dallas, TX",US (CONUS),Full-time,,,,,https://jobs.paloaltonetworks.com/en/job/dallas/solutions-consultant-1/47263/98235768560
Palo Alto Networks,Radancy,Named Account Manager,Sales,,"Nashville, TN",US (CONUS),Full-time,,,,,https://jobs.paloaltonetworks.com/en/job/nashville/named-account-manager/47263/99808130112
Palo Alto Networks,Radancy,Strategic Account Manager,Sales,,"Austin, TX",US (CONUS),Full-time,,,,,https://jobs.paloaltonetworks.com/en/job/austin/strategic-account-manager/47263/99808130080
Palo Alto Networks,Radancy,Sr Domain Consultant,Sales,,"Charlotte, NC",US (CONUS),Full-time,,,,,https://jobs.paloaltonetworks.com/en/job/charlotte/sr-domain-consultant/47263/99808129776
Palo Alto Networks,Radancy,Senior Business Insights Consultant ( Technical Support ),Business Intelligence and Planning,,"Santa Clara, CA",US (CONUS),Full-time,,,,,https://jobs.paloaltonetworks.com/en/job/santa-clara/senior-business-insights-consultant-technical-support/47263/99808128336
Palo Alto Networks,Radancy,"Solutions Consultant, USAF",Sales,,"Remote, TX",US/Remote,Full-time,,,,,https://jobs.paloaltonetworks.com/en/job/texas/solutions-consultant-usaf/47263/97609092240
Palo Alto Networks,Radancy,Principle Manufacturing Engineer,Manufacturing Engineering,,"Santa Clara, CA",US (CONUS),Full-time,,,,,https://jobs.paloaltonetworks.com/en/job/santa-clara/principle-manufacturing-engineer/47263/96174875536
Palo Alto Networks,Radancy,"Director, Oracle Cloud Partnership",Strategic Alliances,,"Remote, CA",US/Remote,Full-time,,,,,https://jobs.paloaltonetworks.com/en/job/california/director-oracle-cloud-partnership/47263/96174865088
Palo Alto Networks,Radancy,"Sr Manager, Software Engineering - Logging (Chronosphere)",Product Engineering,,"New York City, NY",US (CONUS),Full-time,,,,,https://jobs.paloaltonetworks.com/en/job/new-york/sr-manager-software-engineering-logging-chronosphere/47263/99799498928
Palo Alto Networks,Radancy,"Senior Manager, Quantum Security GTM",Business Development,,"Remote, NY",US/Remote,Full-time,,,,,https://jobs.paloaltonetworks.com/en/job/new-york/senior-manager-quantum-security-gtm/47263/99418604432
Palo Alto Networks,Radancy,Salesforce Architect,IT,,"Santa Clara, CA",US (CONUS),Full-time,,,,,https://jobs.paloaltonetworks.com/en/job/santa-clara/salesforce-architect/47263/96174879024
Palo Alto Networks,Radancy,"Sr. Engineering Manager, Sales Cloud",IT,,"Santa Clara, CA",US (CONUS),Full-time,,,,,https://jobs.paloaltonetworks.com/en/job/santa-clara/sr-engineering-manager-sales-cloud/47263/96174868016
Palo Alto Networks,Radancy,Domain Consultant 2,Sales,,"Washington DC, DC",US (CONUS),Full-time,,,,,https://jobs.paloaltonetworks.com/en/job/washington/domain-consultant-2/47263/99778323568
Palo Alto Networks,Radancy,Domain Consultant 2,Sales,,"Santa Clara, CA",US (CONUS),Full-time,,,,,https://jobs.paloaltonetworks.com/en/job/santa-clara/domain-consultant-2/47263/99778320064
Palo Alto Networks,Radancy,Principal Software Engineer (Cortex Platform),Product Engineering,,"Santa Clara, CA",US (CONUS),Full-time,,,,,https://jobs.paloaltonetworks.com/en/job/santa-clara/principal-software-engineer-cortex-platform/47263/99771556016
Palo Alto Networks,Radancy,Domain Consultant 2,Sales,,"Chicago, IL",US/Remote,Full-time,,,,,https://jobs.paloaltonetworks.com/en/job/chicago/domain-consultant-2/47263/99771554656
Palo Alto Networks,Radancy,Domain Consultant 2,Sales,,"Atlanta, GA",US (CONUS),Full-time,,,,,https://jobs.paloaltonetworks.com/en/job/atlanta/domain-consultant-2/47263/99771554560
Palo Alto Networks,Radancy,Domain Consultant 2,Sales,,"New York City, NY",US (CONUS),Full-time,,,,,https://jobs.paloaltonetworks.com/en/job/new-york/domain-consultant-2/47263/99771554544
Palo Alto Networks,Radancy,Solutions Consultant 1,Sales,,"Chicago, IL",US (CONUS),Full-time,,,,,https://jobs.paloaltonetworks.com/en/job/chicago/solutions-consultant-1/47263/99357013824
Palo Alto Networks,Radancy,Principal Software Escalation Engineer,Product Engineering,,"Boston, MA",US (CONUS),Full-time,,,,,https://jobs.paloaltonetworks.com/en/job/boston/principal-software-escalation-engineer/47263/99771551792
Palo Alto Networks,Radancy,"Senior Staff Software Engineer – Test Infrastructure, Automation & Performance",Product Engineering,,"Santa Clara, CA",US (CONUS),Full-time,,,,,https://jobs.paloaltonetworks.com/en/job/santa-clara/senior-staff-software-engineer-test-infrastructure-automation-and-performance/47263/98137359360
Palo Alto Networks,Radancy,Senior Manager of Technical Partnerships,Business Development - Technical Solutions,,"Santa Clara, CA",US (CONUS),Full-time,,,,,https://jobs.paloaltonetworks.com/en/job/santa-clara/senior-manager-of-technical-partnerships/47263/98054382400
Palo Alto Networks,Radancy,Principal Software Engineer (Full Stack- Prisma Browser),Product Engineering,,"Santa Clara, CA",US (CONUS),Full-time,,,,,https://jobs.paloaltonetworks.com/en/job/santa-clara/principal-software-engineer-full-stack-prisma-browser/47263/99553148288
Palo Alto Networks,Radancy,Senior Technical Support Engineer (CNGFW),Global Customer Services,,"Plano, TX",US (CONUS),Full-time,,,,,https://jobs.paloaltonetworks.com/en/job/plano/senior-technical-support-engineer-cngfw/47263/99763489136
Palo Alto Networks,Radancy,Partner Solutions Architect,Sales,,"Charlotte, NC",US (CONUS),Full-time,,,,,https://jobs.paloaltonetworks.com/en/job/charlotte/partner-solutions-architect/47263/99763489072
Palo Alto Networks,Radancy,Workforce Identity Sales Specialist - Central,Sales,,"Chicago, IL",US/Remote,Full-time,,,,,https://jobs.paloaltonetworks.com/en/job/chicago/workforce-identity-sales-specialist-central/47263/99763488240
Palo Alto Networks,Radancy,"Manager, Renewal Sales",Sales,,"Reston, VA",US (CONUS),Full-time,,,,,https://jobs.paloaltonetworks.com/en/job/reston/manager-renewal-sales/47263/99412957776
Palo Alto Networks,Radancy,Sr Staff Engineer Software,Product Engineering,,"Santa Clara, CA",US (CONUS),Full-time,,,,,https://jobs.paloaltonetworks.com/en/job/santa-clara/sr-staff-engineer-software/47263/99500785744
Palo Alto Networks,Radancy,Senior Staff Engineer Software - Frontend (Machine Identity Management) - hybrid,Product Engineering,,"Santa Clara, CA",US (CONUS),Full-time,,,,,https://jobs.paloaltonetworks.com/en/job/santa-clara/senior-staff-engineer-software-frontend-machine-identity-management-hybrid/47263/98724204208
Palo Alto Networks,Radancy,Senior Manager of Technical Marketing Engineering,Product Engineering,,"Santa Clara, CA",US (CONUS),Full-time,,,,,https://jobs.paloaltonetworks.com/en/job/santa-clara/senior-manager-of-technical-marketing-engineering/47263/96610703776
Palo Alto Networks,Radancy,Principal Escalation Engineer,Product Engineering,,"Charlotte, NC",US (CONUS),Full-time,,,,,https://jobs.paloaltonetworks.com/en/job/charlotte/principal-escalation-engineer/47263/96174877008
Palo Alto Networks,Radancy,Channel Business Manager,Sales,,"Reston, VA",US/Remote,Full-time,,,,,https://jobs.paloaltonetworks.com/en/job/reston/channel-business-manager/47263/97617784704
Palo Alto Networks,Radancy,"Lead/Principal, Strategy & Business Operations - GTM Excellence",Corporate Business Strategy,,"Santa Clara, CA",US (CONUS),Full-time,,,,,https://jobs.paloaltonetworks.com/en/job/santa-clara/lead-principal-strategy-and-business-operations-gtm-excellence/47263/96174864432
Palo Alto Networks,Radancy,AIRS Solutions Specialist,Sales,,"Chicago, IL",US (CONUS),Full-time,,,,,https://jobs.paloaltonetworks.com/en/job/chicago/airs-solutions-specialist/47263/99741433984
Palo Alto Networks,Radancy,Senior Software Engineer (Xpanse),Product Engineering,,"Santa Clara, CA",US (CONUS),Full-time,,,,,https://jobs.paloaltonetworks.com/en/job/santa-clara/senior-software-engineer-xpanse/47263/99514108464
Palo Alto Networks,Radancy,Named Account Manager,Sales,,"New York City, NY",US (CONUS),Full-time,,,,,https://jobs.paloaltonetworks.com/en/job/new-york/named-account-manager/47263/98755665888
Palo Alto Networks,Radancy,Principal Technical Marketing Engineer (Prisma AIRS),Product Engineering,,"Remote, GA",US/Remote,Full-time,,,,,https://jobs.paloaltonetworks.com/en/job/georgia/principal-technical-marketing-engineer-prisma-airs/47263/98541807920
Palo Alto Networks,Radancy,Strategic Account Manager,Sales,,"Houston, TX",US (CONUS),Full-time,,,,,https://jobs.paloaltonetworks.com/en/job/houston/strategic-account-manager/47263/99520658384
Palo Alto Networks,Radancy,Privileged Access Management (PAM) Consultant,Identity Professional Services Engineering,,"Remote, CA",US/Remote,Full-time,,,,,https://jobs.paloaltonetworks.com/en/job/california/privileged-access-management-pam-consultant/47263/99722094528
Palo Alto Networks,Radancy,"Cortex & Cloud Sales Specialist, SLED Northwest",Sales,,"Seattle, WA",US (CONUS),Full-time,,,,,https://jobs.paloaltonetworks.com/en/job/seattle/cortex-and-cloud-sales-specialist-sled-northwest/47263/99021616448
Palo Alto Networks,Radancy,Transformation Success Engineer,Sales,,"Dallas, TX",US (CONUS),Full-time,,,,,https://jobs.paloaltonetworks.com/en/job/dallas/transformation-success-engineer/47263/99075640992
Palo Alto Networks,Radancy,Transformation Success Engineer,Sales,,"New York City, NY",US (CONUS),Full-time,,,,,https://jobs.paloaltonetworks.com/en/job/new-york/transformation-success-engineer/47263/99075640976
Palo Alto Networks,Radancy,Sr FP&A Manager,FP&A,,"Santa Clara, CA",US (CONUS),Full-time,,,,,https://jobs.paloaltonetworks.com/en/job/santa-clara/sr-fp-and-a-manager/47263/96868648032
Palo Alto Networks,Radancy,Senior Engineering Manager Test/Automation - Prisma Access,Product Engineering,,"Santa Clara, CA",US (CONUS),Full-time,,,,,https://jobs.paloaltonetworks.com/en/job/santa-clara/senior-engineering-manager-test-automation-prisma-access/47263/99677773808
Palo Alto Networks,Radancy,Trade Compliance & Logistics Manager,Logistics,,"Santa Clara, CA",US (CONUS),Full-time,,,,,https://jobs.paloaltonetworks.com/en/job/santa-clara/trade-compliance-and-logistics-manager/47263/99722095520
Palo Alto Networks,Radancy,"Sr Manager, CDSS GTM",Business Development,,"Santa Clara, CA",US (CONUS),Full-time,,,,,https://jobs.paloaltonetworks.com/en/job/santa-clara/sr-manager-cdss-gtm/47263/99722094800
Palo Alto Networks,Radancy,Identity Senior Enterprise Account Executive,Sales,,"Chicago, IL",US (CONUS),Full-time,,,,,https://jobs.paloaltonetworks.com/en/job/chicago/identity-senior-enterprise-account-executive/47263/99075644080
Palo Alto Networks,Radancy,"Solutions Engineer, Endpoint - Central",Sales,,"Chicago, IL",US (CONUS),Full-time,,,,,https://jobs.paloaltonetworks.com/en/job/chicago/solutions-engineer-endpoint-central/47263/99405379456
Palo Alto Networks,Radancy,Sr. Solutions Consultant,Sales,,"Hartford, CT",US (CONUS),Full-time,,,,,https://jobs.paloaltonetworks.com/en/job/hartford/sr-solutions-consultant/47263/98177649008
Palo Alto Networks,Radancy,"Principal IT Solution Architect - NPI, Technical Integration",IT,,"Santa Clara, CA",US (CONUS),Full-time,,,,,https://jobs.paloaltonetworks.com/en/job/santa-clara/principal-it-solution-architect-npi-technical-integration/47263/98068161616
Palo Alto Networks,Radancy,Sr Staff Engineer Software,Product Engineering,,"Santa Clara, CA",US (CONUS),Full-time,,,,,https://jobs.paloaltonetworks.com/en/job/santa-clara/sr-staff-engineer-software/47263/99425838816
Palo Alto Networks,Radancy,Sr Domain Consultant (AI Security),Sales,,"Seattle, WA",US (CONUS),Full-time,,,,,https://jobs.paloaltonetworks.com/en/job/seattle/sr-domain-consultant-ai-security/47263/98849529568
Palo Alto Networks,Radancy,Sr Staff Software Engineer,IT,,"Santa Clara, CA",US (CONUS),Full-time,,,,,https://jobs.paloaltonetworks.com/en/job/santa-clara/sr-staff-software-engineer/47263/99699014768
Palo Alto Networks,Radancy,Solutions Consultant,Sales,,"Boston, MA",US/Remote,Full-time,,,,,https://jobs.paloaltonetworks.com/en/job/boston/solutions-consultant/47263/99699014496
Palo Alto Networks,Radancy,Engineer Software (Prisma AIRS Backend),Product Engineering,,"Santa Clara, CA",US (CONUS),Full-time,,,,,https://jobs.paloaltonetworks.com/en/job/santa-clara/engineer-software-prisma-airs-backend/47263/99357016272
Palo Alto Networks,Radancy,Named Account Manager - SLED,Sales,,"Chicago, IL",US (CONUS),Full-time,,,,,https://jobs.paloaltonetworks.com/en/job/chicago/named-account-manager-sled/47263/99691563376
Palo Alto Networks,Radancy,"Senior Principal DevOps Engineer, Remote, Eastern or Central TimeZone",Product Engineering,,"Remote, MA",US/Remote,Full-time,,,,,https://jobs.paloaltonetworks.com/en/job/massachusetts/senior-principal-devops-engineer-remote-eastern-or-central-timezone/47263/96610703680
Palo Alto Networks,Radancy,Principal Software Engineer- Networking,Product Engineering,,"Santa Clara, CA",US (CONUS),Full-time,,,,,https://jobs.paloaltonetworks.com/en/job/santa-clara/principal-software-engineer-networking/47263/96522073536
Palo Alto Networks,Radancy,Principal Engineer Software (Full-Stack- Prisma Browser),Product Engineering,,"Santa Clara, CA",US (CONUS),Full-time,,,,,https://jobs.paloaltonetworks.com/en/job/santa-clara/principal-engineer-software-full-stack-prisma-browser/47263/96571818048
Palo Alto Networks,Radancy,Principal Security Architect (Information Security) - Bay Area,InfoSec,,"Santa Clara, CA",US (CONUS),Full-time,,,,,https://jobs.paloaltonetworks.com/en/job/santa-clara/principal-security-architect-information-security-bay-area/47263/96174867840
Palo Alto Networks,Radancy,Principal Software Engineer - (Backend) Prisma Browser,Product Engineering,,"Santa Clara, CA",US (CONUS),Full-time,,,,,https://jobs.paloaltonetworks.com/en/job/santa-clara/principal-software-engineer-backend-prisma-browser/47263/99677775696
Palo Alto Networks,Radancy,"Solution Engineer IAM, IGA, SME, - Central",Sales,,"Chicago, IL",US (CONUS),Full-time,,,,,https://jobs.paloaltonetworks.com/en/job/chicago/solution-engineer-iam-iga-sme-central/47263/99677773472
Palo Alto Networks,Radancy,Transformation Programs Advisor,Sales,,"Chicago, IL",US (CONUS),Full-time,,,,,https://jobs.paloaltonetworks.com/en/job/chicago/transformation-programs-advisor/47263/99031027744
Palo Alto Networks,Radancy,"Director, IT Product Management Licensing, Entitlement, AI",IT,,"Santa Clara, CA",US (CONUS),Full-time,,,,,https://jobs.paloaltonetworks.com/en/job/santa-clara/director-it-product-management-licensing-entitlement-ai/47263/98948643312
Palo Alto Networks,Radancy,Staff/Sr. Staff AI Engineer - IT Business Applications,Product Engineering,,"Santa Clara, CA",US (CONUS),Full-time,,,,,https://jobs.paloaltonetworks.com/en/job/santa-clara/staff-sr-staff-ai-engineer-it-business-applications/47263/99668485808
Palo Alto Networks,Radancy,Principal/Sr. Principal AI Engineer - IT Business Applications,Product Engineering,,"Santa Clara, CA",US (CONUS),Full-time,,,,,https://jobs.paloaltonetworks.com/en/job/santa-clara/principal-sr-principal-ai-engineer-it-business-applications/47263/99668485792
Palo Alto Networks,Radancy,Principal Engineer Software (DLP),Product Engineering,,"Santa Clara, CA",US (CONUS),Full-time,,,,,https://jobs.paloaltonetworks.com/en/job/santa-clara/principal-engineer-software-dlp/47263/91053595104
Palo Alto Networks,Radancy,Sr. Staff Engineer - Back End (Wildfire),Product Engineering,,"Santa Clara, CA",US (CONUS),Full-time,,,,,https://jobs.paloaltonetworks.com/en/job/santa-clara/sr-staff-engineer-back-end-wildfire/47263/99553161520
Palo Alto Networks,Radancy,Senior Executive Assistant – Investor Relations & Strategic Finance,Administrative Services,,"Santa Clara, CA",US (CONUS),Full-time,,,,,https://jobs.paloaltonetworks.com/en/job/santa-clara/senior-executive-assistant-investor-relations-and-strategic-finance/47263/99553160208
Palo Alto Networks,Radancy,Domain Consultant - Endpoint Management Solutions,Sales,,"New York City, NY",US (CONUS),Full-time,,,,,https://jobs.paloaltonetworks.com/en/job/new-york/domain-consultant-endpoint-management-solutions/47263/99544727056
Palo Alto Networks,Radancy,Principal Security Architect (SF Bay Area only),Product Engineering,,"Santa Clara, CA",US (CONUS),Full-time,,,,,https://jobs.paloaltonetworks.com/en/job/santa-clara/principal-security-architect-sf-bay-area-only/47263/97435252848
Palo Alto Networks,Radancy,"Execution & Alignment Leader, Technical Services",Global Customer Services,,"Arlington, VA",US/Remote,Full-time,,,,,https://jobs.paloaltonetworks.com/en/job/arlington/execution-and-alignment-leader-technical-services/47263/99520658560
Palo Alto Networks,Radancy,Principal Software Engineer (Data Platform Prisma AIRS),Product Engineering,,"Santa Clara, CA",US (CONUS),Full-time,,,,,https://jobs.paloaltonetworks.com/en/job/santa-clara/principal-software-engineer-data-platform-prisma-airs/47263/99514110704
Palo Alto Networks,Radancy,"Senior Strategic Alliances Marketing Manager, GSI",Marketing,,"Santa Clara, CA",US (CONUS),Full-time,,,,,https://jobs.paloaltonetworks.com/en/job/santa-clara/senior-strategic-alliances-marketing-manager-gsi/47263/99189437952
Palo Alto Networks,Radancy,Sr. Strategic Analytics & Ops Manager - Ecosystems,Sales,,"Santa Clara, CA",US (CONUS),Full-time,,,,,https://jobs.paloaltonetworks.com/en/job/santa-clara/sr-strategic-analytics-and-ops-manager-ecosystems/47263/99514103504
Palo Alto Networks,Radancy,"Director, Strategy and Operations of Account Health Management",Global Customer Services,,"Santa Clara, CA",US (CONUS),Full-time,,,,,https://jobs.paloaltonetworks.com/en/job/santa-clara/director-strategy-and-operations-of-account-health-management/47263/99514100544
Palo Alto Networks,Radancy,Territory Sales Manager,Sales,,"Nashville, TN",US (CONUS),Full-time,,,,,https://jobs.paloaltonetworks.com/en/job/nashville/territory-sales-manager/47263/96522074704
Palo Alto Networks,Radancy,Territory Sales Manager,Sales,,"Remote, WI",US/Remote,Full-time,,,,,https://jobs.paloaltonetworks.com/en/job/wisconsin/territory-sales-manager/47263/96174870560
Palo Alto Networks,Radancy,Senior Technical Support Engineer ( SASE | Prisma SD-WAN | CNGFW/VM ),Global Customer Services,,"Plano, TX",US (CONUS),Full-time,,,,,https://jobs.paloaltonetworks.com/en/job/plano/senior-technical-support-engineer-sase-prisma-sd-wan-cngfw-vm/47263/99075645344
Palo Alto Networks,Radancy,Staff Software Engineer (AI SW Integration - Prisma AIRS),Product Engineering,,"Santa Clara, CA",US (CONUS),Full-time,,,,,https://jobs.paloaltonetworks.com/en/job/santa-clara/staff-software-engineer-ai-sw-integration-prisma-airs/47263/99508000064
Palo Alto Networks,Radancy,Senior Hardware Engineer (Board/System Design),Product Engineering,,"Santa Clara, CA",US (CONUS),Full-time,,,,,https://jobs.paloaltonetworks.com/en/job/santa-clara/senior-hardware-engineer-board-system-design/47263/99175253504
Palo Alto Networks,Radancy,Senior Product Manager (Application Security),Product Engineering,,"Santa Clara, CA",US (CONUS),Full-time,,,,,https://jobs.paloaltonetworks.com/en/job/santa-clara/senior-product-manager-application-security/47263/99507999328
Palo Alto Networks,Radancy,Principal Product Manager - AURL & Web Protection (CDSS),Product Engineering,,"Santa Clara, CA",US (CONUS),Full-time,,,,,https://jobs.paloaltonetworks.com/en/job/santa-clara/principal-product-manager-aurl-and-web-protection-cdss/47263/99507999312
Palo Alto Networks,Radancy,"Sr. Staff Engineer Software, Infrastructure Reliability (Chronosphere)",Product Engineering,,"San Francisco, CA",US (CONUS),Full-time,,,,,https://jobs.paloaltonetworks.com/en/job/san-francisco/sr-staff-engineer-software-infrastructure-reliability-chronosphere/47263/99507997472
Palo Alto Networks,Radancy,"Sr Director, Cortex Technical Services Strategy",Corporate Business Strategy,,"Santa Clara, CA",US (CONUS),Full-time,,,,,https://jobs.paloaltonetworks.com/en/job/santa-clara/sr-director-cortex-technical-services-strategy/47263/99130109696
Palo Alto Networks,Radancy,Principal Software Engineer,Product Engineering,,"Santa Clara, CA",US (CONUS),Full-time,,,,,https://jobs.paloaltonetworks.com/en/job/santa-clara/principal-software-engineer/47263/96174874640
Palo Alto Networks,Radancy,Principal Engineer Software (Prisma AIRS Backend - Runtime Security),Product Engineering,,"Santa Clara, CA",US (CONUS),Full-time,,,,,https://jobs.paloaltonetworks.com/en/job/santa-clara/principal-engineer-software-prisma-airs-backend-runtime-security/47263/99500790800
Palo Alto Networks,Radancy,"Named Account Manager, Healthcare",Sales,,"Remote, KS",US/Remote,Full-time,,,,,https://jobs.paloaltonetworks.com/en/job/kansas/named-account-manager-healthcare/47263/99500788192
Palo Alto Networks,Radancy,Solutions Consultant 2 - Healthcare,Sales,,"Remote, SC",US/Remote,Full-time,,,,,https://jobs.paloaltonetworks.com/en/job/south-carolina/solutions-consultant-2-healthcare/47263/99500785616
Palo Alto Networks,Radancy,"Senior Manager, NGTS GTM",Business Development,,"Remote, KY",US/Remote,Full-time,,,,,https://jobs.paloaltonetworks.com/en/job/kentucky/senior-manager-ngts-gtm/47263/98817817872
Palo Alto Networks,Radancy,Principal Manufacturing Engineer,Manufacturing Engineering,,"Santa Clara, CA",US (CONUS),Full-time,,,,,https://jobs.paloaltonetworks.com/en/job/santa-clara/principal-manufacturing-engineer/47263/98045082336
Palo Alto Networks,Radancy,Senior MSIAM SOC Engineer (Unit 42),Product Engineering,,"Remote, TX",US/Remote,Full-time,,,,,https://jobs.paloaltonetworks.com/en/job/texas/senior-msiam-soc-engineer-unit-42/47263/97170833744
Palo Alto Networks,Radancy,"Principal Business Development Manager, Unit 42",Sales,,"Remote, TX",US/Remote,Full-time,,,,,https://jobs.paloaltonetworks.com/en/job/texas/principal-business-development-manager-unit-42/47263/98811341888
Palo Alto Networks,Radancy,Identity Enterprise Account Executive - Texas,Sales,,"Austin, TX",US (CONUS),Full-time,,,,,https://jobs.paloaltonetworks.com/en/job/austin/identity-enterprise-account-executive-texas/47263/99490989792
Palo Alto Networks,Radancy,"Principal Consultant, Cloud DFIR (Unit 42) - Remote",Sales,,"Remote, AZ",US/Remote,Full-time,,,,,https://jobs.paloaltonetworks.com/en/job/arizona/principal-consultant-cloud-dfir-unit-42-remote/47263/96270268480
Palo Alto Networks,Radancy,Accelerator Architect,Global Customer Services,,"Austin, TX",US (CONUS),Full-time,,,,,https://jobs.paloaltonetworks.com/en/job/austin/accelerator-architect/47263/99475960992
Palo Alto Networks,Radancy,Senior Staff Data Scientist,Product Engineering,,"Santa Clara, CA",US (CONUS),Full-time,,,,,https://jobs.paloaltonetworks.com/en/job/santa-clara/senior-staff-data-scientist/47263/98849531184
Palo Alto Networks,Radancy,"Sr. Technical Support Engineer, Focused Services, NGFW",Global Customer Services,,"Plano, TX",US (CONUS),Full-time,,,,,https://jobs.paloaltonetworks.com/en/job/plano/sr-technical-support-engineer-focused-services-ngfw/47263/96174882016
Palo Alto Networks,Radancy,Director Business Operations - Digital Marketing,Marketing,,"Santa Clara, CA",US (CONUS),Full-time,,,,,https://jobs.paloaltonetworks.com/en/job/santa-clara/director-business-operations-digital-marketing/47263/99460882064
Palo Alto Networks,Radancy,Major Account Manager,Sales,,"Phoenix, AZ",US (CONUS),Full-time,,,,,https://jobs.paloaltonetworks.com/en/job/phoenix/major-account-manager/47263/99460882048
Palo Alto Networks,Radancy,Principal Software Engineer (L7 Security),Product Engineering,,"Santa Clara, CA",US (CONUS),Full-time,,,,,https://jobs.paloaltonetworks.com/en/job/santa-clara/principal-software-engineer-l7-security/47263/96174864736
Palo Alto Networks,Radancy,"Principal, Quantum & NGTS GTM Strategy - Public Sector",Corporate Business Strategy,,"Reston, VA",US (CONUS),Full-time,,,,,https://jobs.paloaltonetworks.com/en/job/reston/principal-quantum-and-ngts-gtm-strategy-public-sector/47263/99449633184
Palo Alto Networks,Radancy,Solutions Consulting Manager,Sales,,"New York City, NY",US (CONUS),Full-time,,,,,https://jobs.paloaltonetworks.com/en/job/new-york/solutions-consulting-manager/47263/99449633088
Palo Alto Networks,Radancy,Senior Product Manager (Prisma AIRS - AI Runtime Security API),Product Engineering,,"Santa Clara, CA",US (CONUS),Full-time,,,,,https://jobs.paloaltonetworks.com/en/job/santa-clara/senior-product-manager-prisma-airs-ai-runtime-security-api/47263/99449632640
Palo Alto Networks,Radancy,Director of Digital Engineering - Web Platforms,IT,,"Santa Clara, CA",US (CONUS),Full-time,,,,,https://jobs.paloaltonetworks.com/en/job/santa-clara/director-of-digital-engineering-web-platforms/47263/98235768736
Palo Alto Networks,Radancy,"Senior UX Designer, Digital Marketing",Marketing,,"Santa Clara, CA",US (CONUS),Full-time,,,,,https://jobs.paloaltonetworks.com/en/job/santa-clara/senior-ux-designer-digital-marketing/47263/97478981312
Palo Alto Networks,Radancy,Search Engine Optimization (SEO) Manager,Marketing,,"Santa Clara, CA",US (CONUS),Full-time,,,,,https://jobs.paloaltonetworks.com/en/job/santa-clara/search-engine-optimization-seo-manager/47263/97192246160
Palo Alto Networks,Radancy,AIRS Solution Specialist,Sales,,"Charlotte, NC",US (CONUS),Full-time,,,,,https://jobs.paloaltonetworks.com/en/job/charlotte/airs-solution-specialist/47263/97145578368
Palo Alto Networks,Radancy,Principal Engineer Software,Product Engineering,,"Santa Clara, CA",US (CONUS),Full-time,,,,,https://jobs.paloaltonetworks.com/en/job/santa-clara/principal-engineer-software/47263/99425838896
Palo Alto Networks,Radancy,"Manager, Software Engineering - Production Engineering, Cloud Infrastructure (Chronosphere)",Product Engineering,,"Burbank, CA",US (CONUS),Full-time,,,,,https://jobs.paloaltonetworks.com/en/job/burbank/manager-software-engineering-production-engineering-cloud-infrastructure-chronosphere/47263/99412958512
Palo Alto Networks,Radancy,"Director, US Regulated Products and Programs",Sales,,"Washington DC, DC",US (CONUS),Full-time,,,,,https://jobs.paloaltonetworks.com/en/job/washington/director-us-regulated-products-and-programs/47263/99412958432
Palo Alto Networks,Radancy,Principal GRC Business Engineer,InfoSec,,"Santa Clara, CA",US (CONUS),Full-time,,,,,https://jobs.paloaltonetworks.com/en/job/santa-clara/principal-grc-business-engineer/47263/99412958256
Palo Alto Networks,Radancy,Sr Program Manager - AI Self-Service & Partner Knowledge Transformation,Program / Project Management (Non-Technical),,"Santa Clara, CA",US (CONUS),Full-time,,,,,https://jobs.paloaltonetworks.com/en/job/santa-clara/sr-program-manager-ai-self-service-and-partner-knowledge-transformation/47263/99136559792
Palo Alto Networks,Radancy,"Solutions Engineer, DevOps - Central",Sales,,"Austin, TX",US (CONUS),Full-time,,,,,https://jobs.paloaltonetworks.com/en/job/austin/solutions-engineer-devops-central/47263/99412955680
Palo Alto Networks,Radancy,Strategic Account Manager,Sales,,"Minneapolis, MN",US (CONUS),Full-time,,,,,https://jobs.paloaltonetworks.com/en/job/minneapolis/strategic-account-manager/47263/99220477744
Palo Alto Networks,Radancy,Channel Business Manager,Sales,,"Remote, WA",US/Remote,Full-time,,,,,https://jobs.paloaltonetworks.com/en/job/washington/channel-business-manager/47263/98717734432
Palo Alto Networks,Radancy,Principal Enterprise Network Security Architect,IT,,"Santa Clara, CA",US (CONUS),Full-time,,,,,https://jobs.paloaltonetworks.com/en/job/santa-clara/principal-enterprise-network-security-architect/47263/98755664672
Palo Alto Networks,Radancy,"Practice Architect, Delivery Architecture (COE)",Global Customer Services,,"Austin, TX",US (CONUS),Full-time,,,,,https://jobs.paloaltonetworks.com/en/job/austin/practice-architect-delivery-architecture-coe/47263/99220485152
Palo Alto Networks,Radancy,"Account Manager, Enterprise Browser",Sales,,"Boston, MA",US (CONUS),Full-time,,,,,https://jobs.paloaltonetworks.com/en/job/boston/account-manager-enterprise-browser/47263/99405384592
Palo Alto Networks,Radancy,Territory Sales Manager,Sales,,"Denver, CO",US (CONUS),Full-time,,,,,https://jobs.paloaltonetworks.com/en/job/denver/territory-sales-manager/47263/99405384544
Palo Alto Networks,Radancy,Solutions Consultant 2,Sales,,"Jacksonville, FL",US (CONUS),Full-time,,,,,https://jobs.paloaltonetworks.com/en/job/jacksonville/solutions-consultant-2/47263/99405382976
Palo Alto Networks,Radancy,Threat Hunter Researcher,Product Engineering,,"Austin, TX",US (CONUS),Full-time,,,,,https://jobs.paloaltonetworks.com/en/job/austin/threat-hunter-researcher/47263/99405382640
Palo Alto Networks,Radancy,"Principal Software Engineer (L7 Security, IOT/OT)",Product Engineering,,"Santa Clara, CA",US (CONUS),Full-time,,,,,https://jobs.paloaltonetworks.com/en/job/santa-clara/principal-software-engineer-l7-security-iot-ot/47263/98717735184
Palo Alto Networks,Radancy,Partner Development Manager,Sales,,"Remote, PA",US/Remote,Full-time,,,,,https://jobs.paloaltonetworks.com/en/job/pennsylvania/partner-development-manager/47263/98469642800
Palo Alto Networks,Radancy,Idira Partner Development Manager,Sales,,"Remote, MA",US/Remote,Full-time,,,,,https://jobs.paloaltonetworks.com/en/job/massachusetts/idira-partner-development-manager/47263/98469642784
Palo Alto Networks,Radancy,Sr. Principal Cybersecurity Researcher - Rapid Response (Unit 42),Product Engineering,,"Santa Clara, CA",US (CONUS),Full-time,,,,,https://jobs.paloaltonetworks.com/en/job/santa-clara/sr-principal-cybersecurity-researcher-rapid-response-unit-42/47263/96174881776
Palo Alto Networks,Radancy,Sr. Principal Site Reliability Engineer,Product Engineering,,"Santa Clara, CA",US (CONUS),Full-time,,,,,https://jobs.paloaltonetworks.com/en/job/santa-clara/sr-principal-site-reliability-engineer/47263/96174878976
Palo Alto Networks,Radancy,Senior Product Manager - Business Applications AI,IT,,"Santa Clara, CA",US (CONUS),Full-time,,,,,https://jobs.paloaltonetworks.com/en/job/santa-clara/senior-product-manager-business-applications-ai/47263/99364488016
Palo Alto Networks,Radancy,"MDR Shift Analyst, Unit 42 - Remote",InfoSec,,"Burbank, CA",US (CONUS),Full-time,,,,,https://jobs.paloaltonetworks.com/en/job/burbank/mdr-shift-analyst-unit-42-remote/47263/96174882784
Palo Alto Networks,Radancy,Sr. Technical Support Engineer (Cortex XSIAM),Global Customer Services,,"Plano, TX",US (CONUS),Full-time,,,,,https://jobs.paloaltonetworks.com/en/job/plano/sr-technical-support-engineer-cortex-xsiam/47263/99144486736
Palo Alto Networks,Radancy,Federal Deployment Manager,Global Customer Services,,"Arlington, VA",US (CONUS),Full-time,,,,,https://jobs.paloaltonetworks.com/en/job/arlington/federal-deployment-manager/47263/99364484912
Palo Alto Networks,Radancy,Solutions Consultant,Sales,,"Cincinnati, OH",US (CONUS),Full-time,,,,,https://jobs.paloaltonetworks.com/en/job/cincinnati/solutions-consultant/47263/99364483824
Palo Alto Networks,Radancy,Sr. Principal Solution Architect,IT,,"Santa Clara, CA",US (CONUS),Full-time,,,,,https://jobs.paloaltonetworks.com/en/job/santa-clara/sr-principal-solution-architect/47263/97807674304
Palo Alto Networks,Radancy,Principal Engineer Software -Cortex (US Citizen or GC),Product Engineering,,"Santa Clara, CA",US (CONUS),Full-time,,,,,https://jobs.paloaltonetworks.com/en/job/santa-clara/principal-engineer-software-cortex-us-citizen-or-gc/47263/99220482208
Palo Alto Networks,Radancy,Named Account Manager,Sales,,"Washington DC, DC",US (CONUS),Full-time,,,,,https://jobs.paloaltonetworks.com/en/job/washington/named-account-manager/47263/99357012896
Palo Alto Networks,Radancy,Named Account Manager,Sales,,"Cleveland, OH",US (CONUS),Full-time,,,,,https://jobs.paloaltonetworks.com/en/job/cleveland/named-account-manager/47263/98380443824
Palo Alto Networks,Radancy,"Identity Account Executive - Healthcare, Mid Atlantic",Sales,,"Remote, VA",US/Remote,Full-time,,,,,https://jobs.paloaltonetworks.com/en/job/virginia/identity-account-executive-healthcare-mid-atlantic/47263/98370256864
Palo Alto Networks,Radancy,Identity Account Executive - Healthcare - Southwest,Sales,,"Phoenix, AZ",US (CONUS),Full-time,,,,,https://jobs.paloaltonetworks.com/en/job/phoenix/identity-account-executive-healthcare-southwest/47263/99346502080
Palo Alto Networks,Radancy,Principal Consultant – SOC Transformation & XSIAM Deployment,Global Customer Services,,"Remote, PA",US/Remote,Full-time,,,,,https://jobs.paloaltonetworks.com/en/job/pennsylvania/principal-consultant-soc-transformation-and-xsiam-deployment/47263/96174863600
Palo Alto Networks,Radancy,Sr Business Solutions Analyst,IT,,"Santa Clara, CA",US (CONUS),Full-time,,,,,https://jobs.paloaltonetworks.com/en/job/santa-clara/sr-business-solutions-analyst/47263/98105185440
Palo Alto Networks,Radancy,"Principal Technical Marketing Engineer, Analyst Relations (Cortex Cloud)",Product Engineering,,"Burbank, CA",US (CONUS),Full-time,,,,,https://jobs.paloaltonetworks.com/en/job/burbank/principal-technical-marketing-engineer-analyst-relations-cortex-cloud/47263/98684566672
Palo Alto Networks,Radancy,"Director, Go-To-Market",Business Development,,"Santa Clara, CA",US (CONUS),Full-time,,,,,https://jobs.paloaltonetworks.com/en/job/santa-clara/director-go-to-market/47263/98117775840
Palo Alto Networks,Radancy,Principal Product Manager,Product Engineering,,"Santa Clara, CA",US (CONUS),Full-time,,,,,https://jobs.paloaltonetworks.com/en/job/santa-clara/principal-product-manager/47263/99175253520
Palo Alto Networks,Radancy,"Senior Principal Software Engineer, Tools & Platforms (Cortex)",Product Engineering,,"Santa Clara, CA",US (CONUS),Full-time,,,,,https://jobs.paloaltonetworks.com/en/job/santa-clara/senior-principal-software-engineer-tools-and-platforms-cortex/47263/99220479920
Palo Alto Networks,Radancy,"Director, Business Strategy Consulting",Business Value Consulting,,"Santa Clara, CA",US (CONUS),Full-time,,,,,https://jobs.paloaltonetworks.com/en/job/santa-clara/director-business-strategy-consulting/47263/99211252400
Palo Alto Networks,Radancy,Senior Product Manager,Product Engineering,,"Santa Clara, CA",US (CONUS),Full-time,,,,,https://jobs.paloaltonetworks.com/en/job/santa-clara/senior-product-manager/47263/99175253536
Palo Alto Networks,Radancy,"Professional Services Consultant, AI Security",Global Customer Services,,"Seattle, WA",US/Remote,Full-time,,,,,https://jobs.paloaltonetworks.com/en/job/seattle/professional-services-consultant-ai-security/47263/97877991936
Palo Alto Networks,Radancy,Renewal Rep 1,Sales,,"Santa Clara, CA",US (CONUS),Full-time,,,,,https://jobs.paloaltonetworks.com/en/job/santa-clara/renewal-rep-1/47263/99175252688
Palo Alto Networks,Radancy,Major Account Manager,Sales,,"Jefferson City, MO",US (CONUS),Full-time,,,,,https://jobs.paloaltonetworks.com/en/job/jefferson-city/major-account-manager/47263/98388071328
Palo Alto Networks,Radancy,"Senior People Business Partner, NAM Sales",People Team,,"Santa Clara, CA",US (CONUS),Full-time,,,,,https://jobs.paloaltonetworks.com/en/job/santa-clara/senior-people-business-partner-nam-sales/47263/98159646608
Palo Alto Networks,Radancy,Major Account Manager,Sales,,"New York City, NY",US (CONUS),Full-time,,,,,https://jobs.paloaltonetworks.com/en/job/new-york/major-account-manager/47263/97522848704
Palo Alto Networks,Radancy,"Principal Product Manager - Logs, Tracing and Events (Chronosphere)",Product Engineering,,"Portland, OR",US (CONUS),Full-time,,,,,https://jobs.paloaltonetworks.com/en/job/portland/principal-product-manager-logs-tracing-and-events-chronosphere/47263/96174877712
Palo Alto Networks,Radancy,"Principal Engineer Software - Backend, Alerting (Chronosphere)",Product Engineering,,"San Jose, CA",US (CONUS),Full-time,,,,,https://jobs.paloaltonetworks.com/en/job/san-jose/principal-engineer-software-backend-alerting-chronosphere/47263/96174874176
Palo Alto Networks,Radancy,Senior Treasury Analyst,Treasury,,"Santa Clara, CA",US (CONUS),Full-time,,,,,https://jobs.paloaltonetworks.com/en/job/santa-clara/senior-treasury-analyst/47263/93438751664
Palo Alto Networks,Radancy,"Senior Product Marketing Manager, Cloud Security",Marketing,,"Santa Clara, CA",US (CONUS),Full-time,,,,,https://jobs.paloaltonetworks.com/en/job/santa-clara/senior-product-marketing-manager-cloud-security/47263/96975304720
Palo Alto Networks,Radancy,Principal Program Manager-GTM,IT,,"Santa Clara, CA",US (CONUS),Full-time,,,,,https://jobs.paloaltonetworks.com/en/job/santa-clara/principal-program-manager-gtm/47263/99130111616
Palo Alto Networks,Radancy,Enterprise Customer Success Manager,Identity Security Customer Success Management,,"Boston, MA",US (CONUS),Full-time,,,,,https://jobs.paloaltonetworks.com/en/job/boston/enterprise-customer-success-manager/47263/99130110528
Palo Alto Networks,Radancy,Solutions Consultant,Sales,,"Memphis, TN",US (CONUS),Full-time,,,,,https://jobs.paloaltonetworks.com/en/job/memphis/solutions-consultant/47263/99130110096
Palo Alto Networks,Radancy,Solution Consultant 2,Sales,,"New York City, NY",US (CONUS),Full-time,,,,,https://jobs.paloaltonetworks.com/en/job/new-york/solution-consultant-2/47263/99122792416
Palo Alto Networks,Radancy,Named Account Manager - SLED,Sales,,"Nashville, TN",US (CONUS),Full-time,,,,,https://jobs.paloaltonetworks.com/en/job/nashville/named-account-manager-sled/47263/99122791984
Palo Alto Networks,Radancy,Sr Principal Software Engineer (Cloud Applications - Data Path),Product Engineering,,"Santa Clara, CA",US (CONUS),Full-time,,,,,https://jobs.paloaltonetworks.com/en/job/santa-clara/sr-principal-software-engineer-cloud-applications-data-path/47263/98153267216
Palo Alto Networks,Radancy,Deal Desk Manager,Sales,,"Plano, TX",US (CONUS),Full-time,,,,,https://jobs.paloaltonetworks.com/en/job/plano/deal-desk-manager/47263/97838011840
Palo Alto Networks,Radancy,Technical Data Operations Analyst,IT,,"Santa Clara, CA",US (CONUS),Full-time,,,,,https://jobs.paloaltonetworks.com/en/job/santa-clara/technical-data-operations-analyst/47263/99122773968
Palo Alto Networks,Radancy,Sr. Digital Strategic Operations Manager - Operational Excellence,Marketing,,"Santa Clara, CA",US (CONUS),Full-time,,,,,https://jobs.paloaltonetworks.com/en/job/santa-clara/sr-digital-strategic-operations-manager-operational-excellence/47263/96174870096
Palo Alto Networks,Radancy,"Director, Digital Strategic Operations",Marketing,,"Santa Clara, CA",US (CONUS),Full-time,,,,,https://jobs.paloaltonetworks.com/en/job/santa-clara/director-digital-strategic-operations/47263/91377003008
Palo Alto Networks,Radancy,"Manager, Site Reliability Engineering",Product Engineering,,"Santa Clara, CA",US (CONUS),Full-time,,,,,https://jobs.paloaltonetworks.com/en/job/santa-clara/manager-site-reliability-engineering/47263/99112203488
Palo Alto Networks,Radancy,District Sales Manager,Sales,,"Philadelphia, PA",US (CONUS),Full-time,,,,,https://jobs.paloaltonetworks.com/en/job/philadelphia/district-sales-manager/47263/99097209376
Palo Alto Networks,Radancy,Named Account Manager,Sales,,"Philadelphia, PA",US (CONUS),Full-time,,,,,https://jobs.paloaltonetworks.com/en/job/philadelphia/named-account-manager/47263/99097209344
Palo Alto Networks,Radancy,Senior Principal Software Engineer (Cortex Platform),Product Engineering,,"San Francisco, CA",US (CONUS),Full-time,,,,,https://jobs.paloaltonetworks.com/en/job/san-francisco/senior-principal-software-engineer-cortex-platform/47263/96174882400
Palo Alto Networks,Radancy,Principal Consultant – SOC Transformation and XSIAM Deployment,Global Customer Services,,"Remote, IL",US/Remote,Full-time,,,,,https://jobs.paloaltonetworks.com/en/job/illinois/principal-consultant-soc-transformation-and-xsiam-deployment/47263/96174881920
Palo Alto Networks,Radancy,Principal Software Automation/Test Engineer (Prisma Access),Product Engineering,,"Santa Clara, CA",US (CONUS),Full-time,,,,,https://jobs.paloaltonetworks.com/en/job/santa-clara/principal-software-automation-test-engineer-prisma-access/47263/99075644112
Palo Alto Networks,Radancy,Principal IT Data Engineer- Finance,IT,,"Santa Clara, CA",US (CONUS),Full-time,,,,,https://jobs.paloaltonetworks.com/en/job/santa-clara/principal-it-data-engineer-finance/47263/99075644096
Palo Alto Networks,Radancy,"Lead, Prisma Browser for Business MSP Go-to-Market",Business Development,,"Santa Clara, CA",US (CONUS),Full-time,,,,,https://jobs.paloaltonetworks.com/en/job/santa-clara/lead-prisma-browser-for-business-msp-go-to-market/47263/99075643744
Palo Alto Networks,Radancy,"Director, Prisma Browser for Business Go-to-Market",Business Development,,"Santa Clara, CA",US (CONUS),Full-time,,,,,https://jobs.paloaltonetworks.com/en/job/santa-clara/director-prisma-browser-for-business-go-to-market/47263/99075643712
Palo Alto Networks,Radancy,Sr. Staff Engineer (Cortex Vulnerability Experience Platform),Product Engineering,,"Santa Clara, CA",US (CONUS),Full-time,,,,,https://jobs.paloaltonetworks.com/en/job/santa-clara/sr-staff-engineer-cortex-vulnerability-experience-platform/47263/96174863200
Palo Alto Networks,Radancy,Senior Revenue Analyst,Accounting,,"Santa Clara, CA",US (CONUS),Full-time,,,,,https://jobs.paloaltonetworks.com/en/job/santa-clara/senior-revenue-analyst/47263/99050800384
Palo Alto Networks,Radancy,AI Strategic Partnerships Solution Architect,Business Development - Technical Solutions,,"Santa Clara, CA",US/Remote,Full-time,,,,,https://jobs.paloaltonetworks.com/en/job/santa-clara/ai-strategic-partnerships-solution-architect/47263/96920560800
Palo Alto Networks,Radancy,"Director, CSP/Hyperscaler Partner Marketing",Marketing,,"Santa Clara, CA",US (CONUS),Full-time,,,,,https://jobs.paloaltonetworks.com/en/job/santa-clara/director-csp-hyperscaler-partner-marketing/47263/99038557824
Palo Alto Networks,Radancy,Global Strategic Alliances Marketing Manager,Marketing,,"Santa Clara, CA",US (CONUS),Full-time,,,,,https://jobs.paloaltonetworks.com/en/job/santa-clara/global-strategic-alliances-marketing-manager/47263/99038557808
Palo Alto Networks,Radancy,Senior Executive Assistant to SVP of Product Management,Administrative Services,,"Santa Clara, CA",US (CONUS),Full-time,,,,,https://jobs.paloaltonetworks.com/en/job/santa-clara/senior-executive-assistant-to-svp-of-product-management/47263/99038557792
Palo Alto Networks,Radancy,Principal Field Product Manager (SASE),Product Engineering,,"Santa Clara, CA",US (CONUS),Full-time,,,,,https://jobs.paloaltonetworks.com/en/job/santa-clara/principal-field-product-manager-sase/47263/99038557680
Palo Alto Networks,Radancy,"Senior Threat Researcher, Unit 42",Product Engineering,,"Remote, VA",US/Remote,Full-time,,,,,https://jobs.paloaltonetworks.com/en/job/virginia/senior-threat-researcher-unit-42/47263/96975306512
Palo Alto Networks,Radancy,Solutions Consultant 2,Sales,,"San Francisco, CA",US (CONUS),Full-time,,,,,https://jobs.paloaltonetworks.com/en/job/san-francisco/solutions-consultant-2/47263/96174878832
Palo Alto Networks,Radancy,Identity Account Executive - Healthcare,Sales,,"San Francisco, CA",US (CONUS),Full-time,,,,,https://jobs.paloaltonetworks.com/en/job/san-francisco/identity-account-executive-healthcare/47263/99031027712
Palo Alto Networks,Radancy,"Senior Consulting Director, AI Security, Proactive Services (Unit 42)",Sales,,"Santa Clara, CA",US (CONUS),Full-time,,,,,https://jobs.paloaltonetworks.com/en/job/santa-clara/senior-consulting-director-ai-security-proactive-services-unit-42/47263/97442358944
Palo Alto Networks,Radancy,SASE Sales Specialist,Sales,,"Remote, FL",US/Remote,Full-time,,,,,https://jobs.paloaltonetworks.com/en/job/florida/sase-sales-specialist/47263/97145578592
Palo Alto Networks,Radancy,"Senior Staff Software Engineer, Go-To-Market (GTM)",IT,,"Santa Clara, CA",US (CONUS),Full-time,,,,,https://jobs.paloaltonetworks.com/en/job/santa-clara/senior-staff-software-engineer-go-to-market-gtm/47263/99006309088
Palo Alto Networks,Radancy,"Senior Staff Software Engineer - UI, Go-To-Market (GTM)",IT,,"Santa Clara, CA",US (CONUS),Full-time,,,,,https://jobs.paloaltonetworks.com/en/job/santa-clara/senior-staff-software-engineer-ui-go-to-market-gtm/47263/99006309072
Palo Alto Networks,Radancy,Regional Channel Solutions Consultant,Sales,,"Portland, OR",US/Remote,Full-time,,,,,https://jobs.paloaltonetworks.com/en/job/portland/regional-channel-solutions-consultant/47263/97802574976
Palo Alto Networks,Radancy,Solutions Consultant - SLED,Sales,,"Seattle, WA",US (CONUS),Full-time,,,,,https://jobs.paloaltonetworks.com/en/job/seattle/solutions-consultant-sled/47263/98910751552
Palo Alto Networks,Radancy,Staff Software Automation/Test Engineer,Product Engineering,,"Santa Clara, CA",US (CONUS),Full-time,,,,,https://jobs.paloaltonetworks.com/en/job/santa-clara/staff-software-automation-test-engineer/47263/97926137632
Palo Alto Networks,Radancy,Sr Staff Software Escalation Engineer - Identity Security Management Platform,Product Engineering,,"Boston, MA",US (CONUS),Full-time,,,,,https://jobs.paloaltonetworks.com/en/job/boston/sr-staff-software-escalation-engineer-identity-security-management-platform/47263/96478013488
Palo Alto Networks,Radancy,Staff Cloud Security Engineer,InfoSec,,"Remote, CA",US/Remote,Full-time,,,,,https://jobs.paloaltonetworks.com/en/job/california/staff-cloud-security-engineer/47263/96174877744
Palo Alto Networks,Radancy,Domain Consultant 1,Sales,,"New York City, NY",US (CONUS),Full-time,,,,,https://jobs.paloaltonetworks.com/en/job/new-york/domain-consultant-1/47263/98894166704
Palo Alto Networks,Radancy,Named Account Manager - SLED,Sales,,"San Diego, CA",US (CONUS),Full-time,,,,,https://jobs.paloaltonetworks.com/en/job/san-diego/named-account-manager-sled/47263/98894168784
Palo Alto Networks,Radancy,Strategic Account Manager,Sales,,"Philadelphia, PA",US/Remote,Full-time,,,,,https://jobs.paloaltonetworks.com/en/job/philadelphia/strategic-account-manager/47263/98894167568
Palo Alto Networks,Radancy,Sr. Principal Product Manager (Strata Cloud Manager),Product Engineering,,"Santa Clara, CA",US (CONUS),Full-time,,,,,https://jobs.paloaltonetworks.com/en/job/santa-clara/sr-principal-product-manager-strata-cloud-manager/47263/98894167440
Palo Alto Networks,Radancy,Solutions Consultant 2,Sales,,"New York City, NY",US (CONUS),Full-time,,,,,https://jobs.paloaltonetworks.com/en/job/new-york/solutions-consultant-2/47263/98894166960
Palo Alto Networks,Radancy,Regional Marketing Specialist,Marketing,,"Reston, VA",US (CONUS),Full-time,,,,,https://jobs.paloaltonetworks.com/en/job/reston/regional-marketing-specialist/47263/98849529808
Palo Alto Networks,Radancy,"Sr Marketing Manager, Public Sector",Marketing,,"Reston, VA",US (CONUS),Full-time,,,,,https://jobs.paloaltonetworks.com/en/job/reston/sr-marketing-manager-public-sector/47263/98849529584
Palo Alto Networks,Radancy,Motion Graphics Designer - Creative Services Marketing,Marketing,,"Santa Clara, CA",US (CONUS),Full-time,,,,,https://jobs.paloaltonetworks.com/en/job/santa-clara/motion-graphics-designer-creative-services-marketing/47263/98724200608
Palo Alto Networks,Radancy,Principal Software Engineer (Cloud NGFW),Product Engineering,,"Santa Clara, CA",US (CONUS),Full-time,,,,,https://jobs.paloaltonetworks.com/en/job/santa-clara/principal-software-engineer-cloud-ngfw/47263/91053594240
Palo Alto Networks,Radancy,Solutions Consultant 2,Sales,,"New York City, NY",US (CONUS),Full-time,,,,,https://jobs.paloaltonetworks.com/en/job/new-york/solutions-consultant-2/47263/98885011248
Palo Alto Networks,Radancy,Solutions Consultant 2,Sales,,"New York City, NY",US (CONUS),Full-time,,,,,https://jobs.paloaltonetworks.com/en/job/new-york/solutions-consultant-2/47263/98885011232
Palo Alto Networks,Radancy,Solutions Consultant 2,Sales,,"New York City, NY",US (CONUS),Full-time,,,,,https://jobs.paloaltonetworks.com/en/job/new-york/solutions-consultant-2/47263/98885011168
Palo Alto Networks,Radancy,Senior Principal Technical Marketing Engineer,Product Engineering,,"Santa Clara, CA",US (CONUS),Full-time,,,,,https://jobs.paloaltonetworks.com/en/job/santa-clara/senior-principal-technical-marketing-engineer/47263/98869989328
Palo Alto Networks,Radancy,Solutions Consultant 2,Sales,,"Burbank, CA",US (CONUS),Full-time,,,,,https://jobs.paloaltonetworks.com/en/job/burbank/solutions-consultant-2/47263/97498509392
Palo Alto Networks,Radancy,"Named Account Manager, SLED",Sales,,"Sacramento, CA",US (CONUS),Full-time,,,,,https://jobs.paloaltonetworks.com/en/job/sacramento/named-account-manager-sled/47263/98863108976
Palo Alto Networks,Radancy,Named Account Manager,Sales,,"Portland, OR",US (CONUS),Full-time,,,,,https://jobs.paloaltonetworks.com/en/job/portland/named-account-manager/47263/98863108800
Palo Alto Networks,Radancy,Solutions Consultant 2,Sales,,"Arlington, VA",US (CONUS),Full-time,,,,,https://jobs.paloaltonetworks.com/en/job/arlington/solutions-consultant-2/47263/98863108048
Palo Alto Networks,Radancy,Principal Offensive Security Engineer,InfoSec,,"Santa Clara, CA",US (CONUS),Full-time,,,,,https://jobs.paloaltonetworks.com/en/job/santa-clara/principal-offensive-security-engineer/47263/96174878320
Palo Alto Networks,Radancy,"Identity Account Executive - Healthcare, Great Lakes",Sales,,"Chicago, IL",US (CONUS),Full-time,,,,,https://jobs.paloaltonetworks.com/en/job/chicago/identity-account-executive-healthcare-great-lakes/47263/98849531264
Palo Alto Networks,Radancy,Named Account Manager - SLED,Sales,,"Des Moines, IA",US (CONUS),Full-time,,,,,https://jobs.paloaltonetworks.com/en/job/des-moines/named-account-manager-sled/47263/96829688176
Palo Alto Networks,Radancy,"Account Manager, Enterprise Browser",Sales,,"New York City, NY",US (CONUS),Full-time,,,,,https://jobs.paloaltonetworks.com/en/job/new-york/account-manager-enterprise-browser/47263/96174875760
Palo Alto Networks,Radancy,Senior Staff DevOps Engineer,Product Engineering,,"Santa Clara, CA",US (CONUS),Full-time,,,,,https://jobs.paloaltonetworks.com/en/job/santa-clara/senior-staff-devops-engineer/47263/98395562128
Palo Alto Networks,Radancy,Accelerator Architect,Global Customer Services,,"Remote, UT",US/Remote,Full-time,,,,,https://jobs.paloaltonetworks.com/en/job/utah/accelerator-architect/47263/95906044064
Palo Alto Networks,Radancy,Solutions Consultant 1,Sales,,"Las Vegas, NV",US (CONUS),Full-time,,,,,https://jobs.paloaltonetworks.com/en/job/las-vegas/solutions-consultant-1/47263/96174871840
Palo Alto Networks,Radancy,Solutions Consultant 2,Sales,,"Seattle, WA",US/Remote,Full-time,,,,,https://jobs.paloaltonetworks.com/en/job/seattle/solutions-consultant-2/47263/96174869152
Palo Alto Networks,Radancy,Enterprise Customer Success Manager,Identity Security Customer Success Management,,"Madison, WI",US (CONUS),Full-time,,,,,https://jobs.paloaltonetworks.com/en/job/madison/enterprise-customer-success-manager/47263/98824639488
Palo Alto Networks,Radancy,Sr Staff Engineer Software (Cloud Networking Developer),Product Engineering,,"Santa Clara, CA",US (CONUS),Full-time,,,,,https://jobs.paloaltonetworks.com/en/job/santa-clara/sr-staff-engineer-software-cloud-networking-developer/47263/98763714112
Palo Alto Networks,Radancy,Major Account Manager,Sales,,"Philadelphia, PA",US (CONUS),Full-time,,,,,https://jobs.paloaltonetworks.com/en/job/philadelphia/major-account-manager/47263/97878002736
Palo Alto Networks,Radancy,Strategic Account Manager,Sales,,"Columbus, OH",US (CONUS),Full-time,,,,,https://jobs.paloaltonetworks.com/en/job/columbus/strategic-account-manager/47263/98811354944
Palo Alto Networks,Radancy,Principal AI Tool Engineer for Software Automation/Testing,Product Engineering,,"Santa Clara, CA",US (CONUS),Full-time,,,,,https://jobs.paloaltonetworks.com/en/job/santa-clara/principal-ai-tool-engineer-for-software-automation-testing/47263/98769779952
Palo Alto Networks,Radancy,Principal Software Automation/Test Engineer,Product Engineering,,"Santa Clara, CA",US (CONUS),Full-time,,,,,https://jobs.paloaltonetworks.com/en/job/santa-clara/principal-software-automation-test-engineer/47263/96174881344
Palo Alto Networks,Radancy,Strategic Account Manager,Sales,,"Memphis, TN",US (CONUS),Full-time,,,,,https://jobs.paloaltonetworks.com/en/job/memphis/strategic-account-manager/47263/98803916880
Palo Alto Networks,Radancy,Major Account Manager,Sales,,"Boise, ID",US (CONUS),Full-time,,,,,https://jobs.paloaltonetworks.com/en/job/boise/major-account-manager/47263/98803913760
Palo Alto Networks,Radancy,"Senior Product Manager, Digital Marketing",Product Engineering,,"Santa Clara, CA",US (CONUS),Full-time,,,,,https://jobs.paloaltonetworks.com/en/job/santa-clara/senior-product-manager-digital-marketing/47263/96174872736
Palo Alto Networks,Radancy,Senior Data Automation/Marketing Ops Lead (Digital Marketing),IT,,"Santa Clara, CA",US (CONUS),Full-time,,,,,https://jobs.paloaltonetworks.com/en/job/santa-clara/senior-data-automation-marketing-ops-lead-digital-marketing/47263/96174869040
Palo Alto Networks,Radancy,"Sr. Forward Deployed Engineer (Customer Engineering, Prisma AIRS)",Product Engineering,,"Santa Clara, CA",US (CONUS),Full-time,,,,,https://jobs.paloaltonetworks.com/en/job/santa-clara/sr-forward-deployed-engineer-customer-engineering-prisma-airs/47263/98769785824
Palo Alto Networks,Radancy,Strategic Account Manager,Sales,,"Cincinnati, OH",US (CONUS),Full-time,,,,,https://jobs.paloaltonetworks.com/en/job/cincinnati/strategic-account-manager/47263/98717734976
Palo Alto Networks,Radancy,"Senior Marketing Manager, Google Cloud Alliance",Marketing,,"Santa Clara, CA",US (CONUS),Full-time,,,,,https://jobs.paloaltonetworks.com/en/job/santa-clara/senior-marketing-manager-google-cloud-alliance/47263/98763714080
Palo Alto Networks,Radancy,Regional Marketing Specialist,Marketing,,"Plano, TX",US (CONUS),Full-time,,,,,https://jobs.paloaltonetworks.com/en/job/plano/regional-marketing-specialist/47263/98763713184
Palo Alto Networks,Radancy,"Director, Identity Security Customer Success",Identity Security Customer Success Engineering,,"Chicago, IL",US (CONUS),Full-time,,,,,https://jobs.paloaltonetworks.com/en/job/chicago/director-identity-security-customer-success/47263/97926137744
Palo Alto Networks,Radancy,"Principal IT Product Manager, Post Sales",IT,,"Santa Clara, CA",US (CONUS),Full-time,,,,,https://jobs.paloaltonetworks.com/en/job/santa-clara/principal-it-product-manager-post-sales/47263/97206489008
Palo Alto Networks,Radancy,Sales Support Partner,Sales,,"Needham Heights, MA",US (CONUS),Full-time,,,,,https://jobs.paloaltonetworks.com/en/job/needham-heights/sales-support-partner/47263/96829686832
Palo Alto Networks,Radancy,"Staff Technical Support Engineer, Prisma SD-WAN",Global Customer Services,,"Santa Clara, CA",US (CONUS),Full-time,,,,,https://jobs.paloaltonetworks.com/en/job/santa-clara/staff-technical-support-engineer-prisma-sd-wan/47263/96174874400
Palo Alto Networks,Radancy,Cloud Alliance Principal Solutions Architect,Sales,,"Burbank, CA",US (CONUS),Full-time,,,,,https://jobs.paloaltonetworks.com/en/job/burbank/cloud-alliance-principal-solutions-architect/47263/98755666368
Palo Alto Networks,Radancy,District Sales Manager,Sales,,"New York City, NY",US (CONUS),Full-time,,,,,https://jobs.paloaltonetworks.com/en/job/new-york/district-sales-manager/47263/98755665856
Palo Alto Networks,Radancy,"Director, Ecosystems",Strategic Alliances,,"Santa Clara, CA",US (CONUS),Full-time,,,,,https://jobs.paloaltonetworks.com/en/job/santa-clara/director-ecosystems/47263/98755665520
Palo Alto Networks,Radancy,Principal Consultant,Sales,,"Santa Clara, CA",US (CONUS),Full-time,,,,,https://jobs.paloaltonetworks.com/en/job/santa-clara/principal-consultant/47263/98755658784
Palo Alto Networks,Radancy,Principal Technical Marketing Engineer (Malware Defense),Product Engineering,,"Santa Clara, CA",US (CONUS),Full-time,,,,,https://jobs.paloaltonetworks.com/en/job/santa-clara/principal-technical-marketing-engineer-malware-defense/47263/96174870944
Palo Alto Networks,Radancy,Events Experience Manager,Marketing,,"Santa Clara, CA",US (CONUS),Full-time,,,,,https://jobs.paloaltonetworks.com/en/job/santa-clara/events-experience-manager/47263/98730764864
Palo Alto Networks,Radancy,Position Managed XSIAM Service Delivery Lead,InfoSec,,"Remote, MD",US/Remote,Full-time,,,,,https://jobs.paloaltonetworks.com/en/job/maryland/position-managed-xsiam-service-delivery-lead/47263/98717735760
Palo Alto Networks,Radancy,Senior Staff Engineer Software - FullStack (Machine Identity Management) - hybrid,Product Engineering,,"Santa Clara, CA",US (CONUS),Full-time,,,,,https://jobs.paloaltonetworks.com/en/job/santa-clara/senior-staff-engineer-software-fullstack-machine-identity-management-hybrid/47263/98724204416
Palo Alto Networks,Radancy,Senior Events Specialist,Marketing,,"Santa Clara, CA",US (CONUS),Full-time,,,,,https://jobs.paloaltonetworks.com/en/job/santa-clara/senior-events-specialist/47263/98724196512
Palo Alto Networks,Radancy,Solutions Consultant,Sales,,"Houston, TX",US (CONUS),Full-time,,,,,https://jobs.paloaltonetworks.com/en/job/houston/solutions-consultant/47263/98717735376
Palo Alto Networks,Radancy,Named Account Manager,Sales,,"Chicago, IL",US (CONUS),Full-time,,,,,https://jobs.paloaltonetworks.com/en/job/chicago/named-account-manager/47263/98717735056
Palo Alto Networks,Radancy,"Manager, Corporate Communications (Public Sector & M&A Narrative)",Marketing,,"Reston, VA",US (CONUS),Full-time,,,,,https://jobs.paloaltonetworks.com/en/job/reston/manager-corporate-communications-public-sector-and-m-and-a-narrative/47263/96174874320
Palo Alto Networks,Radancy,Named Account Manager - SLED,Sales,,"Seattle, WA",US (CONUS),Full-time,,,,,https://jobs.paloaltonetworks.com/en/job/seattle/named-account-manager-sled/47263/98709465600
Palo Alto Networks,Radancy,"Principal, GTM Strategy & Transformation",Corporate Business Strategy,,"Santa Clara, CA",US (CONUS),Full-time,,,,,https://jobs.paloaltonetworks.com/en/job/santa-clara/principal-gtm-strategy-and-transformation/47263/93750013504
Palo Alto Networks,Radancy,Regional Sales Manager - FBI,Sales,,"Remote, VA",US/Remote,Full-time,,,,,https://jobs.paloaltonetworks.com/en/job/virginia/regional-sales-manager-fbi/47263/96174866752
Palo Alto Networks,Radancy,Sr Staff IT AI Software Engineer,Product Engineering,,"Santa Clara, CA",US (CONUS),Full-time,,,,,https://jobs.paloaltonetworks.com/en/job/santa-clara/sr-staff-it-ai-software-engineer/47263/96600770304
Palo Alto Networks,Radancy,Principal Architect,Sales,,"Santa Clara, CA",US (CONUS),Full-time,,,,,https://jobs.paloaltonetworks.com/en/job/santa-clara/principal-architect/47263/98581981392
Palo Alto Networks,Radancy,Principal DevOps Engineer (US Citizen),Product Engineering,,"Santa Clara, CA",US (CONUS),Full-time,,,,,https://jobs.paloaltonetworks.com/en/job/santa-clara/principal-devops-engineer-us-citizen/47263/97192247184
Palo Alto Networks,Radancy,Customer Success Architect,Global Customer Services,,"New York City, NY",US (CONUS),Full-time,,,,,https://jobs.paloaltonetworks.com/en/job/new-york/customer-success-architect/47263/97617784256
Palo Alto Networks,Radancy,Principal Engineer Software,Product Engineering,,"Boston, MA",US (CONUS),Full-time,,,,,https://jobs.paloaltonetworks.com/en/job/boston/principal-engineer-software/47263/96174880784
Palo Alto Networks,Radancy,"Principal Engineer Software, AppSec (Chronosphere)",Product Engineering,,"San Francisco, CA",US (CONUS),Full-time,,,,,https://jobs.paloaltonetworks.com/en/job/san-francisco/principal-engineer-software-appsec-chronosphere/47263/96174882160
Palo Alto Networks,Radancy,Major Account Manager,Sales,,"Seattle, WA",US (CONUS),Full-time,,,,,https://jobs.paloaltonetworks.com/en/job/seattle/major-account-manager/47263/98541813552
Palo Alto Networks,Radancy,Senior Principal Software Engineer (Cloud Management),Product Engineering,,"Santa Clara, CA",US (CONUS),Full-time,,,,,https://jobs.paloaltonetworks.com/en/job/santa-clara/senior-principal-software-engineer-cloud-management/47263/97757360016
Palo Alto Networks,Radancy,"Staff DevOps Engineer, Remote",Product Engineering,,"Boston, MA",US (CONUS),Full-time,,,,,https://jobs.paloaltonetworks.com/en/job/boston/staff-devops-engineer-remote/47263/96174879968
Palo Alto Networks,Radancy,People Operations M&A Lead,People Team,,"Santa Clara, CA",US (CONUS),Full-time,,,,,https://jobs.paloaltonetworks.com/en/job/santa-clara/people-operations-m-and-a-lead/47263/96512978800
Palo Alto Networks,Radancy,"Principal Engineer Software, Tools & Platforms (Cortex)",Product Engineering,,"Santa Clara, CA",US (CONUS),Full-time,,,,,https://jobs.paloaltonetworks.com/en/job/santa-clara/principal-engineer-software-tools-and-platforms-cortex/47263/97750047136
Palo Alto Networks,Radancy,Channel Solutions Consultant,Sales,,"Denver, CO",US/Remote,Full-time,,,,,https://jobs.paloaltonetworks.com/en/job/denver/channel-solutions-consultant/47263/98516855152
Palo Alto Networks,Radancy,Channel SE - US & Canada,Sales,,"Jacksonville, FL",US (CONUS),Full-time,,,,,https://jobs.paloaltonetworks.com/en/job/jacksonville/channel-se-us-and-canada/47263/98235767568
Palo Alto Networks,Radancy,"Technical Sales Manager (Pre-Sales Systems Engineer), SD-WAN",Sales,,"Remote, CA",US/Remote,Full-time,,,,,https://jobs.paloaltonetworks.com/en/job/california/technical-sales-manager-pre-sales-systems-engineer-sd-wan/47263/96967740656
Palo Alto Networks,Radancy,Solutions Consultant 2 (FSI),Sales,,"Reston, VA",US (CONUS),Full-time,,,,,https://jobs.paloaltonetworks.com/en/job/reston/solutions-consultant-2-fsi/47263/98426401920
Palo Alto Networks,Radancy,Named Account Manager - SLED,Sales,,"Indianapolis, IN",US/Remote,Full-time,,,,,https://jobs.paloaltonetworks.com/en/job/indianapolis/named-account-manager-sled/47263/97801618704
Palo Alto Networks,Radancy,Sr. Solutions Engineer - Public Sector - SLED,Sales,,"New York City, NY",US/Remote,Full-time,,,,,https://jobs.paloaltonetworks.com/en/job/new-york/sr-solutions-engineer-public-sector-sled/47263/96314287520
Palo Alto Networks,Radancy,Solutions Consulting Manager,Sales,,"Charlotte, NC",US (CONUS),Full-time,,,,,https://jobs.paloaltonetworks.com/en/job/charlotte/solutions-consulting-manager/47263/97470322032
Palo Alto Networks,Radancy,Chronosphere - Senior Professional Services Project Manager,Global Customer Services,,"New York City, NY",US (CONUS),Full-time,,,,,https://jobs.paloaltonetworks.com/en/job/new-york/chronosphere-senior-professional-services-project-manager/47263/96174881728
Palo Alto Networks,Radancy,Deal Desk Manager,Sales,,"Plano, TX",US (CONUS),Full-time,,,,,https://jobs.paloaltonetworks.com/en/job/plano/deal-desk-manager/47263/98054383648
Palo Alto Networks,Radancy,"Principal Engineer Software, Dev & Production Infrastructure (Chronosphere)",Product Engineering,,"San Francisco, CA",US (CONUS),Full-time,,,,,https://jobs.paloaltonetworks.com/en/job/san-francisco/principal-engineer-software-dev-and-production-infrastructure-chronosphere/47263/97794611536
Palo Alto Networks,Radancy,Sr. Staff Security Researcher,Product Engineering,,"Santa Clara, CA",US (CONUS),Full-time,,,,,https://jobs.paloaltonetworks.com/en/job/santa-clara/sr-staff-security-researcher/47263/96174882640
Palo Alto Networks,Radancy,"Staff Technical Support Engineer, Focused Services, NGFW",Global Customer Services,,"Plano, TX",US (CONUS),Full-time,,,,,https://jobs.paloaltonetworks.com/en/job/plano/staff-technical-support-engineer-focused-services-ngfw/47263/96174882576
Palo Alto Networks,Radancy,Principal Engineer Software - Storage (Chronosphere),Product Engineering,,"Burbank, CA",US (CONUS),Full-time,,,,,https://jobs.paloaltonetworks.com/en/job/burbank/principal-engineer-software-storage-chronosphere/47263/96174882480
Palo Alto Networks,Radancy,"Principal Engineer Software - Developer Experience, Backend (Chronosphere)",Product Engineering,,"New York City, NY",US (CONUS),Full-time,,,,,https://jobs.paloaltonetworks.com/en/job/new-york/principal-engineer-software-developer-experience-backend-chronosphere/47263/96174882448
Palo Alto Networks,Radancy,Senior Principal Software Engineer — Layer 7 Security,Product Engineering,,"Santa Clara, CA",US (CONUS),Full-time,,,,,https://jobs.paloaltonetworks.com/en/job/santa-clara/senior-principal-software-engineer-layer-7-security/47263/96174882368
Palo Alto Networks,Radancy,Solutions Consultant 2,Sales,,"Indianapolis, IN",US (CONUS),Full-time,,,,,https://jobs.paloaltonetworks.com/en/job/indianapolis/solutions-consultant-2/47263/98235768624
Palo Alto Networks,Radancy,Named Account Manager - SLED,Sales,,"New York City, NY",US (CONUS),Full-time,,,,,https://jobs.paloaltonetworks.com/en/job/new-york/named-account-manager-sled/47263/98195148080
Palo Alto Networks,Radancy,"Director, Ecosystems - Strategic West",Sales,,"Santa Clara, CA",US (CONUS),Full-time,,,,,https://jobs.paloaltonetworks.com/en/job/santa-clara/director-ecosystems-strategic-west/47263/98068166736
Palo Alto Networks,Radancy,Sr. Principal Software Engineer - Network Security - PanOS,Product Engineering,,"Santa Clara, CA",US (CONUS),Full-time,,,,,https://jobs.paloaltonetworks.com/en/job/santa-clara/sr-principal-software-engineer-network-security-panos/47263/97934254720
Palo Alto Networks,Radancy,Global Account Manager - Intelligence Community,Sales,,"Reston, VA",US (CONUS),Full-time,,,,,https://jobs.paloaltonetworks.com/en/job/reston/global-account-manager-intelligence-community/47263/97872744192
Palo Alto Networks,Radancy,Senior Security Services Consultant,Global Customer Services,,"Denver, CO",US (CONUS),Full-time,,,,,https://jobs.paloaltonetworks.com/en/job/denver/senior-security-services-consultant/47263/98469642144
Palo Alto Networks,Radancy,District Sales Manager- Strategic Northeast,Sales,,"New York City, NY",US (CONUS),Full-time,,,,,https://jobs.paloaltonetworks.com/en/job/new-york/district-sales-manager-strategic-northeast/47263/97838011984
Palo Alto Networks,Radancy,Channel Business Manager,Sales,,"Cincinnati, OH",US (CONUS),Full-time,,,,,https://jobs.paloaltonetworks.com/en/job/cincinnati/channel-business-manager/47263/97750045952
Palo Alto Networks,Radancy,Solutions Consultant 2,Sales,,"Remote, DE",US/Remote,Full-time,,,,,https://jobs.paloaltonetworks.com/en/job/wilmington/solutions-consultant-2/47263/97609092672
Palo Alto Networks,Radancy,Identity Enterprise Account Executive,Sales,,"Seattle, WA",US (CONUS),Full-time,,,,,https://jobs.paloaltonetworks.com/en/job/seattle/identity-enterprise-account-executive/47263/97750045872
Palo Alto Networks,Radancy,AI Strategic Partnerships Business Development,Business Development - Technical Solutions,,"Plano, TX",US (CONUS),Full-time,,,,,https://jobs.paloaltonetworks.com/en/job/plano/ai-strategic-partnerships-business-development/47263/97522848816
Palo Alto Networks,Radancy,Channel Solutions Consultant 2,Sales,,"Jersey City, NJ",US/Remote,Full-time,,,,,https://jobs.paloaltonetworks.com/en/job/jersey-city/channel-solutions-consultant-2/47263/97926136496
Palo Alto Networks,Radancy,Principal Security Researcher - Advanced Threat Prevention,Product Engineering,,"Santa Clara, CA",US (CONUS),Full-time,,,,,https://jobs.paloaltonetworks.com/en/job/santa-clara/principal-security-researcher-advanced-threat-prevention/47263/97926136000
Palo Alto Networks,Radancy,Channel Solutions Consultant (GSI - PwC),Sales,,"Remote, FL",US/Remote,Full-time,,,,,https://jobs.paloaltonetworks.com/en/job/florida/channel-solutions-consultant-gsi-pwc/47263/97522848160
Palo Alto Networks,Radancy,Named Account Manager - SLED,Sales,,"Minneapolis, MN",US (CONUS),Full-time,,,,,https://jobs.paloaltonetworks.com/en/job/minneapolis/named-account-manager-sled/47263/97872742320
Palo Alto Networks,Radancy,AIRS Solution Specialist,Sales,,"Remote, TX",US/Remote,Full-time,,,,,https://jobs.paloaltonetworks.com/en/job/texas/airs-solution-specialist/47263/97442358592
Palo Alto Networks,Radancy,Senior Enterprise Account Executive- Ohio Valley,Sales,,"Cleveland, OH",US (CONUS),Full-time,,,,,https://jobs.paloaltonetworks.com/en/job/cleveland/senior-enterprise-account-executive-ohio-valley/47263/97617783088
Palo Alto Networks,Radancy,Principal Security Researcher,Product Engineering,,"Santa Clara, CA",US (CONUS),Full-time,,,,,https://jobs.paloaltonetworks.com/en/job/santa-clara/principal-security-researcher/47263/97112525264
Palo Alto Networks,Radancy,Solutions Consultant 2,Sales,,"Remote, DC",US/Remote,Full-time,,,,,https://jobs.paloaltonetworks.com/en/job/washington/solutions-consultant-2/47263/97192245200
Palo Alto Networks,Radancy,Sr. Product Manager (PAN-OS Product Security and Lifecycle Management),Product Engineering,,"Santa Clara, CA",US (CONUS),Full-time,,,,,https://jobs.paloaltonetworks.com/en/job/santa-clara/sr-product-manager-pan-os-product-security-and-lifecycle-management/47263/96262961776
Palo Alto Networks,Radancy,Senior Product Manager,Product Engineering,,"Santa Clara, CA",US (CONUS),Full-time,,,,,https://jobs.paloaltonetworks.com/en/job/santa-clara/senior-product-manager/47263/96174881568
Palo Alto Networks,Radancy,Principal Architect,Sales,,"Austin, TX",US (CONUS),Full-time,,,,,https://jobs.paloaltonetworks.com/en/job/austin/principal-architect/47263/96913466816
Palo Alto Networks,Radancy,Sr. Product Manager (Device Security),Product Engineering,,"Santa Clara, CA",US (CONUS),Full-time,,,,,https://jobs.paloaltonetworks.com/en/job/santa-clara/sr-product-manager-device-security/47263/96174877936
Palo Alto Networks,Radancy,Principal Product Manager - Identity and Access Management (Chronosphere),Product Engineering,,"Santa Clara, CA",US (CONUS),Full-time,,,,,https://jobs.paloaltonetworks.com/en/job/santa-clara/principal-product-manager-identity-and-access-management-chronosphere/47263/96174877728
Palo Alto Networks,Radancy,Solutions Consultant 2,Sales,,"Madison, WI",US (CONUS),Full-time,,,,,https://jobs.paloaltonetworks.com/en/job/madison/solutions-consultant-2/47263/96174875648
Palo Alto Networks,Radancy,Senior Principal Software Engineer — Layer 7 Security,Product Engineering,,"Santa Clara, CA",US (CONUS),Full-time,,,,,https://jobs.paloaltonetworks.com/en/job/santa-clara/senior-principal-software-engineer-layer-7-security/47263/96174874656
Palo Alto Networks,Radancy,Sr. Principal Software Engineer (L7 Security),Product Engineering,,"San Francisco, CA",US (CONUS),Full-time,,,,,https://jobs.paloaltonetworks.com/en/job/san-francisco/sr-principal-software-engineer-l7-security/47263/96174874592
Palo Alto Networks,Radancy,Sr Staff Engineer Software,Product Engineering,,"Remote, IL",US/Remote,Full-time,,,,,https://jobs.paloaltonetworks.com/en/job/illinois/sr-staff-engineer-software/47263/96174874192
Palo Alto Networks,Radancy,Principal Architect,Sales,,"Remote, CA",US/Remote,Full-time,,,,,https://jobs.paloaltonetworks.com/en/job/california/principal-architect/47263/96174873040
Palo Alto Networks,Radancy,Channel Systems Engineer - NTT GSI,Sales,,"Denver, CO",US (CONUS),Full-time,,,,,https://jobs.paloaltonetworks.com/en/job/denver/channel-systems-engineer-ntt-gsi/47263/96174871968
Palo Alto Networks,Radancy,Chronosphere - Domain Consultant,Sales,,"Portland, OR",US/Remote,Full-time,,,,,https://jobs.paloaltonetworks.com/en/job/portland/chronosphere-domain-consultant/47263/96174870816
Palo Alto Networks,Radancy,Sr. Principal Software Engineer (Prisma SASE),Product Engineering,,"San Francisco, CA",US (CONUS),Full-time,,,,,https://jobs.paloaltonetworks.com/en/job/san-francisco/sr-principal-software-engineer-prisma-sase/47263/91843692288
Palo Alto Networks,Radancy,Solutions Consultant 2,Sales,,"Remote, NY",US/Remote,Full-time,,,,,https://jobs.paloaltonetworks.com/en/job/new-york/solutions-consultant-2/47263/96174866416
Palo Alto Networks,Radancy,AIRS Solutions Specialist,Sales,,"Remote, TN",US/Remote,Full-time,,,,,https://jobs.paloaltonetworks.com/en/job/tennessee/airs-solutions-specialist/47263/98448338976
Palo Alto Networks,Radancy,Solutions Consultant 2,Sales,,"Santa Clara, CA",US (CONUS),Full-time,,,,,https://jobs.paloaltonetworks.com/en/job/santa-clara/solutions-consultant-2/47263/98434298672
Palo Alto Networks,Radancy,"Senior Media Strategist, Global (Offline/Online)",Marketing,,"Santa Clara, CA",US (CONUS),Full-time,,,,,https://jobs.paloaltonetworks.com/en/job/santa-clara/senior-media-strategist-global-offline-online/47263/96174874960
Palo Alto Networks,Radancy,Principal Software Engineer (Cortex Vulnerability Experience Platform),Product Engineering,,"Santa Clara, CA",US (CONUS),Full-time,,,,,https://jobs.paloaltonetworks.com/en/job/santa-clara/principal-software-engineer-cortex-vulnerability-experience-platform/47263/96618798272
Palo Alto Networks,Radancy,Senior Principal AI Software Engineer - IT Go-To-Market & Customer Experience,Product Engineering,,"Santa Clara, CA",US (CONUS),Full-time,,,,,https://jobs.paloaltonetworks.com/en/job/santa-clara/senior-principal-ai-software-engineer-it-go-to-market-and-customer-experience/47263/96174865040
Palo Alto Networks,Radancy,Solutions Consultant 2,Sales,,"Miami, FL",US (CONUS),Full-time,,,,,https://jobs.paloaltonetworks.com/en/job/miami/solutions-consultant-2/47263/98427321520
Palo Alto Networks,Radancy,Solutions Consultant 2,Sales,,"Atlanta, GA",US (CONUS),Full-time,,,,,https://jobs.paloaltonetworks.com/en/job/atlanta/solutions-consultant-2/47263/98426404240
Palo Alto Networks,Radancy,Leaves & Accommodations Specialist,People Team,,"Santa Clara, CA",US (CONUS),Full-time,,,,,https://jobs.paloaltonetworks.com/en/job/santa-clara/leaves-and-accommodations-specialist/47263/98426403808
Palo Alto Networks,Radancy,Senior Accountant,Accounting,,"Santa Clara, CA",US (CONUS),Full-time,,,,,https://jobs.paloaltonetworks.com/en/job/santa-clara/senior-accountant/47263/98380443056
Palo Alto Networks,Radancy,Senior Business Development Capture Manager - Federal Civilian,Business Development,,"Reston, VA",US (CONUS),Full-time,,,,,https://jobs.paloaltonetworks.com/en/job/reston/senior-business-development-capture-manager-federal-civilian/47263/98426401744
Palo Alto Networks,Radancy,AIRS Solutions Specialist,Sales,,"Remote, VA",US/Remote,Full-time,,,,,https://jobs.paloaltonetworks.com/en/job/virginia/airs-solutions-specialist/47263/98426399184
Palo Alto Networks,Radancy,AIRS Solutions Specialist,Sales,,"Remote, NY",US/Remote,Full-time,,,,,https://jobs.paloaltonetworks.com/en/job/new-york/airs-solutions-specialist/47263/98426399040
Palo Alto Networks,Radancy,"Sr. Director Field Technology Office and Advisory, Senior Director",Sales,,"Chicago, IL",US (CONUS),Full-time,,,,,https://jobs.paloaltonetworks.com/en/job/chicago/sr-director-field-technology-office-and-advisory-senior-director/47263/98426390464
Palo Alto Networks,Radancy,Major Account Manager,Sales,,"Des Moines, IA",US (CONUS),Full-time,,,,,https://jobs.paloaltonetworks.com/en/job/des-moines/major-account-manager/47263/98416742752
Palo Alto Networks,Radancy,Regional Sales Manager - Federal Systems Integrators (FSI),Sales,,"Arlington, VA",US (CONUS),Full-time,,,,,https://jobs.paloaltonetworks.com/en/job/arlington/regional-sales-manager-federal-systems-integrators-fsi/47263/98401902896
Palo Alto Networks,Radancy,SASE Sales Specialist,Sales,,"Remote, NH",US/Remote,Full-time,,,,,https://jobs.paloaltonetworks.com/en/job/new-hampshire/sase-sales-specialist/47263/96174881584
Palo Alto Networks,Radancy,Named Account Manager - EDU,Sales,,"Burbank, CA",US (CONUS),Full-time,,,,,https://jobs.paloaltonetworks.com/en/job/burbank/named-account-manager-edu/47263/96174866864
Palo Alto Networks,Radancy,"Principal Product Manager, Core Platform & AI (Cortex Platform)",Product Engineering,,"Santa Clara, CA",US (CONUS),Full-time,,,,,https://jobs.paloaltonetworks.com/en/job/santa-clara/principal-product-manager-core-platform-and-ai-cortex-platform/47263/96174862192
Palo Alto Networks,Radancy,Finance Manager FP&A,FP&A,,"Santa Clara, CA",US (CONUS),Full-time,,,,,https://jobs.paloaltonetworks.com/en/job/santa-clara/finance-manager-fp-and-a/47263/98380443344
Palo Alto Networks,Radancy,Principal Site Reliability Engineer,Product Engineering,,"Santa Clara, CA",US (CONUS),Full-time,,,,,https://jobs.paloaltonetworks.com/en/job/santa-clara/principal-site-reliability-engineer/47263/98137358752
Palo Alto Networks,Radancy,Principal Machine Learning Platform Engineer (Prisma AIRS),Product Engineering,,"Santa Clara, CA",US (CONUS),Full-time,,,,,https://jobs.paloaltonetworks.com/en/job/santa-clara/principal-machine-learning-platform-engineer-prisma-airs/47263/98352651680
Palo Alto Networks,Radancy,Principal TypeScript/Javascript developer (Extension Platform),Product Engineering,,"Santa Clara, CA",US (CONUS),Full-time,,,,,https://jobs.paloaltonetworks.com/en/job/santa-clara/principal-typescript-javascript-developer-extension-platform/47263/96174881056
Palo Alto Networks,Radancy,Business Development Manager,Sales,,"Santa Clara, CA",US (CONUS),Full-time,,,,,https://jobs.paloaltonetworks.com/en/job/santa-clara/business-development-manager/47263/98235768704
Palo Alto Networks,Radancy,"Director of Communications, Reputation",Marketing,,"Santa Clara, CA",US (CONUS),Full-time,,,,,https://jobs.paloaltonetworks.com/en/job/santa-clara/director-of-communications-reputation/47263/98140694160
Palo Alto Networks,Radancy,Principal Engineer Software,Product Engineering,,"Santa Clara, CA",US (CONUS),Full-time,,,,,https://jobs.paloaltonetworks.com/en/job/santa-clara/principal-engineer-software/47263/96183192608
Palo Alto Networks,Radancy,"Director/Sr. Director, Cortex Cloud GTM Strategy & Ops",Corporate Business Strategy,,"Santa Clara, CA",US (CONUS),Full-time,,,,,https://jobs.paloaltonetworks.com/en/job/santa-clara/director-sr-director-cortex-cloud-gtm-strategy-and-ops/47263/96174878896
Palo Alto Networks,Radancy,Principal Engineer Software (XSOAR),Product Engineering,,"Santa Clara, CA",US (CONUS),Full-time,,,,,https://jobs.paloaltonetworks.com/en/job/santa-clara/principal-engineer-software-xsoar/47263/97478982320
Palo Alto Networks,Radancy,Principal Software Engineer (PAN OS Cloud Applications),Product Engineering,,"Santa Clara, CA",US (CONUS),Full-time,,,,,https://jobs.paloaltonetworks.com/en/job/santa-clara/principal-software-engineer-pan-os-cloud-applications/47263/98187843088
Palo Alto Networks,Radancy,Principal Cloud Infrastructure Engineer (Advanced Threat Protection),Product Engineering,,"Santa Clara, CA",US (CONUS),Full-time,,,,,https://jobs.paloaltonetworks.com/en/job/santa-clara/principal-cloud-infrastructure-engineer-advanced-threat-protection/47263/96936732064
Palo Alto Networks,Radancy,Global Alliance Sr Manager,Strategic Alliances,,"Chicago, IL",US (CONUS),Full-time,,,,,https://jobs.paloaltonetworks.com/en/job/chicago/global-alliance-sr-manager/47263/96610703504
Palo Alto Networks,Radancy,"Principal Security Researcher, OT/Healthcare",Product Engineering,,"Santa Clara, CA",US (CONUS),Full-time,,,,,https://jobs.paloaltonetworks.com/en/job/santa-clara/principal-security-researcher-ot-healthcare/47263/96571818624
Palo Alto Networks,Radancy,Business Development Manager,Sales,,"Plano, TX",US (CONUS),Full-time,,,,,https://jobs.paloaltonetworks.com/en/job/plano/business-development-manager/47263/97492029808
Palo Alto Networks,Radancy,Renewals Sales Support,Sales,,"Santa Clara, CA",US (CONUS),Full-time,,,,,https://jobs.paloaltonetworks.com/en/job/santa-clara/renewals-sales-support/47263/98187843168
Palo Alto Networks,Radancy,"Senior Director, People Business Partner - Idira",People Team,,"Santa Clara, CA",US (CONUS),Full-time,,,,,https://jobs.paloaltonetworks.com/en/job/santa-clara/senior-director-people-business-partner-idira/47263/98159645664
Palo Alto Networks,Radancy,Distinguished Software Engineer - ADEM (Backend),Product Engineering,,"Santa Clara, CA",US (CONUS),Full-time,,,,,https://jobs.paloaltonetworks.com/en/job/santa-clara/distinguished-software-engineer-adem-backend/47263/96174881872
Palo Alto Networks,Radancy,Named Account Manager,Sales,,"Santa Clara, CA",US (CONUS),Full-time,,,,,https://jobs.paloaltonetworks.com/en/job/santa-clara/named-account-manager/47263/96174877120
Palo Alto Networks,Radancy,"Lead, GTM Strategy and Transformation",Corporate Business Strategy,,"Santa Clara, CA",US (CONUS),Full-time,,,,,https://jobs.paloaltonetworks.com/en/job/santa-clara/lead-gtm-strategy-and-transformation/47263/98153253984
Palo Alto Networks,Radancy,"Sr. Director, Product Marketing Manager (SASE)",Marketing,,"Santa Clara, CA",US (CONUS),Full-time,,,,,https://jobs.paloaltonetworks.com/en/job/santa-clara/sr-director-product-marketing-manager-sase/47263/98147724256
Palo Alto Networks,Radancy,Architect Engineer SQA,Product Engineering,,"Newton, MA",US (CONUS),Full-time,,,,,https://jobs.paloaltonetworks.com/en/job/newton/architect-engineer-sqa/47263/98147721712
Palo Alto Networks,Radancy,"Manager, Software Engineering (Cortex Platform)",Product Engineering,,"Santa Clara, CA",US (CONUS),Full-time,,,,,https://jobs.paloaltonetworks.com/en/job/santa-clara/manager-software-engineering-cortex-platform/47263/98105186512
Palo Alto Networks,Radancy,"Principal Consultant, Offensive Security, Proactive Services (Unit 42)",Sales,,"Burbank, CA",US (CONUS),Full-time,,,,,https://jobs.paloaltonetworks.com/en/job/burbank/principal-consultant-offensive-security-proactive-services-unit-42/47263/97165937776
Palo Alto Networks,Radancy,Principal Software Engineer (Prisma Access),Product Engineering,,"Santa Clara, CA",US (CONUS),Full-time,,,,,https://jobs.paloaltonetworks.com/en/job/santa-clara/principal-software-engineer-prisma-access/47263/96789120496
Palo Alto Networks,Radancy,"Manager, Technical Customer Support, Focused Services",Global Customer Services,,"Plano, TX",US (CONUS),Full-time,,,,,https://jobs.paloaltonetworks.com/en/job/plano/manager-technical-customer-support-focused-services/47263/96174882688
Palo Alto Networks,Radancy,Senior Security Researcher,Product Engineering,,"Santa Clara, CA",US (CONUS),Full-time,,,,,https://jobs.paloaltonetworks.com/en/job/santa-clara/senior-security-researcher/47263/96174882672
Palo Alto Networks,Radancy,Principal Engineer Software (Strata Cloud Control Plane) (Evergreen),Product Engineering,,"Santa Clara, CA",US (CONUS),Full-time,,,,,https://jobs.paloaltonetworks.com/en/job/santa-clara/principal-engineer-software-strata-cloud-control-plane-evergreen/47263/96174882624
Palo Alto Networks,Radancy,Sr. Staff Engineer Software (Strata Cloud Control Plane),Product Engineering,,"Santa Clara, CA",US (CONUS),Full-time,,,,,https://jobs.paloaltonetworks.com/en/job/santa-clara/sr-staff-engineer-software-strata-cloud-control-plane/47263/96174882544
Palo Alto Networks,Radancy,Principal AI Engineer - Enterprise AI Solutions,Product Engineering,,"Santa Clara, CA",US (CONUS),Full-time,,,,,https://jobs.paloaltonetworks.com/en/job/santa-clara/principal-ai-engineer-enterprise-ai-solutions/47263/96174882352
Palo Alto Networks,Radancy,Staff/Sr. Staff AI Engineer - Enterprise AI Solutions,Product Engineering,,"Santa Clara, CA",US (CONUS),Full-time,,,,,https://jobs.paloaltonetworks.com/en/job/santa-clara/staff-sr-staff-ai-engineer-enterprise-ai-solutions/47263/96174882320
Palo Alto Networks,Radancy,"Principal Consultant, DFIR, Reactive Services (Unit 42) - Remote",Sales,,"Burbank, CA",US (CONUS),Full-time,,,,,https://jobs.paloaltonetworks.com/en/job/burbank/principal-consultant-dfir-reactive-services-unit-42-remote/47263/96174882256
Palo Alto Networks,Radancy,"AI Engineer, Enterprise AI (Principal/Sr. Principal/Distinguished)",Product Engineering,,"Santa Clara, CA",US (CONUS),Full-time,,,,,https://jobs.paloaltonetworks.com/en/job/santa-clara/ai-engineer-enterprise-ai-principal-sr-principal-distinguished/47263/96174882240
Palo Alto Networks,Radancy,"Consulting Director, DFIR, Reactive Services (Unit 42)",Sales,,"Burbank, CA",US (CONUS),Full-time,,,,,https://jobs.paloaltonetworks.com/en/job/burbank/consulting-director-dfir-reactive-services-unit-42/47263/96174882176
Palo Alto Networks,Radancy,Senior Product Manager,Product Engineering,,"Santa Clara, CA",US (CONUS),Full-time,,,,,https://jobs.paloaltonetworks.com/en/job/santa-clara/senior-product-manager/47263/96174882048
Palo Alto Networks,Radancy,"Principal Product Intelligence Analyst (Cortex, Agentic Endpoint Security and XDR)",Product Engineering,,"Burbank, CA",US (CONUS),Full-time,,,,,https://jobs.paloaltonetworks.com/en/job/burbank/principal-product-intelligence-analyst-cortex-agentic-endpoint-security-and-xdr/47263/98098067840
Palo Alto Networks,Radancy,Senior Manager of Product Management (Operations & Reliability - AI Firewalls),Product Engineering,,"Santa Clara, CA",US (CONUS),Full-time,,,,,https://jobs.paloaltonetworks.com/en/job/santa-clara/senior-manager-of-product-management-operations-and-reliability-ai-firewalls/47263/98105185280
Palo Alto Networks,Radancy,Solutions Consultant 2,Sales,,"Houston, TX",US (CONUS),Full-time,,,,,https://jobs.paloaltonetworks.com/en/job/houston/solutions-consultant-2/47263/98137358528
Palo Alto Networks,Radancy,Senior Staff Information Security Engineer – AI & Attack Surface Management,InfoSec,,"Santa Clara, CA",US (CONUS),Full-time,,,,,https://jobs.paloaltonetworks.com/en/job/santa-clara/senior-staff-information-security-engineer-ai-and-attack-surface-management/47263/98068166432
Palo Alto Networks,Radancy,Principal Infosec Engineer- Product Security Incident Response,InfoSec,,"Santa Clara, CA",US (CONUS),Full-time,,,,,https://jobs.paloaltonetworks.com/en/job/santa-clara/principal-infosec-engineer-product-security-incident-response/47263/98068166240
Palo Alto Networks,Radancy,Principal Product Manager (FedRAMP & DoD),Product Engineering,,"Santa Clara, CA",US (CONUS),Full-time,,,,,https://jobs.paloaltonetworks.com/en/job/santa-clara/principal-product-manager-fedramp-and-dod/47263/97785248336
Palo Alto Networks,Radancy,"Director of Product Management, Digital Sovereignty",Product Engineering,,"Santa Clara, CA",US (CONUS),Full-time,,,,,https://jobs.paloaltonetworks.com/en/job/santa-clara/director-of-product-management-digital-sovereignty/47263/97785248304
Palo Alto Networks,Radancy,Identity District Sales Manager - Pacific Northwest,Sales,,"Seattle, WA",US (CONUS),Full-time,,,,,https://jobs.paloaltonetworks.com/en/job/seattle/identity-district-sales-manager-pacific-northwest/47263/97750045904
Palo Alto Networks,Radancy,Strategic Account Manager,Sales,,"Seattle, WA",US (CONUS),Full-time,,,,,https://jobs.paloaltonetworks.com/en/job/seattle/strategic-account-manager/47263/97537601648
Palo Alto Networks,Radancy,"Director, Revenue Operations",Accounting,,"Santa Clara, CA",US (CONUS),Full-time,,,,,https://jobs.paloaltonetworks.com/en/job/santa-clara/director-revenue-operations/47263/97498532768
Palo Alto Networks,Radancy,"Senior Media Strategist, NorthAm & LatAm",Marketing,,"Santa Clara, CA",US (CONUS),Full-time,,,,,https://jobs.paloaltonetworks.com/en/job/santa-clara/senior-media-strategist-northam-and-latam/47263/97448353760
Palo Alto Networks,Radancy,Solutions Consultant 2,Sales,,"St. Louis, MO",US (CONUS),Full-time,,,,,https://jobs.paloaltonetworks.com/en/job/st-louis/solutions-consultant-2/47263/97448353744
Palo Alto Networks,Radancy,Solutions Consultant 2,Sales,,"Remote, WI",US/Remote,Full-time,,,,,https://jobs.paloaltonetworks.com/en/job/wisconsin/solutions-consultant-2/47263/97537601360
Palo Alto Networks,Radancy,VP of IT Business Applications (GTM & NPI),Product Engineering,,"Santa Clara, CA",US (CONUS),Full-time,,,,,https://jobs.paloaltonetworks.com/en/job/santa-clara/vp-of-it-business-applications-gtm-and-npi/47263/97200164464
Palo Alto Networks,Radancy,Principal Product Manager (SASE Cloud Infrastructure),Product Engineering,,"Santa Clara, CA",US (CONUS),Full-time,,,,,https://jobs.paloaltonetworks.com/en/job/santa-clara/principal-product-manager-sase-cloud-infrastructure/47263/97151993936
Palo Alto Networks,Radancy,Sr Threat Hunter,Product Engineering,,"Baton Rouge, LA",US (CONUS),Full-time,,,,,https://jobs.paloaltonetworks.com/en/job/baton-rouge/sr-threat-hunter/47263/97776023424
Palo Alto Networks,Radancy,Territory Sales Manager,Sales,,"Boston, MA",US (CONUS),Full-time,,,,,https://jobs.paloaltonetworks.com/en/job/boston/territory-sales-manager/47263/97145578544
Palo Alto Networks,Radancy,Territory Sales Manager,Sales,,"Rochester, NY",US (CONUS),Full-time,,,,,https://jobs.paloaltonetworks.com/en/job/rochester/territory-sales-manager/47263/97145578528
Palo Alto Networks,Radancy,"Director, Business Development Tech Partnerships Strategic Alliances (NVIDIA)",Business Development,,"Santa Clara, CA",US (CONUS),Full-time,,,,,https://jobs.paloaltonetworks.com/en/job/santa-clara/director-business-development-tech-partnerships-strategic-alliances-nvidia/47263/97136104576
Palo Alto Networks,Radancy,Senior Corporate Counsel,Legal,,"Santa Clara, CA",US (CONUS),Full-time,,,,,https://jobs.paloaltonetworks.com/en/job/santa-clara/senior-corporate-counsel/47263/97240718448
Palo Alto Networks,Radancy,AIRS Solution Specialist,Sales,,"Atlanta, GA",US (CONUS),Full-time,,,,,https://jobs.paloaltonetworks.com/en/job/atlanta/airs-solution-specialist/47263/97098975024
Palo Alto Networks,Radancy,Solutions Consultant 2,Sales,,"Atlanta, GA",US (CONUS),Full-time,,,,,https://jobs.paloaltonetworks.com/en/job/atlanta/solutions-consultant-2/47263/96967741264
Palo Alto Networks,Radancy,Senior Principal Engineer Software,Product Engineering,,"Santa Clara, CA",US (CONUS),Full-time,,,,,https://jobs.paloaltonetworks.com/en/job/santa-clara/senior-principal-engineer-software/47263/96975306400
Palo Alto Networks,Radancy,GSI Marketing Manager,Marketing,,"Santa Clara, CA",US (CONUS),Full-time,,,,,https://jobs.paloaltonetworks.com/en/job/santa-clara/gsi-marketing-manager/47263/96891332720
Palo Alto Networks,Radancy,Territory Sales Manager,Sales,,"Remote, WA",US/Remote,Full-time,,,,,https://jobs.paloaltonetworks.com/en/job/washington/territory-sales-manager/47263/97079914336
Palo Alto Networks,Radancy,Principal Engineer Software (Device Security - Front End),Product Engineering,,"Santa Clara, CA",US (CONUS),Full-time,,,,,https://jobs.paloaltonetworks.com/en/job/santa-clara/principal-engineer-software-device-security-front-end/47263/96833616400
Palo Alto Networks,Radancy,"Sr. Partner Engineer, Strata Tech Partnerships",Business Development - Technical Solutions,,"Santa Clara, CA",US (CONUS),Full-time,,,,,https://jobs.paloaltonetworks.com/en/job/santa-clara/sr-partner-engineer-strata-tech-partnerships/47263/96920560512
Palo Alto Networks,Radancy,Principal Software Engineer (Cloud Platform and AI Engineering),Product Engineering,,"Santa Clara, CA",US (CONUS),Full-time,,,,,https://jobs.paloaltonetworks.com/en/job/santa-clara/principal-software-engineer-cloud-platform-and-ai-engineering/47263/96853096336
Palo Alto Networks,Radancy,Principal Security Researcher (Decoder),Product Engineering,,"Santa Clara, CA",US (CONUS),Full-time,,,,,https://jobs.paloaltonetworks.com/en/job/santa-clara/principal-security-researcher-decoder/47263/96943253264
Palo Alto Networks,Radancy,Principal Security Researcher (Decoder),Product Engineering,,"Santa Clara, CA",US (CONUS),Full-time,,,,,https://jobs.paloaltonetworks.com/en/job/santa-clara/principal-security-researcher-decoder/47263/97098974256
Palo Alto Networks,Radancy,Principal Software Engineer ADEM (ADEM - Autonomous Digital Experience Management) - Windows,Product Engineering,,"Santa Clara, CA",US (CONUS),Full-time,,,,,https://jobs.paloaltonetworks.com/en/job/santa-clara/principal-software-engineer-adem-adem-autonomous-digital-experience-management-windows/47263/96853096176
Palo Alto Networks,Radancy,Principal Engineer Software,Product Engineering,,"Santa Clara, CA",US (CONUS),Full-time,,,,,https://jobs.paloaltonetworks.com/en/job/santa-clara/principal-engineer-software/47263/96943252864
Palo Alto Networks,Radancy,"Manager, Internal Audit",Internal Audit,,"Santa Clara, CA",US (CONUS),Full-time,,,,,https://jobs.paloaltonetworks.com/en/job/santa-clara/manager-internal-audit/47263/96885315120
Palo Alto Networks,Radancy,Solutions Consultant,Sales,,"Detroit, MI",US (CONUS),Full-time,,,,,https://jobs.paloaltonetworks.com/en/job/detroit/solutions-consultant/47263/96522075264
Palo Alto Networks,Radancy,Senior Principal Engineer Software (Unit 42),Product Engineering,,"Santa Clara, CA",US (CONUS),Full-time,,,,,https://jobs.paloaltonetworks.com/en/job/santa-clara/senior-principal-engineer-software-unit-42/47263/96512983248
Palo Alto Networks,Radancy,Senior Accountant,Accounting,,"Plano, TX",US (CONUS),Full-time,,,,,https://jobs.paloaltonetworks.com/en/job/plano/senior-accountant/47263/96565554832
Palo Alto Networks,Radancy,Principal NPI Solutions Architect,IT,,"Santa Clara, CA",US (CONUS),Full-time,,,,,https://jobs.paloaltonetworks.com/en/job/santa-clara/principal-npi-solutions-architect/47263/96744645504
Palo Alto Networks,Radancy,Solutions Consultant 2,Sales,,"Los Angeles, CA",US (CONUS),Full-time,,,,,https://jobs.paloaltonetworks.com/en/job/los-angeles/solutions-consultant-2/47263/96478013328
Palo Alto Networks,Radancy,"Principal Platform Engineer, Observability (CIPE)",Product Engineering,,"Santa Clara, CA",US (CONUS),Full-time,,,,,https://jobs.paloaltonetworks.com/en/job/santa-clara/principal-platform-engineer-observability-cipe/47263/96840039872
Palo Alto Networks,Radancy,"Senior Product Marketing Manager, Exposure Management",Marketing,,"Santa Clara, CA",US (CONUS),Full-time,,,,,https://jobs.paloaltonetworks.com/en/job/santa-clara/senior-product-marketing-manager-exposure-management/47263/97435250992
Palo Alto Networks,Radancy,Sr Staff Engineer Software,Product Engineering,,"Santa Clara, CA",US (CONUS),Full-time,,,,,https://jobs.paloaltonetworks.com/en/job/santa-clara/sr-staff-engineer-software/47263/97098971680
Palo Alto Networks,Radancy,"Principal Researcher, Financial Services",Product Engineering,,"Remote, NY",US/Remote,Full-time,,,,,https://jobs.paloaltonetworks.com/en/job/new-york/principal-researcher-financial-services/47263/96478012592
Palo Alto Networks,Radancy,Principal Security Researcher (AI-Assisted Vulnerability Research),Product Engineering,,"Santa Clara, CA",US (CONUS),Full-time,,,,,https://jobs.paloaltonetworks.com/en/job/santa-clara/principal-security-researcher-ai-assisted-vulnerability-research/47263/96174881760
Palo Alto Networks,Radancy,Principal Product Manager (SASE Deployment),Product Engineering,,"Santa Clara, CA",US (CONUS),Full-time,,,,,https://jobs.paloaltonetworks.com/en/job/santa-clara/principal-product-manager-sase-deployment/47263/96174881520
Palo Alto Networks,Radancy,"Revenue Manager, Accounting",Accounting,,"Santa Clara, CA",US (CONUS),Full-time,,,,,https://jobs.paloaltonetworks.com/en/job/santa-clara/revenue-manager-accounting/47263/96174881392
Palo Alto Networks,Radancy,Principal Software Engineer (Mobile/Network Security),Product Engineering,,"Santa Clara, CA",US (CONUS),Full-time,,,,,https://jobs.paloaltonetworks.com/en/job/santa-clara/principal-software-engineer-mobile-network-security/47263/96174881328
Palo Alto Networks,Radancy,Solutions Consultant 2,Sales,,"Baltimore, MD",US (CONUS),Full-time,,,,,https://jobs.paloaltonetworks.com/en/job/baltimore/solutions-consultant-2/47263/96174881312
Palo Alto Networks,Radancy,Principal Software Engineer (C++-low level-Prisma Browser),Product Engineering,,"Santa Clara, CA",US (CONUS),Full-time,,,,,https://jobs.paloaltonetworks.com/en/job/santa-clara/principal-software-engineer-c-low-level-prisma-browser/47263/96174881200
Palo Alto Networks,Radancy,"Senior Manager, Partner Marketing Operations",Marketing,,"Santa Clara, CA",US (CONUS),Full-time,,,,,https://jobs.paloaltonetworks.com/en/job/santa-clara/senior-manager-partner-marketing-operations/47263/96174880992
Palo Alto Networks,Radancy,Senior ASIC CAD Engineer,Product Engineering,,"Santa Clara, CA",US (CONUS),Full-time,,,,,https://jobs.paloaltonetworks.com/en/job/santa-clara/senior-asic-cad-engineer/47263/96174880976
Palo Alto Networks,Radancy,Solutions Consultant 2,Sales,,"Philadelphia, PA",US (CONUS),Full-time,,,,,https://jobs.paloaltonetworks.com/en/job/philadelphia/solutions-consultant-2/47263/96174880896
Palo Alto Networks,Radancy,Senior Enterprise Account Executive- MMINK,Sales,,"St. Louis, MO",US (CONUS),Full-time,,,,,https://jobs.paloaltonetworks.com/en/job/st-louis/senior-enterprise-account-executive-mmink/47263/96174880544
Palo Alto Networks,Radancy,"Senior Principal Software Engineer – Backend (Machine Identity Security, SaaS Control Plane)",Product Engineering,,"Santa Clara, CA",US (CONUS),Full-time,,,,,https://jobs.paloaltonetworks.com/en/job/santa-clara/senior-principal-software-engineer-backend-machine-identity-security-saas-control-plane/47263/96174879296
Palo Alto Networks,Radancy,"Director, Product Management (Cortex Exposure Management)",Product Engineering,,"Santa Clara, CA",US (CONUS),Full-time,,,,,https://jobs.paloaltonetworks.com/en/job/santa-clara/director-product-management-cortex-exposure-management/47263/96174879088
Palo Alto Networks,Radancy,Cortex & Cloud Sales Specialist - Federal,Sales,,"Arlington, VA",US (CONUS),Full-time,,,,,https://jobs.paloaltonetworks.com/en/job/arlington/cortex-and-cloud-sales-specialist-federal/47263/96174879040
Palo Alto Networks,Radancy,Senior Principal/Architect Engineer Software,Product Engineering,,"Santa Clara, CA",US (CONUS),Full-time,,,,,https://jobs.paloaltonetworks.com/en/job/santa-clara/senior-principal-architect-engineer-software/47263/96565549072
Palo Alto Networks,Radancy,"Senior Manager, Channel Strategy & GTM",Business Development,,"Santa Clara, CA",US (CONUS),Full-time,,,,,https://jobs.paloaltonetworks.com/en/job/santa-clara/senior-manager-channel-strategy-and-gtm/47263/96174878448
Palo Alto Networks,Radancy,Solutions Consultant 2 - SLED,Sales,,"Sacramento, CA",US (CONUS),Full-time,,,,,https://jobs.paloaltonetworks.com/en/job/sacramento/solutions-consultant-2-sled/47263/96174878368
Palo Alto Networks,Radancy,Technical Revenue Manager,Accounting,,"Santa Clara, CA",US (CONUS),Full-time,,,,,https://jobs.paloaltonetworks.com/en/job/santa-clara/technical-revenue-manager/47263/96174878304
Palo Alto Networks,Radancy,Solutions Consultant 2,Sales,,"Fort Lauderdale, FL",US (CONUS),Full-time,,,,,https://jobs.paloaltonetworks.com/en/job/fort-lauderdale/solutions-consultant-2/47263/96174878080
Palo Alto Networks,Radancy,Revenue and QTC Transformation Senior Manager,Accounting,,"Santa Clara, CA",US (CONUS),Full-time,,,,,https://jobs.paloaltonetworks.com/en/job/santa-clara/revenue-and-qtc-transformation-senior-manager/47263/96174877968
Palo Alto Networks,Radancy,Senior Staff Engineer (Cortex XDR),Product Engineering,,"Santa Clara, CA",US (CONUS),Full-time,,,,,https://jobs.paloaltonetworks.com/en/job/santa-clara/senior-staff-engineer-cortex-xdr/47263/96253427984
Palo Alto Networks,Radancy,Senior Customer Trust Engineer,InfoSec,,"Santa Clara, CA",US (CONUS),Full-time,,,,,https://jobs.paloaltonetworks.com/en/job/santa-clara/senior-customer-trust-engineer/47263/96174877776
Palo Alto Networks,Radancy,Sr Staff AI-ML Data Scientist (ADEM),Product Engineering,,"Santa Clara, CA",US (CONUS),Full-time,,,,,https://jobs.paloaltonetworks.com/en/job/santa-clara/sr-staff-ai-ml-data-scientist-adem/47263/96174877760
Palo Alto Networks,Radancy,Director of Product Management (NGFW),Product Engineering,,"Santa Clara, CA",US (CONUS),Full-time,,,,,https://jobs.paloaltonetworks.com/en/job/santa-clara/director-of-product-management-ngfw/47263/96174877664
Palo Alto Networks,Radancy,Director of Product Management (Software Firewalls),Product Engineering,,"Santa Clara, CA",US (CONUS),Full-time,,,,,https://jobs.paloaltonetworks.com/en/job/santa-clara/director-of-product-management-software-firewalls/47263/96174877568
Palo Alto Networks,Radancy,"Sr. Manager, Consulting Services, US Public Sector, NGFW/SASE (Active Clearance)",Global Customer Services,,"Reston, VA",US (CONUS),Full-time,,,,,https://jobs.paloaltonetworks.com/en/job/reston/sr-manager-consulting-services-us-public-sector-ngfw-sase-active-clearance/47263/96174877504
Palo Alto Networks,Radancy,Solutions Consultant 2,Sales,,"Charlotte, NC",US (CONUS),Full-time,,,,,https://jobs.paloaltonetworks.com/en/job/charlotte/solutions-consultant-2/47263/96270263616
Palo Alto Networks,Radancy,"Sr. Principal Engineer - Cortex Xpanse, Collections",Product Engineering,,"Santa Clara, CA",US (CONUS),Full-time,,,,,https://jobs.paloaltonetworks.com/en/job/santa-clara/sr-principal-engineer-cortex-xpanse-collections/47263/96174876496
Palo Alto Networks,Radancy,"Principal Engineer - Cortex Xpanse, Collections",Product Engineering,,"Santa Clara, CA",US (CONUS),Full-time,,,,,https://jobs.paloaltonetworks.com/en/job/santa-clara/principal-engineer-cortex-xpanse-collections/47263/96174876432
Palo Alto Networks,Radancy,"Sr. Director, Technical Product Partnership",Business Development,,"Santa Clara, CA",US (CONUS),Full-time,,,,,https://jobs.paloaltonetworks.com/en/job/santa-clara/sr-director-technical-product-partnership/47263/96840032896
Palo Alto Networks,Radancy,"Technical Enablement Architect, Network Security & SASE",Sales,,"Santa Clara, CA",US (CONUS),Full-time,,,,,https://jobs.paloaltonetworks.com/en/job/santa-clara/technical-enablement-architect-network-security-and-sase/47263/96174876336
Palo Alto Networks,Radancy,Distinguished Engineer - AI-First Transformation,Product Engineering,,"Santa Clara, CA",US (CONUS),Full-time,,,,,https://jobs.paloaltonetworks.com/en/job/santa-clara/distinguished-engineer-ai-first-transformation/47263/94812194864
Palo Alto Networks,Radancy,Principal IT Product Manager - Data & Analytics,IT,,"Santa Clara, CA",US (CONUS),Full-time,,,,,https://jobs.paloaltonetworks.com/en/job/santa-clara/principal-it-product-manager-data-and-analytics/47263/96174876128
Palo Alto Networks,Radancy,Managed XSIAM Service Delivery Lead,InfoSec,,"Santa Clara, CA",US (CONUS),Full-time,,,,,https://jobs.paloaltonetworks.com/en/job/santa-clara/managed-xsiam-service-delivery-lead/47263/96174876064
Palo Alto Networks,Radancy,Sr IT Product Manager - GTM,IT,,"Santa Clara, CA",US (CONUS),Full-time,,,,,https://jobs.paloaltonetworks.com/en/job/santa-clara/sr-it-product-manager-gtm/47263/96174876032
Palo Alto Networks,Radancy,Sr. Principal Engineer Software (Unit 42),Product Engineering,,"Remote, CT",US/Remote,Full-time,,,,,https://jobs.paloaltonetworks.com/en/job/connecticut/sr-principal-engineer-software-unit-42/47263/96174875984
Palo Alto Networks,Radancy,Senior Product Manager (Edge AI),Product Engineering,,"Santa Clara, CA",US (CONUS),Full-time,,,,,https://jobs.paloaltonetworks.com/en/job/santa-clara/senior-product-manager-edge-ai/47263/96174875952
Palo Alto Networks,Radancy,Sr. Technical Marketing Engineer (Cloud Security),Product Engineering,,"Santa Clara, CA",US (CONUS),Full-time,,,,,https://jobs.paloaltonetworks.com/en/job/santa-clara/sr-technical-marketing-engineer-cloud-security/47263/96174875808
Palo Alto Networks,Radancy,Senior Principal Software Engineer ( Cloud Infrastructure and Platform Engineering ),Product Engineering,,"Santa Clara, CA",US (CONUS),Full-time,,,,,https://jobs.paloaltonetworks.com/en/job/santa-clara/senior-principal-software-engineer-cloud-infrastructure-and-platform-engineering/47263/96174875776
Palo Alto Networks,Radancy,Principal Security Researcher (Xpanse),Product Engineering,,"Santa Clara, CA",US (CONUS),Full-time,,,,,https://jobs.paloaltonetworks.com/en/job/santa-clara/principal-security-researcher-xpanse/47263/96174875680
Palo Alto Networks,Radancy,"Sr Manager, Demand Planning",Supply Chain / Procurement,,"Santa Clara, CA",US (CONUS),Full-time,,,,,https://jobs.paloaltonetworks.com/en/job/santa-clara/sr-manager-demand-planning/47263/96174875616
Palo Alto Networks,Radancy,Solutions Consultant 2,Sales,,"Denver, CO",US (CONUS),Full-time,,,,,https://jobs.paloaltonetworks.com/en/job/denver/solutions-consultant-2/47263/96174875584
Palo Alto Networks,Radancy,Sr. Principal Engineer Software (Device Security),Product Engineering,,"Santa Clara, CA",US (CONUS),Full-time,,,,,https://jobs.paloaltonetworks.com/en/job/santa-clara/sr-principal-engineer-software-device-security/47263/96174874336
Palo Alto Networks,Radancy,AIRS Sales Specialist,Sales,,"Boston, MA",US (CONUS),Full-time,,,,,https://jobs.paloaltonetworks.com/en/job/boston/airs-sales-specialist/47263/96174873744
Palo Alto Networks,Radancy,Healthcare Named Account Manager,Sales,,"Cincinnati, OH",US (CONUS),Full-time,,,,,https://jobs.paloaltonetworks.com/en/job/cincinnati/healthcare-named-account-manager/47263/96174873264
Palo Alto Networks,Radancy,"Sr. Analyst Relations Manager, Cortex",Marketing,,"Santa Clara, CA",US (CONUS),Full-time,,,,,https://jobs.paloaltonetworks.com/en/job/santa-clara/sr-analyst-relations-manager-cortex/47263/96174872864
Palo Alto Networks,Radancy,Major Account Manager,Sales,,"Atlanta, GA",US (CONUS),Full-time,,,,,https://jobs.paloaltonetworks.com/en/job/atlanta/major-account-manager/47263/96174872048
Palo Alto Networks,Radancy,Sr Staff ASIC Design Verification Engineer,Product Engineering,,"Santa Clara, CA",US (CONUS),Full-time,,,,,https://jobs.paloaltonetworks.com/en/job/santa-clara/sr-staff-asic-design-verification-engineer/47263/96174871728
Palo Alto Networks,Radancy,Deal Desk Manager,Sales,,"Plano, TX",US (CONUS),Full-time,,,,,https://jobs.paloaltonetworks.com/en/job/plano/deal-desk-manager/47263/96174871424
Palo Alto Networks,Radancy,Principal Technical Marketing Engineer(SASE / SSE / Data Security),Product Engineering,,"Santa Clara, CA",US (CONUS),Full-time,,,,,https://jobs.paloaltonetworks.com/en/job/santa-clara/principal-technical-marketing-engineer-sase-sse-data-security/47263/96174871248
Palo Alto Networks,Radancy,M&A Accounting and Integration Manager,Accounting,,"Santa Clara, CA",US (CONUS),Full-time,,,,,https://jobs.paloaltonetworks.com/en/job/santa-clara/m-and-a-accounting-and-integration-manager/47263/96174870976
Palo Alto Networks,Radancy,Solutions Consultant 2,Sales,,"Columbus, OH",US (CONUS),Full-time,,,,,https://jobs.paloaltonetworks.com/en/job/columbus/solutions-consultant-2/47263/96174870592
Palo Alto Networks,Radancy,Principal SRE Engineer (US Citizen),Product Engineering,,"Santa Clara, CA",US (CONUS),Full-time,,,,,https://jobs.paloaltonetworks.com/en/job/santa-clara/principal-sre-engineer-us-citizen/47263/96174870544
Palo Alto Networks,Radancy,Sr Principal Software Engineer - ADEM Agent (Client/Endpoint Focus),Product Engineering,,"Santa Clara, CA",US (CONUS),Full-time,,,,,https://jobs.paloaltonetworks.com/en/job/santa-clara/sr-principal-software-engineer-adem-agent-client-endpoint-focus/47263/96174870512
Palo Alto Networks,Radancy,Principal Site Reliability Engineer ( U.S Citizenship required ),Product Engineering,,"Santa Clara, CA",US (CONUS),Full-time,,,,,https://jobs.paloaltonetworks.com/en/job/santa-clara/principal-site-reliability-engineer-u-s-citizenship-required/47263/96174870448
Palo Alto Networks,Radancy,Solutions Consultant 2,Sales,,"Charlotte, NC",US (CONUS),Full-time,,,,,https://jobs.paloaltonetworks.com/en/job/charlotte/solutions-consultant-2/47263/96174870336
Palo Alto Networks,Radancy,"Principal Consultant, DFIR, Reactive Services (Unit 42) - Remote Weekend Shift",Sales,,"Burbank, CA",US (CONUS),Full-time,,,,,https://jobs.paloaltonetworks.com/en/job/burbank/principal-consultant-dfir-reactive-services-unit-42-remote-weekend-shift/47263/93150613792
Palo Alto Networks,Radancy,"Cortex & Cloud Sales Specialist, Navy/4th Estate",Sales,,"Remote, VA",US/Remote,Full-time,,,,,https://jobs.paloaltonetworks.com/en/job/virginia/cortex-and-cloud-sales-specialist-navy-4th-estate/47263/96174870240
Palo Alto Networks,Radancy,Principal Product Manager (Prisma Access),Product Engineering,,"Santa Clara, CA",US (CONUS),Full-time,,,,,https://jobs.paloaltonetworks.com/en/job/santa-clara/principal-product-manager-prisma-access/47263/96174869440
Palo Alto Networks,Radancy,"Principal / Sr. Director, Strategy & AI Transformation (GCS)",Corporate Business Strategy,,"Santa Clara, CA",US (CONUS),Full-time,,,,,https://jobs.paloaltonetworks.com/en/job/santa-clara/principal-sr-director-strategy-and-ai-transformation-gcs/47263/92187821472
Palo Alto Networks,Radancy,Senior Domain Consultant,Sales,,"Boston, MA",US (CONUS),Full-time,,,,,https://jobs.paloaltonetworks.com/en/job/boston/senior-domain-consultant/47263/96174868480
Palo Alto Networks,Radancy,"Senior Product Manager (Decryption, Cryptography)",Product Engineering,,"Santa Clara, CA",US (CONUS),Full-time,,,,,https://jobs.paloaltonetworks.com/en/job/santa-clara/senior-product-manager-decryption-cryptography/47263/96174868448
Palo Alto Networks,Radancy,"Product Marketing Manager, Chronosphere",Marketing,,"Santa Clara, CA",US (CONUS),Full-time,,,,,https://jobs.paloaltonetworks.com/en/job/santa-clara/product-marketing-manager-chronosphere/47263/96174868320
Palo Alto Networks,Radancy,Chronosphere Sales Specialist,Sales,,"Remote, NY",US/Remote,Full-time,,,,,https://jobs.paloaltonetworks.com/en/job/new-york/chronosphere-sales-specialist/47263/97895611840
Palo Alto Networks,Radancy,Cortex & Cloud Sales Specialist - Air Force,Sales,,"Remote, DC",US/Remote,Full-time,,,,,https://jobs.paloaltonetworks.com/en/job/washington/cortex-and-cloud-sales-specialist-air-force/47263/96174868160
Palo Alto Networks,Radancy,Senior Principal Product Manager - GTM Analytics,IT,,"Santa Clara, CA",US (CONUS),Full-time,,,,,https://jobs.paloaltonetworks.com/en/job/santa-clara/senior-principal-product-manager-gtm-analytics/47263/96174867904
Palo Alto Networks,Radancy,Staff Network Security Engineer (Information Security),InfoSec,,"Santa Clara, CA",US (CONUS),Full-time,,,,,https://jobs.paloaltonetworks.com/en/job/santa-clara/staff-network-security-engineer-information-security/47263/96174867760
Palo Alto Networks,Radancy,Principal Engineer Software (DLP),Product Engineering,,"Santa Clara, CA",US (CONUS),Full-time,,,,,https://jobs.paloaltonetworks.com/en/job/santa-clara/principal-engineer-software-dlp/47263/96174867680
Palo Alto Networks,Radancy,"Manager, Revenue",Accounting,,"Santa Clara, CA",US (CONUS),Full-time,,,,,https://jobs.paloaltonetworks.com/en/job/santa-clara/manager-revenue/47263/96174867584
Palo Alto Networks,Radancy,"Principal Software Engineer, Go-To-Market (GTM) and CX Products",IT,,"Santa Clara, CA",US (CONUS),Full-time,,,,,https://jobs.paloaltonetworks.com/en/job/santa-clara/principal-software-engineer-go-to-market-gtm-and-cx-products/47263/96174867552
Palo Alto Networks,Radancy,Solutions Consultant 2,Sales,,"Remote, MA",US/Remote,Full-time,,,,,https://jobs.paloaltonetworks.com/en/job/massachusetts/solutions-consultant-2/47263/96174867504
Palo Alto Networks,Radancy,Demand Planning Manager,Buyer/Planner,,"Santa Clara, CA",US (CONUS),Full-time,,,,,https://jobs.paloaltonetworks.com/en/job/santa-clara/demand-planning-manager/47263/96174867344
Palo Alto Networks,Radancy,Senior Principal Engineer Test,"Production Test Engineering, Hardware / Software",,"Santa Clara, CA",US (CONUS),Full-time,,,,,https://jobs.paloaltonetworks.com/en/job/santa-clara/senior-principal-engineer-test/47263/96174867328
Palo Alto Networks,Radancy,Senior IT Product Manager - FinOps AI,IT,,"Santa Clara, CA",US (CONUS),Full-time,,,,,https://jobs.paloaltonetworks.com/en/job/santa-clara/senior-it-product-manager-finops-ai/47263/96174867264
Palo Alto Networks,Radancy,Principal Product Manager SaaS AI (Cortex),Product Engineering,,"Santa Clara, CA",US (CONUS),Full-time,,,,,https://jobs.paloaltonetworks.com/en/job/santa-clara/principal-product-manager-saas-ai-cortex/47263/96174867136
Palo Alto Networks,Radancy,Sr Staff Engineer Software (Hypervisor),Product Engineering,,"Santa Clara, CA",US (CONUS),Full-time,,,,,https://jobs.paloaltonetworks.com/en/job/santa-clara/sr-staff-engineer-software-hypervisor/47263/96174867104
Palo Alto Networks,Radancy,Principal Technical Marketing Engineer (Data Security),Product Engineering,,"Santa Clara, CA",US (CONUS),Full-time,,,,,https://jobs.paloaltonetworks.com/en/job/santa-clara/principal-technical-marketing-engineer-data-security/47263/96174867088
Palo Alto Networks,Radancy,Principal Software (Automation and Test),Product Engineering,,"Santa Clara, CA",US (CONUS),Full-time,,,,,https://jobs.paloaltonetworks.com/en/job/santa-clara/principal-software-automation-and-test/47263/96174867056
Palo Alto Networks,Radancy,Principal IT Product Manager - Data Analytics,IT,,"Santa Clara, CA",US (CONUS),Full-time,,,,,https://jobs.paloaltonetworks.com/en/job/santa-clara/principal-it-product-manager-data-analytics/47263/96174866992
Palo Alto Networks,Radancy,Principal Product Manager (Threat Prevention),Product Engineering,,"Santa Clara, CA",US (CONUS),Full-time,,,,,https://jobs.paloaltonetworks.com/en/job/santa-clara/principal-product-manager-threat-prevention/47263/96174866976
Palo Alto Networks,Radancy,Transfer Pricing Economist Manager,Tax Accounting,,"Santa Clara, CA",US (CONUS),Full-time,,,,,https://jobs.paloaltonetworks.com/en/job/santa-clara/transfer-pricing-economist-manager/47263/96174866784
Palo Alto Networks,Radancy,Solutions Consultant,Sales,,"Nashville, TN",US (CONUS),Full-time,,,,,https://jobs.paloaltonetworks.com/en/job/nashville/solutions-consultant/47263/96174866768
Palo Alto Networks,Radancy,Principal IT Product Manager,IT,,"Santa Clara, CA",US (CONUS),Full-time,,,,,https://jobs.paloaltonetworks.com/en/job/santa-clara/principal-it-product-manager/47263/96174866672
Palo Alto Networks,Radancy,Principal Business Solutions Analyst - IT Technical Services,IT,,"Santa Clara, CA",US (CONUS),Full-time,,,,,https://jobs.paloaltonetworks.com/en/job/santa-clara/principal-business-solutions-analyst-it-technical-services/47263/96174866656
Palo Alto Networks,Radancy,"Senior Director, US Tax Operations, Reporting and Compliance",Tax Accounting,,"Santa Clara, CA",US (CONUS),Full-time,,,,,https://jobs.paloaltonetworks.com/en/job/santa-clara/senior-director-us-tax-operations-reporting-and-compliance/47263/96174866624
Palo Alto Networks,Radancy,"Senior Manager, Revenue and QTC Transformation",Accounting,,"Santa Clara, CA",US (CONUS),Full-time,,,,,https://jobs.paloaltonetworks.com/en/job/santa-clara/senior-manager-revenue-and-qtc-transformation/47263/96174865760
Palo Alto Networks,Radancy,Sr Staff Software Engineer (AI),Product Engineering,,"Santa Clara, CA",US (CONUS),Full-time,,,,,https://jobs.paloaltonetworks.com/en/job/santa-clara/sr-staff-software-engineer-ai/47263/96174865520
Palo Alto Networks,Radancy,Principal Engineer Software (SLS),Product Engineering,,"Santa Clara, CA",US (CONUS),Full-time,,,,,https://jobs.paloaltonetworks.com/en/job/santa-clara/principal-engineer-software-sls/47263/96174865360
Palo Alto Networks,Radancy,Principal Engineer Software (AIOps),Product Engineering,,"Santa Clara, CA",US (CONUS),Full-time,,,,,https://jobs.paloaltonetworks.com/en/job/santa-clara/principal-engineer-software-aiops/47263/96174865344
Palo Alto Networks,Radancy,Principal UX Design Systems Engineer (Net Sec Product Design),Product Engineering,,"Santa Clara, CA",US (CONUS),Full-time,,,,,https://jobs.paloaltonetworks.com/en/job/santa-clara/principal-ux-design-systems-engineer-net-sec-product-design/47263/96174864976
Palo Alto Networks,Radancy,Sr. Software Engineer,IT,,"Santa Clara, CA",US (CONUS),Full-time,,,,,https://jobs.paloaltonetworks.com/en/job/santa-clara/sr-software-engineer/47263/96174864928
Palo Alto Networks,Radancy,Senior Principal Engineer Software (Advanced DNS Resolver),Product Engineering,,"Santa Clara, CA",US (CONUS),Full-time,,,,,https://jobs.paloaltonetworks.com/en/job/santa-clara/senior-principal-engineer-software-advanced-dns-resolver/47263/96174864784
Palo Alto Networks,Radancy,Principal Business Solutions Analyst,IT,,"Santa Clara, CA",US (CONUS),Full-time,,,,,https://jobs.paloaltonetworks.com/en/job/santa-clara/principal-business-solutions-analyst/47263/96174864672
Palo Alto Networks,Radancy,Principal IT Product Manager-AI Support,IT,,"Santa Clara, CA",US (CONUS),Full-time,,,,,https://jobs.paloaltonetworks.com/en/job/santa-clara/principal-it-product-manager-ai-support/47263/96174864656
Palo Alto Networks,Radancy,Sr IT Product Manager,IT,,"Santa Clara, CA",US (CONUS),Full-time,,,,,https://jobs.paloaltonetworks.com/en/job/santa-clara/sr-it-product-manager/47263/96174864640
Palo Alto Networks,Radancy,Distinguished Software Engineer (Big Data & AI),Product Engineering,,"Santa Clara, CA",US (CONUS),Full-time,,,,,https://jobs.paloaltonetworks.com/en/job/santa-clara/distinguished-software-engineer-big-data-and-ai/47263/96174864464
Palo Alto Networks,Radancy,Principal Researcher (Unit 42),Product Engineering,,"Arlington, VA",US (CONUS),Full-time,,,,,https://jobs.paloaltonetworks.com/en/job/arlington/principal-researcher-unit-42/47263/96174864048
Palo Alto Networks,Radancy,Cortex & Cloud Sales Specialist,Sales,,"Harrisburg, PA",US (CONUS),Full-time,,,,,https://jobs.paloaltonetworks.com/en/job/harrisburg/cortex-and-cloud-sales-specialist/47263/96174863760
Palo Alto Networks,Radancy,Principal Product Intelligence Analyst (Cortex XSIAM),Product Engineering,,"Remote, TX",US/Remote,Full-time,,,,,https://jobs.paloaltonetworks.com/en/job/texas/principal-product-intelligence-analyst-cortex-xsiam/47263/96174863216
Palo Alto Networks,Radancy,"Distinguished Architect, Engineering Excellence",IT,,"Santa Clara, CA",US (CONUS),Full-time,,,,,https://jobs.paloaltonetworks.com/en/job/santa-clara/distinguished-architect-engineering-excellence/47263/96174862784
Palo Alto Networks,Radancy,Principal Product Manager,Product Engineering,,"Santa Clara, CA",US (CONUS),Full-time,,,,,https://jobs.paloaltonetworks.com/en/job/santa-clara/principal-product-manager/47263/96174862624
Palo Alto Networks,Radancy,Principal Software Engineer (Cortex Xpanse),Product Engineering,,"Santa Clara, CA",US (CONUS),Full-time,,,,,https://jobs.paloaltonetworks.com/en/job/santa-clara/principal-software-engineer-cortex-xpanse/47263/96174862272
Palo Alto Networks,Radancy,Cortex Cloud Sales Specialist - SLED,Sales,,"Madison, WI",US (CONUS),Full-time,,,,,https://jobs.paloaltonetworks.com/en/job/madison/cortex-cloud-sales-specialist-sled/47263/96174862256
Palo Alto Networks,Radancy,Senior Principal Software Engineer,Product Engineering,,"Santa Clara, CA",US (CONUS),Full-time,,,,,https://jobs.paloaltonetworks.com/en/job/santa-clara/senior-principal-software-engineer/47263/96174862144
